buscoID	query_chr	position	assigned_alg	status
8at7147	OZ287661.1	26022478.0	DB3B	DB3B
225at7147	OZ287660.1	37234160.0	DB4A	DB4A
284at7147	OZ287662.1	17935458.0	DB1A	DB1A
421at7147	OZ287660.1	24548512.5	DB4A	DB4A
445at7147	OZ287662.1	12463038.5	DB6	DB6
452at7147	OZ287664.1	79773254.0	DB1B	DB1B
511at7147	OZ287662.1	14692203.0	DB1A	DB1A
525at7147	OZ287663.1	102158772.5	DB5	DB5
540at7147	OZ287664.1	89910174.5	DB1B	DB1B
836at7147	OZ287663.1	24606332.5	DB5	DB5
841at7147	OZ287662.1	14611928.0	DB1A	DB1A
908at7147	OZ287660.1	47570496.0	DB4A	DB4A
962at7147	OZ287664.1	14799784.5	DB2B	DB2B
994at7147	OZ287662.1	105197288.5	DB2A	DB2A
1004at7147	OZ287662.1	22639585.5	NA	NA
1049at7147	OZ287660.1	36377003.0	DB6	DB6
1055at7147	OZ287663.1	15591194.0	NA	NA
1072at7147	OZ287660.1	99669686.5	DB3A	DB3A
1078at7147	OZ287663.1	91793182.5	DB2B	DB2B
1123at7147	OZ287661.1	119009760.0	DB1A	DB1A
1142at7147	OZ287662.1	54809560.0	DB1A	DB1A
1200at7147	OZ287661.1	51005918.0	DB3B	DB3B
1247at7147	OZ287661.1	117236804.0	DB3A	DB3A
1323at7147	OZ287661.1	60258157.5	DB4B	DB4B
1690at7147	OZ287663.1	20039262.0	DB5	DB5
1854at7147	OZ287661.1	55029707.5	DB3B	DB3B
1907at7147	OZ287661.1	46751319.5	DB3B	DB3B
1914at7147	OZ287664.1	104844178.0	DB1B	DB1B
1984at7147	OZ287664.1	88666425.0	DB1B	DB1B
2041at7147	OZ287664.1	625660.5	DB2B	DB2B
2067at7147	OZ287662.1	65363583.0	DB1A	DB1A
2304at7147	OZ287664.1	20384320.0	DB2B	DB2B
2306at7147	OZ287662.1	4760066.0	DB1A	DB1A
2332at7147	OZ287664.1	95679241.5	DB1B	DB1B
2339at7147	OZ287662.1	116014999.0	DB2A	DB2A
2552at7147	OZ287661.1	79018445.0	DB3B	DB3B
2609at7147	OZ287663.1	78475209.0	DB5	DB5
2610at7147	OZ287663.1	91758363.5	DB5	DB5
2635at7147	OZ287664.1	64515507.5	DB1B	DB1B
2697at7147	OZ287664.1	81107820.0	DB1B	DB1B
2709at7147	OZ287663.1	527719.0	DB5	DB5
2727at7147	OZ287664.1	97349898.5	DB1B	DB1B
2881at7147	OZ287664.1	56667879.5	DB1B	DB1B
2904at7147	OZ287662.1	25785315.0	DB1A	DB1A
2908at7147	OZ287662.1	29011326.0	DB1A	DB1A
2969at7147	OZ287661.1	19901439.0	DB3B	DB3B
3120at7147	OZ287663.1	50931188.5	DB5	DB5
3219at7147	OZ287661.1	103646066.5	NA	NA
3282at7147	OZ287662.1	19309075.5	DB1A	DB1A
3308at7147	OZ287661.1	693405.5	DB3B	DB3B
3333at7147	OZ287664.1	25469656.0	DB2B	DB2B
3410at7147	OZ287662.1	97342112.5	DB2A	DB2A
3413at7147	OZ287664.1	13079193.5	DB3A	DB3A
3474at7147	OZ287660.1	7254031.0	DB4A	DB4A
3577at7147	OZ287662.1	52169722.5	DB1A	DB1A
3788at7147	OZ287664.1	93630094.0	DB1B	DB1B
3828at7147	OZ287660.1	114776818.0	DB2B	DB2B
3874at7147	OZ287664.1	1479144.5	DB2B	DB2B
4069at7147	OZ287662.1	42130357.0	DB1A	DB1A
4073at7147	OZ287662.1	109556670.0	DB3B	DB3B
4095at7147	OZ287662.1	4673324.0	DB1A	DB1A
4164at7147	OZ287660.1	86966085.0	NA	NA
4211at7147	OZ287662.1	100608448.5	DB2B	DB2B
4218at7147	OZ287660.1	24980797.5	DB4A	DB4A
4274at7147	OZ287663.1	99298116.0	DB5	DB5
4353at7147	OZ287664.1	10540863.0	DB2B	DB2B
4421at7147	OZ287662.1	115341061.5	DB2A	DB2A
4470at7147	OZ287664.1	90431611.0	DB1B	DB1B
4511at7147	OZ287660.1	25909996.0	DB4A	DB4A
4573at7147	OZ287660.1	106941683.5	DB3A	DB3A
4606at7147	OZ287660.1	29425199.0	DB3A	DB3A
4667at7147	OZ287663.1	104247024.0	DB5	DB5
4829at7147	OZ287664.1	92685940.0	DB1B	DB1B
4932at7147	OZ287661.1	48626892.5	DB3B	DB3B
5213at7147	OZ287660.1	145431559.0	DB3A	DB3A
5225at7147	OZ287663.1	99086121.5	DB5	DB5
5241at7147	OZ287660.1	30216050.5	DB4A	DB4A
5263at7147	OZ287660.1	124636642.5	DB3A	DB3A
5433at7147	OZ287660.1	7245852.0	DB4A	DB4A
5488at7147	OZ287663.1	4864695.5	DB5	DB5
5674at7147	OZ287660.1	7292965.0	DB4A	DB4A
5711at7147	OZ287663.1	20992774.5	DB5	DB5
5723at7147	OZ287661.1	5224053.5	DB4B	DB4B
5768at7147	OZ287664.1	99504635.0	DB1B	DB1B
5780at7147	OZ287664.1	23312919.5	DB2B	DB2B
5845at7147	OZ287663.1	2501308.0	DB3A	DB3A
5858at7147	OZ287660.1	145183013.0	DB3A	DB3A
5978at7147	OZ287662.1	25498959.0	DB6	DB6
6130at7147	OZ287662.1	114342566.0	DB2A	DB2A
6240at7147	OZ287660.1	32168824.5	DB4A	DB4A
6256at7147	OZ287662.1	16008707.0	DB1A	DB1A
6718at7147	OZ287664.1	103808508.5	NA	NA
6736at7147	OZ287660.1	48853264.0	DB1A	DB1A
6974at7147	OZ287660.1	141262869.0	DB3A	DB3A
7054at7147	OZ287660.1	25965391.0	DB4A	DB4A
7326at7147	OZ287662.1	19333824.5	DB1A	DB1A
7353at7147	OZ287661.1	8975694.0	DB6	DB6
7355at7147	OZ287660.1	68485334.5	NA	NA
7470at7147	OZ287662.1	102399763.5	DB2A	DB2A
7527at7147	OZ287660.1	85260668.5	DB3A	DB3A
7563at7147	OZ287661.1	17099924.0	DB3B	DB3B
7677at7147	OZ287660.1	139466853.5	DB3A	DB3A
7764at7147	OZ287662.1	117214002.5	DB2A	DB2A
7798at7147	OZ287664.1	99048554.0	DB1B	DB1B
7971at7147	OZ287661.1	116075868.0	DB6	DB6
8005at7147	OZ287661.1	51456969.0	NA	NA
8016at7147	OZ287663.1	3380299.0	DB5	DB5
8037at7147	OZ287660.1	132386590.0	DB3A	DB3A
8079at7147	OZ287661.1	114765896.0	DB4B	DB4B
8161at7147	OZ287660.1	137191035.0	DB3A	DB3A
8234at7147	OZ287663.1	27255555.5	DB5	DB5
8348at7147	OZ287663.1	6538692.5	DB5	DB5
8364at7147	OZ287660.1	22948396.5	DB4A	DB4A
8365at7147	OZ287664.1	105233277.0	DB1B	DB1B
8456at7147	OZ287660.1	85277489.0	DB3A	DB3A
8734at7147	OZ287661.1	7771476.0	DB3B	DB3B
8741at7147	OZ287663.1	74471261.0	DB5	DB5
8776at7147	OZ287663.1	33604430.5	DB5	DB5
8873at7147	OZ287661.1	5124873.0	DB3B	DB3B
8933at7147	OZ287664.1	15655018.0	DB2B	DB2B
8944at7147	OZ287660.1	11131360.0	DB4A	DB4A
8977at7147	OZ287663.1	9018471.0	DB5	DB5
9125at7147	OZ287664.1	13664869.0	DB2B	DB2B
9191at7147	OZ287663.1	70973788.0	DB4B	DB4B
9356at7147	OZ287662.1	111711507.5	DB3B	DB3B
9394at7147	OZ287664.1	1657681.5	DB2B	DB2B
9406at7147	OZ287661.1	116885167.0	DB6	DB6
9425at7147	OZ287660.1	2152851.0	DB4A	DB4A
9487at7147	OZ287663.1	95826122.5	DB5	DB5
9678at7147	OZ287663.1	44978191.0	DB5	DB5
9921at7147	OZ287662.1	4450708.0	DB1A	DB1A
9938at7147	OZ287664.1	107243000.0	DB1B	DB1B
10055at7147	OZ287660.1	1740008.5	DB4A	DB4A
10097at7147	OZ287663.1	100021277.5	DB5	DB5
10198at7147	OZ287662.1	110947679.5	DB5	DB5
10247at7147	OZ287664.1	106253456.5	DB1B	DB1B
10407at7147	OZ287660.1	131066485.5	DB3A	DB3A
10408at7147	OZ287661.1	67976783.5	DB3B	DB3B
10443at7147	OZ287662.1	116893895.5	DB2A	DB2A
10456at7147	OZ287660.1	130251613.5	DB3A	DB3A
10522at7147	OZ287663.1	84261798.0	DB3A	DB3A
10532at7147	OZ287663.1	25535734.0	DB1B	DB1B
10563at7147	OZ287660.1	24822133.5	NA	NA
10589at7147	OZ287664.1	82262236.0	DB1B	DB1B
10612at7147	OZ287663.1	92092443.0	DB3B	DB3B
10620at7147	OZ287661.1	4976488.5	DB3B	DB3B
10654at7147	OZ287663.1	13780460.5	DB5	DB5
10709at7147	OZ287664.1	98492749.0	DB1B	DB1B
10730at7147	OZ287663.1	109030087.0	DB6	DB6
10821at7147	OZ287662.1	4189918.5	DB1A	DB1A
10911at7147	OZ287661.1	25999586.0	DB3B	DB3B
11023at7147	OZ287663.1	9047700.5	DB5	DB5
11146at7147	OZ287660.1	49082582.0	DB4A	DB4A
11268at7147	OZ287664.1	75494238.0	DB1B	DB1B
11292at7147	OZ287664.1	94654465.0	DB1A	DB1A
11343at7147	OZ287664.1	14495607.5	DB2B	DB2B
11421at7147	OZ287664.1	26600782.0	DB2B	DB2B
11457at7147	OZ287660.1	142966725.0	DB3A	DB3A
11484at7147	OZ287661.1	7668243.5	DB3B	DB3B
11516at7147	OZ287664.1	3177697.5	NA	NA
11534at7147	OZ287661.1	43646824.5	DB2B	DB2B
11753at7147	OZ287663.1	13192526.5	DB5	DB5
11778at7147	OZ287663.1	15588391.0	DB5	DB5
11874at7147	OZ287660.1	107148541.5	DB3A	DB3A
11888at7147	OZ287664.1	81058080.5	DB1B	DB1B
11999at7147	OZ287664.1	74271844.0	DB1B	DB1B
12100at7147	OZ287661.1	67239590.0	DB3B	DB3B
12116at7147	OZ287661.1	111934350.5	DB4B	DB4B
12219at7147	OZ287661.1	9852877.5	DB3B	DB3B
12226at7147	OZ287663.1	878215.5	DB5	DB5
12283at7147	OZ287662.1	42991805.0	DB1A	DB1A
12285at7147	OZ287660.1	37876875.0	DB4A	DB4A
12361at7147	OZ287661.1	17195436.0	DB3B	DB3B
12492at7147	OZ287660.1	140821820.0	DB2B	DB2B
12531at7147	OZ287660.1	124672729.5	DB3A	DB3A
12652at7147	OZ287664.1	13484710.5	NA	NA
12759at7147	OZ287663.1	16969552.5	DB5	DB5
12796at7147	OZ287661.1	4604839.5	DB3B	DB3B
12973at7147	OZ287661.1	51654563.0	DB3B	DB3B
13052at7147	OZ287662.1	17408923.0	DB1A	DB1A
13055at7147	OZ287661.1	33104819.5	DB3B	DB3B
13056at7147	OZ287664.1	409948.5	DB2B	DB2B
13145at7147	OZ287660.1	89508724.5	DB3A	DB3A
13207at7147	OZ287664.1	106005767.0	DB1B	DB1B
13389at7147	OZ287663.1	93757669.5	DB5	DB5
13497at7147	OZ287661.1	10185403.0	DB1B	DB1B
13588at7147	OZ287663.1	110009923.0	DB5	DB5
13731at7147	OZ287660.1	10188076.0	DB4A	DB4A
13808at7147	OZ287660.1	90999799.0	DB3A	DB3A
13883at7147	OZ287661.1	33110417.0	DB2B	DB2B
13919at7147	OZ287664.1	102166307.0	DB1B	DB1B
14042at7147	OZ287664.1	1182449.5	DB3B	DB3B
14054at7147	OZ287662.1	105208320.5	DB2A	DB2A
14119at7147	OZ287661.1	4980149.5	DB3B	DB3B
14247at7147	OZ287663.1	107120059.0	DB5	DB5
14368at7147	OZ287662.1	117661116.0	DB2A	DB2A
14376at7147	OZ287662.1	29066217.5	DB3A	DB3A
14513at7147	OZ287660.1	94087279.5	DB3A	DB3A
14525at7147	OZ287660.1	35314809.5	DB5	DB5
14621at7147	OZ287663.1	107693509.0	DB5	DB5
14633at7147	OZ287663.1	104821633.0	DB5	DB5
14661at7147	OZ287661.1	108389984.5	DB4B	DB4B
14706at7147	OZ287662.1	115318240.5	DB1A	DB1A
14792at7147	OZ287660.1	14114468.0	DB4A	DB4A
14821at7147	OZ287664.1	103972273.0	NA	NA
15074at7147	OZ287663.1	15569267.0	DB5	DB5
15336at7147	OZ287662.1	11006855.0	DB1A	DB1A
15356at7147	OZ287660.1	35628371.0	DB4A	DB4A
15390at7147	OZ287664.1	16449718.5	DB2B	DB2B
15451at7147	OZ287664.1	100730680.5	DB1B	DB1B
15468at7147	OZ287664.1	22879811.0	DB2B	DB2B
15549at7147	OZ287663.1	25076896.0	DB5	DB5
15597at7147	OZ287662.1	88599002.5	DB2A	DB2A
15662at7147	OZ287663.1	86675080.5	DB5	DB5
15771at7147	OZ287661.1	106202452.5	NA	NA
15909at7147	OZ287660.1	16044430.5	DB4A	DB4A
15956at7147	OZ287662.1	113841528.5	DB2A	DB2A
15977at7147	OZ287664.1	70149439.0	DB4B	DB4B
16128at7147	OZ287661.1	22499347.0	DB3B	DB3B
16264at7147	OZ287663.1	29401191.0	DB5	DB5
16285at7147	OZ287660.1	1165927.5	DB4A	DB4A
16470at7147	OZ287660.1	158543891.5	NA	NA
16687at7147	OZ287660.1	15956282.0	DB4A	DB4A
16747at7147	OZ287660.1	18904167.5	DB4A	DB4A
16822at7147	OZ287664.1	12661952.0	NA	NA
16840at7147	OZ287661.1	11729450.5	DB3B	DB3B
16873at7147	OZ287664.1	15137008.5	DB2B	DB2B
16927at7147	OZ287661.1	8372659.5	DB4A	DB4A
16945at7147	OZ287661.1	102675507.0	DB4B	DB4B
17073at7147	OZ287663.1	97871738.0	DB5	DB5
17231at7147	OZ287661.1	108008361.5	DB4B	DB4B
17265at7147	OZ287662.1	109558658.5	DB3B	DB3B
17402at7147	OZ287662.1	14743457.5	DB1A	DB1A
17410at7147	OZ287663.1	6600631.5	DB5	DB5
17444at7147	OZ287661.1	12352094.0	DB3B	DB3B
17528at7147	OZ287660.1	154275924.0	DB3A	DB3A
17568at7147	OZ287663.1	36756867.0	DB5	DB5
17603at7147	OZ287663.1	4873527.0	DB5	DB5
17608at7147	OZ287663.1	3428431.5	DB5	DB5
17630at7147	OZ287660.1	121270024.5	DB3A	DB3A
17649at7147	OZ287661.1	114902577.5	NA	NA
17672at7147	OZ287660.1	118741673.5	DB3A	DB3A
17711at7147	OZ287663.1	10468807.5	DB5	DB5
17793at7147	OZ287663.1	33699350.5	DB5	DB5
17796at7147	OZ287662.1	32776654.0	DB1A	DB1A
17799at7147	OZ287661.1	29807974.0	DB4A	DB4A
17888at7147	OZ287663.1	96629851.5	DB3B	DB3B
17896at7147	OZ287661.1	122201380.0	DB4B	DB4B
17953at7147	OZ287661.1	111826591.0	DB4B	DB4B
17982at7147	OZ287664.1	98196044.5	NA	NA
17984at7147	OZ287660.1	94871769.5	NA	NA
18006at7147	OZ287664.1	32411876.0	DB2B	DB2B
18027at7147	OZ287661.1	102649271.0	DB4B	DB4B
18028at7147	OZ287662.1	39092234.5	DB1A	DB1A
18059at7147	OZ287660.1	106652522.5	DB1A	DB1A
18072at7147	OZ287662.1	92385697.0	NA	NA
18472at7147	OZ287663.1	40297521.5	DB5	DB5
18484at7147	OZ287663.1	25495455.0	DB5	DB5
18515at7147	OZ287660.1	140142598.0	DB3A	DB3A
18923at7147	OZ287664.1	66882142.5	DB1B	DB1B
19144at7147	OZ287661.1	25066814.5	DB4B	DB4B
19212at7147	OZ287661.1	1301998.0	DB3B	DB3B
19395at7147	OZ287661.1	107288976.5	DB3B	DB3B
19684at7147	OZ287660.1	159715310.0	DB3A	DB3A
19729at7147	OZ287662.1	35341811.0	DB1A	DB1A
19746at7147	OZ287664.1	98414089.5	DB1B	DB1B
19750at7147	OZ287662.1	94059369.5	DB2A	DB2A
19787at7147	OZ287660.1	30923547.0	DB3A	DB3A
19873at7147	OZ287660.1	48817227.0	DB4A	DB4A
20074at7147	OZ287660.1	36797672.5	DB4A	DB4A
20189at7147	OZ287662.1	3161687.5	DB1A	DB1A
20309at7147	OZ287662.1	90204323.5	DB2A	DB2A
20384at7147	OZ287661.1	107519908.0	DB3B	DB3B
20583at7147	OZ287662.1	44710521.5	DB1A	DB1A
20633at7147	OZ287663.1	38706828.5	DB5	DB5
20674at7147	OZ287662.1	13419864.5	DB1A	DB1A
20729at7147	OZ287663.1	86571488.5	DB5	DB5
20769at7147	OZ287660.1	26127498.0	DB5	DB5
20821at7147	OZ287663.1	5969898.0	DB5	DB5
21072at7147	OZ287663.1	24400009.5	DB5	DB5
21190at7147	OZ287664.1	4248578.5	DB2B	DB2B
21253at7147	OZ287663.1	16418676.0	DB5	DB5
21351at7147	OZ287663.1	4384628.0	DB5	DB5
21439at7147	OZ287660.1	3977952.5	DB4A	DB4A
21468at7147	OZ287664.1	2149853.5	DB1B	DB1B
21503at7147	OZ287662.1	96265837.5	DB1A	DB1A
21508at7147	OZ287660.1	153910282.0	DB6	DB6
21581at7147	OZ287662.1	4594600.0	DB1A	DB1A
21585at7147	OZ287660.1	19129866.5	DB4A	DB4A
21605at7147	OZ287662.1	61261720.0	DB1A	DB1A
21773at7147	OZ287663.1	107623537.5	NA	NA
21818at7147	OZ287663.1	674292.5	DB4A	DB4A
21852at7147	OZ287663.1	39007549.0	DB5	DB5
21918at7147	OZ287661.1	5894454.5	DB2A	DB2A
21939at7147	OZ287662.1	33962546.5	DB1A	DB1A
22024at7147	OZ287662.1	27400366.5	DB1A	DB1A
22088at7147	OZ287662.1	98100446.0	DB2A	DB2A
22255at7147	OZ287660.1	88242522.5	DB3A	DB3A
22333at7147	OZ287660.1	160899658.5	DB3A	DB3A
22334at7147	OZ287661.1	67588224.5	DB2B	DB2B
22418at7147	OZ287660.1	7298621.0	DB4A	DB4A
22449at7147	OZ287663.1	11822991.5	DB5	DB5
22604at7147	OZ287660.1	152349314.0	DB3A	DB3A
22719at7147	OZ287662.1	53720114.5	DB1A	DB1A
22815at7147	OZ287663.1	8562713.5	DB5	DB5
23190at7147	OZ287664.1	2857662.0	DB2B	DB2B
23197at7147	OZ287660.1	155714441.0	DB3A	DB3A
23278at7147	OZ287664.1	98369569.5	DB1B	DB1B
23365at7147	OZ287664.1	98191087.0	DB1B	DB1B
23560at7147	OZ287660.1	7506716.5	DB5	DB5
23846at7147	OZ287660.1	112010356.0	DB3A	DB3A
24160at7147	OZ287661.1	62199927.5	DB3B	DB3B
24342at7147	OZ287661.1	120604150.5	DB4B	DB4B
24411at7147	OZ287664.1	81275805.5	DB1B	DB1B
24444at7147	OZ287662.1	6445265.5	DB1A	DB1A
24557at7147	OZ287660.1	130432546.5	DB3A	DB3A
24690at7147	OZ287664.1	92672617.5	DB1B	DB1B
24767at7147	OZ287664.1	25668466.5	DB2B	DB2B
24982at7147	OZ287662.1	40507763.5	DB1A	DB1A
25034at7147	OZ287664.1	11628801.5	DB2B	DB2B
25037at7147	OZ287661.1	108908744.5	NA	NA
25045at7147	OZ287661.1	73131533.5	DB4B	DB4B
25091at7147	OZ287663.1	84371089.5	DB5	DB5
25119at7147	OZ287663.1	6279343.5	DB5	DB5
25176at7147	OZ287663.1	13785543.0	DB5	DB5
25297at7147	OZ287663.1	23761037.5	DB5	DB5
25365at7147	OZ287661.1	3296209.0	DB3B	DB3B
25380at7147	OZ287663.1	40855236.0	DB5	DB5
25381at7147	OZ287660.1	81673266.0	DB3A	DB3A
25399at7147	OZ287663.1	24615783.5	DB3A	DB3A
25417at7147	OZ287661.1	41000999.0	DB3B	DB3B
25419at7147	OZ287661.1	107811010.0	DB4B	DB4B
25471at7147	OZ287660.1	123181580.5	DB4A	DB4A
25587at7147	OZ287664.1	105231660.0	DB1B	DB1B
25662at7147	OZ287664.1	78022496.0	DB4A	DB4A
25769at7147	OZ287664.1	74983005.5	DB1B	DB1B
25828at7147	OZ287661.1	120902275.5	DB4B	DB4B
25925at7147	OZ287664.1	32446805.0	DB3A	DB3A
26206at7147	OZ287662.1	4154327.0	DB1A	DB1A
26270at7147	OZ287660.1	151910686.5	DB3A	DB3A
26382at7147	OZ287664.1	79243325.0	DB1B	DB1B
26413at7147	OZ287664.1	86200075.0	DB1B	DB1B
26431at7147	OZ287660.1	159749089.0	DB3A	DB3A
26452at7147	OZ287664.1	26338615.5	DB2B	DB2B
26486at7147	OZ287664.1	95200994.5	DB1B	DB1B
26565at7147	OZ287661.1	29214601.0	DB3B	DB3B
26603at7147	OZ287663.1	16173314.0	DB5	DB5
26679at7147	OZ287662.1	90179115.0	NA	NA
26759at7147	OZ287660.1	158982554.5	DB3A	DB3A
26790at7147	OZ287660.1	88149885.5	DB3A	DB3A
26854at7147	OZ287663.1	20942305.5	DB5	DB5
26907at7147	OZ287660.1	88592108.5	NA	NA
27022at7147	OZ287660.1	10449744.0	DB4A	DB4A
27053at7147	OZ287661.1	3232270.5	DB3B	DB3B
27072at7147	OZ287664.1	76264318.0	DB1B	DB1B
27128at7147	OZ287660.1	7441363.5	DB4A	DB4A
27217at7147	OZ287664.1	85657291.0	DB1B	DB1B
27268at7147	OZ287664.1	32438309.5	DB1B	DB1B
27297at7147	OZ287663.1	31873030.5	DB5	DB5
27507at7147	OZ287662.1	42994672.0	DB2A	DB2A
27513at7147	OZ287662.1	44157834.5	NA	NA
27653at7147	OZ287661.1	1783219.5	NA	NA
27793at7147	OZ287661.1	111476711.5	DB6	DB6
27804at7147	OZ287662.1	35982942.0	DB4A	DB4A
27839at7147	OZ287663.1	34454688.5	DB5	DB5
27852at7147	OZ287661.1	118773440.0	DB4B	DB4B
27970at7147	OZ287662.1	4080441.0	DB1A	DB1A
27997at7147	OZ287661.1	11919847.5	DB4B	DB4B
28180at7147	OZ287661.1	123387226.5	DB4B	DB4B
28266at7147	OZ287663.1	99985240.5	DB3A	DB3A
28453at7147	OZ287661.1	114241941.5	DB4B	DB4B
28547at7147	OZ287661.1	15670694.0	DB3B	DB3B
28601at7147	OZ287663.1	34559500.5	NA	NA
28614at7147	OZ287663.1	106487193.0	DB4B	DB4B
28615at7147	OZ287662.1	10131776.0	DB1A	DB1A
28627at7147	OZ287661.1	57664169.0	DB2B	DB2B
28877at7147	OZ287661.1	2425633.0	DB3B	DB3B
28937at7147	OZ287664.1	59602662.5	DB1B	DB1B
28958at7147	OZ287661.1	112560060.5	DB4B	DB4B
29289at7147	OZ287663.1	86833208.5	DB5	DB5
29361at7147	OZ287662.1	711545.0	DB1A	DB1A
29535at7147	OZ287660.1	130611309.5	DB3A	DB3A
29552at7147	OZ287661.1	28843266.5	DB3B	DB3B
29583at7147	OZ287662.1	1473186.5	DB1A	DB1A
29601at7147	OZ287664.1	93447928.5	DB1B	DB1B
29659at7147	OZ287660.1	14470429.0	DB5	DB5
29676at7147	OZ287661.1	48542632.0	DB3B	DB3B
29993at7147	OZ287664.1	12850573.5	DB2B	DB2B
30071at7147	OZ287661.1	37080756.0	DB3B	DB3B
30121at7147	OZ287664.1	13436943.0	DB2B	DB2B
30213at7147	OZ287663.1	4910714.0	DB5	DB5
31943at7147	OZ287663.1	4371185.5	DB5	DB5
32033at7147	OZ287661.1	19970158.0	DB4A	DB4A
32054at7147	OZ287660.1	109945594.5	DB3A	DB3A
32137at7147	OZ287660.1	149080798.0	DB3A	DB3A
32183at7147	OZ287661.1	97505069.0	DB4B	DB4B
32210at7147	OZ287660.1	52095980.0	DB4A	DB4A
32273at7147	OZ287662.1	115472372.5	DB1A	DB1A
32289at7147	OZ287661.1	116051819.5	DB4B	DB4B
32293at7147	OZ287660.1	150207841.0	DB3A	DB3A
32370at7147	OZ287664.1	72898057.0	DB2B	DB2B
32472at7147	OZ287662.1	35740195.5	DB1A	DB1A
32487at7147	OZ287660.1	116003291.5	DB3A	DB3A
32490at7147	OZ287662.1	111621788.5	DB2A	DB2A
32518at7147	OZ287660.1	27803166.5	DB4A	DB4A
32626at7147	OZ287664.1	88427363.5	DB1B	DB1B
32720at7147	OZ287660.1	99367012.5	DB3A	DB3A
32727at7147	OZ287661.1	117130338.0	DB3B	DB3B
32812at7147	OZ287663.1	73640375.0	DB5	DB5
32815at7147	OZ287661.1	107872966.5	DB3B	DB3B
32838at7147	OZ287662.1	92748762.0	DB2A	DB2A
33085at7147	OZ287664.1	60375278.0	DB1B	DB1B
33135at7147	OZ287663.1	95908885.0	DB5	DB5
33155at7147	OZ287663.1	96646788.5	DB5	DB5
33177at7147	OZ287663.1	96351456.0	DB5	DB5
33238at7147	OZ287660.1	33807846.0	DB3A	DB3A
33296at7147	OZ287660.1	91369392.0	DB3A	DB3A
33297at7147	OZ287662.1	27408892.0	DB1A	DB1A
33333at7147	OZ287661.1	13133078.5	DB3B	DB3B
33410at7147	OZ287663.1	6153617.5	DB5	DB5
33462at7147	OZ287661.1	120501639.0	DB4B	DB4B
33480at7147	OZ287663.1	87982220.5	DB5	DB5
33545at7147	OZ287661.1	45659482.5	DB4B	DB4B
33557at7147	OZ287661.1	114134201.0	DB4B	DB4B
33600at7147	OZ287662.1	27093149.0	DB2A	DB2A
33604at7147	OZ287661.1	106766275.0	DB4B	DB4B
33639at7147	OZ287660.1	25778138.0	DB4A	DB4A
33865at7147	OZ287661.1	111448149.5	DB4B	DB4B
33872at7147	OZ287660.1	3557640.5	DB4A	DB4A
33932at7147	OZ287662.1	35620390.5	DB1A	DB1A
33935at7147	OZ287660.1	37227404.0	DB4A	DB4A
33961at7147	OZ287660.1	7551311.5	DB4A	DB4A
34007at7147	OZ287661.1	65722310.5	DB3B	DB3B
34040at7147	OZ287660.1	161058197.5	DB3A	DB3A
34084at7147	OZ287662.1	111561654.5	DB2A	DB2A
34193at7147	OZ287662.1	118718326.5	DB2A	DB2A
34225at7147	OZ287660.1	3744557.5	DB4A	DB4A
34256at7147	OZ287660.1	152496815.0	DB3A	DB3A
34360at7147	HAP1_SCAFFOLD_440	16473.5	DB3B	DB3B
34360at7147	OZ287661.1	2561789.0	DB3B	DB3B
34395at7147	OZ287663.1	21045294.0	DB2B	DB2B
34542at7147	OZ287664.1	4272389.5	DB3A	DB3A
34569at7147	OZ287660.1	119968286.0	NA	NA
34697at7147	OZ287661.1	118699716.0	DB4B	DB4B
34735at7147	OZ287664.1	20624830.5	DB2B	DB2B
34764at7147	OZ287664.1	100422190.0	DB1B	DB1B
34784at7147	OZ287663.1	80723953.5	DB5	DB5
34796at7147	OZ287660.1	142741640.0	DB3A	DB3A
34900at7147	OZ287663.1	107724009.0	DB1A	DB1A
34908at7147	OZ287662.1	13588241.5	DB4A	DB4A
34946at7147	OZ287664.1	7892878.0	DB2B	DB2B
34985at7147	OZ287660.1	9810781.0	DB1B	DB1B
35057at7147	OZ287660.1	2891716.0	DB4A	DB4A
35089at7147	OZ287660.1	35319256.0	DB5	DB5
35151at7147	OZ287660.1	98339305.0	DB3A	DB3A
35156at7147	OZ287664.1	106838171.0	DB1B	DB1B
35188at7147	OZ287663.1	9900698.0	DB5	DB5
35253at7147	OZ287663.1	11468324.0	DB5	DB5
35281at7147	OZ287660.1	121157101.0	DB3A	DB3A
35393at7147	OZ287663.1	38990798.0	DB5	DB5
35404at7147	OZ287663.1	8591851.0	DB2B	DB2B
35501at7147	OZ287662.1	20798679.5	DB1A	DB1A
35706at7147	OZ287662.1	53409920.5	DB1A	DB1A
35727at7147	OZ287663.1	4666734.5	DB5	DB5
35769at7147	OZ287661.1	119536128.5	DB4B	DB4B
35774at7147	OZ287662.1	39086051.0	DB1A	DB1A
35945at7147	OZ287660.1	83752360.5	DB3A	DB3A
36172at7147	OZ287661.1	3533762.0	DB3B	DB3B
36193at7147	OZ287661.1	37195081.5	DB3B	DB3B
36517at7147	OZ287660.1	1982091.0	DB4A	DB4A
36740at7147	OZ287664.1	67425133.5	DB1B	DB1B
36758at7147	OZ287664.1	103768577.5	DB5	DB5
36899at7147	OZ287664.1	37232849.0	DB1B	DB1B
36930at7147	OZ287664.1	90367509.0	DB1B	DB1B
37058at7147	OZ287664.1	74201811.5	DB1B	DB1B
37084at7147	OZ287662.1	49435102.5	DB1A	DB1A
37172at7147	OZ287662.1	49990622.5	DB1A	DB1A
37183at7147	OZ287660.1	83679785.5	DB3A	DB3A
37186at7147	OZ287661.1	105796489.5	DB3B	DB3B
37245at7147	OZ287661.1	122702573.0	NA	NA
37351at7147	OZ287663.1	20175458.5	DB5	DB5
37358at7147	OZ287660.1	123265036.5	NA	NA
37366at7147	OZ287661.1	108004429.5	DB4B	DB4B
37445at7147	OZ287662.1	94190703.0	DB2A	DB2A
37448at7147	OZ287663.1	100693239.0	DB5	DB5
37496at7147	OZ287664.1	93727037.5	DB1B	DB1B
37633at7147	OZ287662.1	118782954.0	NA	NA
37647at7147	OZ287663.1	18164263.5	DB5	DB5
37663at7147	OZ287661.1	86238177.5	DB4B	DB4B
37774at7147	OZ287662.1	27118116.0	DB1A	DB1A
37808at7147	OZ287661.1	91337294.5	DB3B	DB3B
37882at7147	OZ287664.1	97523700.0	DB1B	DB1B
37895at7147	OZ287663.1	1726773.0	DB5	DB5
38124at7147	OZ287661.1	11875288.5	NA	NA
38132at7147	OZ287661.1	48686400.0	DB3B	DB3B
38429at7147	OZ287662.1	115755858.0	DB1A	DB1A
38435at7147	OZ287662.1	115164283.5	DB5	DB5
38461at7147	OZ287664.1	93686564.0	DB1B	DB1B
38565at7147	OZ287661.1	114307486.0	DB4B	DB4B
38629at7147	OZ287662.1	98844903.0	DB2A	DB2A
38813at7147	OZ287661.1	27849035.0	DB5	DB5
39130at7147	OZ287660.1	146510514.0	DB3A	DB3A
39285at7147	OZ287660.1	7277916.5	DB4A	DB4A
39439at7147	OZ287662.1	53354612.5	DB5	DB5
39526at7147	OZ287663.1	40134698.0	DB5	DB5
39581at7147	OZ287661.1	51231950.0	DB4B	DB4B
39681at7147	OZ287664.1	90315324.0	DB1B	DB1B
39752at7147	OZ287660.1	4618975.0	DB4A	DB4A
39784at7147	OZ287664.1	102804195.0	DB1B	DB1B
39793at7147	OZ287660.1	159723276.5	DB3A	DB3A
39872at7147	OZ287662.1	48169676.0	DB1B	DB1B
39893at7147	OZ287664.1	14550700.0	DB4B	DB4B
40115at7147	OZ287660.1	89313511.0	NA	NA
40213at7147	OZ287660.1	27819281.5	DB4A	DB4A
40328at7147	OZ287663.1	92515358.5	DB5	DB5
40345at7147	OZ287660.1	12409155.5	NA	NA
40401at7147	OZ287663.1	68534582.5	DB5	DB5
40450at7147	OZ287660.1	161204791.5	DB2B	DB2B
40476at7147	OZ287664.1	4264076.5	DB2B	DB2B
40508at7147	OZ287664.1	1467321.0	DB1B	DB1B
40528at7147	OZ287660.1	81008739.5	DB3A	DB3A
40535at7147	OZ287663.1	57685507.0	DB3A	DB3A
40670at7147	OZ287660.1	154365113.0	DB3A	DB3A
40805at7147	OZ287663.1	30312598.0	DB5	DB5
40846at7147	OZ287660.1	105481552.0	DB3A	DB3A
40882at7147	OZ287664.1	74784415.5	DB3B	DB3B
40927at7147	OZ287660.1	27797503.0	DB4A	DB4A
40957at7147	OZ287660.1	82603421.5	NA	NA
41434at7147	OZ287661.1	76961570.0	DB3B	DB3B
41454at7147	OZ287660.1	82650816.0	DB4A	DB4A
41576at7147	OZ287664.1	87119455.5	DB1B	DB1B
41747at7147	OZ287660.1	142302892.5	DB3A	DB3A
41815at7147	OZ287663.1	25791313.0	DB5	DB5
41881at7147	OZ287660.1	109126695.0	DB3A	DB3A
42201at7147	OZ287660.1	16015794.0	DB4A	DB4A
42320at7147	OZ287664.1	24776691.0	DB2B	DB2B
42351at7147	OZ287662.1	117012838.5	DB2A	DB2A
42404at7147	OZ287661.1	90814513.0	NA	NA
42409at7147	OZ287662.1	73800317.5	DB2A	DB2A
42570at7147	OZ287660.1	12584044.0	DB4A	DB4A
42863at7147	OZ287661.1	9191891.0	DB3B	DB3B
42940at7147	OZ287663.1	9080387.5	DB5	DB5
42951at7147	OZ287662.1	1402659.0	DB1A	DB1A
43054at7147	OZ287661.1	5912505.0	DB6	DB6
43134at7147	OZ287663.1	8574579.0	DB5	DB5
43223at7147	OZ287661.1	111014417.0	DB4B	DB4B
43239at7147	OZ287660.1	7054492.0	DB4A	DB4A
43269at7147	OZ287660.1	56034112.5	DB4A	DB4A
43302at7147	OZ287660.1	108977174.5	DB3A	DB3A
43367at7147	OZ287663.1	2516858.5	DB4A	DB4A
43439at7147	OZ287664.1	7565462.5	DB2B	DB2B
43790at7147	OZ287663.1	84910227.5	DB5	DB5
43826at7147	OZ287660.1	2098692.0	DB4A	DB4A
43869at7147	OZ287663.1	100724668.5	DB3B	DB3B
44053at7147	OZ287660.1	25165174.0	DB4A	DB4A
44085at7147	OZ287664.1	88448343.5	DB1B	DB1B
44134at7147	OZ287664.1	86586922.0	DB1B	DB1B
44237at7147	OZ287662.1	79464200.0	DB1A	DB1A
44265at7147	OZ287660.1	97961808.5	DB2B	DB2B
44328at7147	OZ287662.1	29829591.0	DB1A	DB1A
44395at7147	OZ287660.1	94076191.5	DB3A	DB3A
44423at7147	OZ287664.1	73409170.5	NA	NA
44463at7147	OZ287662.1	4041821.5	DB1A	DB1A
44500at7147	OZ287663.1	100935648.0	DB5	DB5
44563at7147	OZ287664.1	97158757.5	DB1B	DB1B
44860at7147	OZ287660.1	3887449.0	DB3B	DB3B
44889at7147	OZ287660.1	99491009.5	DB3B	DB3B
44945at7147	OZ287662.1	4569379.5	DB1A	DB1A
45005at7147	OZ287663.1	1211723.5	DB5	DB5
45130at7147	OZ287660.1	94888278.0	NA	NA
45522at7147	OZ287663.1	109858174.5	DB5	DB5
45557at7147	OZ287664.1	81164357.0	DB1B	DB1B
45643at7147	OZ287664.1	101941917.0	NA	NA
45696at7147	OZ287662.1	117669189.5	DB1B	DB1B
45762at7147	OZ287664.1	23352625.0	DB2B	DB2B
45780at7147	OZ287660.1	140197138.5	DB4A	DB4A
45853at7147	OZ287664.1	97789021.5	DB1B	DB1B
45914at7147	OZ287662.1	112889849.0	DB1A	DB1A
45930at7147	OZ287660.1	36107239.0	DB3A	DB3A
46187at7147	OZ287664.1	95724203.0	DB1B	DB1B
46281at7147	OZ287663.1	46588018.0	DB5	DB5
46304at7147	OZ287661.1	108014866.5	DB1B	DB1B
46348at7147	OZ287664.1	74316662.0	DB1B	DB1B
46493at7147	OZ287662.1	6567397.5	DB1A	DB1A
46504at7147	OZ287661.1	12427667.0	DB3B	DB3B
46512at7147	OZ287661.1	97384370.5	DB3B	DB3B
46656at7147	OZ287662.1	22836387.0	NA	NA
46696at7147	OZ287663.1	93592277.5	NA	NA
46874at7147	OZ287660.1	161708830.5	DB3A	DB3A
46907at7147	OZ287662.1	112433532.5	DB2A	DB2A
47419at7147	OZ287662.1	100522015.5	DB1A	DB1A
47598at7147	OZ287662.1	19175883.0	NA	NA
47694at7147	OZ287660.1	145202351.5	DB3A	DB3A
47737at7147	OZ287660.1	93170310.0	DB3A	DB3A
47783at7147	OZ287662.1	98036237.0	DB2A	DB2A
47837at7147	OZ287663.1	6055530.0	DB5	DB5
47852at7147	OZ287664.1	106029213.0	DB1B	DB1B
47890at7147	OZ287660.1	95353186.0	DB3A	DB3A
48144at7147	OZ287661.1	17117375.5	DB4A	DB4A
48185at7147	OZ287664.1	71362242.0	DB1B	DB1B
48408at7147	OZ287662.1	100598780.0	DB2A	DB2A
48421at7147	OZ287663.1	8344269.0	DB5	DB5
48504at7147	OZ287664.1	16400888.0	DB2B	DB2B
48836at7147	OZ287664.1	19340364.5	DB3A	DB3A
48886at7147	OZ287663.1	103656437.5	DB5	DB5
48981at7147	OZ287662.1	114346740.5	DB2A	DB2A
49043at7147	OZ287662.1	105258672.5	DB2A	DB2A
49217at7147	OZ287662.1	19127881.0	DB1A	DB1A
49412at7147	OZ287660.1	48528940.0	DB3A	DB3A
49557at7147	OZ287663.1	72750243.5	DB5	DB5
49577at7147	OZ287662.1	21442945.0	DB1A	DB1A
49586at7147	OZ287663.1	13363654.0	DB5	DB5
49690at7147	OZ287661.1	116043605.0	DB4B	DB4B
49770at7147	OZ287663.1	107822561.5	DB5	DB5
49793at7147	OZ287662.1	44184701.0	DB1A	DB1A
49837at7147	OZ287662.1	65204151.5	DB1B	DB1B
49933at7147	OZ287661.1	97295460.0	DB4B	DB4B
50027at7147	OZ287661.1	110701752.5	DB4B	DB4B
50224at7147	OZ287660.1	162075114.5	DB3A	DB3A
50326at7147	OZ287661.1	111712225.0	DB4B	DB4B
50446at7147	OZ287662.1	61330979.5	DB1A	DB1A
50487at7147	OZ287662.1	145569.5	DB1A	DB1A
50577at7147	OZ287664.1	20006430.5	DB3A	DB3A
50619at7147	OZ287660.1	81053314.5	NA	NA
50868at7147	OZ287660.1	2044284.5	DB4A	DB4A
50930at7147	OZ287664.1	81280882.0	DB1B	DB1B
54528at7147	OZ287662.1	32462751.5	NA	NA
54531at7147	OZ287663.1	103234094.0	DB5	DB5
54533at7147	OZ287662.1	115369042.5	DB2A	DB2A
54542at7147	OZ287661.1	46318955.0	DB3B	DB3B
54546at7147	OZ287662.1	9120942.0	DB1A	DB1A
54547at7147	OZ287660.1	87147181.5	DB3A	DB3A
54556at7147	OZ287663.1	4558959.0	DB5	DB5
54562at7147	OZ287661.1	29778020.0	DB3A	DB3A
54589at7147	OZ287661.1	34370750.0	DB2B	DB2B
54600at7147	HAP1_SCAFFOLD_822	6043.0	DB1A	DB1A
54600at7147	OZ287663.1	97736854.0	DB1A	DB1A
54637at7147	OZ287660.1	134693174.0	DB3A	DB3A
54640at7147	OZ287660.1	87644813.5	DB4A	DB4A
54654at7147	OZ287660.1	157789524.0	DB3A	DB3A
54668at7147	OZ287664.1	95733358.0	DB1B	DB1B
54682at7147	OZ287663.1	8675140.5	DB5	DB5
54689at7147	OZ287664.1	3500911.5	DB2B	DB2B
54702at7147	OZ287662.1	111600253.5	DB2A	DB2A
54713at7147	OZ287663.1	24444015.5	DB5	DB5
54723at7147	OZ287664.1	94080176.0	DB5	DB5
54740at7147	OZ287663.1	51275471.5	DB5	DB5
54771at7147	OZ287664.1	68897226.5	DB1B	DB1B
54773at7147	OZ287664.1	3043806.0	DB2B	DB2B
54775at7147	OZ287663.1	40307977.0	DB5	DB5
54778at7147	OZ287660.1	145056984.5	DB2B	DB2B
54788at7147	OZ287660.1	131560633.5	DB3A	DB3A
54790at7147	OZ287664.1	81676622.0	DB1B	DB1B
54791at7147	OZ287663.1	100731407.0	DB5	DB5
54802at7147	OZ287660.1	7507464.0	DB4A	DB4A
54805at7147	OZ287664.1	94683837.0	DB1B	DB1B
54821at7147	OZ287663.1	30057421.5	DB5	DB5
54822at7147	OZ287663.1	108817788.5	DB5	DB5
54838at7147	OZ287660.1	12548906.0	NA	NA
54842at7147	OZ287665.1	11650596.0	DB6	DB6
54844at7147	OZ287661.1	48999590.0	DB3B	DB3B
54856at7147	OZ287664.1	83089767.0	DB1B	DB1B
54880at7147	OZ287662.1	50121338.5	DB1A	DB1A
54892at7147	OZ287660.1	6147375.5	NA	NA
54903at7147	OZ287661.1	95983847.0	DB3B	DB3B
54905at7147	OZ287662.1	4535074.0	DB1A	DB1A
54916at7147	OZ287660.1	159117570.5	DB3A	DB3A
54922at7147	OZ287661.1	117245329.5	DB4B	DB4B
54933at7147	OZ287664.1	2247142.5	DB2B	DB2B
54941at7147	OZ287662.1	39168133.5	DB1A	DB1A
54965at7147	OZ287660.1	14105516.0	DB4A	DB4A
54967at7147	OZ287660.1	129513384.0	DB3A	DB3A
54971at7147	OZ287663.1	9049532.0	DB5	DB5
54985at7147	OZ287660.1	161693864.0	DB3A	DB3A
54994at7147	OZ287662.1	115829419.5	DB2A	DB2A
55009at7147	OZ287660.1	142661074.5	DB3A	DB3A
55040at7147	OZ287664.1	63779089.0	DB1B	DB1B
55080at7147	OZ287660.1	133126314.0	NA	NA
55085at7147	OZ287664.1	67211089.0	DB5	DB5
55089at7147	OZ287660.1	141486443.0	DB3A	DB3A
55091at7147	OZ287663.1	69529450.0	DB5	DB5
55109at7147	OZ287661.1	20150170.0	DB3B	DB3B
55110at7147	OZ287663.1	96640953.0	DB3A	DB3A
55124at7147	OZ287664.1	67221916.0	DB1B	DB1B
55132at7147	OZ287660.1	152557797.0	DB3A	DB3A
55135at7147	OZ287662.1	11908252.5	DB1A	DB1A
55157at7147	OZ287662.1	32945791.0	DB1A	DB1A
55161at7147	OZ287663.1	34617106.5	NA	NA
55165at7147	OZ287661.1	93172016.5	DB3B	DB3B
55167at7147	OZ287663.1	25993934.5	DB5	DB5
55219at7147	OZ287660.1	1063799.0	DB4A	DB4A
55221at7147	OZ287662.1	117657140.5	DB2A	DB2A
55227at7147	OZ287662.1	114994685.0	DB2A	DB2A
55241at7147	OZ287660.1	154569576.5	DB3A	DB3A
55263at7147	OZ287660.1	148738585.0	DB3A	DB3A
55277at7147	OZ287664.1	1925851.5	DB2B	DB2B
55290at7147	OZ287660.1	129129833.5	DB3A	DB3A
55332at7147	OZ287660.1	149110947.0	DB3A	DB3A
55336at7147	OZ287660.1	161919565.0	DB3A	DB3A
55348at7147	OZ287662.1	2856893.0	DB1A	DB1A
55349at7147	OZ287664.1	64570300.5	DB1B	DB1B
55366at7147	OZ287660.1	120125000.0	DB3A	DB3A
55391at7147	OZ287661.1	9857566.0	DB3B	DB3B
55399at7147	OZ287663.1	96202464.0	DB5	DB5
55423at7147	OZ287660.1	124619982.0	DB3A	DB3A
55434at7147	OZ287660.1	133570431.5	DB3A	DB3A
55436at7147	OZ287661.1	24787859.5	DB4B	DB4B
55441at7147	OZ287660.1	154579999.5	DB3A	DB3A
55446at7147	OZ287662.1	102901060.0	DB2A	DB2A
55471at7147	OZ287664.1	99282250.5	DB1B	DB1B
55475at7147	OZ287660.1	148703887.5	DB3A	DB3A
55494at7147	OZ287664.1	60053260.5	DB1B	DB1B
55520at7147	OZ287662.1	96161773.0	DB2A	DB2A
55526at7147	OZ287660.1	2159158.0	DB4A	DB4A
55543at7147	OZ287660.1	140246998.0	DB3A	DB3A
55562at7147	OZ287664.1	1122634.5	DB2B	DB2B
55577at7147	OZ287661.1	15632605.0	DB3B	DB3B
55587at7147	OZ287660.1	147836211.5	DB3A	DB3A
55608at7147	OZ287660.1	83945031.0	DB3A	DB3A
55620at7147	OZ287664.1	85048033.5	DB1B	DB1B
55637at7147	OZ287660.1	150133855.5	DB3A	DB3A
55641at7147	OZ287661.1	7293225.0	DB3B	DB3B
55645at7147	OZ287663.1	46341253.0	DB5	DB5
55659at7147	OZ287660.1	104264900.0	DB4A	DB4A
55670at7147	OZ287663.1	50137733.0	DB5	DB5
55671at7147	OZ287661.1	45528438.5	DB3B	DB3B
55683at7147	OZ287661.1	59927147.5	DB3B	DB3B
55688at7147	OZ287660.1	56030601.0	DB4A	DB4A
55690at7147	OZ287662.1	8319624.5	DB1A	DB1A
55702at7147	OZ287660.1	129204785.5	DB3A	DB3A
55723at7147	OZ287663.1	31215151.5	DB5	DB5
55724at7147	OZ287660.1	3840786.0	DB4A	DB4A
55728at7147	OZ287660.1	1852178.5	DB4A	DB4A
55738at7147	OZ287660.1	51125665.5	DB4A	DB4A
55739at7147	OZ287661.1	109172035.5	DB4B	DB4B
55749at7147	OZ287663.1	9376655.5	DB5	DB5
55751at7147	OZ287663.1	13506315.0	DB5	DB5
55755at7147	OZ287663.1	16498280.0	DB5	DB5
55771at7147	OZ287664.1	99035391.0	DB1B	DB1B
55776at7147	OZ287663.1	101011247.0	DB5	DB5
55810at7147	OZ287663.1	38984074.0	DB3A	DB3A
55818at7147	OZ287661.1	91551292.0	DB3B	DB3B
55870at7147	OZ287664.1	1593174.5	NA	NA
55886at7147	OZ287660.1	102232555.0	DB3A	DB3A
55939at7147	OZ287664.1	81495589.5	DB1B	DB1B
55949at7147	OZ287660.1	124687631.5	DB3A	DB3A
55986at7147	OZ287664.1	933554.5	DB1A	DB1A
56026at7147	OZ287664.1	24102006.5	DB2B	DB2B
56033at7147	OZ287664.1	10569036.5	DB2B	DB2B
56034at7147	OZ287664.1	32895734.5	DB2B	DB2B
56037at7147	OZ287661.1	117138729.5	DB4B	DB4B
56046at7147	OZ287662.1	4320648.0	DB1A	DB1A
56067at7147	OZ287664.1	83040200.5	DB1B	DB1B
56081at7147	OZ287660.1	121773767.0	DB3A	DB3A
56102at7147	OZ287664.1	25414213.5	DB2B	DB2B
56132at7147	OZ287662.1	22621855.5	DB1A	DB1A
56158at7147	OZ287660.1	157187165.0	DB3A	DB3A
56165at7147	OZ287661.1	31076496.0	DB4B	DB4B
56167at7147	OZ287660.1	89409329.5	DB4A	DB4A
56185at7147	OZ287660.1	36064436.0	DB3A	DB3A
56193at7147	OZ287664.1	10387625.0	DB2B	DB2B
56201at7147	OZ287663.1	29771664.5	DB5	DB5
56218at7147	OZ287663.1	99582038.0	DB1A	DB1A
56254at7147	OZ287660.1	37743069.5	DB3A	DB3A
56266at7147	OZ287664.1	105024348.0	DB1B	DB1B
56271at7147	OZ287660.1	30789601.5	NA	NA
56279at7147	OZ287660.1	114862807.0	DB3A	DB3A
56298at7147	OZ287663.1	45327097.0	DB5	DB5
56300at7147	OZ287662.1	48208093.0	DB1A	DB1A
56303at7147	OZ287661.1	70334634.0	DB4A	DB4A
56314at7147	OZ287660.1	115062235.0	DB3A	DB3A
56337at7147	OZ287660.1	131764269.5	DB3A	DB3A
56384at7147	OZ287664.1	13979586.5	DB2B	DB2B
56416at7147	OZ287660.1	47073260.5	DB1B	DB1B
56458at7147	OZ287662.1	59036539.0	DB1A	DB1A
56466at7147	OZ287662.1	28521407.0	NA	NA
56485at7147	OZ287662.1	115449190.5	DB2A	DB2A
56486at7147	OZ287661.1	51501865.0	DB3B	DB3B
56488at7147	OZ287662.1	12481466.0	DB1A	DB1A
56498at7147	OZ287662.1	2629439.0	DB4B	DB4B
56506at7147	OZ287660.1	8954546.0	DB4A	DB4A
56521at7147	OZ287662.1	108474375.5	DB2A	DB2A
56533at7147	OZ287662.1	47197876.0	DB1A	DB1A
56534at7147	OZ287661.1	720660.0	DB3B	DB3B
56536at7147	OZ287662.1	42047031.5	DB1A	DB1A
56549at7147	OZ287661.1	111877436.5	DB4B	DB4B
56553at7147	OZ287660.1	19881503.5	DB4A	DB4A
56561at7147	OZ287664.1	95702106.5	DB1B	DB1B
56566at7147	OZ287664.1	77280680.5	DB4B	DB4B
56580at7147	OZ287662.1	96547243.5	DB2A	DB2A
56611at7147	OZ287662.1	101424834.5	DB2A	DB2A
56617at7147	OZ287661.1	42976890.0	DB3B	DB3B
56625at7147	OZ287663.1	91611660.5	DB5	DB5
56636at7147	OZ287661.1	27931443.0	DB1B	DB1B
56645at7147	OZ287664.1	80890241.0	DB4B	DB4B
56662at7147	OZ287660.1	124539110.0	DB3A	DB3A
56673at7147	OZ287662.1	7378074.5	DB1A	DB1A
56706at7147	OZ287661.1	3228438.5	NA	NA
56708at7147	OZ287664.1	480683.5	DB4A	DB4A
56713at7147	OZ287661.1	102624863.5	DB4B	DB4B
56767at7147	OZ287663.1	91536590.0	DB5	DB5
56783at7147	OZ287660.1	3717354.0	DB6	DB6
56788at7147	OZ287663.1	96508817.0	DB5	DB5
56803at7147	OZ287663.1	108474607.5	DB5	DB5
56809at7147	OZ287661.1	47440833.0	DB3B	DB3B
56814at7147	OZ287663.1	97867352.5	DB5	DB5
56815at7147	OZ287663.1	25637679.0	DB5	DB5
56847at7147	OZ287663.1	25588205.0	DB5	DB5
56864at7147	OZ287662.1	28515402.0	DB1A	DB1A
56871at7147	OZ287664.1	100821098.0	DB1B	DB1B
56907at7147	OZ287663.1	6011521.0	DB5	DB5
56913at7147	OZ287660.1	98438004.0	DB3A	DB3A
56927at7147	OZ287660.1	145130432.5	DB4A	DB4A
56954at7147	OZ287663.1	30269103.5	DB5	DB5
56974at7147	OZ287663.1	47595949.0	DB5	DB5
57004at7147	OZ287661.1	73947000.5	DB1A	DB1A
57025at7147	OZ287663.1	78637372.5	DB5	DB5
57036at7147	OZ287663.1	39020414.5	DB5	DB5
57040at7147	OZ287662.1	96833637.0	DB2A	DB2A
57046at7147	OZ287660.1	59167378.0	DB4A	DB4A
57057at7147	OZ287661.1	51660928.0	DB1B	DB1B
57059at7147	OZ287662.1	116810834.0	DB2A	DB2A
57071at7147	OZ287660.1	96176953.5	NA	NA
57082at7147	OZ287660.1	104966976.5	DB3A	DB3A
57083at7147	OZ287662.1	53436847.5	DB1A	DB1A
57097at7147	OZ287664.1	74849729.5	DB1B	DB1B
57127at7147	OZ287664.1	16706434.0	DB2B	DB2B
57144at7147	OZ287663.1	107685041.0	DB5	DB5
57150at7147	OZ287664.1	1359087.5	DB2B	DB2B
57152at7147	OZ287660.1	87652388.5	DB3A	DB3A
57156at7147	OZ287660.1	39434031.0	DB4A	DB4A
57204at7147	OZ287664.1	96465259.5	DB1B	DB1B
57233at7147	OZ287660.1	1505849.0	DB4A	DB4A
57237at7147	OZ287661.1	118488768.0	DB4B	DB4B
57255at7147	OZ287664.1	64814429.0	DB1B	DB1B
57264at7147	OZ287662.1	47143604.0	DB1A	DB1A
57289at7147	OZ287662.1	111786514.5	DB2A	DB2A
57295at7147	OZ287663.1	26492705.5	DB5	DB5
57304at7147	OZ287662.1	45044967.0	DB1A	DB1A
57306at7147	OZ287661.1	33106243.5	DB3B	DB3B
57311at7147	OZ287661.1	56165445.5	DB4B	DB4B
57347at7147	OZ287660.1	58257270.5	DB4A	DB4A
57360at7147	OZ287660.1	19569042.0	DB4A	DB4A
57383at7147	OZ287664.1	2654248.5	DB2B	DB2B
57426at7147	OZ287660.1	144915584.5	DB3A	DB3A
57440at7147	OZ287663.1	102132837.0	DB5	DB5
57441at7147	OZ287664.1	10000429.5	DB4A	DB4A
57446at7147	OZ287662.1	108422061.0	DB2A	DB2A
57452at7147	OZ287662.1	11279597.0	DB1A	DB1A
57453at7147	OZ287660.1	24770091.0	DB1A	DB1A
57454at7147	OZ287661.1	108929853.0	DB4B	DB4B
57459at7147	OZ287661.1	106877570.0	DB4B	DB4B
57466at7147	OZ287660.1	16025727.0	DB5	DB5
57494at7147	OZ287662.1	53782294.0	DB2A	DB2A
57504at7147	OZ287662.1	99118181.0	DB5	DB5
57508at7147	OZ287661.1	108967278.0	DB4B	DB4B
57511at7147	OZ287663.1	25524938.5	DB5	DB5
57531at7147	OZ287662.1	18337899.0	DB1A	DB1A
57557at7147	OZ287661.1	24909987.5	DB4B	DB4B
57561at7147	OZ287662.1	35320075.0	DB1A	DB1A
57586at7147	OZ287661.1	25916005.0	NA	NA
57591at7147	OZ287663.1	73684996.5	DB5	DB5
57615at7147	OZ287660.1	11148727.5	DB4A	DB4A
57635at7147	OZ287660.1	84798443.5	DB4A	DB4A
57656at7147	OZ287663.1	6122602.0	DB5	DB5
57658at7147	OZ287663.1	44905814.0	DB5	DB5
57700at7147	OZ287661.1	113688471.5	DB4B	DB4B
57737at7147	OZ287664.1	23037201.5	DB2B	DB2B
57742at7147	OZ287663.1	109807946.5	DB5	DB5
57748at7147	OZ287663.1	55017481.0	DB5	DB5
57772at7147	OZ287663.1	9428884.5	DB5	DB5
57773at7147	OZ287660.1	50789581.5	DB4A	DB4A
57779at7147	OZ287663.1	96660510.0	DB5	DB5
57791at7147	OZ287663.1	101030118.0	DB5	DB5
57806at7147	OZ287660.1	26442977.0	DB2B	DB2B
57816at7147	OZ287664.1	67103852.0	DB1B	DB1B
57847at7147	OZ287661.1	42105209.5	DB3B	DB3B
57855at7147	OZ287662.1	63653667.5	DB1A	DB1A
57868at7147	OZ287660.1	22572676.0	DB4A	DB4A
57879at7147	OZ287663.1	103827657.0	DB5	DB5
57890at7147	OZ287660.1	35151771.0	DB4A	DB4A
57900at7147	OZ287663.1	97608622.0	DB5	DB5
57917at7147	OZ287664.1	95933519.5	DB1B	DB1B
57924at7147	OZ287662.1	115977819.0	DB2A	DB2A
57929at7147	OZ287661.1	115577284.0	DB4B	DB4B
57939at7147	OZ287663.1	108925791.5	DB2B	DB2B
57990at7147	OZ287661.1	116454664.5	DB2B	DB2B
57994at7147	OZ287663.1	50625122.5	DB5	DB5
58040at7147	OZ287660.1	11643296.0	DB4A	DB4A
58041at7147	OZ287662.1	116865477.5	DB2A	DB2A
58059at7147	OZ287660.1	38144306.0	DB4A	DB4A
58061at7147	OZ287664.1	81195398.5	DB4A	DB4A
58069at7147	OZ287664.1	85841883.0	DB1B	DB1B
58103at7147	OZ287660.1	161794310.5	DB3A	DB3A
58110at7147	OZ287661.1	120079692.0	DB2B	DB2B
58118at7147	OZ287662.1	52020775.0	DB1A	DB1A
58177at7147	OZ287661.1	7659963.5	DB3B	DB3B
58183at7147	OZ287660.1	115080322.0	DB3A	DB3A
58188at7147	OZ287663.1	38055088.0	DB5	DB5
58205at7147	OZ287664.1	84997779.5	DB1B	DB1B
58209at7147	OZ287662.1	61943067.5	DB1A	DB1A
58228at7147	OZ287662.1	96821962.5	DB2A	DB2A
58229at7147	OZ287662.1	14700486.0	DB1A	DB1A
58248at7147	OZ287660.1	94063784.5	DB3A	DB3A
58253at7147	OZ287660.1	7317740.0	DB4A	DB4A
58266at7147	OZ287661.1	108030108.5	NA	NA
58276at7147	OZ287662.1	97286765.5	DB1A	DB1A
58277at7147	OZ287663.1	41103347.0	DB5	DB5
58283at7147	OZ287660.1	3310418.5	DB4A	DB4A
58362at7147	OZ287661.1	21429501.5	DB3B	DB3B
58372at7147	OZ287662.1	38552798.5	DB1A	DB1A
58382at7147	OZ287660.1	88585199.0	DB3A	DB3A
58385at7147	OZ287662.1	13486266.5	DB1A	DB1A
58401at7147	OZ287662.1	1398697.0	DB4A	DB4A
58417at7147	OZ287661.1	114639623.5	DB4B	DB4B
58419at7147	OZ287663.1	16186002.5	DB5	DB5
58433at7147	OZ287662.1	105268214.5	DB2A	DB2A
58438at7147	OZ287660.1	162085795.5	DB3A	DB3A
58454at7147	OZ287663.1	4834190.0	DB6	DB6
58562at7147	OZ287664.1	61502926.5	NA	NA
58570at7147	OZ287663.1	109852296.0	DB5	DB5
58584at7147	OZ287663.1	84114951.5	DB4A	DB4A
58613at7147	OZ287662.1	115107980.0	DB2A	DB2A
58622at7147	OZ287663.1	14556694.5	DB5	DB5
58647at7147	OZ287664.1	72841994.0	DB1B	DB1B
58656at7147	OZ287663.1	50765694.5	DB5	DB5
58664at7147	OZ287664.1	67259721.5	NA	NA
58691at7147	OZ287663.1	11741535.5	DB5	DB5
58750at7147	OZ287661.1	11384262.5	DB3B	DB3B
58753at7147	OZ287661.1	108369641.5	DB4B	DB4B
58803at7147	OZ287661.1	31988814.5	DB3B	DB3B
58804at7147	OZ287664.1	98494658.0	DB1B	DB1B
58824at7147	OZ287663.1	4832893.0	DB5	DB5
58828at7147	OZ287660.1	87135358.0	DB3A	DB3A
58829at7147	OZ287664.1	85835390.5	DB1B	DB1B
58894at7147	OZ287660.1	48860016.0	DB3B	DB3B
58897at7147	OZ287662.1	92587585.0	DB2A	DB2A
58932at7147	OZ287661.1	120485321.0	DB4B	DB4B
58935at7147	OZ287661.1	51246823.5	DB4B	DB4B
58968at7147	OZ287662.1	42168126.5	DB1A	DB1A
58988at7147	OZ287660.1	30373546.0	DB6	DB6
59009at7147	OZ287664.1	103116837.5	DB2B	DB2B
59021at7147	OZ287660.1	108461750.0	NA	NA
59031at7147	OZ287660.1	36257327.0	DB4A	DB4A
59034at7147	OZ287660.1	30259871.5	DB4A	DB4A
59036at7147	OZ287660.1	131545713.0	DB3A	DB3A
59056at7147	OZ287664.1	782663.0	DB3A	DB3A
59058at7147	OZ287660.1	21642445.0	DB4A	DB4A
59095at7147	OZ287662.1	45073158.0	DB1A	DB1A
59098at7147	OZ287660.1	157724311.5	DB3A	DB3A
59146at7147	OZ287660.1	82028844.5	DB3A	DB3A
59159at7147	OZ287663.1	61296838.5	DB5	DB5
59197at7147	OZ287664.1	97138197.5	DB3B	DB3B
59207at7147	OZ287660.1	54301305.0	DB4A	DB4A
59208at7147	OZ287661.1	55066986.0	DB3B	DB3B
59214at7147	OZ287660.1	88310720.5	DB3A	DB3A
59276at7147	OZ287661.1	42098327.5	DB3B	DB3B
59288at7147	OZ287663.1	7649821.5	DB2B	DB2B
59290at7147	OZ287662.1	33979749.0	DB1A	DB1A
59326at7147	OZ287660.1	19531285.0	DB4A	DB4A
59353at7147	OZ287662.1	118627897.0	DB2A	DB2A
59366at7147	OZ287660.1	48849443.0	DB4B	DB4B
59372at7147	OZ287660.1	8335118.5	DB4A	DB4A
59378at7147	OZ287664.1	29700705.5	DB2B	DB2B
59427at7147	OZ287662.1	92645851.5	DB2A	DB2A
59473at7147	OZ287661.1	11645692.5	DB4A	DB4A
59501at7147	OZ287660.1	87699053.0	DB3A	DB3A
59513at7147	OZ287661.1	107525135.5	DB3B	DB3B
59514at7147	OZ287663.1	37738707.5	DB5	DB5
59530at7147	OZ287661.1	1233907.0	DB3B	DB3B
59540at7147	OZ287660.1	29896602.5	NA	NA
59543at7147	OZ287663.1	107153887.0	DB5	DB5
59594at7147	OZ287663.1	94995172.5	DB5	DB5
59603at7147	OZ287660.1	139652933.5	DB3A	DB3A
59621at7147	OZ287660.1	51844105.0	DB2B	DB2B
59638at7147	OZ287662.1	68371212.5	DB1A	DB1A
59641at7147	OZ287662.1	4920557.0	DB1A	DB1A
59688at7147	OZ287660.1	15741280.0	DB4A	DB4A
59706at7147	OZ287661.1	151199.5	NA	NA
59718at7147	OZ287661.1	107930492.5	DB6	DB6
59758at7147	OZ287660.1	141879608.0	DB3A	DB3A
59762at7147	OZ287662.1	25581114.5	DB5	DB5
59805at7147	OZ287663.1	54441095.0	DB5	DB5
59847at7147	OZ287663.1	109961613.5	DB5	DB5
59858at7147	OZ287661.1	85735486.5	DB6	DB6
59867at7147	OZ287663.1	24439627.5	DB5	DB5
59881at7147	OZ287661.1	71058.5	DB3B	DB3B
59885at7147	OZ287661.1	45550437.0	DB3A	DB3A
59897at7147	OZ287661.1	55008421.5	DB3B	DB3B
59908at7147	OZ287660.1	95323515.0	DB3A	DB3A
59917at7147	OZ287663.1	6652667.0	NA	NA
59927at7147	OZ287663.1	78627598.5	DB5	DB5
59932at7147	OZ287662.1	111462349.0	DB5	DB5
59934at7147	OZ287663.1	44955442.0	DB5	DB5
59954at7147	OZ287664.1	24915612.0	DB2B	DB2B
59971at7147	OZ287662.1	17764943.0	DB1A	DB1A
59991at7147	OZ287660.1	99693867.5	DB3A	DB3A
60030at7147	OZ287664.1	93594489.0	DB5	DB5
60031at7147	OZ287664.1	90277398.0	DB1B	DB1B
60048at7147	OZ287661.1	118172430.5	DB2B	DB2B
60066at7147	OZ287661.1	106924140.0	DB2B	DB2B
60086at7147	OZ287662.1	18786196.5	DB1A	DB1A
60091at7147	OZ287660.1	139381710.0	DB3A	DB3A
60114at7147	OZ287660.1	3770075.5	DB4A	DB4A
60133at7147	OZ287664.1	29907837.5	DB2B	DB2B
60134at7147	OZ287661.1	123393897.0	DB4B	DB4B
60157at7147	OZ287661.1	76928660.5	DB3B	DB3B
60158at7147	OZ287662.1	11882562.0	DB1A	DB1A
60162at7147	OZ287663.1	2286893.0	DB5	DB5
60174at7147	OZ287660.1	159285630.5	DB3A	DB3A
60183at7147	OZ287662.1	118382890.5	DB1A	DB1A
60185at7147	OZ287660.1	131713970.0	DB6	DB6
60242at7147	OZ287664.1	104805172.0	DB1B	DB1B
60271at7147	OZ287660.1	154590778.5	DB3A	DB3A
60284at7147	OZ287663.1	38376054.0	DB5	DB5
60303at7147	OZ287661.1	105775406.0	DB3B	DB3B
60315at7147	OZ287660.1	126233991.0	DB3A	DB3A
60331at7147	OZ287662.1	10207616.0	DB2A	DB2A
60338at7147	OZ287661.1	11219366.0	DB3B	DB3B
60353at7147	OZ287661.1	108915570.0	DB4B	DB4B
60372at7147	OZ287662.1	100604872.0	DB5	DB5
60375at7147	OZ287664.1	63429449.0	DB1B	DB1B
60381at7147	OZ287660.1	131804711.5	DB3A	DB3A
60394at7147	OZ287662.1	17812750.0	DB1A	DB1A
60410at7147	OZ287662.1	111035639.0	DB2A	DB2A
60412at7147	OZ287664.1	98527860.5	DB1B	DB1B
60416at7147	OZ287662.1	35745573.0	DB1A	DB1A
60422at7147	OZ287663.1	98667329.5	DB5	DB5
60427at7147	OZ287660.1	1840184.5	DB4A	DB4A
60499at7147	OZ287660.1	90960463.0	DB3A	DB3A
60501at7147	OZ287661.1	100898000.5	DB3B	DB3B
60504at7147	OZ287660.1	28749375.5	DB3B	DB3B
60514at7147	OZ287661.1	21320516.5	DB3B	DB3B
60545at7147	OZ287661.1	54834510.5	DB3B	DB3B
60554at7147	OZ287662.1	28481781.0	DB1A	DB1A
60563at7147	OZ287664.1	23360526.5	DB2B	DB2B
60581at7147	OZ287660.1	7256628.5	DB4A	DB4A
60603at7147	OZ287664.1	101969604.5	DB1B	DB1B
60611at7147	OZ287662.1	112135155.5	DB2A	DB2A
60612at7147	OZ287660.1	93052426.0	NA	NA
60628at7147	OZ287664.1	20385023.0	DB2B	DB2B
60643at7147	OZ287660.1	155695642.0	DB5	DB5
60650at7147	OZ287662.1	47015058.5	DB1A	DB1A
60656at7147	OZ287660.1	154070771.5	DB3A	DB3A
60688at7147	OZ287661.1	56395179.0	DB3A	DB3A
60701at7147	OZ287663.1	9101201.5	DB5	DB5
60708at7147	OZ287660.1	132749802.0	DB3A	DB3A
60719at7147	OZ287660.1	85564202.0	DB3A	DB3A
60720at7147	OZ287660.1	66230720.5	DB4A	DB4A
60739at7147	OZ287661.1	36159564.0	NA	NA
60759at7147	OZ287662.1	4906246.0	DB1A	DB1A
60771at7147	OZ287664.1	81259626.0	DB1B	DB1B
60815at7147	OZ287664.1	58332783.5	DB1B	DB1B
60817at7147	OZ287660.1	121340603.0	NA	NA
60819at7147	OZ287663.1	100688367.5	DB1B	DB1B
60826at7147	OZ287660.1	83050583.5	DB3A	DB3A
60829at7147	OZ287661.1	121395071.5	DB6	DB6
60849at7147	OZ287664.1	72915995.5	DB4B	DB4B
60885at7147	OZ287660.1	119212392.5	DB3A	DB3A
60911at7147	OZ287663.1	4823912.0	DB5	DB5
60913at7147	OZ287663.1	88593232.0	DB5	DB5
60915at7147	OZ287662.1	47009752.5	DB5	DB5
60935at7147	OZ287664.1	10574417.0	DB2B	DB2B
60941at7147	OZ287660.1	153262356.0	DB3A	DB3A
60947at7147	OZ287660.1	89328288.5	NA	NA
60973at7147	OZ287661.1	5804474.0	NA	NA
60994at7147	OZ287664.1	1446548.0	DB2B	DB2B
61002at7147	OZ287663.1	41082488.0	DB5	DB5
61024at7147	OZ287661.1	22535618.5	DB3B	DB3B
61053at7147	OZ287661.1	19967414.0	DB3B	DB3B
61054at7147	OZ287660.1	143382920.0	DB1A	DB1A
61082at7147	OZ287660.1	143335365.5	DB3A	DB3A
61095at7147	OZ287663.1	29433007.5	DB5	DB5
61113at7147	OZ287660.1	124746846.5	DB3A	DB3A
61116at7147	OZ287662.1	61351223.0	DB4B	DB4B
61138at7147	OZ287660.1	36392820.5	DB4A	DB4A
61143at7147	OZ287664.1	14103585.5	DB2B	DB2B
61202at7147	OZ287662.1	14738659.5	DB1A	DB1A
61222at7147	OZ287663.1	3371390.0	DB5	DB5
61232at7147	OZ287663.1	93476421.0	DB5	DB5
61242at7147	OZ287661.1	42103811.5	DB3A	DB3A
61249at7147	OZ287664.1	459278.0	DB2B	DB2B
61255at7147	OZ287660.1	81039255.0	DB3A	DB3A
61276at7147	OZ287664.1	5523395.5	DB4B	DB4B
61286at7147	OZ287661.1	57892268.0	NA	NA
61299at7147	OZ287660.1	7928899.0	DB4A	DB4A
61306at7147	OZ287660.1	65194068.5	NA	NA
61331at7147	OZ287661.1	7218607.5	DB3B	DB3B
61340at7147	OZ287660.1	95337922.0	DB3A	DB3A
61374at7147	OZ287660.1	16184377.0	DB4A	DB4A
61375at7147	OZ287662.1	11752853.0	DB1A	DB1A
61379at7147	OZ287662.1	10264360.0	DB1A	DB1A
61386at7147	OZ287661.1	51624977.5	DB6	DB6
61388at7147	OZ287660.1	158549527.5	NA	NA
61391at7147	OZ287662.1	61440696.0	DB1A	DB1A
61398at7147	OZ287661.1	21434694.0	DB3B	DB3B
61410at7147	OZ287660.1	10503332.0	DB4A	DB4A
61443at7147	OZ287662.1	93761182.5	DB2A	DB2A
61444at7147	OZ287662.1	7188119.0	DB1A	DB1A
61469at7147	OZ287660.1	92721988.0	DB4B	DB4B
61497at7147	OZ287661.1	4666126.0	DB3B	DB3B
61498at7147	OZ287664.1	64548354.5	DB1B	DB1B
61509at7147	OZ287660.1	138038521.5	DB3A	DB3A
61543at7147	OZ287661.1	1310633.0	DB2B	DB2B
61559at7147	OZ287660.1	35188655.5	DB3A	DB3A
61562at7147	OZ287664.1	38385531.5	DB1B	DB1B
61602at7147	OZ287662.1	52147159.0	DB2A	DB2A
61663at7147	OZ287662.1	50643023.5	DB1A	DB1A
61683at7147	OZ287663.1	16168166.5	DB5	DB5
61699at7147	OZ287660.1	94635709.5	DB1A	DB1A
61709at7147	OZ287662.1	97498985.0	DB2A	DB2A
61710at7147	OZ287660.1	140235760.5	DB3A	DB3A
61713at7147	OZ287660.1	110142068.0	DB3A	DB3A
61746at7147	OZ287660.1	50477767.5	DB4A	DB4A
61750at7147	OZ287660.1	121500603.5	DB3A	DB3A
61769at7147	OZ287660.1	57822213.5	DB3B	DB3B
61774at7147	OZ287661.1	107284259.5	DB4B	DB4B
61788at7147	OZ287662.1	32933629.5	DB1A	DB1A
61797at7147	OZ287662.1	29017677.5	DB3A	DB3A
61808at7147	OZ287664.1	85485947.5	DB1B	DB1B
61815at7147	OZ287660.1	4794757.5	DB4A	DB4A
61817at7147	OZ287664.1	64100443.5	DB2B	DB2B
61842at7147	OZ287660.1	132618860.0	DB3A	DB3A
61844at7147	OZ287664.1	13535671.0	DB2B	DB2B
61869at7147	OZ287663.1	4930325.5	DB5	DB5
61874at7147	OZ287662.1	6165824.5	DB1A	DB1A
61879at7147	OZ287660.1	28808514.0	DB3A	DB3A
61890at7147	OZ287661.1	25900852.0	DB3B	DB3B
61894at7147	OZ287660.1	25907153.0	DB4A	DB4A
61922at7147	OZ287662.1	85633244.0	DB1B	DB1B
61928at7147	OZ287660.1	137974540.0	DB3A	DB3A
61938at7147	OZ287660.1	106674862.5	DB4B	DB4B
61941at7147	OZ287660.1	140345095.0	DB3A	DB3A
61966at7147	OZ287663.1	1222763.5	DB5	DB5
61968at7147	OZ287660.1	81449921.5	DB1B	DB1B
61986at7147	OZ287660.1	28742620.0	DB3A	DB3A
61992at7147	OZ287663.1	27513246.5	DB5	DB5
61993at7147	OZ287663.1	79013778.0	DB5	DB5
61998at7147	OZ287661.1	118341136.5	DB6	DB6
62045at7147	OZ287660.1	20358214.0	DB4A	DB4A
62048at7147	OZ287663.1	9092086.5	DB5	DB5
62055at7147	OZ287662.1	61630551.5	DB1A	DB1A
62066at7147	OZ287660.1	132543516.5	DB3A	DB3A
62100at7147	OZ287661.1	122693295.0	DB4B	DB4B
62107at7147	OZ287662.1	114333521.5	DB2A	DB2A
62123at7147	OZ287662.1	17660202.0	DB1A	DB1A
62130at7147	OZ287664.1	10270144.5	DB2B	DB2B
62144at7147	OZ287661.1	46286903.5	DB3A	DB3A
62147at7147	OZ287660.1	30400152.5	DB1A	DB1A
62185at7147	OZ287665.1	9720604.0	DB6	DB6
62191at7147	OZ287662.1	7378056.0	DB1A	DB1A
62191at7147	HAP1_SCAFFOLD_311	17112.5	DB1A	DB1A
62197at7147	OZ287663.1	110080520.0	DB4A	DB4A
62204at7147	OZ287663.1	98633057.5	DB5	DB5
62213at7147	OZ287664.1	35539885.5	DB2B	DB2B
62270at7147	OZ287661.1	119389720.0	DB4B	DB4B
62282at7147	OZ287660.1	36175961.5	DB4A	DB4A
62295at7147	OZ287664.1	81502321.5	DB1B	DB1B
62339at7147	OZ287661.1	109935399.5	DB4B	DB4B
62349at7147	OZ287664.1	86438486.0	DB1B	DB1B
62350at7147	OZ287664.1	104959659.5	DB1B	DB1B
62366at7147	OZ287663.1	11846222.5	DB5	DB5
62372at7147	OZ287663.1	4611170.0	DB5	DB5
62407at7147	OZ287663.1	100574241.5	DB5	DB5
62417at7147	OZ287664.1	28056394.5	DB2B	DB2B
62423at7147	OZ287662.1	15983745.5	DB1A	DB1A
62443at7147	OZ287660.1	1925872.0	DB4A	DB4A
62451at7147	OZ287660.1	123249834.5	NA	NA
62482at7147	OZ287662.1	88306861.5	NA	NA
62502at7147	OZ287663.1	54305763.5	DB5	DB5
62503at7147	OZ287664.1	14483136.0	DB2B	DB2B
62529at7147	OZ287664.1	16161318.0	DB2B	DB2B
62557at7147	OZ287661.1	19933855.0	DB3B	DB3B
62560at7147	OZ287662.1	50656783.5	DB3A	DB3A
62613at7147	OZ287661.1	15790510.0	DB3B	DB3B
62631at7147	OZ287664.1	7542470.0	DB2B	DB2B
62639at7147	OZ287663.1	16119688.5	DB5	DB5
62656at7147	OZ287660.1	24808562.0	DB5	DB5
62660at7147	OZ287663.1	104921663.5	DB5	DB5
62676at7147	OZ287662.1	116641898.0	DB2A	DB2A
62681at7147	OZ287661.1	104061620.0	DB4A	DB4A
62682at7147	OZ287664.1	83081342.5	DB1B	DB1B
62696at7147	OZ287660.1	94596478.0	DB2A	DB2A
62725at7147	OZ287662.1	98640058.5	DB2A	DB2A
62727at7147	OZ287660.1	161403567.0	DB5	DB5
62737at7147	OZ287663.1	100105483.0	DB2A	DB2A
62751at7147	OZ287662.1	119241951.0	DB2A	DB2A
62767at7147	OZ287664.1	90518187.0	DB5	DB5
62792at7147	OZ287664.1	106411431.5	DB1B	DB1B
62799at7147	OZ287663.1	73894253.0	DB5	DB5
62818at7147	OZ287664.1	85671623.0	DB1B	DB1B
62838at7147	OZ287662.1	33993039.0	DB1A	DB1A
62860at7147	OZ287660.1	159716230.5	DB3A	DB3A
62879at7147	OZ287661.1	111696730.5	DB4B	DB4B
62907at7147	OZ287661.1	119131264.0	DB4B	DB4B
62910at7147	OZ287665.1	2899282.5	DB6	DB6
62912at7147	OZ287660.1	81730839.5	DB3A	DB3A
62916at7147	OZ287660.1	23120145.5	DB4A	DB4A
62957at7147	OZ287664.1	89746079.5	DB3A	DB3A
62969at7147	OZ287664.1	81186935.5	DB1B	DB1B
62991at7147	OZ287664.1	14820421.5	DB2B	DB2B
63007at7147	OZ287663.1	11850496.0	DB5	DB5
63014at7147	OZ287660.1	35326861.5	DB3A	DB3A
63017at7147	OZ287661.1	107914362.0	DB4B	DB4B
63030at7147	OZ287660.1	103879441.5	DB3A	DB3A
63036at7147	OZ287660.1	144973887.5	DB3A	DB3A
63074at7147	OZ287662.1	117234085.5	DB2A	DB2A
63096at7147	OZ287660.1	153995406.5	DB3A	DB3A
63127at7147	OZ287663.1	15582765.5	DB5	DB5
63137at7147	OZ287663.1	92080701.0	DB5	DB5
63138at7147	OZ287664.1	18139263.0	DB3A	DB3A
63142at7147	OZ287660.1	30441698.0	DB3A	DB3A
63148at7147	OZ287663.1	107205999.0	DB5	DB5
63177at7147	OZ287660.1	138027258.5	DB3A	DB3A
63187at7147	OZ287661.1	114267095.5	DB4B	DB4B
63203at7147	OZ287663.1	108220024.5	DB5	DB5
63210at7147	OZ287663.1	91637621.0	DB5	DB5
63215at7147	OZ287663.1	16527635.0	DB5	DB5
63216at7147	OZ287662.1	27268857.0	DB1A	DB1A
63216at7147	OZ287662.1	27354271.0	DB1A	DB1A
63216at7147	OZ287662.1	27262415.0	DB1A	DB1A
63216at7147	OZ287662.1	27372229.0	DB1A	DB1A
63216at7147	OZ287662.1	27333867.0	DB1A	DB1A
63216at7147	OZ287662.1	27340292.0	DB1A	DB1A
63216at7147	OZ287662.1	27347205.0	DB1A	DB1A
63216at7147	OZ287662.1	27392408.0	DB1A	DB1A
63216at7147	OZ287662.1	27275535.0	DB1A	DB1A
63216at7147	OZ287662.1	27282027.0	DB1A	DB1A
63216at7147	OZ287662.1	27288519.0	DB1A	DB1A
63216at7147	OZ287662.1	27295002.0	DB1A	DB1A
63216at7147	OZ287662.1	27301492.0	DB1A	DB1A
63216at7147	OZ287662.1	27307975.0	DB1A	DB1A
63216at7147	OZ287662.1	27314465.0	DB1A	DB1A
63216at7147	OZ287662.1	27320948.0	DB1A	DB1A
63216at7147	OZ287662.1	27327438.0	DB1A	DB1A
63229at7147	OZ287664.1	20391605.5	DB2B	DB2B
63235at7147	OZ287664.1	14416976.5	DB2B	DB2B
63274at7147	OZ287662.1	4643930.5	DB1A	DB1A
63282at7147	OZ287663.1	102193136.0	DB5	DB5
63287at7147	OZ287664.1	13578255.5	DB2B	DB2B
63303at7147	OZ287664.1	102893817.0	DB1B	DB1B
63321at7147	OZ287662.1	4384948.5	DB1A	DB1A
63323at7147	OZ287664.1	24922692.5	DB2B	DB2B
63332at7147	OZ287665.1	1872885.5	DB6	DB6
63341at7147	OZ287660.1	13205112.5	DB4A	DB4A
63354at7147	OZ287660.1	54309353.0	DB4A	DB4A
63370at7147	OZ287662.1	21956048.5	DB1A	DB1A
63383at7147	OZ287663.1	16457845.0	DB5	DB5
63388at7147	OZ287660.1	36428428.5	DB4A	DB4A
63447at7147	OZ287664.1	96236393.5	DB3A	DB3A
63447at7147	OZ287664.1	96321469.5	DB3A	DB3A
63462at7147	OZ287662.1	18380461.0	DB1A	DB1A
63476at7147	OZ287661.1	5230457.0	DB4B	DB4B
63492at7147	OZ287660.1	82502169.0	DB3A	DB3A
63508at7147	OZ287662.1	48289736.0	DB2B	DB2B
63515at7147	OZ287664.1	64578352.5	DB1B	DB1B
63517at7147	OZ287663.1	26072755.0	DB5	DB5
63536at7147	OZ287663.1	4737032.5	DB5	DB5
63539at7147	OZ287660.1	103878146.5	DB3A	DB3A
63540at7147	OZ287661.1	118761619.5	DB4B	DB4B
63541at7147	OZ287664.1	106524352.5	NA	NA
63569at7147	OZ287663.1	100807119.5	DB5	DB5
63580at7147	OZ287663.1	21135781.0	DB5	DB5
63582at7147	OZ287662.1	112524517.0	DB3B	DB3B
63583at7147	OZ287664.1	104610217.0	DB1B	DB1B
63585at7147	OZ287660.1	161917783.0	DB3A	DB3A
63597at7147	OZ287661.1	10131540.0	DB4B	DB4B
63607at7147	OZ287661.1	123242899.0	DB4B	DB4B
63633at7147	OZ287663.1	107690709.5	DB5	DB5
63635at7147	OZ287664.1	99424483.5	DB1B	DB1B
63639at7147	OZ287660.1	47646246.0	DB4A	DB4A
63650at7147	OZ287663.1	22914879.0	DB5	DB5
63652at7147	OZ287661.1	4987239.0	DB2B	DB2B
63658at7147	OZ287662.1	1678024.0	DB1A	DB1A
63670at7147	OZ287660.1	131208175.5	DB4A	DB4A
63672at7147	OZ287661.1	3798703.5	DB3B	DB3B
63673at7147	OZ287660.1	129023026.0	DB3A	DB3A
63677at7147	OZ287662.1	65194035.0	DB1A	DB1A
63691at7147	OZ287664.1	102519457.0	DB2B	DB2B
63704at7147	OZ287660.1	83346463.0	DB1A	DB1A
63716at7147	OZ287663.1	4639377.0	DB5	DB5
63722at7147	OZ287662.1	12301328.0	DB1A	DB1A
63723at7147	OZ287662.1	8364933.0	DB1A	DB1A
63727at7147	OZ287660.1	89333235.5	DB3A	DB3A
63748at7147	OZ287660.1	145437565.5	DB1B	DB1B
63777at7147	OZ287661.1	11298017.5	DB3B	DB3B
63804at7147	OZ287661.1	10574386.5	DB4B	DB4B
63806at7147	OZ287663.1	85139554.5	DB5	DB5
63808at7147	OZ287664.1	60038567.0	DB4A	DB4A
63826at7147	OZ287664.1	87518828.0	DB1B	DB1B
63829at7147	OZ287660.1	11725363.5	DB4A	DB4A
63836at7147	OZ287662.1	25625979.0	DB1A	DB1A
63838at7147	OZ287661.1	51468832.5	DB3B	DB3B
63890at7147	HAP1_SCAFFOLD_311	2869.5	DB1A	DB1A
63890at7147	OZ287662.1	7374848.5	DB1A	DB1A
63892at7147	OZ287663.1	58834168.0	DB5	DB5
63904at7147	OZ287661.1	21895304.0	DB3B	DB3B
63905at7147	OZ287663.1	3445802.0	DB6	DB6
63921at7147	OZ287662.1	51673111.5	DB1A	DB1A
63923at7147	OZ287664.1	5470335.0	DB2B	DB2B
63928at7147	OZ287662.1	105148895.0	DB2A	DB2A
63940at7147	OZ287664.1	71387380.0	DB1B	DB1B
63942at7147	OZ287663.1	4420215.5	DB4A	DB4A
63959at7147	OZ287660.1	5561011.0	DB4A	DB4A
64014at7147	OZ287662.1	118754338.5	DB2A	DB2A
64036at7147	OZ287660.1	119506591.0	DB3A	DB3A
64043at7147	OZ287662.1	2392961.0	DB1A	DB1A
64050at7147	OZ287660.1	131821874.0	DB3A	DB3A
64084at7147	OZ287661.1	119018337.5	DB4B	DB4B
64129at7147	OZ287662.1	4590628.0	DB1A	DB1A
64130at7147	OZ287660.1	78444742.5	NA	NA
64158at7147	OZ287660.1	35197840.0	DB3A	DB3A
64161at7147	OZ287663.1	4926476.5	DB4A	DB4A
64167at7147	OZ287660.1	109311816.0	NA	NA
64173at7147	OZ287663.1	86691142.5	DB5	DB5
64183at7147	OZ287660.1	83374365.5	NA	NA
64192at7147	OZ287664.1	102715387.5	DB1B	DB1B
64195at7147	OZ287661.1	52741558.0	DB3B	DB3B
64216at7147	OZ287663.1	100718597.0	DB1A	DB1A
64272at7147	OZ287661.1	29815509.0	DB4B	DB4B
64274at7147	OZ287661.1	106231030.0	DB3B	DB3B
64278at7147	OZ287661.1	120067730.5	DB4B	DB4B
64323at7147	OZ287662.1	100421403.5	DB2A	DB2A
64333at7147	OZ287660.1	9610995.0	DB3B	DB3B
64346at7147	OZ287663.1	24650983.5	DB4A	DB4A
64351at7147	OZ287660.1	95798420.0	DB3A	DB3A
64374at7147	OZ287660.1	5814371.5	DB4A	DB4A
64379at7147	OZ287662.1	6012822.0	DB1A	DB1A
64380at7147	OZ287660.1	26530066.5	DB4A	DB4A
64411at7147	OZ287661.1	12469076.0	DB3B	DB3B
64413at7147	OZ287660.1	158723916.0	DB3A	DB3A
64440at7147	OZ287660.1	2518419.0	DB4A	DB4A
64472at7147	OZ287660.1	85326419.5	DB6	DB6
64480at7147	OZ287660.1	131411796.0	DB4A	DB4A
64503at7147	OZ287662.1	115951928.0	DB2A	DB2A
64505at7147	OZ287662.1	47185461.5	DB5	DB5
64516at7147	OZ287664.1	15040249.5	DB2B	DB2B
64519at7147	OZ287661.1	100838999.5	DB3B	DB3B
64630at7147	OZ287664.1	3228693.0	DB2B	DB2B
64636at7147	OZ287661.1	119475214.5	DB4B	DB4B
64639at7147	OZ287660.1	18416090.5	DB4A	DB4A
64696at7147	OZ287661.1	100901973.5	DB3A	DB3A
64707at7147	OZ287662.1	25609800.5	DB2A	DB2A
64717at7147	OZ287662.1	33743499.5	DB1A	DB1A
64757at7147	OZ287661.1	118547126.0	DB4B	DB4B
64809at7147	OZ287662.1	118290041.0	DB2A	DB2A
64810at7147	OZ287660.1	138034748.5	DB3A	DB3A
64833at7147	OZ287663.1	8678811.0	DB5	DB5
64850at7147	OZ287662.1	16053989.5	DB1A	DB1A
64887at7147	OZ287660.1	24149304.0	DB4A	DB4A
64935at7147	OZ287662.1	115805278.5	DB1A	DB1A
64947at7147	OZ287664.1	103684698.0	DB1B	DB1B
64968at7147	OZ287660.1	116231646.0	DB3A	DB3A
64974at7147	OZ287661.1	14755621.5	DB4B	DB4B
64993at7147	OZ287660.1	26513706.5	NA	NA
65003at7147	OZ287664.1	11100584.0	DB2B	DB2B
65007at7147	OZ287663.1	106463880.0	DB5	DB5
65008at7147	OZ287661.1	9989970.0	DB1A	DB1A
65012at7147	OZ287664.1	57391667.5	DB1B	DB1B
65038at7147	OZ287663.1	97791262.0	DB5	DB5
65041at7147	OZ287660.1	131587949.5	DB3A	DB3A
65054at7147	OZ287661.1	97066087.5	DB4B	DB4B
65076at7147	OZ287661.1	13247052.0	DB3B	DB3B
65081at7147	OZ287663.1	110070263.5	DB5	DB5
65131at7147	OZ287663.1	96505008.5	DB5	DB5
65138at7147	OZ287661.1	107790849.5	DB3B	DB3B
65138at7147	OZ287661.1	107691707.5	DB3B	DB3B
65151at7147	OZ287661.1	3650320.5	DB3B	DB3B
65157at7147	OZ287662.1	9342911.5	DB1A	DB1A
65169at7147	OZ287663.1	6193717.0	DB4A	DB4A
65184at7147	OZ287662.1	4309738.5	DB1A	DB1A
65194at7147	OZ287660.1	36844066.5	DB5	DB5
65195at7147	OZ287664.1	14335919.5	DB2B	DB2B
65213at7147	OZ287663.1	29952062.0	DB4B	DB4B
65217at7147	OZ287661.1	10632099.5	DB3B	DB3B
65232at7147	OZ287660.1	111820679.0	DB3A	DB3A
65291at7147	OZ287662.1	87065076.0	DB2A	DB2A
65323at7147	OZ287660.1	96950318.5	DB3A	DB3A
65343at7147	OZ287664.1	96456570.0	DB1B	DB1B
65369at7147	OZ287664.1	92658116.5	DB4A	DB4A
65376at7147	OZ287660.1	145194882.0	DB3A	DB3A
65380at7147	OZ287660.1	119485030.0	DB3A	DB3A
65385at7147	OZ287660.1	12598162.5	DB4A	DB4A
65399at7147	OZ287661.1	122208361.0	DB4B	DB4B
65433at7147	OZ287661.1	11660182.5	DB3B	DB3B
65476at7147	OZ287662.1	7334085.0	DB1A	DB1A
65478at7147	OZ287662.1	43477298.5	DB1A	DB1A
65485at7147	OZ287660.1	10174916.5	DB4A	DB4A
65490at7147	OZ287663.1	110048961.0	DB5	DB5
65503at7147	OZ287664.1	829321.0	DB2B	DB2B
65523at7147	OZ287661.1	19986341.5	DB3B	DB3B
65536at7147	OZ287663.1	50582853.0	DB5	DB5
65537at7147	OZ287660.1	159553980.5	DB3A	DB3A
65550at7147	OZ287662.1	5950961.5	DB1A	DB1A
65559at7147	OZ287663.1	24658244.5	DB5	DB5
65561at7147	OZ287663.1	3014568.5	DB5	DB5
65571at7147	OZ287664.1	63827646.5	DB1B	DB1B
65599at7147	OZ287663.1	23326290.5	DB5	DB5
65602at7147	OZ287661.1	97320746.5	DB4B	DB4B
65643at7147	OZ287660.1	147913531.0	NA	NA
65654at7147	OZ287661.1	111906153.5	DB2B	DB2B
65656at7147	OZ287663.1	23733952.5	DB5	DB5
65657at7147	OZ287664.1	100928856.0	DB1B	DB1B
65687at7147	OZ287663.1	95943685.0	DB5	DB5
65711at7147	OZ287664.1	14635554.5	DB2B	DB2B
65727at7147	OZ287661.1	97572966.0	DB2B	DB2B
65754at7147	OZ287661.1	46223474.5	DB3B	DB3B
65766at7147	OZ287664.1	8158365.5	DB2A	DB2A
65784at7147	OZ287663.1	16929605.0	DB5	DB5
65801at7147	OZ287662.1	20424861.0	DB3B	DB3B
65808at7147	OZ287664.1	25387662.0	DB2B	DB2B
65830at7147	OZ287663.1	96844827.5	DB5	DB5
65834at7147	OZ287661.1	116480470.0	DB4B	DB4B
65844at7147	OZ287661.1	110348438.0	DB4B	DB4B
65866at7147	OZ287664.1	94520075.5	DB1B	DB1B
65892at7147	OZ287663.1	87772135.0	DB5	DB5
65894at7147	OZ287662.1	27159238.0	DB1A	DB1A
65934at7147	OZ287664.1	82266302.5	DB1B	DB1B
65939at7147	OZ287662.1	19310932.0	DB3B	DB3B
65956at7147	OZ287664.1	95058374.0	DB1B	DB1B
65972at7147	OZ287663.1	55618937.0	DB4B	DB4B
65973at7147	OZ287664.1	16435176.0	DB2B	DB2B
65990at7147	OZ287662.1	25794511.0	DB1A	DB1A
65992at7147	OZ287661.1	20178403.0	DB3B	DB3B
66000at7147	OZ287660.1	32616152.0	DB4A	DB4A
66007at7147	OZ287661.1	61828511.5	DB3B	DB3B
66020at7147	OZ287660.1	15736070.0	DB4A	DB4A
66030at7147	OZ287662.1	94050948.0	DB2A	DB2A
66044at7147	OZ287662.1	10143211.5	DB1A	DB1A
66048at7147	OZ287661.1	106411459.5	DB3B	DB3B
66053at7147	OZ287660.1	57525145.5	DB4A	DB4A
66055at7147	OZ287663.1	25785390.5	DB5	DB5
66066at7147	OZ287660.1	18907101.0	DB5	DB5
66069at7147	OZ287661.1	2280543.5	NA	NA
66108at7147	OZ287664.1	26863999.5	DB2B	DB2B
66139at7147	OZ287660.1	37827954.0	DB1B	DB1B
66177at7147	OZ287664.1	103966043.0	DB1B	DB1B
66196at7147	OZ287663.1	78394392.0	DB5	DB5
66209at7147	OZ287664.1	17507608.0	DB2B	DB2B
66213at7147	OZ287664.1	74043787.5	DB1B	DB1B
66225at7147	OZ287664.1	106518601.0	DB2B	DB2B
66228at7147	OZ287661.1	3082906.5	DB3B	DB3B
66230at7147	OZ287664.1	32819098.0	DB2B	DB2B
66243at7147	OZ287663.1	50275212.0	DB5	DB5
66247at7147	OZ287664.1	98187369.0	DB1B	DB1B
66302at7147	OZ287662.1	111243408.5	DB2A	DB2A
66326at7147	OZ287664.1	597177.0	DB2B	DB2B
66330at7147	OZ287664.1	8936508.5	DB2B	DB2B
66341at7147	OZ287664.1	103019390.5	DB1B	DB1B
66348at7147	OZ287661.1	100937069.0	DB3A	DB3A
66352at7147	OZ287664.1	67255300.5	DB1B	DB1B
66361at7147	OZ287664.1	15166626.5	NA	NA
66364at7147	OZ287661.1	48667079.0	DB3B	DB3B
66373at7147	OZ287663.1	99388660.0	DB5	DB5
66402at7147	OZ287662.1	100612706.5	DB2A	DB2A
66414at7147	OZ287660.1	154342947.0	DB3A	DB3A
66457at7147	OZ287660.1	36056223.0	DB3A	DB3A
66475at7147	OZ287660.1	6138829.5	DB4A	DB4A
66491at7147	OZ287662.1	114950557.5	DB2A	DB2A
66510at7147	OZ287663.1	99084365.5	DB5	DB5
66514at7147	OZ287660.1	129759328.5	DB3A	DB3A
66515at7147	OZ287662.1	3249127.0	DB1A	DB1A
66519at7147	OZ287662.1	118407185.5	DB2A	DB2A
66523at7147	OZ287662.1	101192292.5	DB2A	DB2A
66525at7147	OZ287661.1	106254994.0	DB1B	DB1B
66538at7147	OZ287661.1	93003709.5	DB3B	DB3B
66557at7147	OZ287660.1	83314467.0	DB1B	DB1B
66567at7147	OZ287663.1	31224159.5	DB3A	DB3A
66590at7147	OZ287660.1	157435331.5	DB6	DB6
66606at7147	OZ287660.1	161461209.5	DB4B	DB4B
66607at7147	OZ287661.1	108139075.0	DB2B	DB2B
66610at7147	OZ287664.1	93606966.5	DB1B	DB1B
66632at7147	OZ287664.1	71356903.5	DB1B	DB1B
66633at7147	OZ287660.1	86982095.0	DB5	DB5
66640at7147	OZ287664.1	663042.5	DB2B	DB2B
66649at7147	OZ287660.1	5883757.5	DB4A	DB4A
66702at7147	OZ287660.1	108449769.0	DB3A	DB3A
66704at7147	OZ287661.1	65356303.0	DB1B	DB1B
66707at7147	OZ287664.1	105175691.0	DB1B	DB1B
66719at7147	OZ287662.1	10093219.5	DB1A	DB1A
66722at7147	OZ287662.1	53364989.0	DB1A	DB1A
66740at7147	OZ287664.1	39133711.5	DB1B	DB1B
66744at7147	OZ287662.1	4944339.5	DB1A	DB1A
66757at7147	OZ287661.1	5462762.5	DB3B	DB3B
66761at7147	OZ287664.1	103875086.5	DB1B	DB1B
66787at7147	OZ287661.1	122060316.0	DB1B	DB1B
66795at7147	OZ287664.1	72850279.0	DB1B	DB1B
66810at7147	OZ287664.1	88662809.0	DB1B	DB1B
66846at7147	OZ287663.1	34269394.5	DB5	DB5
66848at7147	OZ287663.1	32166359.5	DB5	DB5
66869at7147	OZ287661.1	103987795.5	NA	NA
66893at7147	OZ287662.1	8227952.5	DB4A	DB4A
66927at7147	OZ287660.1	113731011.0	DB3A	DB3A
66929at7147	OZ287661.1	57897610.0	DB2B	DB2B
66948at7147	OZ287664.1	44159807.5	DB1B	DB1B
66956at7147	OZ287662.1	37528691.0	NA	NA
66984at7147	OZ287660.1	54892801.0	DB4A	DB4A
66992at7147	OZ287662.1	32803389.5	DB1A	DB1A
66994at7147	OZ287663.1	104135093.0	DB5	DB5
66998at7147	OZ287664.1	107338350.0	DB1B	DB1B
66999at7147	OZ287663.1	80803627.0	DB5	DB5
67006at7147	OZ287663.1	30295815.0	DB5	DB5
67025at7147	OZ287660.1	161727226.5	DB3A	DB3A
67026at7147	OZ287660.1	16014803.0	DB4A	DB4A
67045at7147	OZ287660.1	30623808.0	DB3A	DB3A
67052at7147	OZ287661.1	114494909.5	DB4B	DB4B
67093at7147	OZ287662.1	21235425.0	DB1A	DB1A
67112at7147	OZ287662.1	58031388.0	DB1A	DB1A
67114at7147	OZ287663.1	3441890.0	DB5	DB5
67133at7147	OZ287662.1	102355400.0	DB1B	DB1B
67170at7147	OZ287660.1	110169414.5	DB3A	DB3A
67176at7147	OZ287662.1	10132828.5	DB4A	DB4A
67195at7147	OZ287661.1	7321103.5	NA	NA
67222at7147	OZ287660.1	37303249.5	DB4A	DB4A
67224at7147	OZ287664.1	106576192.0	DB1B	DB1B
67233at7147	OZ287664.1	26942903.0	DB2B	DB2B
67239at7147	OZ287664.1	99025307.0	DB1B	DB1B
67287at7147	OZ287664.1	5252036.0	DB1B	DB1B
67335at7147	OZ287660.1	129627000.5	DB3A	DB3A
67337at7147	OZ287660.1	18900523.0	DB4A	DB4A
67347at7147	OZ287660.1	129895435.0	DB3A	DB3A
67359at7147	OZ287662.1	110969994.5	DB2A	DB2A
67366at7147	OZ287662.1	35479029.0	DB1A	DB1A
67422at7147	OZ287660.1	51552333.5	DB4A	DB4A
67423at7147	OZ287664.1	63811507.5	DB1B	DB1B
67442at7147	OZ287663.1	59117861.0	DB2B	DB2B
67451at7147	OZ287660.1	18998530.0	DB4A	DB4A
67469at7147	OZ287664.1	14404168.0	DB2B	DB2B
67489at7147	OZ287664.1	75502962.0	DB1B	DB1B
67498at7147	OZ287662.1	53772914.0	DB1A	DB1A
67520at7147	OZ287664.1	37120281.5	DB2B	DB2B
67523at7147	OZ287664.1	97315781.0	DB1B	DB1B
67559at7147	OZ287662.1	43343683.5	DB1A	DB1A
67592at7147	OZ287664.1	86203153.5	DB1B	DB1B
67622at7147	OZ287663.1	38908794.5	DB5	DB5
67636at7147	OZ287663.1	84195311.5	DB5	DB5
67639at7147	OZ287660.1	96696615.0	DB1B	DB1B
67641at7147	OZ287661.1	13460088.0	DB3B	DB3B
67644at7147	OZ287661.1	120887186.5	DB4B	DB4B
67659at7147	OZ287661.1	60269135.0	DB4B	DB4B
67705at7147	OZ287664.1	95153605.0	NA	NA
67706at7147	OZ287663.1	10285312.0	DB5	DB5
67770at7147	OZ287663.1	5051786.0	DB5	DB5
67773at7147	OZ287663.1	96086414.5	DB5	DB5
67779at7147	OZ287660.1	57145505.0	DB4A	DB4A
67785at7147	OZ287662.1	1737613.0	DB1A	DB1A
67830at7147	OZ287664.1	1524898.5	DB2B	DB2B
67845at7147	OZ287661.1	122925048.0	DB4B	DB4B
67858at7147	OZ287662.1	92279629.5	DB2A	DB2A
67866at7147	OZ287660.1	115029878.0	DB3A	DB3A
67875at7147	OZ287662.1	16005338.0	DB1A	DB1A
67899at7147	OZ287662.1	37171743.0	DB1A	DB1A
67901at7147	OZ287661.1	18265927.0	DB3B	DB3B
67909at7147	OZ287664.1	103788717.5	DB1B	DB1B
67940at7147	OZ287661.1	70709187.0	DB5	DB5
67941at7147	OZ287663.1	99126636.0	DB5	DB5
67949at7147	OZ287660.1	105326507.0	DB3A	DB3A
67989at7147	OZ287660.1	109924810.5	DB3A	DB3A
68004at7147	OZ287660.1	129870862.0	DB3A	DB3A
68008at7147	OZ287662.1	114186151.5	DB1A	DB1A
68020at7147	OZ287664.1	101203383.5	DB1B	DB1B
68038at7147	OZ287663.1	92969559.5	DB5	DB5
68052at7147	OZ287664.1	13404094.0	DB4A	DB4A
68061at7147	OZ287662.1	22810221.0	DB1A	DB1A
68075at7147	OZ287661.1	27964954.0	DB4B	DB4B
68082at7147	OZ287661.1	122488729.5	DB4B	DB4B
68192at7147	OZ287662.1	101264053.0	DB2A	DB2A
68207at7147	OZ287664.1	95762208.5	DB1B	DB1B
68209at7147	OZ287664.1	102888570.0	DB1B	DB1B
68211at7147	OZ287664.1	8142010.5	DB2B	DB2B
68224at7147	OZ287661.1	108481581.0	DB4B	DB4B
68227at7147	OZ287660.1	11153361.0	DB4A	DB4A
68228at7147	OZ287664.1	75551045.0	DB1B	DB1B
68238at7147	OZ287662.1	1758120.5	DB1A	DB1A
68266at7147	OZ287664.1	86182924.5	DB1B	DB1B
68267at7147	OZ287660.1	1524590.5	DB4A	DB4A
68270at7147	OZ287662.1	4474079.0	DB1A	DB1A
68278at7147	OZ287662.1	98659972.5	DB2A	DB2A
68288at7147	OZ287661.1	102711057.0	DB4B	DB4B
68292at7147	OZ287664.1	93482065.0	DB4B	DB4B
68362at7147	OZ287660.1	36166542.0	DB4A	DB4A
68373at7147	OZ287661.1	96016710.5	DB4B	DB4B
68398at7147	OZ287663.1	15559672.0	DB5	DB5
68399at7147	OZ287661.1	27841103.5	DB4B	DB4B
68417at7147	OZ287661.1	43148938.0	DB3B	DB3B
68421at7147	OZ287661.1	109532709.0	DB1B	DB1B
68422at7147	OZ287664.1	105021449.5	DB1B	DB1B
68458at7147	OZ287661.1	10170896.0	DB4B	DB4B
68459at7147	OZ287663.1	38924801.0	DB5	DB5
68482at7147	OZ287661.1	45526877.5	DB3B	DB3B
68528at7147	OZ287660.1	14082391.0	DB4A	DB4A
68535at7147	OZ287660.1	95244138.0	DB3A	DB3A
68567at7147	OZ287660.1	108964666.0	DB3A	DB3A
68571at7147	OZ287664.1	12851368.0	DB2B	DB2B
68595at7147	OZ287660.1	23369755.5	DB4A	DB4A
68596at7147	OZ287664.1	54969035.5	DB1B	DB1B
68613at7147	OZ287661.1	62318191.5	DB3B	DB3B
68623at7147	OZ287663.1	27261657.0	DB5	DB5
68624at7147	OZ287662.1	25684794.5	NA	NA
68649at7147	OZ287661.1	50966272.5	DB3B	DB3B
68670at7147	OZ287663.1	64915531.0	DB3B	DB3B
68696at7147	OZ287660.1	160307625.0	DB3A	DB3A
68714at7147	OZ287660.1	12556187.5	DB4A	DB4A
68717at7147	OZ287662.1	96827146.5	DB2A	DB2A
68729at7147	OZ287660.1	158711246.5	DB3A	DB3A
68758at7147	OZ287663.1	3512399.0	DB5	DB5
68762at7147	OZ287661.1	117873520.5	DB4B	DB4B
68784at7147	OZ287664.1	97536323.0	DB1B	DB1B
68803at7147	OZ287660.1	87052702.5	DB2B	DB2B
68850at7147	OZ287660.1	22274846.5	DB5	DB5
68865at7147	OZ287664.1	22708564.0	DB2B	DB2B
68886at7147	OZ287662.1	1810018.0	DB1A	DB1A
68897at7147	OZ287660.1	155766161.0	DB3A	DB3A
68930at7147	OZ287660.1	109242855.5	DB3A	DB3A
68959at7147	OZ287663.1	99237522.0	DB5	DB5
68972at7147	OZ287662.1	90247799.0	DB2A	DB2A
68995at7147	OZ287660.1	32774521.5	DB4A	DB4A
69002at7147	OZ287661.1	41510367.5	DB3B	DB3B
69007at7147	OZ287662.1	105696107.0	DB1A	DB1A
69010at7147	OZ287661.1	122850818.0	NA	NA
69011at7147	OZ287664.1	23903479.0	DB2B	DB2B
69017at7147	OZ287661.1	7248367.5	DB3B	DB3B
69019at7147	OZ287661.1	108905469.5	DB4B	DB4B
69053at7147	OZ287662.1	67978190.0	DB1A	DB1A
69060at7147	OZ287664.1	74265551.0	DB1B	DB1B
69070at7147	OZ287660.1	71072717.5	DB3A	DB3A
69073at7147	OZ287661.1	32769740.0	DB3B	DB3B
69074at7147	OZ287660.1	106683074.5	DB4B	DB4B
69075at7147	OZ287660.1	36877837.5	DB4B	DB4B
69079at7147	OZ287661.1	111605616.5	DB4B	DB4B
69085at7147	OZ287661.1	28737849.0	DB4B	DB4B
69092at7147	OZ287660.1	69839126.0	NA	NA
69110at7147	OZ287663.1	9127031.5	DB5	DB5
69132at7147	OZ287662.1	23365032.0	DB1A	DB1A
69149at7147	OZ287662.1	114236199.0	DB2A	DB2A
69164at7147	OZ287663.1	20304397.0	DB5	DB5
69166at7147	OZ287662.1	33965517.0	DB1A	DB1A
69182at7147	OZ287660.1	121661750.0	DB3A	DB3A
69184at7147	OZ287664.1	63640368.0	DB1B	DB1B
69191at7147	OZ287662.1	25580956.0	DB1A	DB1A
69198at7147	OZ287660.1	116895362.5	DB3A	DB3A
69219at7147	OZ287661.1	18259579.0	DB3B	DB3B
69243at7147	OZ287663.1	53166103.5	DB5	DB5
69246at7147	OZ287660.1	33854366.5	DB3A	DB3A
69261at7147	OZ287661.1	108405461.5	DB4B	DB4B
69265at7147	OZ287663.1	24643149.5	NA	NA
69310at7147	OZ287662.1	22751289.0	NA	NA
69313at7147	OZ287661.1	117152503.5	DB4B	DB4B
69326at7147	OZ287662.1	115307530.5	DB1A	DB1A
69357at7147	OZ287661.1	68195227.0	DB6	DB6
69362at7147	OZ287663.1	13774974.5	DB5	DB5
69376at7147	OZ287663.1	84647689.0	DB5	DB5
69379at7147	OZ287661.1	25256730.5	DB4B	DB4B
69384at7147	OZ287662.1	4060809.5	DB1A	DB1A
69398at7147	OZ287660.1	133342583.5	DB3A	DB3A
69404at7147	OZ287661.1	13926615.0	DB3B	DB3B
69478at7147	OZ287660.1	108942733.5	DB3A	DB3A
69480at7147	OZ287662.1	5970916.0	DB2A	DB2A
69502at7147	OZ287662.1	11897174.5	DB1A	DB1A
69547at7147	OZ287664.1	106078131.5	DB1B	DB1B
69554at7147	OZ287664.1	63621666.0	DB1B	DB1B
69556at7147	OZ287660.1	54440726.0	DB4A	DB4A
69557at7147	OZ287661.1	46285296.0	DB3B	DB3B
69560at7147	OZ287662.1	57878713.5	DB1A	DB1A
69582at7147	OZ287664.1	89759809.5	DB1B	DB1B
69590at7147	OZ287664.1	24201595.0	DB2B	DB2B
69591at7147	OZ287661.1	108362259.5	DB4B	DB4B
69602at7147	OZ287663.1	32173906.5	DB5	DB5
69608at7147	OZ287664.1	103691787.5	DB1B	DB1B
69617at7147	OZ287663.1	110360522.0	DB5	DB5
69661at7147	OZ287663.1	29448365.5	DB5	DB5
69668at7147	OZ287660.1	26720922.0	DB4A	DB4A
69674at7147	OZ287662.1	157524.5	DB1A	DB1A
69699at7147	OZ287661.1	4916458.0	DB3B	DB3B
69706at7147	OZ287660.1	5623753.5	DB4A	DB4A
69709at7147	OZ287661.1	51876231.5	DB4B	DB4B
69712at7147	OZ287664.1	101857914.5	DB2B	DB2B
69744at7147	OZ287662.1	117587506.0	NA	NA
69759at7147	OZ287664.1	4188264.5	DB2B	DB2B
69769at7147	OZ287664.1	80289082.0	DB1B	DB1B
69823at7147	OZ287660.1	109983103.5	DB3A	DB3A
69898at7147	OZ287661.1	86745045.5	DB2B	DB2B
69924at7147	OZ287661.1	56293174.5	DB3B	DB3B
69925at7147	OZ287660.1	157654171.5	DB3A	DB3A
69929at7147	OZ287661.1	49192942.0	DB3B	DB3B
69929at7147	OZ287661.1	49092862.0	DB3B	DB3B
69950at7147	OZ287662.1	14622634.0	DB1A	DB1A
69951at7147	OZ287664.1	103974222.0	DB1B	DB1B
69972at7147	OZ287664.1	4235123.0	DB2B	DB2B
70013at7147	OZ287664.1	77274402.0	DB1B	DB1B
70035at7147	OZ287662.1	117590006.0	DB2A	DB2A
70036at7147	OZ287660.1	143302195.0	DB3A	DB3A
70044at7147	OZ287661.1	28740470.5	DB4B	DB4B
70045at7147	OZ287663.1	72708267.0	DB5	DB5
70080at7147	OZ287661.1	122053628.5	DB4B	DB4B
70106at7147	OZ287661.1	7873621.5	DB4B	DB4B
70107at7147	OZ287662.1	35753744.0	DB1A	DB1A
70108at7147	OZ287664.1	20091047.0	DB2B	DB2B
70109at7147	OZ287662.1	22635735.5	DB1A	DB1A
70110at7147	OZ287663.1	36743937.5	DB5	DB5
70113at7147	OZ287664.1	95188859.0	DB1B	DB1B
70115at7147	OZ287660.1	153965011.0	DB3A	DB3A
70165at7147	OZ287663.1	93056266.5	DB5	DB5
70188at7147	OZ287662.1	10988541.0	DB1A	DB1A
70218at7147	OZ287664.1	14554328.5	DB4B	DB4B
70225at7147	OZ287661.1	110752091.5	NA	NA
70240at7147	OZ287663.1	6154713.0	DB5	DB5
70258at7147	OZ287662.1	103444011.5	DB2A	DB2A
70276at7147	OZ287660.1	120920425.0	DB3A	DB3A
70302at7147	OZ287662.1	53401923.5	DB4A	DB4A
70340at7147	OZ287661.1	119481759.5	DB4B	DB4B
70347at7147	OZ287662.1	27102689.0	DB1A	DB1A
70366at7147	OZ287661.1	54411366.5	DB3B	DB3B
70383at7147	OZ287661.1	21412084.0	DB3B	DB3B
70395at7147	OZ287662.1	40491377.5	DB1A	DB1A
70418at7147	OZ287662.1	117643026.0	DB2A	DB2A
70430at7147	OZ287663.1	8590249.0	DB2B	DB2B
70477at7147	OZ287660.1	7653218.0	DB4A	DB4A
70479at7147	OZ287661.1	107541302.5	DB5	DB5
70490at7147	OZ287663.1	104268940.0	DB5	DB5
70507at7147	OZ287663.1	91593174.0	DB5	DB5
70519at7147	OZ287660.1	36810293.0	DB4A	DB4A
70523at7147	OZ287664.1	1529787.5	DB2B	DB2B
70546at7147	OZ287661.1	31929821.5	DB3B	DB3B
70552at7147	OZ287660.1	9636357.5	DB4A	DB4A
70553at7147	OZ287662.1	102730086.5	DB2A	DB2A
70554at7147	OZ287663.1	32160642.5	DB5	DB5
70587at7147	OZ287663.1	103540324.0	DB5	DB5
70607at7147	OZ287664.1	18922654.5	DB2B	DB2B
70608at7147	OZ287661.1	111323707.0	DB4B	DB4B
70637at7147	OZ287661.1	7726592.5	DB4B	DB4B
70645at7147	OZ287664.1	26787270.0	DB2B	DB2B
70680at7147	OZ287660.1	155703252.0	DB3A	DB3A
70721at7147	OZ287660.1	146491884.0	DB3A	DB3A
70729at7147	OZ287664.1	63785243.0	DB1B	DB1B
70735at7147	OZ287665.1	8591657.5	DB6	DB6
70737at7147	OZ287660.1	48120124.5	DB4A	DB4A
70744at7147	OZ287662.1	90337352.5	DB2A	DB2A
70776at7147	OZ287660.1	79987157.5	DB1A	DB1A
70779at7147	OZ287661.1	11215351.5	DB3B	DB3B
70827at7147	OZ287661.1	54128443.0	NA	NA
70840at7147	OZ287663.1	10328774.5	DB5	DB5
70841at7147	OZ287662.1	25616893.5	DB1A	DB1A
70846at7147	OZ287660.1	24802137.5	DB1A	DB1A
70853at7147	OZ287660.1	1950695.5	NA	NA
70861at7147	OZ287664.1	67186070.5	DB1B	DB1B
70877at7147	OZ287663.1	3050811.0	DB5	DB5
70882at7147	OZ287662.1	50713678.5	DB1A	DB1A
70886at7147	OZ287662.1	106939115.5	DB2A	DB2A
70891at7147	OZ287663.1	75600967.0	DB5	DB5
70912at7147	OZ287662.1	102368090.0	DB2A	DB2A
70937at7147	OZ287662.1	35584890.0	DB1A	DB1A
70941at7147	OZ287660.1	96196968.5	DB3A	DB3A
70943at7147	OZ287661.1	57371610.0	DB2A	DB2A
70976at7147	OZ287661.1	51582127.0	DB3B	DB3B
70996at7147	OZ287664.1	93766364.5	DB1B	DB1B
71013at7147	OZ287661.1	115582146.5	DB4B	DB4B
71020at7147	OZ287663.1	33608992.0	DB3A	DB3A
71034at7147	OZ287662.1	90395735.5	DB3B	DB3B
71048at7147	OZ287662.1	110972161.0	DB1A	DB1A
71060at7147	OZ287661.1	16205591.5	NA	NA
71081at7147	OZ287662.1	4142386.5	DB1A	DB1A
71088at7147	OZ287662.1	96325546.0	DB2A	DB2A
71109at7147	OZ287661.1	52578766.5	DB3B	DB3B
71118at7147	OZ287662.1	100616334.0	DB2A	DB2A
71129at7147	OZ287661.1	7148511.0	DB3B	DB3B
71146at7147	OZ287660.1	104139615.0	DB3A	DB3A
71152at7147	OZ287660.1	575607.5	DB4A	DB4A
71162at7147	OZ287663.1	38817427.5	DB5	DB5
71177at7147	OZ287660.1	143361448.0	DB3A	DB3A
71178at7147	OZ287661.1	122093281.5	DB4B	DB4B
71179at7147	OZ287664.1	5479053.0	DB2B	DB2B
71183at7147	OZ287660.1	83892487.5	DB3A	DB3A
71217at7147	OZ287662.1	84812941.5	DB1A	DB1A
71223at7147	OZ287661.1	108023527.5	DB4B	DB4B
71229at7147	OZ287662.1	23666475.5	DB1A	DB1A
71239at7147	OZ287660.1	89505823.0	DB3A	DB3A
71282at7147	OZ287660.1	128339444.5	DB3A	DB3A
71282at7147	OZ287660.1	91753472.5	DB3A	DB3A
71292at7147	OZ287660.1	39530066.5	DB4A	DB4A
71309at7147	OZ287660.1	141580728.0	DB3A	DB3A
71324at7147	OZ287664.1	22957769.0	DB2B	DB2B
71326at7147	OZ287660.1	48185384.0	DB4A	DB4A
71353at7147	OZ287660.1	7297420.5	DB4A	DB4A
71362at7147	OZ287663.1	30266487.5	DB5	DB5
71372at7147	OZ287661.1	10746212.0	DB3B	DB3B
71374at7147	OZ287660.1	10596567.0	DB4A	DB4A
71402at7147	OZ287662.1	46654225.0	DB1A	DB1A
71443at7147	OZ287661.1	120074581.0	DB4B	DB4B
71465at7147	OZ287661.1	119934611.5	DB4B	DB4B
71469at7147	OZ287660.1	7389882.0	DB4A	DB4A
71476at7147	OZ287663.1	108401612.5	DB5	DB5
71479at7147	OZ287664.1	106453485.5	DB1B	DB1B
71485at7147	OZ287664.1	97135900.0	DB3B	DB3B
71503at7147	OZ287664.1	61493993.5	DB1B	DB1B
71545at7147	OZ287663.1	15744197.0	DB5	DB5
71549at7147	OZ287663.1	100822814.5	DB5	DB5
71555at7147	OZ287663.1	60082567.0	DB5	DB5
71559at7147	OZ287661.1	11190089.5	DB3B	DB3B
71571at7147	OZ287663.1	10302319.5	DB5	DB5
71572at7147	OZ287660.1	3728870.0	DB1B	DB1B
71581at7147	OZ287664.1	19313801.0	DB2B	DB2B
71583at7147	OZ287664.1	105956312.0	DB1B	DB1B
71593at7147	OZ287661.1	53160706.0	DB3B	DB3B
71612at7147	OZ287661.1	54403214.5	DB3B	DB3B
71635at7147	OZ287662.1	38546750.0	DB2A	DB2A
71640at7147	OZ287664.1	60384797.0	DB1B	DB1B
71660at7147	OZ287660.1	148004589.5	DB3A	DB3A
71675at7147	OZ287662.1	7633458.5	DB2A	DB2A
71696at7147	OZ287662.1	51703338.0	DB1A	DB1A
71780at7147	OZ287660.1	48193752.0	DB4A	DB4A
71816at7147	OZ287664.1	17467597.5	DB2B	DB2B
71839at7147	OZ287664.1	32750597.5	DB2B	DB2B
71846at7147	OZ287663.1	103758550.0	DB5	DB5
71851at7147	OZ287660.1	88337465.0	NA	NA
71960at7147	OZ287661.1	122011192.0	DB4B	DB4B
71970at7147	OZ287662.1	117182480.0	DB2A	DB2A
71992at7147	OZ287662.1	19474548.0	DB1A	DB1A
72000at7147	OZ287660.1	47327551.5	DB4A	DB4A
72026at7147	OZ287660.1	54960277.5	DB4A	DB4A
72034at7147	OZ287662.1	28388757.0	DB1A	DB1A
72039at7147	OZ287664.1	25293292.5	DB2B	DB2B
72055at7147	OZ287661.1	5326787.5	DB3B	DB3B
72059at7147	OZ287662.1	6723565.5	DB1A	DB1A
72074at7147	OZ287664.1	10484680.5	DB3A	DB3A
72076at7147	OZ287660.1	10611388.5	DB4A	DB4A
72078at7147	OZ287663.1	30210183.0	DB5	DB5
72083at7147	OZ287664.1	77294894.0	DB1B	DB1B
72148at7147	OZ287660.1	139375809.5	DB3A	DB3A
72159at7147	OZ287660.1	96182277.5	DB3A	DB3A
72170at7147	OZ287663.1	855100.0	DB5	DB5
72226at7147	OZ287662.1	22507017.0	DB1A	DB1A
72228at7147	OZ287662.1	17040047.0	DB1A	DB1A
72235at7147	OZ287662.1	2234016.0	DB1A	DB1A
72241at7147	OZ287661.1	57874250.0	DB1A	DB1A
72244at7147	OZ287662.1	78635586.5	DB1A	DB1A
72252at7147	OZ287664.1	17846028.0	DB2B	DB2B
72282at7147	OZ287662.1	97796828.5	DB2A	DB2A
72338at7147	OZ287662.1	102493458.0	DB2A	DB2A
72344at7147	OZ287660.1	153707719.5	DB4A	DB4A
72354at7147	OZ287663.1	107972214.0	DB5	DB5
72372at7147	OZ287661.1	10672125.0	DB3B	DB3B
72386at7147	OZ287660.1	143865316.0	DB3A	DB3A
72423at7147	OZ287662.1	61363973.5	DB1A	DB1A
72427at7147	OZ287660.1	88631282.0	DB3A	DB3A
72437at7147	OZ287662.1	35345342.0	DB1A	DB1A
72440at7147	OZ287660.1	48477661.5	DB4A	DB4A
72443at7147	OZ287661.1	108039565.5	DB4B	DB4B
72445at7147	OZ287660.1	80301914.5	DB4A	DB4A
72447at7147	OZ287662.1	96164930.5	DB2A	DB2A
72460at7147	OZ287664.1	106025434.5	DB1B	DB1B
72463at7147	OZ287661.1	107475291.0	NA	NA
72465at7147	OZ287662.1	11504380.0	DB1A	DB1A
72481at7147	OZ287663.1	87167313.0	DB5	DB5
72527at7147	OZ287662.1	62831074.5	DB1A	DB1A
72599at7147	OZ287662.1	34429621.0	DB4B	DB4B
72669at7147	OZ287662.1	118269735.0	NA	NA
72683at7147	OZ287660.1	9552099.5	DB4A	DB4A
72688at7147	OZ287664.1	87136086.0	DB1B	DB1B
72700at7147	OZ287664.1	36467003.0	DB2B	DB2B
72706at7147	OZ287660.1	7287325.5	DB4A	DB4A
72723at7147	OZ287664.1	8122685.5	DB1B	DB1B
72727at7147	OZ287664.1	11127046.5	DB2B	DB2B
72768at7147	OZ287661.1	20435109.0	DB4B	DB4B
72776at7147	OZ287663.1	87030805.5	DB5	DB5
72786at7147	OZ287661.1	107983093.0	DB4B	DB4B
72824at7147	OZ287660.1	61779283.5	DB4A	DB4A
72836at7147	OZ287660.1	7475934.5	DB4A	DB4A
72851at7147	OZ287660.1	85392396.5	NA	NA
72909at7147	OZ287664.1	87209736.0	DB1B	DB1B
72911at7147	OZ287660.1	121655431.5	DB3A	DB3A
72936at7147	OZ287663.1	99367088.5	DB1B	DB1B
72938at7147	OZ287663.1	34231769.5	DB5	DB5
72948at7147	OZ287660.1	47997857.5	DB2A	DB2A
72959at7147	OZ287660.1	118364562.5	DB3A	DB3A
72960at7147	OZ287660.1	118367852.5	DB5	DB5
72972at7147	OZ287664.1	36345291.0	DB2B	DB2B
72989at7147	OZ287660.1	49047381.5	DB4A	DB4A
73047at7147	OZ287664.1	97419498.5	DB1B	DB1B
73073at7147	OZ287661.1	229316.0	DB3B	DB3B
73077at7147	OZ287662.1	92428795.5	NA	NA
73088at7147	OZ287664.1	103890787.0	DB1B	DB1B
73091at7147	OZ287663.1	2531289.5	DB5	DB5
73094at7147	OZ287662.1	7193704.5	DB1A	DB1A
73113at7147	OZ287661.1	56019162.5	DB1B	DB1B
73142at7147	OZ287663.1	36916234.5	DB5	DB5
73161at7147	OZ287663.1	15600710.0	DB5	DB5
73186at7147	OZ287663.1	27276217.0	DB5	DB5
73200at7147	OZ287662.1	7433580.0	DB1A	DB1A
73202at7147	OZ287663.1	46601373.0	DB3A	DB3A
73211at7147	OZ287661.1	9967522.0	DB3B	DB3B
73211at7147	OZ287661.1	9984426.5	DB3B	DB3B
73241at7147	OZ287660.1	119979994.0	DB3A	DB3A
73247at7147	OZ287660.1	103423422.5	DB3A	DB3A
73249at7147	OZ287663.1	31445697.0	DB5	DB5
73281at7147	OZ287662.1	97308170.5	DB2A	DB2A
73317at7147	OZ287664.1	32381271.0	DB2B	DB2B
73318at7147	OZ287660.1	128489457.0	DB3A	DB3A
73346at7147	OZ287664.1	66198687.5	DB1B	DB1B
73360at7147	OZ287664.1	60363559.0	DB1B	DB1B
73368at7147	OZ287661.1	20145712.0	DB3B	DB3B
73379at7147	OZ287664.1	14423948.5	NA	NA
73409at7147	OZ287662.1	32879326.5	DB1A	DB1A
73422at7147	OZ287663.1	106439202.5	DB5	DB5
73429at7147	OZ287664.1	61438333.0	DB1B	DB1B
73435at7147	OZ287664.1	73056541.5	DB1B	DB1B
73487at7147	OZ287663.1	95831784.5	DB5	DB5
73491at7147	OZ287664.1	67280057.0	DB1B	DB1B
73512at7147	OZ287662.1	90478154.0	DB2A	DB2A
73517at7147	OZ287664.1	105213108.0	DB1B	DB1B
73561at7147	OZ287660.1	109853130.5	DB3A	DB3A
73571at7147	OZ287660.1	102196781.5	DB3A	DB3A
73590at7147	OZ287660.1	1151719.5	DB4A	DB4A
73599at7147	OZ287660.1	111871382.5	DB3A	DB3A
73625at7147	OZ287662.1	108406246.0	DB2A	DB2A
73632at7147	OZ287662.1	107031662.0	DB2A	DB2A
73639at7147	OZ287661.1	22509795.5	DB3B	DB3B
73648at7147	OZ287660.1	129970523.5	DB3A	DB3A
73663at7147	OZ287664.1	7661395.5	DB2B	DB2B
73667at7147	OZ287661.1	20414837.0	DB3B	DB3B
73681at7147	OZ287662.1	19909491.0	NA	NA
73692at7147	OZ287664.1	107275007.0	DB1B	DB1B
73701at7147	OZ287662.1	19317986.5	DB1A	DB1A
73704at7147	OZ287662.1	47045531.0	DB2B	DB2B
73709at7147	OZ287664.1	86633918.0	DB1B	DB1B
73713at7147	OZ287664.1	80433149.0	DB1B	DB1B
73731at7147	OZ287662.1	118739136.0	DB2A	DB2A
73758at7147	OZ287660.1	118349724.5	DB3A	DB3A
73771at7147	OZ287664.1	22503661.5	DB2B	DB2B
73781at7147	OZ287662.1	115723306.5	DB1A	DB1A
73800at7147	OZ287661.1	107479294.5	DB4B	DB4B
73847at7147	OZ287664.1	8973127.0	DB2B	DB2B
73869at7147	OZ287664.1	19614867.0	DB4B	DB4B
73870at7147	OZ287663.1	32054056.0	DB5	DB5
73888at7147	OZ287664.1	17481056.0	DB2B	DB2B
73893at7147	OZ287664.1	105206353.5	DB1B	DB1B
73909at7147	OZ287662.1	101040901.0	DB2A	DB2A
73913at7147	OZ287664.1	80977374.5	DB1B	DB1B
73993at7147	OZ287662.1	109569404.5	DB2A	DB2A
73994at7147	OZ287661.1	110725114.5	DB4B	DB4B
74012at7147	OZ287662.1	17493570.5	DB1A	DB1A
74048at7147	OZ287661.1	15409226.5	DB3B	DB3B
74055at7147	OZ287662.1	7125247.5	DB1A	DB1A
74076at7147	OZ287664.1	22739246.0	DB6	DB6
74082at7147	OZ287660.1	108412807.0	DB3A	DB3A
74100at7147	OZ287664.1	32741968.0	DB2B	DB2B
74114at7147	OZ287663.1	16579178.0	DB5	DB5
74200at7147	OZ287662.1	110944870.0	DB2A	DB2A
74236at7147	OZ287660.1	19707489.0	DB4A	DB4A
74268at7147	OZ287660.1	33522358.0	DB2B	DB2B
74288at7147	OZ287665.1	5435373.5	DB6	DB6
74295at7147	OZ287662.1	115938909.5	DB2A	DB2A
74302at7147	OZ287660.1	142388399.0	DB3A	DB3A
74309at7147	OZ287661.1	7385758.0	NA	NA
74323at7147	OZ287663.1	5203399.5	DB5	DB5
74338at7147	OZ287661.1	16463650.0	DB3B	DB3B
74373at7147	OZ287660.1	103865138.5	DB3A	DB3A
74388at7147	OZ287664.1	90465348.5	DB5	DB5
74390at7147	OZ287664.1	104073016.5	DB2B	DB2B
74406at7147	OZ287664.1	100546258.0	DB1B	DB1B
74410at7147	OZ287661.1	12401522.5	DB3B	DB3B
74430at7147	OZ287663.1	14289783.0	DB5	DB5
74458at7147	OZ287660.1	11461212.5	DB4A	DB4A
74464at7147	OZ287664.1	79734307.5	DB1B	DB1B
74474at7147	OZ287661.1	27382714.5	DB3B	DB3B
74476at7147	OZ287662.1	4945577.0	DB1A	DB1A
74477at7147	OZ287664.1	88223905.5	DB4B	DB4B
74492at7147	OZ287660.1	24142690.5	DB4A	DB4A
74496at7147	OZ287661.1	103980795.0	NA	NA
74588at7147	OZ287663.1	31371873.0	DB3A	DB3A
74611at7147	OZ287663.1	50879769.5	DB5	DB5
74618at7147	OZ287660.1	115217240.5	DB3A	DB3A
74620at7147	OZ287664.1	15678089.5	DB2B	DB2B
74641at7147	OZ287660.1	3666204.0	DB4A	DB4A
74664at7147	OZ287661.1	116931504.5	DB4B	DB4B
74667at7147	OZ287660.1	16138757.0	DB4A	DB4A
74668at7147	OZ287660.1	153190815.5	DB3A	DB3A
74673at7147	OZ287664.1	8950704.0	DB2B	DB2B
74677at7147	OZ287664.1	83721044.5	DB1B	DB1B
74687at7147	OZ287663.1	109264921.5	DB5	DB5
74708at7147	OZ287662.1	683558.5	DB1A	DB1A
74714at7147	OZ287663.1	4550502.0	DB5	DB5
74717at7147	OZ287662.1	110998363.5	NA	NA
74763at7147	OZ287660.1	118998417.0	DB3A	DB3A
74769at7147	OZ287660.1	25828688.0	DB1B	DB1B
74794at7147	OZ287661.1	122211851.5	DB4B	DB4B
74811at7147	OZ287661.1	51278534.0	DB4B	DB4B
74813at7147	OZ287664.1	103030886.5	DB2B	DB2B
74829at7147	OZ287660.1	119111479.5	DB3A	DB3A
74832at7147	OZ287662.1	103678926.0	DB2A	DB2A
74840at7147	OZ287662.1	9644043.0	DB2A	DB2A
74847at7147	OZ287661.1	108379879.5	DB4B	DB4B
74865at7147	OZ287661.1	57325345.0	DB3B	DB3B
74875at7147	OZ287661.1	56004949.5	DB3B	DB3B
74894at7147	OZ287660.1	36836944.5	NA	NA
74895at7147	OZ287662.1	42897833.5	DB1A	DB1A
74907at7147	OZ287663.1	4688245.5	DB1B	DB1B
74909at7147	OZ287663.1	100721664.5	DB5	DB5
74916at7147	OZ287660.1	109863803.5	DB3A	DB3A
74942at7147	OZ287664.1	10505406.5	DB2B	DB2B
74995at7147	OZ287662.1	598141.0	DB4A	DB4A
75011at7147	OZ287664.1	94763954.0	DB1B	DB1B
75038at7147	OZ287662.1	96147977.0	DB2A	DB2A
75040at7147	OZ287660.1	54333925.5	DB4A	DB4A
75060at7147	OZ287661.1	10109535.0	DB4A	DB4A
75109at7147	OZ287663.1	32317740.5	DB6	DB6
75113at7147	OZ287660.1	78942770.0	NA	NA
75137at7147	OZ287662.1	16102917.5	DB1A	DB1A
75166at7147	OZ287662.1	31435571.0	DB1A	DB1A
75173at7147	OZ287663.1	17786271.5	DB6	DB6
75174at7147	OZ287664.1	17505190.0	DB2B	DB2B
75178at7147	OZ287663.1	107081147.0	DB5	DB5
75205at7147	OZ287662.1	105674522.0	DB5	DB5
75206at7147	OZ287662.1	19885355.0	DB3A	DB3A
75250at7147	OZ287661.1	118664342.5	DB4B	DB4B
75263at7147	OZ287662.1	28551472.5	DB1A	DB1A
75282at7147	OZ287664.1	1499324.0	DB1B	DB1B
75286at7147	OZ287662.1	2112861.5	DB1A	DB1A
75288at7147	OZ287662.1	16847347.0	DB1A	DB1A
75300at7147	OZ287661.1	28782063.5	DB3B	DB3B
75302at7147	OZ287662.1	2335271.0	DB1A	DB1A
75308at7147	OZ287664.1	13003358.5	DB2B	DB2B
75316at7147	OZ287661.1	119338467.0	DB4B	DB4B
75367at7147	OZ287663.1	98638837.0	DB5	DB5
75376at7147	OZ287661.1	21430662.0	DB3B	DB3B
75386at7147	OZ287664.1	101714025.5	DB2B	DB2B
75400at7147	OZ287664.1	19613023.0	NA	NA
75426at7147	OZ287662.1	97090940.0	DB4B	DB4B
75433at7147	OZ287662.1	61693047.0	DB2B	DB2B
75442at7147	OZ287662.1	14574749.0	DB1A	DB1A
75455at7147	OZ287662.1	48184453.5	DB1A	DB1A
75478at7147	OZ287663.1	45218402.5	DB4B	DB4B
75497at7147	OZ287664.1	17929668.0	DB2B	DB2B
75513at7147	OZ287662.1	90445550.0	DB6	DB6
75525at7147	OZ287661.1	117356467.0	DB4B	DB4B
75531at7147	OZ287661.1	8407064.0	DB3B	DB3B
75537at7147	OZ287660.1	30533265.5	DB4A	DB4A
75538at7147	OZ287661.1	7142857.0	NA	NA
75540at7147	OZ287661.1	108608666.0	DB4A	DB4A
75560at7147	OZ287663.1	30246510.5	DB5	DB5
75570at7147	OZ287662.1	22548636.0	DB1A	DB1A
75647at7147	OZ287660.1	45705610.0	DB6	DB6
75673at7147	OZ287662.1	13720381.5	DB1A	DB1A
75679at7147	OZ287663.1	104137213.5	NA	NA
75691at7147	OZ287661.1	121015285.0	DB4B	DB4B
75697at7147	OZ287661.1	20198444.0	DB1A	DB1A
75710at7147	OZ287662.1	49410137.5	DB1A	DB1A
75763at7147	OZ287663.1	10003768.5	DB5	DB5
75790at7147	OZ287660.1	161605297.5	NA	NA
75810at7147	OZ287663.1	100048168.5	DB4A	DB4A
75811at7147	OZ287660.1	7289351.5	DB4A	DB4A
75814at7147	OZ287660.1	129155360.0	DB3A	DB3A
75860at7147	OZ287660.1	140343802.5	DB3A	DB3A
75863at7147	OZ287663.1	103042076.5	DB5	DB5
75868at7147	OZ287660.1	160890045.0	DB3A	DB3A
75872at7147	OZ287660.1	36404801.0	DB2B	DB2B
75895at7147	OZ287660.1	104215558.0	DB3A	DB3A
75907at7147	OZ287660.1	12968596.0	DB4A	DB4A
75919at7147	OZ287664.1	85475512.5	DB1B	DB1B
75928at7147	OZ287662.1	28260572.0	NA	NA
75933at7147	OZ287662.1	4937741.0	DB5	DB5
75936at7147	OZ287661.1	56253180.5	DB3A	DB3A
75937at7147	OZ287663.1	34262933.0	DB5	DB5
75947at7147	OZ287661.1	43279235.5	DB3B	DB3B
75965at7147	OZ287664.1	94932028.5	DB6	DB6
75965at7147	HAP1_SCAFFOLD_493	37207.5	DB6	DB6
75970at7147	OZ287664.1	12899033.0	DB2B	DB2B
75999at7147	OZ287662.1	90356386.5	DB2A	DB2A
76014at7147	OZ287662.1	13555381.0	DB1A	DB1A
76025at7147	OZ287664.1	4326843.0	DB2B	DB2B
76044at7147	OZ287662.1	103818964.5	DB2A	DB2A
76140at7147	OZ287665.1	3210336.0	DB6	DB6
76151at7147	OZ287663.1	108968134.5	DB5	DB5
76158at7147	OZ287664.1	13051612.5	DB2B	DB2B
76164at7147	OZ287664.1	98695576.0	DB1B	DB1B
76175at7147	OZ287660.1	11151436.5	DB4A	DB4A
76179at7147	OZ287661.1	7425571.0	NA	NA
76203at7147	OZ287664.1	64048100.0	DB1A	DB1A
76205at7147	OZ287664.1	16174456.0	DB2B	DB2B
76235at7147	OZ287664.1	72082536.5	DB1B	DB1B
76265at7147	OZ287662.1	68592907.0	DB1A	DB1A
76308at7147	OZ287661.1	3862481.5	DB3B	DB3B
76319at7147	OZ287664.1	88442161.5	DB1B	DB1B
76321at7147	OZ287660.1	10746077.5	DB1B	DB1B
76327at7147	HAP1_SCAFFOLD_325	43373.0	DB2B	DB2B
76327at7147	OZ287664.1	17372915.5	DB2B	DB2B
76347at7147	OZ287664.1	754230.0	DB2B	DB2B
76358at7147	OZ287663.1	92807874.5	DB5	DB5
76361at7147	OZ287663.1	14566698.5	DB2B	DB2B
76362at7147	OZ287660.1	85169440.5	DB3A	DB3A
76375at7147	OZ287664.1	77284233.5	DB4B	DB4B
76376at7147	OZ287660.1	36179084.0	DB4A	DB4A
76399at7147	OZ287660.1	132872786.0	DB1A	DB1A
76416at7147	OZ287664.1	19546875.0	DB2B	DB2B
76417at7147	OZ287661.1	49487735.0	DB3B	DB3B
76453at7147	OZ287660.1	153981428.0	DB5	DB5
76493at7147	OZ287660.1	121122316.0	NA	NA
76503at7147	OZ287661.1	122035301.5	DB4B	DB4B
76547at7147	OZ287664.1	104630683.0	DB1B	DB1B
76553at7147	OZ287664.1	19969899.5	DB2B	DB2B
76554at7147	OZ287661.1	30377323.5	DB2B	DB2B
76622at7147	OZ287660.1	56847803.5	DB4A	DB4A
76625at7147	OZ287660.1	107180033.0	DB3A	DB3A
76630at7147	OZ287660.1	2121411.5	DB2B	DB2B
76635at7147	OZ287664.1	79957913.0	DB1B	DB1B
76648at7147	OZ287662.1	770278.0	NA	NA
76650at7147	OZ287660.1	36600843.0	DB4A	DB4A
76678at7147	OZ287663.1	107180690.5	DB5	DB5
76737at7147	OZ287660.1	162696508.0	DB3A	DB3A
76767at7147	OZ287664.1	79260636.0	DB1B	DB1B
76807at7147	OZ287660.1	160879152.0	DB3A	DB3A
76836at7147	OZ287664.1	93627255.5	DB1B	DB1B
76860at7147	OZ287661.1	111558648.0	DB4B	DB4B
76862at7147	OZ287662.1	9141846.5	DB3B	DB3B
76880at7147	OZ287661.1	33076435.5	NA	NA
76881at7147	OZ287663.1	24320640.5	DB5	DB5
76904at7147	OZ287662.1	119468714.0	DB2A	DB2A
76913at7147	OZ287664.1	96559473.0	DB1B	DB1B
76919at7147	OZ287664.1	105587406.0	DB1B	DB1B
76920at7147	OZ287662.1	25706614.5	DB2B	DB2B
76942at7147	OZ287661.1	110326614.0	DB4B	DB4B
76952at7147	OZ287661.1	119607827.0	DB1B	DB1B
76958at7147	OZ287660.1	88121901.5	DB3A	DB3A
76959at7147	OZ287660.1	88708775.0	DB4A	DB4A
76970at7147	OZ287662.1	20501729.0	DB1A	DB1A
76978at7147	OZ287661.1	4679644.0	DB3B	DB3B
76995at7147	OZ287662.1	113963422.0	DB1A	DB1A
77025at7147	OZ287664.1	88733994.5	NA	NA
77031at7147	OZ287660.1	28018474.5	DB3B	DB3B
77043at7147	OZ287662.1	63475948.0	DB1A	DB1A
77047at7147	OZ287662.1	22629965.0	DB1A	DB1A
77052at7147	OZ287663.1	16103990.0	DB5	DB5
77075at7147	OZ287662.1	33839069.0	DB1A	DB1A
77086at7147	OZ287662.1	2122734.5	DB1A	DB1A
77133at7147	OZ287661.1	54157344.5	DB4A	DB4A
77167at7147	OZ287661.1	51241331.0	DB4B	DB4B
77182at7147	OZ287664.1	10038592.0	DB2B	DB2B
77185at7147	OZ287664.1	61546933.5	NA	NA
77188at7147	OZ287661.1	8459590.0	DB3B	DB3B
77199at7147	OZ287664.1	75640753.5	DB2B	DB2B
77231at7147	OZ287660.1	79032925.0	DB3A	DB3A
77242at7147	OZ287660.1	123239176.0	DB2B	DB2B
87043at7147	OZ287662.1	94287998.0	DB2A	DB2A
87230at7147	OZ287660.1	90874735.5	DB3A	DB3A
87700at7147	OZ287664.1	16423196.0	DB2B	DB2B
89210at7147	OZ287663.1	10375983.5	DB5	DB5
89718at7147	OZ287662.1	115433210.0	DB1A	DB1A
90783at7147	OZ287664.1	74120298.5	DB1B	DB1B
90937at7147	OZ287660.1	11732313.5	DB4A	DB4A
91028at7147	OZ287660.1	11499549.5	DB4A	DB4A
91715at7147	OZ287663.1	104240235.5	DB2B	DB2B
93012at7147	OZ287661.1	109711560.0	NA	NA
94660at7147	OZ287661.1	92785962.0	DB3A	DB3A
95207at7147	OZ287660.1	26912395.5	DB4A	DB4A
96682at7147	OZ287660.1	157865684.5	DB3A	DB3A
96920at7147	OZ287664.1	90415842.5	DB1B	DB1B
97395at7147	OZ287662.1	115204825.0	DB2A	DB2A
97765at7147	OZ287660.1	3847452.0	DB4A	DB4A
98278at7147	OZ287664.1	94769514.5	DB3A	DB3A
98282at7147	OZ287662.1	118708558.5	DB2A	DB2A
98712at7147	OZ287661.1	47350175.5	DB3B	DB3B
98857at7147	OZ287664.1	38743637.0	DB1B	DB1B
99488at7147	OZ287664.1	3163750.0	DB2B	DB2B
100019at7147	OZ287660.1	81064116.0	DB3A	DB3A
100497at7147	OZ287662.1	11521772.0	DB1A	DB1A
100567at7147	OZ287662.1	8224693.5	DB2B	DB2B
101192at7147	OZ287664.1	81839033.0	DB1B	DB1B
101651at7147	OZ287664.1	71402497.5	DB1B	DB1B
102356at7147	OZ287662.1	99181370.5	DB1A	DB1A
103170at7147	OZ287662.1	102633394.0	DB2A	DB2A
103449at7147	OZ287660.1	132882481.0	NA	NA
103572at7147	OZ287660.1	3721533.0	DB4A	DB4A
105213at7147	OZ287660.1	121689589.5	DB2A	DB2A
105345at7147	OZ287660.1	137935667.0	DB3A	DB3A
105665at7147	OZ287662.1	19056660.0	DB2A	DB2A
107173at7147	OZ287662.1	15202926.0	DB1A	DB1A
107932at7147	OZ287660.1	131885578.5	DB3A	DB3A
108194at7147	OZ287663.1	32184658.5	DB5	DB5
109478at7147	OZ287664.1	98394896.5	DB1B	DB1B
110200at7147	OZ287663.1	78948643.5	NA	NA
110288at7147	OZ287660.1	25903409.0	DB4A	DB4A
111315at7147	OZ287664.1	22910855.0	DB2B	DB2B
111861at7147	OZ287664.1	39187296.5	NA	NA
112161at7147	OZ287664.1	74219958.0	DB1B	DB1B
113155at7147	OZ287662.1	115331235.0	DB1A	DB1A
113530at7147	OZ287663.1	5845146.0	DB4A	DB4A
113611at7147	OZ287661.1	26064587.5	DB1A	DB1A
114519at7147	OZ287664.1	98281790.5	DB1B	DB1B
114603at7147	OZ287661.1	48736451.5	DB4A	DB4A
114765at7147	OZ287661.1	121880857.0	DB4B	DB4B
116302at7147	OZ287660.1	140824192.5	DB3A	DB3A
117470at7147	OZ287663.1	6198499.0	DB5	DB5
118121at7147	OZ287664.1	2204098.5	DB1B	DB1B
118254at7147	OZ287661.1	118180841.5	DB4B	DB4B
119237at7147	OZ287661.1	7735292.5	DB3B	DB3B
119241at7147	OZ287661.1	16199445.5	DB2B	DB2B
119398at7147	OZ287660.1	1322471.5	DB4A	DB4A
119940at7147	OZ287662.1	28979398.5	DB6	DB6
121971at7147	OZ287663.1	46708789.5	DB2A	DB2A
122812at7147	OZ287662.1	108445034.0	DB2A	DB2A
122970at7147	OZ287664.1	33251400.5	DB2B	DB2B
122994at7147	OZ287661.1	11886332.5	DB3B	DB3B
123956at7147	OZ287664.1	25477005.0	DB2B	DB2B
124132at7147	OZ287663.1	87670452.0	DB5	DB5
125314at7147	OZ287660.1	138657029.0	DB5	DB5
125860at7147	OZ287662.1	47228906.5	DB1A	DB1A
126196at7147	OZ287662.1	53704767.0	DB1A	DB1A
126448at7147	OZ287661.1	51019608.0	DB3B	DB3B
126571at7147	OZ287661.1	74642890.0	NA	NA
127327at7147	OZ287660.1	1702820.0	DB4A	DB4A
127852at7147	OZ287661.1	56345412.5	DB3B	DB3B
128900at7147	OZ287660.1	9514427.0	DB4A	DB4A
130547at7147	OZ287661.1	103990492.5	DB3B	DB3B
132604at7147	OZ287664.1	16154039.5	DB2B	DB2B
133148at7147	OZ287662.1	11003908.0	DB2B	DB2B
133728at7147	OZ287660.1	137992253.0	DB3A	DB3A
133744at7147	OZ287661.1	9995767.0	DB1A	DB1A
133872at7147	OZ287660.1	8180942.0	DB4A	DB4A
133899at7147	OZ287660.1	67619448.0	DB2B	DB2B
133939at7147	OZ287664.1	1938864.0	DB2B	DB2B
134214at7147	OZ287660.1	35081370.0	DB2A	DB2A
134526at7147	OZ287661.1	100451599.0	DB3B	DB3B
135492at7147	OZ287660.1	19893429.5	NA	NA
135807at7147	OZ287662.1	71742198.0	DB1A	DB1A
136142at7147	OZ287660.1	39511614.5	DB5	DB5
137178at7147	OZ287662.1	119071401.5	DB2A	DB2A
138312at7147	OZ287660.1	144846534.0	DB4B	DB4B
139180at7147	OZ287660.1	7273373.5	DB4A	DB4A
139357at7147	OZ287663.1	75706638.5	NA	NA
139373at7147	OZ287664.1	60016503.5	DB1B	DB1B
140441at7147	OZ287661.1	36830747.0	DB3B	DB3B
141501at7147	OZ287660.1	25888840.0	DB4A	DB4A
141840at7147	OZ287660.1	79994159.5	DB5	DB5
142376at7147	OZ287664.1	104845958.5	DB1B	DB1B
142617at7147	OZ287663.1	109268592.0	DB5	DB5
142673at7147	OZ287660.1	128969097.0	DB3A	DB3A
143579at7147	OZ287662.1	30658788.0	DB1A	DB1A
143663at7147	OZ287660.1	85173567.0	DB1A	DB1A
143890at7147	OZ287662.1	23635171.0	DB1A	DB1A
143893at7147	OZ287662.1	106592013.5	DB2A	DB2A
144236at7147	OZ287662.1	114544373.0	DB2A	DB2A
145278at7147	OZ287660.1	35349479.0	DB3A	DB3A
145400at7147	OZ287661.1	121184347.5	DB4B	DB4B
145710at7147	OZ287662.1	34915573.0	DB1A	DB1A
146390at7147	OZ287661.1	3868379.5	DB2B	DB2B
146574at7147	OZ287664.1	101600515.0	DB2B	DB2B
147576at7147	OZ287663.1	30134260.0	NA	NA
147707at7147	OZ287664.1	87113513.5	DB1B	DB1B
147958at7147	OZ287662.1	115411606.0	DB6	DB6
148008at7147	OZ287664.1	3314663.0	DB2B	DB2B
148238at7147	OZ287664.1	102456244.0	DB1B	DB1B
148702at7147	OZ287661.1	12448681.0	DB4A	DB4A
148771at7147	OZ287660.1	3467189.0	DB4A	DB4A
148910at7147	OZ287661.1	43783612.0	DB3B	DB3B
149542at7147	OZ287664.1	14371182.5	DB2B	DB2B
149629at7147	OZ287660.1	7251473.0	DB4A	DB4A
149829at7147	OZ287660.1	24630940.0	DB4A	DB4A
149853at7147	OZ287663.1	36633842.0	DB5	DB5
149858at7147	OZ287660.1	130029003.0	DB3A	DB3A
150523at7147	OZ287660.1	7549644.5	DB4A	DB4A
150963at7147	OZ287662.1	117200170.5	DB2A	DB2A
151105at7147	OZ287662.1	28493358.0	DB1A	DB1A
151630at7147	OZ287661.1	100876129.0	DB3B	DB3B
152075at7147	OZ287662.1	44887256.5	DB1A	DB1A
152146at7147	OZ287660.1	11585016.5	DB2B	DB2B
152441at7147	OZ287660.1	18888120.0	DB4A	DB4A
152457at7147	OZ287662.1	9757721.5	DB1A	DB1A
153357at7147	OZ287661.1	56211053.5	DB2B	DB2B
153799at7147	OZ287664.1	12189808.0	DB2B	DB2B
154221at7147	OZ287662.1	19020375.5	DB1A	DB1A
154325at7147	OZ287662.1	3401834.0	DB1A	DB1A
154407at7147	OZ287661.1	122902467.0	DB4B	DB4B
154496at7147	OZ287661.1	106686664.5	DB4B	DB4B
154893at7147	OZ287662.1	31421440.5	DB1A	DB1A
155301at7147	OZ287661.1	7680183.5	DB3B	DB3B
156252at7147	OZ287660.1	150179903.5	DB3A	DB3A
157102at7147	OZ287662.1	21756959.5	DB1A	DB1A
157428at7147	OZ287661.1	116150045.0	DB4B	DB4B
157896at7147	OZ287662.1	11045758.0	NA	NA
157964at7147	OZ287662.1	14610322.0	DB1A	DB1A
158087at7147	OZ287661.1	108867392.0	DB4B	DB4B
161360at7147	OZ287661.1	25032528.5	DB4B	DB4B
161620at7147	OZ287661.1	10188764.5	DB4B	DB4B
161816at7147	OZ287663.1	109308902.5	DB5	DB5
161838at7147	OZ287662.1	67775216.0	DB1A	DB1A
161871at7147	OZ287660.1	91002278.5	DB3A	DB3A
161986at7147	OZ287663.1	37190440.0	DB5	DB5
161996at7147	OZ287660.1	128897127.0	DB3A	DB3A
162010at7147	OZ287662.1	101194329.0	DB2A	DB2A
162072at7147	OZ287664.1	8903513.5	DB4B	DB4B
162125at7147	OZ287660.1	143355052.5	DB3A	DB3A
162154at7147	OZ287661.1	110335868.5	DB4B	DB4B
162166at7147	OZ287664.1	92350220.0	DB1B	DB1B
162217at7147	OZ287661.1	69082898.0	DB2B	DB2B
162238at7147	OZ287660.1	161642523.0	NA	NA
162279at7147	OZ287664.1	101358708.5	DB5	DB5
162310at7147	OZ287664.1	5474786.0	DB2B	DB2B
162402at7147	OZ287664.1	98496164.0	DB1B	DB1B
162448at7147	OZ287661.1	29639349.5	DB3B	DB3B
162519at7147	OZ287661.1	11207443.5	DB1B	DB1B
162523at7147	OZ287663.1	14572128.0	DB5	DB5
162532at7147	OZ287664.1	94673047.0	DB1B	DB1B
162607at7147	OZ287664.1	105080192.0	DB1B	DB1B
162661at7147	OZ287664.1	71396198.0	DB3B	DB3B
162738at7147	OZ287661.1	54389644.5	DB3B	DB3B
162812at7147	OZ287660.1	88325365.5	DB3A	DB3A
162861at7147	OZ287664.1	14547851.0	DB4A	DB4A
162863at7147	OZ287661.1	5162156.5	DB3B	DB3B
162892at7147	OZ287660.1	91799542.5	DB3A	DB3A
162907at7147	OZ287662.1	106107227.5	DB2A	DB2A
162912at7147	OZ287661.1	11639091.0	DB6	DB6
162967at7147	OZ287660.1	1206640.5	DB4A	DB4A
162997at7147	OZ287660.1	133037210.0	NA	NA
163039at7147	OZ287661.1	67707564.0	DB3B	DB3B
163083at7147	OZ287663.1	75301182.0	DB5	DB5
163134at7147	OZ287664.1	67066955.0	DB1B	DB1B
163141at7147	OZ287661.1	18248505.0	DB3B	DB3B
163173at7147	OZ287661.1	116008801.5	DB4B	DB4B
163189at7147	OZ287660.1	26820046.0	DB4A	DB4A
163225at7147	OZ287662.1	51659230.0	DB1A	DB1A
163232at7147	OZ287661.1	101146400.5	DB4B	DB4B
163233at7147	OZ287660.1	33574275.0	DB6	DB6
163245at7147	OZ287660.1	55225910.5	DB4A	DB4A
163251at7147	OZ287662.1	33908587.0	DB1A	DB1A
163258at7147	OZ287663.1	11532164.0	DB5	DB5
163264at7147	OZ287661.1	60812607.5	DB3B	DB3B
163275at7147	OZ287662.1	53379798.0	DB1A	DB1A
163316at7147	OZ287663.1	99633433.5	DB5	DB5
163386at7147	OZ287664.1	89730412.5	DB1B	DB1B
163391at7147	OZ287663.1	47575620.5	DB5	DB5
163408at7147	OZ287662.1	106054453.5	DB1A	DB1A
163419at7147	OZ287664.1	90274997.0	DB3A	DB3A
163466at7147	OZ287664.1	91590167.0	DB1B	DB1B
163483at7147	OZ287663.1	3705973.5	DB5	DB5
163506at7147	OZ287662.1	102525715.0	DB2A	DB2A
163534at7147	OZ287663.1	29712666.0	DB5	DB5
163566at7147	OZ287662.1	44721521.5	DB1A	DB1A
163621at7147	OZ287662.1	19341331.5	DB1A	DB1A
163635at7147	OZ287662.1	112916519.0	NA	NA
163641at7147	OZ287660.1	32488135.0	DB4A	DB4A
163715at7147	OZ287660.1	162093375.5	DB3A	DB3A
163725at7147	OZ287662.1	96824059.0	DB2A	DB2A
163733at7147	OZ287660.1	26324888.0	DB4A	DB4A
163805at7147	OZ287660.1	148904123.5	DB3A	DB3A
163816at7147	OZ287661.1	15836222.5	DB3B	DB3B
163838at7147	OZ287661.1	52804118.5	DB2B	DB2B
163873at7147	OZ287660.1	37236885.0	DB4A	DB4A
163938at7147	OZ287664.1	93676010.0	DB4A	DB4A
163957at7147	OZ287662.1	98653210.5	DB2A	DB2A
164012at7147	OZ287660.1	47016091.5	DB4A	DB4A
164044at7147	OZ287664.1	32294063.0	DB2B	DB2B
164134at7147	OZ287664.1	64569734.5	DB1B	DB1B
164175at7147	OZ287661.1	95972167.0	DB3B	DB3B
164185at7147	OZ287663.1	100012926.0	DB3B	DB3B
164211at7147	OZ287664.1	72109206.0	DB1B	DB1B
164312at7147	OZ287664.1	79967927.5	DB2B	DB2B
164323at7147	OZ287664.1	92694128.5	DB1B	DB1B
164342at7147	OZ287660.1	161510419.0	DB3A	DB3A
164356at7147	OZ287664.1	81294823.0	DB1B	DB1B
164400at7147	OZ287660.1	107005034.5	DB3A	DB3A
164431at7147	OZ287663.1	40119382.5	DB2B	DB2B
164649at7147	OZ287664.1	86309375.5	DB1B	DB1B
164695at7147	OZ287664.1	92761807.5	DB1B	DB1B
164702at7147	OZ287662.1	58544623.5	DB1A	DB1A
164767at7147	OZ287664.1	10019754.0	DB2B	DB2B
164810at7147	OZ287664.1	7494523.5	DB6	DB6
164861at7147	OZ287661.1	36289995.5	DB3B	DB3B
164916at7147	OZ287663.1	97776704.5	DB5	DB5
164929at7147	OZ287662.1	8394210.0	DB1A	DB1A
164941at7147	OZ287664.1	67396593.5	DB1B	DB1B
164964at7147	OZ287660.1	141400092.5	DB3A	DB3A
164972at7147	OZ287661.1	119240559.5	DB4B	DB4B
164984at7147	OZ287661.1	22747327.0	DB3B	DB3B
165004at7147	OZ287662.1	14613567.0	DB1A	DB1A
165032at7147	OZ287662.1	94609164.5	DB1A	DB1A
165055at7147	OZ287663.1	29744388.0	DB5	DB5
165092at7147	OZ287660.1	7031568.5	DB4A	DB4A
165107at7147	OZ287664.1	18797606.5	DB2B	DB2B
165117at7147	OZ287662.1	115478621.0	DB5	DB5
165142at7147	OZ287662.1	68514840.0	DB1A	DB1A
165152at7147	OZ287661.1	18261267.5	NA	NA
165155at7147	OZ287661.1	7206446.0	DB3B	DB3B
165168at7147	OZ287664.1	93380378.0	DB1B	DB1B
165173at7147	OZ287660.1	3849045.5	DB4A	DB4A
165182at7147	OZ287660.1	155637547.5	DB2B	DB2B
165189at7147	OZ287661.1	120629526.0	NA	NA
165211at7147	OZ287661.1	62619254.0	DB2B	DB2B
165235at7147	OZ287661.1	57755929.0	DB3B	DB3B
165238at7147	OZ287662.1	114196305.0	DB1A	DB1A
165269at7147	OZ287660.1	37712751.0	DB4A	DB4A
165282at7147	OZ287660.1	11502720.0	DB4A	DB4A
165293at7147	OZ287664.1	14720935.5	DB2B	DB2B
165302at7147	OZ287660.1	36693970.5	DB4A	DB4A
165341at7147	OZ287661.1	107315253.0	DB4B	DB4B
165376at7147	OZ287664.1	72919401.0	NA	NA
165401at7147	OZ287664.1	76155965.5	DB1B	DB1B
165426at7147	OZ287660.1	76036770.5	DB1B	DB1B
165507at7147	OZ287661.1	69126096.0	DB3B	DB3B
165507at7147	OZ287661.1	69131932.5	DB3B	DB3B
165515at7147	OZ287660.1	86974599.5	DB1B	DB1B
165522at7147	OZ287660.1	159803500.0	DB3A	DB3A
165541at7147	OZ287660.1	154020007.5	DB3A	DB3A
165544at7147	OZ287661.1	29765523.0	DB3B	DB3B
165549at7147	OZ287661.1	11109256.0	DB3B	DB3B
165554at7147	OZ287664.1	93601176.5	NA	NA
165627at7147	OZ287661.1	3860188.0	DB3B	DB3B
165654at7147	OZ287664.1	3180216.5	NA	NA
165659at7147	OZ287663.1	85086308.0	DB3A	DB3A
165666at7147	OZ287664.1	7483519.0	DB2B	DB2B
165697at7147	OZ287661.1	92726375.5	DB3B	DB3B
165708at7147	OZ287664.1	88391574.5	DB1B	DB1B
165751at7147	OZ287663.1	16147357.0	DB1A	DB1A
165755at7147	OZ287661.1	114678827.0	DB4B	DB4B
165770at7147	OZ287664.1	63609979.5	DB1B	DB1B
165800at7147	OZ287660.1	121782086.0	NA	NA
165803at7147	OZ287660.1	131692417.0	DB3A	DB3A
165814at7147	OZ287663.1	107098168.0	DB5	DB5
165857at7147	OZ287661.1	90872464.5	DB6	DB6
165864at7147	OZ287663.1	10339827.5	DB2B	DB2B
165929at7147	OZ287662.1	17743081.5	DB1A	DB1A
165935at7147	OZ287660.1	9506627.0	DB4A	DB4A
165944at7147	OZ287663.1	109065665.5	DB5	DB5
165949at7147	OZ287664.1	89438420.0	DB4A	DB4A
165956at7147	OZ287662.1	68963291.5	DB1A	DB1A
166048at7147	OZ287661.1	11398900.5	DB3B	DB3B
166120at7147	OZ287663.1	27064438.5	DB5	DB5
166159at7147	OZ287664.1	71375652.0	DB4A	DB4A
166165at7147	OZ287664.1	103740956.5	DB1B	DB1B
166172at7147	OZ287664.1	10617215.5	DB2B	DB2B
166186at7147	OZ287664.1	19999595.0	DB2B	DB2B
166235at7147	OZ287661.1	28531045.0	DB4B	DB4B
166242at7147	OZ287663.1	96094423.5	DB5	DB5
166329at7147	OZ287664.1	16827107.0	DB2B	DB2B
166427at7147	OZ287663.1	32209295.5	DB5	DB5
166453at7147	OZ287660.1	35989592.5	DB3A	DB3A
166470at7147	OZ287661.1	105850252.5	DB3B	DB3B
166496at7147	OZ287662.1	32814302.5	DB1A	DB1A
166517at7147	OZ287663.1	109363968.0	DB5	DB5
166570at7147	OZ287664.1	77285637.5	DB1B	DB1B
166641at7147	OZ287663.1	3558910.0	DB5	DB5
166642at7147	OZ287664.1	13988672.5	DB2B	DB2B
166675at7147	OZ287660.1	146247867.0	DB3A	DB3A
166680at7147	OZ287661.1	97184716.0	DB3B	DB3B
166700at7147	OZ287664.1	104096407.0	DB1B	DB1B
166740at7147	OZ287662.1	100727576.0	DB1A	DB1A
166761at7147	OZ287662.1	96830240.5	DB2A	DB2A
166809at7147	OZ287661.1	30558524.0	DB3B	DB3B
166819at7147	OZ287661.1	91046073.0	DB3B	DB3B
166851at7147	OZ287663.1	80695234.0	DB6	DB6
166880at7147	OZ287660.1	55305068.5	DB1B	DB1B
166881at7147	OZ287662.1	106143091.0	DB2A	DB2A
166882at7147	OZ287663.1	80763750.5	DB5	DB5
166887at7147	OZ287664.1	102881531.5	DB1B	DB1B
166906at7147	OZ287661.1	108222183.0	DB4B	DB4B
166924at7147	OZ287663.1	16979265.0	DB5	DB5
166932at7147	OZ287661.1	36252602.5	NA	NA
166933at7147	OZ287662.1	111605744.0	DB3A	DB3A
166974at7147	OZ287664.1	71350281.5	DB1B	DB1B
166996at7147	OZ287664.1	96448089.0	DB1B	DB1B
167011at7147	OZ287662.1	751007.5	DB1A	DB1A
167029at7147	OZ287663.1	11496509.5	DB5	DB5
167066at7147	OZ287660.1	83639370.0	DB3A	DB3A
167068at7147	OZ287661.1	11634917.0	DB3B	DB3B
167175at7147	OZ287663.1	37147967.5	DB5	DB5
167199at7147	OZ287664.1	98436958.5	DB1B	DB1B
167257at7147	OZ287663.1	96384694.0	DB1A	DB1A
167285at7147	OZ287662.1	30650885.5	DB2B	DB2B
167292at7147	OZ287661.1	120598860.0	DB4B	DB4B
167369at7147	OZ287660.1	131392614.5	NA	NA
167382at7147	OZ287660.1	27740397.5	DB1A	DB1A
167430at7147	OZ287661.1	27197362.5	DB3B	DB3B
167499at7147	OZ287664.1	103520324.0	DB1B	DB1B
167517at7147	OZ287662.1	4174379.5	DB1A	DB1A
167536at7147	OZ287660.1	128936360.5	DB3A	DB3A
167579at7147	OZ287660.1	32116628.5	DB4A	DB4A
167580at7147	OZ287660.1	161999955.0	DB3A	DB3A
167630at7147	OZ287662.1	106086819.5	DB1A	DB1A
167748at7147	OZ287660.1	26124378.0	DB4A	DB4A
167786at7147	OZ287663.1	13739676.0	DB5	DB5
167791at7147	OZ287664.1	106975840.5	DB1B	DB1B
167826at7147	OZ287662.1	18548786.0	DB1A	DB1A
167851at7147	OZ287660.1	159700355.5	DB3A	DB3A
167857at7147	OZ287664.1	78914631.0	DB1B	DB1B
167892at7147	OZ287662.1	14339752.0	DB1A	DB1A
167970at7147	OZ287662.1	28998696.5	DB1A	DB1A
167972at7147	OZ287663.1	104232361.0	DB5	DB5
168021at7147	OZ287663.1	3078271.0	DB5	DB5
168032at7147	OZ287660.1	48600160.0	NA	NA
168044at7147	OZ287664.1	66935456.5	DB1B	DB1B
168048at7147	OZ287664.1	107202366.5	NA	NA
168060at7147	OZ287663.1	87101903.5	DB5	DB5
168077at7147	OZ287662.1	101431403.0	DB2A	DB2A
168081at7147	OZ287662.1	97540702.5	DB2A	DB2A
168086at7147	OZ287662.1	59181318.5	DB1A	DB1A
168090at7147	OZ287661.1	45551810.5	NA	NA
168094at7147	OZ287664.1	24046116.5	DB2B	DB2B
168098at7147	OZ287664.1	87053686.5	DB1B	DB1B
168223at7147	OZ287660.1	106670548.5	DB3A	DB3A
168244at7147	OZ287663.1	91988627.5	DB5	DB5
168247at7147	OZ287663.1	91580901.0	NA	NA
168261at7147	OZ287660.1	41328807.5	DB4A	DB4A
168291at7147	OZ287664.1	50789076.5	DB1B	DB1B
168362at7147	OZ287661.1	5188208.0	DB3B	DB3B
168384at7147	OZ287660.1	24384361.5	DB1B	DB1B
168393at7147	OZ287664.1	85881695.5	NA	NA
168424at7147	OZ287661.1	26978899.0	DB2A	DB2A
168465at7147	OZ287664.1	795425.0	DB6	DB6
168480at7147	OZ287660.1	15969605.0	DB4A	DB4A
168538at7147	OZ287660.1	90925107.5	DB3A	DB3A
168583at7147	OZ287662.1	23282701.0	DB1A	DB1A
168588at7147	OZ287663.1	26856264.5	DB5	DB5
168607at7147	OZ287660.1	121797651.0	NA	NA
168613at7147	OZ287662.1	94659294.5	DB1A	DB1A
168643at7147	OZ287663.1	32016671.5	DB5	DB5
168660at7147	OZ287660.1	26160527.0	DB6	DB6
168677at7147	OZ287663.1	103332526.5	DB5	DB5
168682at7147	OZ287663.1	45641726.5	DB5	DB5
168738at7147	OZ287660.1	47159182.0	DB4A	DB4A
168749at7147	OZ287662.1	4501587.5	DB1A	DB1A
168795at7147	OZ287663.1	38690414.5	DB3B	DB3B
168806at7147	OZ287662.1	96267336.5	DB1A	DB1A
168829at7147	OZ287662.1	101420242.0	DB2A	DB2A
168836at7147	OZ287660.1	94587396.0	DB3A	DB3A
168846at7147	OZ287660.1	27999525.5	DB4A	DB4A
168852at7147	OZ287660.1	23191089.5	DB4A	DB4A
168883at7147	OZ287663.1	93856577.5	DB5	DB5
168889at7147	OZ287661.1	52097381.5	NA	NA
168895at7147	OZ287661.1	96863472.0	DB4B	DB4B
168942at7147	OZ287663.1	88859959.5	DB5	DB5
168959at7147	OZ287663.1	107109407.5	DB5	DB5
168968at7147	OZ287660.1	94509904.5	DB3A	DB3A
168969at7147	OZ287664.1	97427231.0	DB3B	DB3B
168971at7147	OZ287664.1	23421453.0	DB2B	DB2B
168975at7147	OZ287663.1	924368.5	DB5	DB5
168990at7147	OZ287662.1	102018060.5	DB2A	DB2A
169033at7147	OZ287661.1	121122181.5	DB4B	DB4B
169119at7147	OZ287661.1	4790905.0	DB2B	DB2B
169134at7147	OZ287662.1	36743014.0	DB1A	DB1A
169142at7147	OZ287660.1	1536265.5	DB4A	DB4A
169165at7147	OZ287661.1	97039001.5	DB4B	DB4B
169173at7147	OZ287661.1	108772700.5	DB4B	DB4B
169173at7147	OZ287660.1	157701648.0	DB4B	DB4B
169175at7147	OZ287661.1	112485246.5	DB2B	DB2B
169184at7147	OZ287664.1	87769839.5	DB3B	DB3B
169203at7147	OZ287664.1	78122820.5	DB1B	DB1B
169217at7147	OZ287662.1	14646591.5	DB1A	DB1A
169297at7147	OZ287660.1	93992862.5	DB3A	DB3A
169311at7147	OZ287663.1	31455352.5	DB5	DB5
169345at7147	OZ287660.1	91668453.5	DB3A	DB3A
169351at7147	OZ287664.1	11105725.0	DB2B	DB2B
171356at7147	OZ287660.1	26062523.5	DB4A	DB4A
171365at7147	OZ287663.1	864963.0	DB5	DB5
171492at7147	OZ287661.1	120940490.5	DB4B	DB4B
171548at7147	OZ287662.1	15994062.0	DB1A	DB1A
171662at7147	OZ287664.1	1755508.5	DB2B	DB2B
171757at7147	OZ287661.1	107555109.0	DB3B	DB3B
171855at7147	OZ287663.1	53595721.0	DB5	DB5
172045at7147	OZ287661.1	112566572.0	DB4B	DB4B
172172at7147	OZ287660.1	139927797.0	DB3A	DB3A
172179at7147	OZ287662.1	9654507.5	DB1A	DB1A
172192at7147	OZ287661.1	6018528.0	DB3B	DB3B
172210at7147	OZ287664.1	95687048.0	DB3B	DB3B
172299at7147	OZ287663.1	4361248.5	DB5	DB5
172317at7147	OZ287661.1	112315506.0	DB4B	DB4B
172362at7147	OZ287664.1	23386455.0	DB2B	DB2B
172493at7147	OZ287661.1	100240304.5	DB3B	DB3B
172545at7147	OZ287664.1	64493509.5	DB1B	DB1B
172608at7147	OZ287664.1	93825479.0	DB1B	DB1B
172610at7147	OZ287662.1	28657510.5	DB1A	DB1A
172656at7147	OZ287662.1	22254751.5	DB1A	DB1A
172688at7147	OZ287662.1	27477600.5	DB1A	DB1A
172688at7147	OZ287662.1	27473689.5	DB1A	DB1A
172797at7147	OZ287664.1	7480993.5	DB2B	DB2B
172797at7147	OZ287664.1	7481892.5	DB2B	DB2B
173146at7147	OZ287660.1	82541889.5	DB2B	DB2B
173218at7147	OZ287663.1	91537537.5	DB5	DB5
173520at7147	OZ287661.1	11899687.0	DB6	DB6
173526at7147	OZ287662.1	47114584.0	DB1A	DB1A
173527at7147	OZ287662.1	27176038.0	DB1A	DB1A
173539at7147	OZ287664.1	25773756.5	DB2B	DB2B
173613at7147	OZ287661.1	67752105.5	DB6	DB6
173667at7147	OZ287661.1	3314079.0	DB3B	DB3B
173684at7147	OZ287660.1	2440545.5	DB4A	DB4A
173828at7147	OZ287664.1	13449531.5	DB2B	DB2B
173922at7147	OZ287664.1	76053468.5	DB1B	DB1B
174026at7147	OZ287660.1	86983329.0	DB3A	DB3A
174040at7147	OZ287663.1	103240345.5	DB5	DB5
174348at7147	OZ287662.1	48849894.5	DB1A	DB1A
174429at7147	OZ287661.1	97566488.5	DB3B	DB3B
174436at7147	OZ287663.1	13381480.5	DB5	DB5
174522at7147	OZ287661.1	92615630.0	DB3B	DB3B
174700at7147	OZ287662.1	20805644.5	DB1A	DB1A
174772at7147	OZ287664.1	24902863.5	DB2B	DB2B
174920at7147	OZ287664.1	58258862.0	DB1B	DB1B
174922at7147	OZ287660.1	159816517.5	DB3A	DB3A
175088at7147	OZ287661.1	67576324.0	DB3B	DB3B
175249at7147	OZ287664.1	103120417.5	DB2B	DB2B
175325at7147	OZ287664.1	90487817.5	DB1B	DB1B
175402at7147	OZ287660.1	121729979.5	DB3A	DB3A
175405at7147	OZ287661.1	43650140.0	DB3A	DB3A
175661at7147	OZ287663.1	91574957.0	DB5	DB5
175710at7147	OZ287663.1	5172689.5	DB5	DB5
175715at7147	OZ287662.1	118801512.5	DB2A	DB2A
175731at7147	OZ287662.1	21973218.5	DB1A	DB1A
175770at7147	OZ287660.1	11721526.0	DB4A	DB4A
175870at7147	OZ287662.1	15905414.0	DB1A	DB1A
175877at7147	OZ287661.1	3823240.0	DB3B	DB3B
175942at7147	OZ287662.1	92691867.5	DB2A	DB2A
176148at7147	OZ287662.1	20221428.5	DB2A	DB2A
176312at7147	OZ287664.1	98394618.0	DB1B	DB1B
176314at7147	OZ287662.1	96586394.5	DB2A	DB2A
176414at7147	OZ287662.1	16048501.5	DB1A	DB1A
176436at7147	OZ287662.1	4766889.5	DB1A	DB1A
176480at7147	OZ287662.1	108478623.0	DB2A	DB2A
176483at7147	OZ287661.1	46279528.0	DB3B	DB3B
176507at7147	OZ287663.1	13218650.5	DB5	DB5
176512at7147	OZ287661.1	54859271.5	DB3A	DB3A
176583at7147	OZ287662.1	57791090.0	DB1A	DB1A
176599at7147	OZ287664.1	1931447.0	DB2B	DB2B
176618at7147	OZ287662.1	116841827.0	DB2A	DB2A
176674at7147	OZ287662.1	19289423.0	DB1A	DB1A
176776at7147	OZ287660.1	2007302.5	DB4A	DB4A
176783at7147	OZ287660.1	36637633.5	DB5	DB5
177041at7147	OZ287661.1	68116073.5	DB2A	DB2A
177120at7147	OZ287660.1	163049739.0	DB3A	DB3A
177434at7147	OZ287661.1	99979417.0	DB3B	DB3B
177450at7147	OZ287664.1	87070691.0	DB1B	DB1B
177507at7147	OZ287662.1	23328903.0	DB1A	DB1A
177533at7147	OZ287663.1	108934498.0	DB5	DB5
177608at7147	OZ287661.1	33102856.0	DB3B	DB3B
177652at7147	OZ287661.1	28807633.0	DB3B	DB3B
177735at7147	OZ287662.1	65103871.5	DB1A	DB1A
177818at7147	OZ287662.1	21363264.5	DB1A	DB1A
177883at7147	OZ287661.1	108519200.0	DB3B	DB3B
177913at7147	OZ287661.1	4668803.5	DB3B	DB3B
178178at7147	OZ287660.1	33835185.5	DB3A	DB3A
178207at7147	OZ287662.1	17940018.0	DB1A	DB1A
178219at7147	OZ287664.1	87898180.0	DB1B	DB1B
178237at7147	OZ287663.1	109924352.0	DB5	DB5
178266at7147	OZ287664.1	63243367.0	DB1B	DB1B
178353at7147	OZ287662.1	115779767.5	DB1A	DB1A
178354at7147	OZ287663.1	12684108.0	DB5	DB5
178536at7147	OZ287664.1	101411808.5	NA	NA
178759at7147	OZ287661.1	13285440.5	DB3B	DB3B
178820at7147	OZ287661.1	841857.5	DB2B	DB2B
178822at7147	OZ287662.1	16171736.5	DB1A	DB1A
178903at7147	OZ287663.1	100041105.5	DB3B	DB3B
178910at7147	OZ287661.1	6575106.5	DB4A	DB4A
178987at7147	OZ287663.1	84730445.5	DB5	DB5
178990at7147	OZ287664.1	98194811.5	DB1B	DB1B
179062at7147	OZ287662.1	92347841.0	DB6	DB6
179198at7147	OZ287662.1	108357253.0	DB2A	DB2A
179205at7147	OZ287663.1	8637329.5	DB5	DB5
179363at7147	OZ287664.1	22947972.0	DB2B	DB2B
179461at7147	OZ287664.1	5497377.5	DB2B	DB2B
179741at7147	OZ287660.1	47561232.5	DB4A	DB4A
179778at7147	OZ287662.1	20791372.5	DB1A	DB1A
179870at7147	OZ287662.1	53765778.5	DB1A	DB1A
179947at7147	OZ287660.1	7320706.5	DB4A	DB4A
180001at7147	OZ287660.1	1575764.0	DB4A	DB4A
180122at7147	OZ287661.1	77160900.0	NA	NA
180254at7147	OZ287662.1	118914097.5	DB2A	DB2A
180257at7147	OZ287662.1	90373047.5	DB1A	DB1A
180262at7147	OZ287664.1	97308025.0	DB1B	DB1B
180334at7147	OZ287661.1	116180688.0	DB1B	DB1B
180405at7147	OZ287662.1	27376732.5	DB5	DB5
180421at7147	OZ287660.1	5621211.0	DB4A	DB4A
180472at7147	OZ287663.1	106469183.5	DB6	DB6
180476at7147	OZ287663.1	4622022.5	DB1A	DB1A
180799at7147	OZ287663.1	4497802.0	DB5	DB5
180813at7147	OZ287662.1	108586627.5	DB1A	DB1A
180822at7147	OZ287663.1	107769818.5	DB5	DB5
180842at7147	OZ287664.1	82263143.5	DB1B	DB1B
181020at7147	OZ287664.1	22855287.5	DB2B	DB2B
181073at7147	OZ287660.1	161800575.5	DB1B	DB1B
181091at7147	OZ287661.1	70187392.5	DB3B	DB3B
181105at7147	OZ287661.1	24638467.0	DB3B	DB3B
181338at7147	OZ287661.1	108034637.5	DB4B	DB4B
181362at7147	OZ287660.1	131851566.0	DB3A	DB3A
181433at7147	OZ287662.1	115442332.0	DB1A	DB1A
181571at7147	OZ287661.1	7138345.5	DB3B	DB3B
181624at7147	OZ287662.1	27753851.0	DB1A	DB1A
181802at7147	OZ287660.1	154360229.0	DB3A	DB3A
181851at7147	OZ287660.1	26897687.5	DB4A	DB4A
181903at7147	OZ287661.1	27816088.0	DB4B	DB4B
181909at7147	OZ287663.1	16253115.5	DB5	DB5
182092at7147	OZ287664.1	74795925.5	DB1B	DB1B
182096at7147	OZ287663.1	78992689.5	DB1A	DB1A
182157at7147	OZ287660.1	159738080.0	DB3A	DB3A
182238at7147	OZ287661.1	26051678.5	DB3B	DB3B
182257at7147	OZ287660.1	157104018.0	DB3A	DB3A
182448at7147	OZ287662.1	33952329.0	DB1A	DB1A
182746at7147	OZ287662.1	11015223.5	DB1A	DB1A
182762at7147	OZ287660.1	24761095.5	DB4A	DB4A
182777at7147	OZ287664.1	72879215.5	DB4A	DB4A
182927at7147	OZ287664.1	95946456.0	DB1B	DB1B
182952at7147	OZ287663.1	107718521.0	DB5	DB5
183133at7147	OZ287662.1	21310753.0	DB1A	DB1A
183135at7147	OZ287662.1	49476107.0	DB1A	DB1A
183177at7147	OZ287664.1	95164959.0	DB3A	DB3A
183298at7147	OZ287664.1	90037717.0	DB1B	DB1B
183317at7147	OZ287663.1	14515221.5	DB5	DB5
183493at7147	OZ287664.1	107286821.0	DB1B	DB1B
183624at7147	OZ287660.1	81285683.0	NA	NA
183669at7147	OZ287660.1	129146979.0	DB3A	DB3A
183738at7147	OZ287663.1	27071381.0	DB5	DB5
183899at7147	OZ287660.1	121759423.5	DB3A	DB3A
184064at7147	OZ287663.1	16409562.0	DB5	DB5
184147at7147	OZ287660.1	160536149.0	DB3A	DB3A
184186at7147	OZ287664.1	90324259.0	DB1B	DB1B
184187at7147	OZ287660.1	15731706.0	DB2B	DB2B
184187at7147	OZ287660.1	82783925.0	DB2B	DB2B
184187at7147	OZ287660.1	82768982.0	DB2B	DB2B
184187at7147	OZ287660.1	82889242.0	DB2B	DB2B
184187at7147	OZ287660.1	82766574.0	DB2B	DB2B
184229at7147	OZ287662.1	4485583.5	DB1A	DB1A
184401at7147	OZ287660.1	155745957.0	DB3A	DB3A
184445at7147	OZ287662.1	28527962.5	DB1A	DB1A
184526at7147	OZ287663.1	17880893.5	DB5	DB5
184601at7147	OZ287660.1	142012414.5	DB3A	DB3A
184633at7147	OZ287660.1	33629255.5	DB4A	DB4A
184640at7147	OZ287661.1	15878031.0	DB3B	DB3B
184647at7147	OZ287660.1	105499216.5	DB3A	DB3A
184965at7147	OZ287662.1	10284922.0	DB1A	DB1A
185066at7147	OZ287662.1	17973356.5	DB5	DB5
185073at7147	OZ287660.1	109248741.0	DB3A	DB3A
185176at7147	OZ287661.1	113972847.0	DB4B	DB4B
185245at7147	OZ287660.1	18298868.5	DB4A	DB4A
185268at7147	OZ287661.1	119008596.0	DB1B	DB1B
185345at7147	OZ287660.1	98307412.5	DB5	DB5
185360at7147	OZ287663.1	29959451.5	DB5	DB5
185368at7147	OZ287660.1	5496831.0	DB4A	DB4A
185471at7147	OZ287662.1	71252003.5	DB1A	DB1A
185704at7147	OZ287660.1	132756161.5	DB3A	DB3A
185722at7147	OZ287661.1	3429325.5	DB3B	DB3B
185824at7147	OZ287660.1	25973199.5	DB4A	DB4A
185832at7147	OZ287662.1	46231729.0	DB1A	DB1A
185835at7147	OZ287660.1	140147046.0	DB3A	DB3A
185954at7147	HAP1_SCAFFOLD_311	37373.5	DB1B	DB1B
185954at7147	OZ287662.1	7357114.5	DB1B	DB1B
186042at7147	OZ287664.1	16421476.0	DB2B	DB2B
186069at7147	OZ287662.1	114972217.5	DB2A	DB2A
186132at7147	OZ287663.1	24609117.5	DB5	DB5
186197at7147	OZ287661.1	5865682.5	DB3B	DB3B
186220at7147	OZ287663.1	76754367.0	NA	NA
186300at7147	OZ287660.1	158117941.5	DB3A	DB3A
186332at7147	OZ287661.1	74024501.0	DB4B	DB4B
186358at7147	OZ287660.1	126193089.5	DB3A	DB3A
186362at7147	OZ287661.1	67587851.0	DB3B	DB3B
186586at7147	OZ287660.1	502346.5	DB4A	DB4A
186601at7147	OZ287663.1	104251172.0	DB5	DB5
186650at7147	OZ287661.1	19949373.0	DB3B	DB3B
186698at7147	OZ287661.1	107907550.0	DB4B	DB4B
186856at7147	OZ287662.1	50641950.5	DB1A	DB1A
186970at7147	OZ287660.1	119484114.0	DB3A	DB3A
187010at7147	OZ287664.1	14808593.0	DB2B	DB2B
187313at7147	OZ287661.1	15845308.0	DB3B	DB3B
187437at7147	OZ287662.1	114957223.5	DB2A	DB2A
187453at7147	OZ287660.1	94252362.0	DB3A	DB3A
187558at7147	OZ287663.1	6007810.5	DB5	DB5
187585at7147	OZ287662.1	19314699.5	DB1A	DB1A
187621at7147	OZ287660.1	96314158.0	DB3A	DB3A
187777at7147	OZ287662.1	48202598.0	DB1A	DB1A
187806at7147	OZ287661.1	33216054.5	DB5	DB5
187864at7147	OZ287662.1	6290045.0	DB1A	DB1A
187993at7147	OZ287660.1	145425904.0	DB4B	DB4B
188173at7147	OZ287661.1	100243349.5	DB3B	DB3B
188541at7147	OZ287660.1	52726752.0	DB4A	DB4A
188746at7147	OZ287661.1	3441688.5	DB3B	DB3B
188824at7147	OZ287664.1	771770.5	DB2B	DB2B
188966at7147	OZ287664.1	101963017.0	DB1B	DB1B
189185at7147	OZ287664.1	95682911.0	DB1B	DB1B
189269at7147	OZ287660.1	10192532.5	DB4A	DB4A
189418at7147	OZ287663.1	33021158.5	DB5	DB5
189615at7147	OZ287663.1	56052537.0	NA	NA
189702at7147	OZ287663.1	6086049.0	DB5	DB5
189709at7147	OZ287663.1	92894031.5	DB5	DB5
189734at7147	OZ287663.1	109873979.0	DB3A	DB3A
189871at7147	OZ287664.1	63741806.0	DB1B	DB1B
189891at7147	OZ287661.1	111497911.0	DB4B	DB4B
190022at7147	OZ287661.1	62290755.0	DB3B	DB3B
190060at7147	OZ287662.1	8141488.0	DB2A	DB2A
190063at7147	OZ287663.1	29947358.5	DB5	DB5
190114at7147	OZ287661.1	120921602.0	DB4B	DB4B
190150at7147	OZ287662.1	119120102.0	DB2A	DB2A
190176at7147	OZ287661.1	122536144.0	DB4B	DB4B
190195at7147	OZ287663.1	16090051.5	DB5	DB5
190305at7147	OZ287660.1	114850179.5	DB3A	DB3A
190309at7147	OZ287661.1	33747086.5	DB2A	DB2A
190340at7147	OZ287660.1	36896495.0	DB4A	DB4A
190351at7147	OZ287661.1	28712934.5	DB4B	DB4B
190773at7147	OZ287663.1	45699637.0	DB5	DB5
190806at7147	OZ287664.1	93805477.5	DB1B	DB1B
190815at7147	OZ287664.1	1284175.0	DB4A	DB4A
190820at7147	OZ287660.1	24140271.0	DB4A	DB4A
190896at7147	OZ287661.1	62382841.0	DB3B	DB3B
191072at7147	OZ287662.1	111441406.5	DB2A	DB2A
191118at7147	OZ287663.1	3043785.0	DB5	DB5
191233at7147	OZ287664.1	91659986.5	DB1B	DB1B
191269at7147	OZ287660.1	85567410.0	DB3A	DB3A
191342at7147	OZ287661.1	23143729.5	DB3B	DB3B
191396at7147	OZ287663.1	78943093.0	DB2A	DB2A
191479at7147	OZ287664.1	7586271.0	DB2B	DB2B
191822at7147	OZ287664.1	96171881.0	DB1B	DB1B
191851at7147	OZ287664.1	100594176.5	DB1B	DB1B
191941at7147	OZ287664.1	1653664.5	DB2B	DB2B
191962at7147	OZ287660.1	110099604.5	DB3A	DB3A
191968at7147	OZ287662.1	49356121.5	DB1A	DB1A
191981at7147	OZ287662.1	47189218.5	DB2B	DB2B
192144at7147	OZ287662.1	62669508.5	DB1A	DB1A
192217at7147	OZ287661.1	100763621.5	DB3B	DB3B
192253at7147	OZ287660.1	28731414.0	NA	NA
192335at7147	OZ287660.1	118348584.0	DB3A	DB3A
192402at7147	OZ287664.1	94046836.0	DB1B	DB1B
192411at7147	OZ287664.1	1660971.5	DB2B	DB2B
192487at7147	OZ287660.1	47546685.5	DB4A	DB4A
192573at7147	OZ287664.1	25658713.5	DB2B	DB2B
192597at7147	OZ287660.1	36070897.0	DB3A	DB3A
192665at7147	OZ287660.1	33861286.0	DB1B	DB1B
192868at7147	OZ287663.1	8267336.5	DB5	DB5
192881at7147	OZ287664.1	81247705.5	DB1B	DB1B
192958at7147	OZ287661.1	115562877.0	DB4B	DB4B
193077at7147	OZ287660.1	131753702.5	DB3A	DB3A
193108at7147	OZ287660.1	124717126.5	DB3A	DB3A
193127at7147	OZ287660.1	19007092.0	DB4A	DB4A
193196at7147	OZ287664.1	101355702.5	DB1B	DB1B
193386at7147	OZ287662.1	18357936.5	DB1A	DB1A
193405at7147	OZ287660.1	14372281.5	DB4A	DB4A
193528at7147	OZ287661.1	97110878.5	DB5	DB5
193600at7147	OZ287663.1	75676969.0	DB5	DB5
193617at7147	OZ287663.1	29777510.5	DB5	DB5
193652at7147	OZ287660.1	124423994.5	DB3A	DB3A
193698at7147	OZ287660.1	69922679.5	NA	NA
193727at7147	OZ287660.1	121049320.5	NA	NA
193757at7147	OZ287661.1	12701199.5	DB3B	DB3B
193781at7147	OZ287663.1	10143248.5	DB5	DB5
193917at7147	OZ287661.1	5212353.0	DB4B	DB4B
193941at7147	OZ287660.1	21112955.5	DB4A	DB4A
193947at7147	OZ287661.1	106969037.0	DB4B	DB4B
193949at7147	OZ287662.1	52137503.0	DB2A	DB2A
194212at7147	OZ287662.1	42146315.0	DB1A	DB1A
194287at7147	OZ287662.1	14697388.5	DB1A	DB1A
194345at7147	OZ287664.1	7927548.5	DB2B	DB2B
194370at7147	OZ287663.1	49584852.5	DB5	DB5
194578at7147	OZ287660.1	159477834.0	DB3A	DB3A
194600at7147	OZ287664.1	8179365.5	DB2B	DB2B
194613at7147	OZ287663.1	91775282.5	DB5	DB5
194811at7147	OZ287664.1	16818631.0	DB2B	DB2B
194890at7147	OZ287660.1	119242215.5	DB3A	DB3A
195027at7147	OZ287661.1	5983835.0	DB3B	DB3B
195027at7147	OZ287661.1	5947892.5	DB3B	DB3B
195060at7147	OZ287661.1	25104899.5	DB4B	DB4B
195214at7147	OZ287661.1	107518075.5	DB3B	DB3B
195218at7147	OZ287660.1	109377769.5	NA	NA
195384at7147	OZ287662.1	27685657.0	DB1A	DB1A
195477at7147	OZ287660.1	142772963.0	DB3A	DB3A
195495at7147	OZ287660.1	161252222.5	DB1B	DB1B
195531at7147	OZ287660.1	155711348.0	DB3A	DB3A
195925at7147	OZ287663.1	3460178.5	DB5	DB5
195977at7147	OZ287660.1	141332205.0	DB3A	DB3A
196109at7147	OZ287662.1	27147131.0	DB1A	DB1A
196120at7147	OZ287661.1	115946482.0	DB4B	DB4B
196145at7147	OZ287663.1	55085061.5	DB5	DB5
196269at7147	OZ287660.1	161950879.0	DB3A	DB3A
196429at7147	OZ287660.1	5570555.5	DB4A	DB4A
196431at7147	OZ287664.1	92645875.0	DB1B	DB1B
196501at7147	OZ287662.1	53408114.0	DB1A	DB1A
196881at7147	OZ287664.1	79256881.0	DB1B	DB1B
196974at7147	OZ287662.1	96536298.5	DB2A	DB2A
196989at7147	OZ287664.1	28892149.5	DB2B	DB2B
197070at7147	OZ287661.1	983003.0	DB3B	DB3B
197135at7147	OZ287661.1	114153710.5	DB4B	DB4B
197152at7147	OZ287661.1	119257777.5	DB4B	DB4B
197174at7147	OZ287662.1	16649448.5	DB2B	DB2B
197196at7147	OZ287661.1	56249785.0	DB3B	DB3B
197207at7147	OZ287661.1	3076063.5	DB3B	DB3B
197278at7147	OZ287661.1	104064194.0	DB4A	DB4A
197370at7147	OZ287663.1	49477633.0	DB5	DB5
197375at7147	OZ287660.1	137785889.5	DB3A	DB3A
197411at7147	OZ287662.1	115355220.0	DB1A	DB1A
197434at7147	OZ287660.1	144426.5	DB4A	DB4A
197467at7147	OZ287663.1	51013248.0	DB5	DB5
197512at7147	OZ287661.1	54096152.0	DB5	DB5
197539at7147	OZ287660.1	154582823.5	DB3A	DB3A
197548at7147	OZ287664.1	105193516.0	DB1B	DB1B
197569at7147	OZ287662.1	90465155.5	DB2A	DB2A
197632at7147	OZ287660.1	131366365.5	DB4A	DB4A
197691at7147	OZ287662.1	42134148.5	DB1A	DB1A
197783at7147	OZ287664.1	97322844.5	DB1B	DB1B
197875at7147	OZ287660.1	97778249.5	DB3A	DB3A
197894at7147	OZ287661.1	105800555.0	DB3B	DB3B
197948at7147	OZ287661.1	106245648.5	DB3B	DB3B
197958at7147	OZ287662.1	55452812.5	DB1A	DB1A
198148at7147	OZ287664.1	16338443.0	DB2B	DB2B
198185at7147	OZ287663.1	91786930.5	DB5	DB5
198230at7147	OZ287664.1	100745738.0	DB2A	DB2A
198277at7147	OZ287660.1	10228301.0	DB4A	DB4A
198415at7147	OZ287664.1	92777340.0	DB1B	DB1B
198499at7147	OZ287663.1	11523563.5	DB5	DB5
198673at7147	OZ287661.1	112340846.5	DB4B	DB4B
198742at7147	OZ287663.1	107114124.0	DB4A	DB4A
199143at7147	OZ287663.1	41326957.5	DB5	DB5
199405at7147	OZ287660.1	93241455.0	DB3A	DB3A
199444at7147	OZ287661.1	68642078.0	DB3B	DB3B
199473at7147	OZ287662.1	3279369.5	DB1A	DB1A
199531at7147	OZ287660.1	530656.5	DB4A	DB4A
199566at7147	OZ287663.1	56937412.5	DB5	DB5
199581at7147	OZ287660.1	19878853.0	DB5	DB5
199691at7147	OZ287661.1	104073145.0	NA	NA
199717at7147	OZ287664.1	97835825.5	DB1B	DB1B
199997at7147	OZ287664.1	867898.5	DB2A	DB2A
200062at7147	OZ287660.1	41957246.5	DB4B	DB4B
200390at7147	OZ287661.1	2511817.0	DB3B	DB3B
200445at7147	OZ287663.1	92487722.5	DB2B	DB2B
200486at7147	OZ287664.1	32465987.0	DB2B	DB2B
200534at7147	OZ287664.1	8141748.5	DB2B	DB2B
200550at7147	OZ287664.1	1677020.5	DB2B	DB2B
200590at7147	OZ287660.1	108839416.0	DB3A	DB3A
200668at7147	OZ287664.1	16430738.0	DB2B	DB2B
200695at7147	OZ287660.1	94260689.5	DB3A	DB3A
200880at7147	OZ287664.1	23021574.5	DB2B	DB2B
200996at7147	OZ287662.1	29032665.5	DB1A	DB1A
201121at7147	OZ287662.1	46235268.0	DB1A	DB1A
201178at7147	OZ287660.1	129466789.0	DB3A	DB3A
201194at7147	OZ287661.1	16408249.5	DB4B	DB4B
201214at7147	OZ287663.1	88612305.0	DB5	DB5
201450at7147	OZ287661.1	11126595.0	DB3B	DB3B
201478at7147	OZ287664.1	100763615.5	DB1B	DB1B
201709at7147	OZ287660.1	3278211.0	DB4A	DB4A
201766at7147	OZ287664.1	13297277.0	DB2B	DB2B
201808at7147	OZ287663.1	92945517.0	DB5	DB5
201825at7147	OZ287664.1	81952656.5	DB1B	DB1B
201874at7147	OZ287663.1	31228578.5	DB5	DB5
201937at7147	OZ287662.1	29021175.0	DB1A	DB1A
202022at7147	OZ287663.1	97511992.5	DB5	DB5
202039at7147	OZ287660.1	36174755.0	DB2B	DB2B
202071at7147	OZ287663.1	97851695.5	DB5	DB5
202134at7147	OZ287660.1	18867486.0	DB4A	DB4A
202191at7147	OZ287663.1	103648095.0	DB5	DB5
202222at7147	OZ287662.1	7717904.0	DB1A	DB1A
202373at7147	OZ287660.1	19014815.0	DB4A	DB4A
202441at7147	OZ287660.1	152366533.5	DB3A	DB3A
202451at7147	OZ287663.1	16115811.0	DB2B	DB2B
202479at7147	OZ287664.1	101702255.0	DB2B	DB2B
202522at7147	OZ287662.1	22222655.5	DB1A	DB1A
202525at7147	OZ287662.1	97164984.5	DB2A	DB2A
202603at7147	OZ287660.1	10587039.5	DB4A	DB4A
202622at7147	OZ287663.1	73641183.0	NA	NA
202637at7147	OZ287661.1	117240407.5	DB5	DB5
202679at7147	OZ287661.1	108080498.5	DB4B	DB4B
202692at7147	OZ287664.1	87708456.5	DB1B	DB1B
202862at7147	OZ287660.1	104251671.0	DB3A	DB3A
202948at7147	OZ287660.1	11719023.0	DB4A	DB4A
202954at7147	OZ287662.1	22530596.5	DB1B	DB1B
202970at7147	OZ287660.1	148893832.5	DB3A	DB3A
203027at7147	OZ287663.1	37395273.5	DB5	DB5
203057at7147	OZ287662.1	22819608.0	DB2B	DB2B
203345at7147	OZ287662.1	115769157.0	DB1A	DB1A
203388at7147	OZ287661.1	117210232.0	DB1B	DB1B
203403at7147	OZ287660.1	155715396.5	DB3A	DB3A
203444at7147	OZ287662.1	42074837.5	DB1A	DB1A
203551at7147	OZ287663.1	92540373.5	DB5	DB5
203569at7147	OZ287661.1	22924381.5	DB3B	DB3B
203576at7147	OZ287662.1	115352885.5	DB2A	DB2A
203671at7147	OZ287664.1	16555754.5	DB2B	DB2B
203695at7147	OZ287662.1	51748851.0	DB1A	DB1A
203733at7147	OZ287662.1	20226939.0	DB1A	DB1A
203893at7147	OZ287663.1	14527734.5	DB5	DB5
203903at7147	OZ287664.1	88509401.5	DB1B	DB1B
203937at7147	OZ287662.1	48348705.5	DB1B	DB1B
204032at7147	OZ287663.1	20298227.5	DB5	DB5
204035at7147	OZ287660.1	138068776.5	DB3A	DB3A
204057at7147	OZ287661.1	11648536.5	DB3B	DB3B
204218at7147	OZ287664.1	39084004.0	DB1B	DB1B
204245at7147	OZ287662.1	541344.5	DB1A	DB1A
204329at7147	OZ287663.1	4082298.0	DB5	DB5
204348at7147	OZ287664.1	17499105.0	DB2B	DB2B
204383at7147	OZ287661.1	24731206.0	DB4B	DB4B
204426at7147	OZ287660.1	119131915.0	DB3A	DB3A
204443at7147	OZ287662.1	93234540.0	DB2A	DB2A
204476at7147	OZ287660.1	93153916.5	DB3A	DB3A
204530at7147	OZ287662.1	20222691.5	DB1A	DB1A
204542at7147	OZ287662.1	115000003.0	DB2A	DB2A
204566at7147	OZ287662.1	37558426.0	DB1A	DB1A
204581at7147	OZ287663.1	49352163.0	DB5	DB5
204616at7147	OZ287660.1	51174287.5	DB4A	DB4A
204706at7147	OZ287660.1	24169943.5	DB4A	DB4A
204754at7147	OZ287661.1	5880260.0	DB3B	DB3B
205197at7147	OZ287660.1	36627089.5	DB4A	DB4A
205199at7147	OZ287664.1	106969792.5	DB1B	DB1B
205264at7147	OZ287663.1	102295341.5	DB5	DB5
205381at7147	OZ287663.1	638828.5	DB5	DB5
205395at7147	OZ287663.1	86695540.5	DB2B	DB2B
205421at7147	OZ287661.1	16416246.5	DB4A	DB4A
205542at7147	OZ287660.1	83530133.0	DB3A	DB3A
205547at7147	OZ287660.1	30274328.5	DB4A	DB4A
205559at7147	OZ287662.1	1840742.5	DB1A	DB1A
205575at7147	OZ287664.1	61443194.5	DB1B	DB1B
205624at7147	OZ287663.1	97783061.5	DB5	DB5
205742at7147	OZ287661.1	54536594.5	DB3B	DB3B
205813at7147	OZ287662.1	38458372.0	DB1A	DB1A
206125at7147	OZ287664.1	10272361.0	DB2B	DB2B
206246at7147	OZ287660.1	104168732.5	DB3A	DB3A
206281at7147	OZ287662.1	3148663.5	DB1A	DB1A
206361at7147	OZ287661.1	11805428.5	DB3B	DB3B
206372at7147	OZ287662.1	100493715.0	DB1A	DB1A
206399at7147	OZ287664.1	73200223.5	DB1B	DB1B
206632at7147	OZ287664.1	101314587.0	DB4B	DB4B
206669at7147	OZ287664.1	2208602.0	DB4A	DB4A
206736at7147	OZ287660.1	56863894.5	DB4A	DB4A
206750at7147	OZ287663.1	96266206.5	DB5	DB5
206872at7147	OZ287664.1	88917698.5	DB1B	DB1B
206914at7147	OZ287663.1	108471360.5	DB5	DB5
206928at7147	OZ287663.1	84903475.0	DB5	DB5
206995at7147	OZ287664.1	81460819.0	DB1B	DB1B
207042at7147	OZ287663.1	109866664.0	DB5	DB5
207078at7147	OZ287662.1	3357823.5	DB1A	DB1A
207122at7147	OZ287664.1	91594403.0	DB1B	DB1B
207163at7147	OZ287663.1	16277022.0	DB2B	DB2B
207316at7147	OZ287661.1	90988326.5	NA	NA
207337at7147	OZ287663.1	14550361.5	DB5	DB5
207348at7147	OZ287664.1	14544228.0	NA	NA
207353at7147	OZ287660.1	28023892.5	DB3A	DB3A
207465at7147	OZ287664.1	80278195.5	DB1B	DB1B
207472at7147	OZ287660.1	33537667.5	DB4A	DB4A
207537at7147	OZ287661.1	6000272.0	DB3B	DB3B
207748at7147	OZ287661.1	777715.5	DB3B	DB3B
207803at7147	OZ287664.1	10114334.0	DB3A	DB3A
207846at7147	OZ287664.1	104671800.5	DB1B	DB1B
207901at7147	OZ287660.1	131780692.5	DB3A	DB3A
208352at7147	OZ287661.1	119556628.5	DB4B	DB4B
208373at7147	OZ287663.1	11498628.0	DB5	DB5
208522at7147	OZ287664.1	29807865.5	DB2B	DB2B
208542at7147	OZ287661.1	24340366.5	DB3B	DB3B
208604at7147	OZ287663.1	9088083.0	DB5	DB5
208964at7147	OZ287660.1	76178480.5	DB3A	DB3A
209049at7147	OZ287663.1	31196665.0	DB5	DB5
209237at7147	OZ287663.1	91587258.5	DB2B	DB2B
209274at7147	OZ287663.1	92868227.0	DB5	DB5
209312at7147	OZ287662.1	70173243.0	DB1A	DB1A
209356at7147	OZ287662.1	100610352.0	DB2B	DB2B
209407at7147	OZ287661.1	121080757.5	DB4B	DB4B
209540at7147	OZ287660.1	88641733.5	DB3A	DB3A
209603at7147	OZ287664.1	74919452.5	DB1B	DB1B
209639at7147	OZ287660.1	26065694.5	DB4A	DB4A
209679at7147	OZ287661.1	100797002.0	DB3B	DB3B
209900at7147	OZ287662.1	92803555.5	DB5	DB5
209924at7147	OZ287662.1	14687771.5	DB1A	DB1A
209963at7147	OZ287662.1	42076471.0	DB1A	DB1A
210040at7147	OZ287663.1	103824344.0	DB5	DB5
210072at7147	OZ287661.1	15853185.5	DB3B	DB3B
210074at7147	OZ287663.1	97292133.0	DB5	DB5
210106at7147	OZ287661.1	118185804.5	DB4A	DB4A
210122at7147	OZ287660.1	161651157.0	DB3A	DB3A
210188at7147	OZ287663.1	106938379.0	DB5	DB5
210193at7147	OZ287662.1	7404534.0	DB1A	DB1A
210318at7147	OZ287660.1	157120141.5	DB1B	DB1B
210564at7147	OZ287664.1	64325099.0	DB1B	DB1B
210598at7147	OZ287663.1	34618577.5	DB5	DB5
210628at7147	OZ287661.1	112487358.0	NA	NA
210768at7147	OZ287660.1	36108447.5	DB3A	DB3A
210782at7147	OZ287663.1	26898900.5	DB5	DB5
210867at7147	OZ287660.1	24052838.0	DB4A	DB4A
211171at7147	OZ287664.1	85144797.0	DB6	DB6
211293at7147	OZ287663.1	4682458.0	DB5	DB5
211325at7147	OZ287663.1	23294366.0	DB5	DB5
211337at7147	OZ287663.1	23467366.5	DB5	DB5
211390at7147	OZ287662.1	115454801.5	DB1A	DB1A
211427at7147	OZ287660.1	104449326.5	DB3A	DB3A
211486at7147	OZ287664.1	66827096.5	DB1B	DB1B
211613at7147	OZ287663.1	107091721.5	DB5	DB5
211619at7147	OZ287660.1	108474496.5	DB4A	DB4A
211637at7147	OZ287660.1	2066030.5	DB4A	DB4A
211705at7147	OZ287661.1	52782006.5	DB3B	DB3B
211758at7147	OZ287660.1	79140602.5	NA	NA
211769at7147	OZ287664.1	12896354.0	DB2B	DB2B
211833at7147	OZ287662.1	9857087.5	DB1A	DB1A
211840at7147	OZ287660.1	50552226.0	DB4A	DB4A
211848at7147	OZ287663.1	92471554.5	DB5	DB5
211944at7147	OZ287664.1	32198912.0	DB2B	DB2B
211985at7147	OZ287660.1	99747021.0	DB3A	DB3A
212046at7147	OZ287662.1	1872796.0	DB1A	DB1A
212066at7147	OZ287663.1	27073889.5	DB2A	DB2A
212151at7147	OZ287663.1	774903.0	DB5	DB5
212446at7147	OZ287664.1	20050504.0	DB2B	DB2B
212459at7147	OZ287663.1	104853247.0	DB5	DB5
212485at7147	OZ287660.1	47033954.0	DB4A	DB4A
212660at7147	OZ287662.1	96533085.0	DB2A	DB2A
212670at7147	OZ287662.1	112551859.5	DB6	DB6
212769at7147	OZ287664.1	88205417.5	DB1B	DB1B
212800at7147	OZ287661.1	24335794.0	DB3B	DB3B
213045at7147	OZ287664.1	102882572.5	DB2B	DB2B
213130at7147	OZ287663.1	9436436.5	DB5	DB5
213316at7147	OZ287660.1	142672947.0	DB3A	DB3A
213386at7147	OZ287660.1	129291300.5	DB3B	DB3B
213406at7147	OZ287664.1	18913018.0	DB2B	DB2B
213523at7147	OZ287662.1	98371472.0	DB2A	DB2A
213540at7147	OZ287664.1	92234495.5	DB1B	DB1B
213638at7147	OZ287664.1	1174750.0	NA	NA
213774at7147	OZ287662.1	10128341.0	DB1A	DB1A
213839at7147	OZ287662.1	100500231.0	DB1A	DB1A
214054at7147	OZ287660.1	32659978.0	DB4A	DB4A
214054at7147	OZ287660.1	32705092.0	DB4A	DB4A
214256at7147	OZ287660.1	131063966.5	NA	NA
214308at7147	OZ287660.1	131420039.0	DB1B	DB1B
214315at7147	OZ287660.1	108826358.0	DB3A	DB3A
214371at7147	OZ287662.1	97375289.5	DB2A	DB2A
214452at7147	OZ287660.1	49052523.5	DB4A	DB4A
214518at7147	OZ287662.1	17367889.5	DB3B	DB3B
214546at7147	OZ287661.1	15891653.0	DB3B	DB3B
214607at7147	OZ287661.1	108944375.5	DB4B	DB4B
214620at7147	OZ287662.1	103194133.0	DB2A	DB2A
214635at7147	OZ287663.1	9044419.5	DB5	DB5
214644at7147	OZ287662.1	19937518.0	DB1A	DB1A
214663at7147	OZ287660.1	11094923.0	DB4A	DB4A
214703at7147	OZ287661.1	113958145.5	DB4B	DB4B
214763at7147	OZ287661.1	65142614.5	DB3B	DB3B
214843at7147	OZ287661.1	27399075.5	DB4B	DB4B
214894at7147	OZ287664.1	79652192.0	DB3A	DB3A
214968at7147	OZ287663.1	66554718.5	DB1A	DB1A
215117at7147	OZ287662.1	37543585.0	DB1A	DB1A
215197at7147	OZ287663.1	4692478.5	DB5	DB5
215373at7147	OZ287664.1	24234121.5	DB2B	DB2B
215410at7147	OZ287660.1	9795698.0	DB4A	DB4A
215452at7147	OZ287662.1	4607847.0	DB1A	DB1A
215518at7147	OZ287664.1	3197218.5	DB2B	DB2B
215748at7147	OZ287660.1	142840976.0	DB3A	DB3A
215814at7147	OZ287660.1	141475771.0	DB3A	DB3A
215847at7147	OZ287664.1	86277288.0	DB1B	DB1B
215856at7147	OZ287662.1	9546575.5	DB1A	DB1A
215874at7147	OZ287664.1	71764297.0	DB2A	DB2A
215907at7147	OZ287660.1	39487254.5	DB4A	DB4A
216182at7147	OZ287661.1	118163452.5	DB4B	DB4B
216212at7147	OZ287663.1	9490037.5	DB5	DB5
216533at7147	OZ287661.1	116214993.0	DB3B	DB3B
216744at7147	OZ287660.1	162041040.5	DB3A	DB3A
216747at7147	OZ287660.1	161018688.0	DB3A	DB3A
216784at7147	OZ287660.1	119238900.5	DB3A	DB3A
216792at7147	OZ287663.1	3104742.0	DB5	DB5
216811at7147	OZ287661.1	21457330.5	DB3B	DB3B
216894at7147	OZ287663.1	54221014.5	DB5	DB5
216919at7147	OZ287661.1	82265385.5	DB3A	DB3A
217122at7147	OZ287661.1	108524394.0	DB4B	DB4B
217194at7147	OZ287662.1	67799513.0	DB1A	DB1A
217300at7147	OZ287660.1	121260987.0	DB3A	DB3A
217331at7147	OZ287660.1	33772521.5	DB4A	DB4A
217495at7147	OZ287664.1	102119829.0	DB1B	DB1B
217498at7147	OZ287661.1	16192911.5	DB3B	DB3B
217553at7147	OZ287663.1	95020948.0	DB2B	DB2B
217739at7147	OZ287663.1	110038434.5	DB1A	DB1A
217749at7147	OZ287662.1	97319967.0	DB2A	DB2A
217863at7147	OZ287660.1	66678712.5	NA	NA
217885at7147	OZ287660.1	9605276.0	DB4A	DB4A
217926at7147	OZ287661.1	26133609.5	DB5	DB5
217997at7147	OZ287664.1	10726172.0	DB2B	DB2B
217999at7147	OZ287661.1	13216750.5	DB3B	DB3B
218025at7147	OZ287662.1	46631887.0	DB1A	DB1A
218090at7147	OZ287661.1	86537032.0	DB6	DB6
218193at7147	OZ287664.1	15683612.5	DB2B	DB2B
218216at7147	OZ287662.1	3182329.0	DB1A	DB1A
218232at7147	OZ287660.1	7309877.5	DB4A	DB4A
218238at7147	OZ287661.1	100986297.0	DB4B	DB4B
218305at7147	OZ287661.1	122481046.5	DB4B	DB4B
218314at7147	OZ287661.1	120504164.0	DB4B	DB4B
218373at7147	OZ287664.1	95828083.5	DB1B	DB1B
218465at7147	OZ287663.1	25806535.0	DB5	DB5
218652at7147	OZ287660.1	121673190.0	DB3A	DB3A
218662at7147	OZ287662.1	16013907.5	DB1A	DB1A
218702at7147	OZ287660.1	40641382.5	DB4A	DB4A
218711at7147	OZ287661.1	62537894.5	DB4B	DB4B
218834at7147	OZ287660.1	25848799.5	DB4A	DB4A
218877at7147	OZ287661.1	120070172.0	DB3B	DB3B
218974at7147	OZ287662.1	13708003.0	DB3B	DB3B
219080at7147	OZ287663.1	107601912.5	DB2B	DB2B
219089at7147	OZ287662.1	61064616.0	DB1A	DB1A
219217at7147	OZ287662.1	115990604.0	DB2A	DB2A
219266at7147	OZ287663.1	64434841.5	DB5	DB5
219340at7147	OZ287661.1	107885805.0	DB3B	DB3B
219502at7147	OZ287660.1	81054557.0	DB1A	DB1A
219582at7147	OZ287663.1	99722730.0	DB5	DB5
219621at7147	OZ287660.1	128946052.0	DB3A	DB3A
219671at7147	OZ287660.1	26071926.0	DB3A	DB3A
219689at7147	OZ287660.1	134207973.5	DB4B	DB4B
219709at7147	OZ287662.1	12477015.5	DB1A	DB1A
219748at7147	OZ287662.1	17507757.5	DB4A	DB4A
219749at7147	OZ287660.1	24033018.5	DB5	DB5
219782at7147	OZ287660.1	3874378.0	DB4A	DB4A
219819at7147	OZ287661.1	116556626.0	DB4B	DB4B
219976at7147	OZ287662.1	52142941.5	DB2A	DB2A
219991at7147	OZ287664.1	20101722.0	DB2B	DB2B
220058at7147	OZ287664.1	17475106.0	DB2B	DB2B
220196at7147	OZ287663.1	75110005.0	DB5	DB5
220211at7147	OZ287663.1	89011647.0	DB5	DB5
220279at7147	OZ287660.1	11671762.5	DB4A	DB4A
220289at7147	OZ287664.1	4250821.5	DB2B	DB2B
220377at7147	OZ287660.1	36172006.0	DB6	DB6
220528at7147	OZ287663.1	75086996.0	DB3B	DB3B
220544at7147	OZ287660.1	24803848.0	DB1A	DB1A
220551at7147	OZ287664.1	66122748.0	DB1B	DB1B
220756at7147	OZ287663.1	7456039.5	DB5	DB5
220802at7147	OZ287663.1	107732402.5	DB5	DB5
220877at7147	OZ287664.1	102780496.0	DB1B	DB1B
220933at7147	OZ287661.1	119498625.5	DB5	DB5
220949at7147	OZ287663.1	4615418.0	DB5	DB5
220952at7147	OZ287661.1	3698413.5	DB3B	DB3B
221120at7147	OZ287662.1	63684683.0	DB1A	DB1A
221190at7147	OZ287663.1	34203429.0	DB5	DB5
221229at7147	OZ287664.1	20093704.0	DB1B	DB1B
221352at7147	OZ287663.1	103233217.5	DB6	DB6
221587at7147	OZ287661.1	11173943.5	DB3B	DB3B
221712at7147	OZ287660.1	83273734.0	DB3A	DB3A
221767at7147	OZ287662.1	33769246.0	DB1A	DB1A
221772at7147	OZ287662.1	70522933.0	DB1A	DB1A
221779at7147	OZ287660.1	82000394.5	DB3A	DB3A
221865at7147	OZ287664.1	103786809.0	DB1B	DB1B
221947at7147	OZ287660.1	158542490.0	NA	NA
221955at7147	OZ287660.1	37555905.5	DB4A	DB4A
221957at7147	OZ287663.1	97861010.0	DB5	DB5
222038at7147	OZ287662.1	20194492.5	DB1A	DB1A
222040at7147	OZ287660.1	118997204.0	DB3A	DB3A
222109at7147	OZ287663.1	39642695.0	DB5	DB5
222145at7147	OZ287661.1	106638681.5	DB4B	DB4B
222175at7147	OZ287660.1	140133277.5	DB3A	DB3A
222228at7147	OZ287662.1	118567516.5	DB2A	DB2A
222283at7147	OZ287661.1	111356906.5	NA	NA
222421at7147	OZ287664.1	85346760.5	DB1B	DB1B
222425at7147	OZ287660.1	161718421.0	DB3A	DB3A
222652at7147	OZ287660.1	24777080.5	DB6	DB6
222668at7147	OZ287660.1	146534009.0	DB3A	DB3A
222703at7147	OZ287663.1	4604771.5	DB5	DB5
222783at7147	OZ287663.1	23440851.5	DB5	DB5
222790at7147	OZ287663.1	57836592.0	DB5	DB5
222834at7147	OZ287663.1	9898994.0	NA	NA
222873at7147	OZ287661.1	5851602.0	DB4B	DB4B
222906at7147	OZ287664.1	12823121.0	NA	NA
222932at7147	OZ287661.1	11578469.5	DB3B	DB3B
223201at7147	OZ287661.1	45130845.5	DB3B	DB3B
223263at7147	OZ287664.1	87652351.5	DB1B	DB1B
223496at7147	OZ287663.1	32079917.5	DB5	DB5
223623at7147	OZ287660.1	104131804.0	DB3A	DB3A
223645at7147	OZ287661.1	120596381.0	DB4B	DB4B
223744at7147	OZ287661.1	10195818.5	DB4B	DB4B
223772at7147	OZ287664.1	97432422.0	DB6	DB6
223792at7147	OZ287662.1	96074533.0	DB2A	DB2A
223822at7147	OZ287661.1	105921830.0	DB3B	DB3B
223865at7147	OZ287664.1	101893598.5	DB2B	DB2B
223877at7147	OZ287663.1	13405130.5	DB5	DB5
223939at7147	OZ287663.1	9483311.5	DB2A	DB2A
223992at7147	OZ287660.1	16227425.5	DB4A	DB4A
224130at7147	OZ287662.1	46225936.5	DB1A	DB1A
224146at7147	OZ287664.1	15527379.5	DB2B	DB2B
224266at7147	OZ287661.1	11661550.5	DB3B	DB3B
224392at7147	OZ287663.1	4776714.5	DB5	DB5
224410at7147	OZ287660.1	7059081.5	DB4A	DB4A
224411at7147	OZ287664.1	64611854.0	DB1B	DB1B
224474at7147	OZ287660.1	131525062.0	DB3A	DB3A
224516at7147	OZ287661.1	11788315.0	DB3B	DB3B
224606at7147	OZ287660.1	81948228.5	DB3A	DB3A
224754at7147	OZ287663.1	34059271.5	DB5	DB5
224781at7147	OZ287662.1	52131351.0	DB1A	DB1A
224801at7147	OZ287662.1	42158924.0	DB1A	DB1A
224872at7147	OZ287664.1	76860105.0	DB1B	DB1B
224916at7147	OZ287661.1	12685116.5	DB3B	DB3B
224956at7147	OZ287661.1	11345322.5	DB6	DB6
224995at7147	OZ287663.1	96618911.0	DB5	DB5
225053at7147	OZ287663.1	31363704.0	DB5	DB5
225082at7147	OZ287664.1	35140116.5	NA	NA
225239at7147	OZ287662.1	90513074.5	DB2A	DB2A
225425at7147	OZ287662.1	43297828.0	DB1A	DB1A
225427at7147	OZ287660.1	131902640.5	DB3A	DB3A
225447at7147	OZ287660.1	51194590.0	DB4A	DB4A
225536at7147	OZ287660.1	133183814.0	NA	NA
225581at7147	OZ287661.1	20141955.0	DB3B	DB3B
225633at7147	OZ287661.1	14635767.0	NA	NA
225812at7147	OZ287664.1	88461590.5	DB1B	DB1B
225854at7147	OZ287660.1	10459848.5	NA	NA
225861at7147	OZ287664.1	8996426.0	DB1B	DB1B
226095at7147	OZ287660.1	56979813.5	DB4A	DB4A
226095at7147	OZ287664.1	12456078.0	DB4A	DB4A
226105at7147	OZ287662.1	117585263.0	DB1B	DB1B
226119at7147	OZ287663.1	101015233.5	DB5	DB5
226451at7147	OZ287660.1	142793595.0	DB5	DB5
226519at7147	OZ287664.1	63774669.5	NA	NA
226641at7147	OZ287660.1	102805965.5	DB3A	DB3A
226656at7147	OZ287663.1	20139366.5	DB5	DB5
226661at7147	OZ287660.1	32514658.5	DB4B	DB4B
226671at7147	OZ287660.1	23069127.0	DB4A	DB4A
226747at7147	OZ287661.1	45910403.0	NA	NA
226750at7147	OZ287664.1	17514263.0	DB2B	DB2B
226752at7147	OZ287661.1	5777154.5	DB3B	DB3B
226864at7147	OZ287662.1	31430995.5	DB2B	DB2B
226878at7147	OZ287660.1	158495505.5	NA	NA
227055at7147	OZ287661.1	31081281.0	DB4B	DB4B
227061at7147	OZ287661.1	106610809.0	DB4B	DB4B
227250at7147	OZ287663.1	8271849.5	DB5	DB5
227327at7147	OZ287660.1	32204525.5	DB4A	DB4A
227369at7147	OZ287660.1	118275408.0	DB3A	DB3A
227395at7147	OZ287661.1	56188489.5	DB4B	DB4B
227410at7147	OZ287662.1	18526965.0	DB1A	DB1A
227440at7147	OZ287664.1	81548540.5	DB1B	DB1B
227465at7147	OZ287664.1	77245781.0	DB1B	DB1B
227473at7147	OZ287661.1	12646233.5	DB3B	DB3B
227680at7147	OZ287660.1	32507877.5	DB1B	DB1B
227682at7147	OZ287663.1	4465281.5	DB5	DB5
227814at7147	OZ287664.1	95168841.0	DB1B	DB1B
227847at7147	OZ287660.1	98244376.0	DB3A	DB3A
227886at7147	OZ287664.1	107129506.0	DB1B	DB1B
227899at7147	OZ287664.1	10204531.0	DB1A	DB1A
228058at7147	OZ287664.1	26642070.5	DB2B	DB2B
228369at7147	OZ287663.1	86488417.0	DB5	DB5
228410at7147	OZ287661.1	95889442.0	NA	NA
228439at7147	OZ287660.1	145148630.0	DB3A	DB3A
228569at7147	OZ287661.1	5170680.5	DB3B	DB3B
228587at7147	OZ287661.1	41915507.5	DB3B	DB3B
228725at7147	OZ287664.1	83098627.5	DB3A	DB3A
228740at7147	OZ287662.1	18398704.0	DB6	DB6
228997at7147	OZ287663.1	75815759.5	DB5	DB5
229026at7147	OZ287664.1	17946329.0	DB2B	DB2B
229091at7147	OZ287662.1	35611766.0	DB1A	DB1A
229094at7147	OZ287660.1	36244797.5	DB4A	DB4A
229124at7147	OZ287663.1	25349289.5	DB5	DB5
229132at7147	OZ287664.1	64402662.0	DB1B	DB1B
229153at7147	OZ287663.1	104241297.5	DB2B	DB2B
229217at7147	OZ287663.1	75052942.5	DB5	DB5
229334at7147	OZ287663.1	16133967.0	DB5	DB5
229391at7147	OZ287660.1	81792941.0	DB3A	DB3A
229432at7147	OZ287664.1	103713013.0	DB1B	DB1B
229492at7147	OZ287660.1	53730412.5	DB4A	DB4A
229672at7147	OZ287660.1	145419255.0	DB3A	DB3A
229756at7147	OZ287662.1	90240577.0	DB5	DB5
229769at7147	OZ287661.1	34314604.5	DB3B	DB3B
229817at7147	OZ287662.1	44691417.5	DB1A	DB1A
229842at7147	OZ287661.1	122218292.5	DB2B	DB2B
229985at7147	OZ287664.1	90528308.5	DB1B	DB1B
230011at7147	OZ287661.1	60785432.0	DB4B	DB4B
230093at7147	OZ287661.1	62625597.5	DB2B	DB2B
230100at7147	OZ287664.1	87740958.0	DB1B	DB1B
230103at7147	OZ287660.1	95556782.5	DB3A	DB3A
230158at7147	OZ287664.1	4234996.5	DB6	DB6
230190at7147	OZ287662.1	114321105.5	DB1A	DB1A
230195at7147	OZ287663.1	73918889.5	DB5	DB5
230202at7147	OZ287663.1	45353829.5	DB5	DB5
230211at7147	OZ287663.1	19478106.0	DB5	DB5
230372at7147	OZ287660.1	11674072.0	DB4A	DB4A
230403at7147	OZ287663.1	99762437.0	DB5	DB5
230416at7147	OZ287662.1	92730363.0	DB2A	DB2A
230420at7147	OZ287664.1	1512345.0	DB1B	DB1B
230721at7147	OZ287662.1	17928734.5	DB1A	DB1A
230730at7147	OZ287664.1	22501753.0	DB2B	DB2B
230733at7147	OZ287660.1	21087392.0	DB4A	DB4A
230735at7147	OZ287664.1	23292339.0	DB2B	DB2B
230818at7147	OZ287660.1	159903065.0	DB3A	DB3A
230877at7147	OZ287660.1	28630680.0	DB4A	DB4A
230928at7147	OZ287664.1	17551984.5	DB2B	DB2B
231005at7147	OZ287664.1	13086273.0	DB1B	DB1B
231038at7147	OZ287664.1	16496734.0	DB2B	DB2B
231059at7147	OZ287664.1	8375870.5	DB2B	DB2B
231117at7147	OZ287661.1	47282487.5	DB3B	DB3B
231185at7147	OZ287664.1	88627506.5	NA	NA
231212at7147	OZ287663.1	103235472.0	DB5	DB5
231288at7147	OZ287661.1	14859486.0	DB4B	DB4B
231288at7147	OZ287661.1	14877307.0	DB4B	DB4B
231315at7147	OZ287663.1	109844470.5	DB5	DB5
231446at7147	OZ287663.1	108855725.5	NA	NA
231500at7147	OZ287661.1	117316309.0	DB2A	DB2A
231519at7147	OZ287660.1	39504375.5	DB1A	DB1A
231607at7147	OZ287663.1	38700901.5	DB4B	DB4B
231675at7147	OZ287660.1	147977632.5	DB3A	DB3A
231846at7147	OZ287664.1	74333254.5	DB1B	DB1B
231889at7147	OZ287662.1	117673189.0	DB2A	DB2A
231937at7147	OZ287662.1	99137813.5	DB2A	DB2A
232030at7147	OZ287660.1	154286539.0	DB3A	DB3A
232153at7147	OZ287660.1	150352818.0	DB2B	DB2B
232174at7147	OZ287662.1	48914650.5	DB1A	DB1A
232297at7147	OZ287662.1	109482952.5	DB1A	DB1A
232366at7147	OZ287662.1	46010891.0	DB1A	DB1A
232528at7147	OZ287661.1	1312911.0	DB3B	DB3B
232531at7147	OZ287660.1	3843346.0	DB4A	DB4A
232552at7147	OZ287660.1	140397512.5	DB3A	DB3A
232603at7147	OZ287663.1	9881656.5	DB5	DB5
232624at7147	OZ287660.1	36684034.5	DB4A	DB4A
232669at7147	OZ287664.1	101887382.5	DB2B	DB2B
232701at7147	OZ287660.1	10876433.5	DB4A	DB4A
232800at7147	OZ287663.1	6645371.0	DB5	DB5
232822at7147	OZ287660.1	36910240.5	DB3B	DB3B
232835at7147	OZ287661.1	35792493.0	DB4B	DB4B
232952at7147	OZ287660.1	94105265.5	DB3A	DB3A
232966at7147	OZ287664.1	8933942.0	DB2B	DB2B
232996at7147	OZ287661.1	29921558.0	DB3B	DB3B
233135at7147	OZ287664.1	82974750.5	NA	NA
233185at7147	OZ287661.1	17085886.5	DB3B	DB3B
233254at7147	OZ287663.1	11747582.0	DB5	DB5
233260at7147	OZ287661.1	27889722.5	DB5	DB5
233263at7147	OZ287662.1	10110597.0	DB1A	DB1A
233318at7147	OZ287663.1	98806193.0	DB5	DB5
233337at7147	OZ287664.1	106022325.5	DB1B	DB1B
233474at7147	OZ287662.1	28255115.5	DB1A	DB1A
233694at7147	OZ287664.1	20039628.5	DB2B	DB2B
233751at7147	OZ287660.1	140806340.5	DB3A	DB3A
233816at7147	OZ287661.1	20255.0	DB3B	DB3B
233903at7147	OZ287662.1	35797787.0	DB2B	DB2B
233984at7147	OZ287660.1	7553802.0	DB4A	DB4A
234002at7147	OZ287663.1	107003718.0	DB5	DB5
234306at7147	OZ287660.1	155930161.0	DB3A	DB3A
234367at7147	OZ287660.1	145188758.0	DB3A	DB3A
234585at7147	OZ287661.1	106371765.0	NA	NA
234666at7147	OZ287662.1	16067372.0	DB1A	DB1A
234671at7147	OZ287663.1	25660363.0	DB5	DB5
234677at7147	OZ287662.1	18434844.5	DB1A	DB1A
234740at7147	OZ287664.1	89987235.5	DB1B	DB1B
234759at7147	OZ287661.1	18213673.0	DB3B	DB3B
234805at7147	OZ287663.1	107614771.0	DB5	DB5
234808at7147	OZ287660.1	6936259.5	DB4A	DB4A
234994at7147	OZ287662.1	43008354.5	DB2A	DB2A
235193at7147	OZ287664.1	29193841.0	DB2B	DB2B
235260at7147	OZ287663.1	15595508.5	DB5	DB5
235280at7147	OZ287660.1	96246115.5	DB3A	DB3A
235326at7147	OZ287663.1	9466945.0	DB2B	DB2B
235351at7147	OZ287664.1	18895761.0	DB2B	DB2B
235403at7147	OZ287662.1	112095409.0	DB2A	DB2A
235410at7147	OZ287662.1	4377098.0	DB1A	DB1A
235423at7147	OZ287660.1	31971553.5	NA	NA
235431at7147	OZ287660.1	36110517.5	DB1B	DB1B
235435at7147	OZ287662.1	37642104.5	DB4A	DB4A
235448at7147	OZ287661.1	104011497.5	DB5	DB5
235467at7147	OZ287660.1	91166970.5	DB3A	DB3A
235503at7147	OZ287664.1	8900914.5	DB5	DB5
235509at7147	OZ287660.1	40675493.0	DB4A	DB4A
235545at7147	OZ287660.1	89375879.0	DB4A	DB4A
235602at7147	OZ287664.1	63372161.5	DB1B	DB1B
235656at7147	OZ287662.1	25737385.5	DB1A	DB1A
235673at7147	OZ287664.1	97143446.5	DB1B	DB1B
235700at7147	OZ287663.1	24600914.0	DB5	DB5
235715at7147	OZ287660.1	109265395.5	NA	NA
235831at7147	OZ287661.1	7384084.0	NA	NA
235960at7147	OZ287664.1	101457574.5	NA	NA
235988at7147	OZ287662.1	115459738.5	DB1A	DB1A
236052at7147	OZ287662.1	108661836.0	DB1A	DB1A
236124at7147	OZ287662.1	115335668.5	DB2A	DB2A
236125at7147	OZ287662.1	111083148.0	DB2A	DB2A
236272at7147	OZ287663.1	99684235.5	DB5	DB5
236334at7147	OZ287662.1	44417473.0	DB1A	DB1A
236368at7147	OZ287663.1	31311749.5	DB5	DB5
236395at7147	OZ287663.1	14543945.5	DB5	DB5
236451at7147	OZ287664.1	8939095.5	DB2B	DB2B
236464at7147	OZ287660.1	26866461.5	DB4A	DB4A
236591at7147	OZ287662.1	7510053.5	DB1A	DB1A
236620at7147	OZ287661.1	3359475.0	DB3B	DB3B
237014at7147	OZ287660.1	26540482.0	DB4A	DB4A
237068at7147	OZ287662.1	7438529.0	DB4A	DB4A
237167at7147	OZ287660.1	109152283.5	DB3A	DB3A
237178at7147	OZ287664.1	76913197.0	DB2A	DB2A
237199at7147	OZ287664.1	19329225.0	DB2B	DB2B
237217at7147	OZ287662.1	111558057.0	DB2A	DB2A
237248at7147	OZ287663.1	25560053.0	DB3B	DB3B
237270at7147	OZ287661.1	118647965.5	DB4B	DB4B
237417at7147	OZ287663.1	93030628.0	DB2B	DB2B
237431at7147	OZ287661.1	62330407.0	DB3B	DB3B
237608at7147	OZ287660.1	25852442.5	DB4A	DB4A
237752at7147	OZ287660.1	162762419.5	DB3A	DB3A
237768at7147	OZ287662.1	117245702.0	DB2A	DB2A
237829at7147	OZ287662.1	19223193.5	DB1A	DB1A
237862at7147	OZ287663.1	8254164.5	DB5	DB5
237923at7147	OZ287661.1	19972500.0	DB4A	DB4A
238006at7147	OZ287664.1	15147948.0	DB2B	DB2B
238019at7147	OZ287663.1	85684890.5	DB5	DB5
238031at7147	OZ287661.1	31690067.5	DB3B	DB3B
238303at7147	OZ287664.1	95078659.0	DB2A	DB2A
238331at7147	OZ287662.1	42050312.5	DB1A	DB1A
238345at7147	OZ287662.1	17911988.5	DB1A	DB1A
238372at7147	OZ287660.1	23117734.5	DB4A	DB4A
238389at7147	OZ287664.1	66970362.0	DB1B	DB1B
238394at7147	OZ287661.1	34865189.0	DB3B	DB3B
238428at7147	OZ287661.1	104048982.5	NA	NA
238586at7147	OZ287663.1	100726621.5	DB3B	DB3B
238635at7147	OZ287664.1	14850188.0	DB2B	DB2B
238757at7147	OZ287660.1	25873949.0	DB4A	DB4A
238841at7147	OZ287663.1	5147972.5	DB5	DB5
238915at7147	OZ287661.1	100431863.5	DB3B	DB3B
238923at7147	OZ287663.1	95145741.5	DB5	DB5
238941at7147	OZ287663.1	16959499.0	DB5	DB5
239017at7147	OZ287663.1	53567672.5	DB5	DB5
239086at7147	OZ287662.1	111414198.5	DB2A	DB2A
239201at7147	OZ287664.1	16330853.0	DB2B	DB2B
239210at7147	OZ287664.1	101801237.5	DB3A	DB3A
239210at7147	OZ287664.1	101799626.5	DB3A	DB3A
239240at7147	HAP1_SCAFFOLD_289	51884.0	DB3B	DB3B
239240at7147	OZ287661.1	2348270.0	DB3B	DB3B
239407at7147	OZ287660.1	1200115.5	DB4A	DB4A
239763at7147	OZ287662.1	97280800.5	DB1A	DB1A
239782at7147	OZ287661.1	68287763.5	DB3B	DB3B
239790at7147	OZ287662.1	10119877.0	DB1A	DB1A
239878at7147	OZ287662.1	115134908.0	DB2A	DB2A
239932at7147	OZ287662.1	18236350.0	DB1A	DB1A
240204at7147	OZ287664.1	103614718.0	DB1B	DB1B
240343at7147	OZ287662.1	14564428.0	DB1A	DB1A
240367at7147	OZ287663.1	21029893.0	DB5	DB5
240382at7147	OZ287662.1	22542306.5	DB2B	DB2B
240412at7147	OZ287664.1	103046493.0	DB1B	DB1B
240430at7147	OZ287664.1	12844274.5	DB2B	DB2B
240448at7147	OZ287664.1	94659050.5	DB1B	DB1B
240493at7147	OZ287664.1	93628996.0	DB3A	DB3A
240602at7147	OZ287662.1	35326282.0	DB1A	DB1A
240652at7147	OZ287664.1	17472493.5	DB2B	DB2B
240774at7147	OZ287661.1	120043362.5	DB4B	DB4B
240798at7147	OZ287661.1	30958852.0	DB1A	DB1A
240886at7147	OZ287660.1	160506715.5	DB4B	DB4B
240980at7147	OZ287660.1	18036695.0	DB4A	DB4A
241047at7147	OZ287663.1	4895025.0	DB5	DB5
241109at7147	OZ287662.1	16040732.0	DB1A	DB1A
241233at7147	OZ287663.1	9114295.5	DB5	DB5
241245at7147	OZ287663.1	103243576.0	DB5	DB5
241406at7147	OZ287661.1	106791041.5	DB3B	DB3B
241416at7147	OZ287664.1	103902982.5	DB1B	DB1B
241605at7147	OZ287662.1	48974145.5	DB1A	DB1A
241656at7147	OZ287663.1	99733915.5	DB1B	DB1B
241665at7147	OZ287661.1	42087247.5	DB3B	DB3B
241783at7147	OZ287662.1	16166142.0	DB1A	DB1A
241788at7147	OZ287660.1	106715436.5	DB3A	DB3A
241789at7147	OZ287662.1	114984393.0	DB2A	DB2A
241856at7147	OZ287662.1	37133496.0	DB1A	DB1A
241904at7147	OZ287663.1	5472021.0	DB5	DB5
241984at7147	OZ287661.1	26062324.0	DB1A	DB1A
242055at7147	OZ287663.1	36856779.5	DB5	DB5
242106at7147	OZ287661.1	21465589.0	DB3B	DB3B
242116at7147	OZ287662.1	100543760.0	DB1A	DB1A
242120at7147	OZ287662.1	118273636.0	DB1A	DB1A
242124at7147	OZ287660.1	145139151.5	NA	NA
242228at7147	OZ287663.1	13224684.0	DB5	DB5
242314at7147	OZ287663.1	26041706.0	DB5	DB5
242339at7147	OZ287664.1	1667363.0	DB2B	DB2B
242359at7147	OZ287662.1	114925573.5	DB2A	DB2A
242385at7147	OZ287660.1	36079959.0	DB3A	DB3A
242397at7147	OZ287662.1	114492504.5	DB2A	DB2A
242460at7147	OZ287660.1	81068508.0	DB3A	DB3A
242460at7147	OZ287660.1	81135546.0	DB3A	DB3A
242514at7147	OZ287663.1	97301320.5	DB1B	DB1B
242564at7147	OZ287662.1	58573276.5	DB1A	DB1A
242686at7147	OZ287660.1	147972589.0	NA	NA
242811at7147	OZ287664.1	494954.0	DB2B	DB2B
242925at7147	OZ287664.1	73902647.5	DB2B	DB2B
243046at7147	OZ287662.1	16032936.5	DB1A	DB1A
243105at7147	OZ287660.1	99348925.5	DB4B	DB4B
243117at7147	OZ287664.1	103148981.5	DB1B	DB1B
243122at7147	OZ287662.1	68123749.0	DB1A	DB1A
243227at7147	OZ287663.1	16431367.5	DB5	DB5
243289at7147	OZ287662.1	6986164.5	DB1A	DB1A
243458at7147	OZ287663.1	106489763.0	DB5	DB5
243486at7147	OZ287662.1	90536959.5	DB2A	DB2A
243513at7147	OZ287664.1	63787239.0	DB1B	DB1B
243541at7147	OZ287660.1	56190433.0	DB4A	DB4A
243617at7147	OZ287660.1	118984410.5	DB4A	DB4A
243722at7147	OZ287662.1	58979094.0	DB1A	DB1A
243777at7147	OZ287660.1	155741030.5	DB3B	DB3B
243843at7147	OZ287660.1	25842214.0	DB1A	DB1A
243992at7147	OZ287662.1	33726094.0	DB1A	DB1A
244151at7147	OZ287661.1	111852363.5	DB4B	DB4B
244169at7147	OZ287661.1	54129155.5	DB2B	DB2B
244310at7147	OZ287663.1	6561558.5	DB5	DB5
244394at7147	OZ287662.1	8751919.5	DB1A	DB1A
244396at7147	OZ287664.1	13601026.5	DB2B	DB2B
244473at7147	OZ287664.1	4007243.5	DB2B	DB2B
244550at7147	OZ287661.1	122921461.5	DB4B	DB4B
244585at7147	OZ287662.1	70584653.5	DB6	DB6
244662at7147	OZ287663.1	13380233.0	NA	NA
244913at7147	OZ287662.1	88546215.0	DB2A	DB2A
244942at7147	OZ287661.1	100912593.0	DB3B	DB3B
245009at7147	OZ287661.1	90859104.5	DB5	DB5
245053at7147	OZ287663.1	6166945.5	DB5	DB5
245107at7147	OZ287661.1	105902965.0	DB3B	DB3B
245191at7147	OZ287660.1	150159072.0	DB3A	DB3A
245279at7147	OZ287664.1	29493514.0	DB2B	DB2B
245398at7147	OZ287663.1	23767012.0	DB5	DB5
245415at7147	OZ287662.1	115849441.0	DB2A	DB2A
245428at7147	OZ287662.1	2659363.5	DB1A	DB1A
245598at7147	OZ287664.1	71374725.5	DB1B	DB1B
245660at7147	OZ287661.1	104048152.5	NA	NA
245796at7147	OZ287660.1	118746424.0	DB6	DB6
245844at7147	OZ287664.1	103796612.0	DB1B	DB1B
245898at7147	OZ287660.1	116018058.0	DB5	DB5
246004at7147	OZ287662.1	106065668.0	DB1A	DB1A
246220at7147	OZ287661.1	20167383.0	DB1B	DB1B
246352at7147	OZ287660.1	124688849.5	NA	NA
246361at7147	OZ287661.1	3224035.5	DB3B	DB3B
246384at7147	OZ287662.1	4036536.0	DB1A	DB1A
246425at7147	OZ287664.1	67158188.0	DB1B	DB1B
246460at7147	OZ287662.1	19049170.5	DB1A	DB1A
246477at7147	OZ287660.1	119224495.0	DB3A	DB3A
246773at7147	OZ287664.1	101923439.0	DB2B	DB2B
246788at7147	OZ287660.1	10198963.0	DB3A	DB3A
246807at7147	OZ287662.1	110991169.5	DB3A	DB3A
246813at7147	OZ287663.1	97564059.5	DB5	DB5
246946at7147	OZ287664.1	13076897.5	DB4B	DB4B
247074at7147	OZ287663.1	5453367.0	DB5	DB5
247122at7147	OZ287662.1	9839255.5	DB1A	DB1A
247149at7147	OZ287662.1	4465500.0	DB1A	DB1A
247235at7147	OZ287663.1	105056882.0	DB5	DB5
247288at7147	OZ287662.1	17860313.5	DB1A	DB1A
247289at7147	OZ287661.1	119193894.0	DB4B	DB4B
247353at7147	OZ287664.1	1161461.0	DB2B	DB2B
247389at7147	OZ287660.1	131562019.0	DB1B	DB1B
247393at7147	OZ287660.1	119412631.0	DB5	DB5
247416at7147	OZ287664.1	104639011.0	DB1B	DB1B
247421at7147	OZ287664.1	82128629.0	DB1B	DB1B
247442at7147	OZ287661.1	41026376.0	DB3B	DB3B
247475at7147	OZ287663.1	8221091.5	DB5	DB5
247544at7147	OZ287661.1	51058878.0	DB3B	DB3B
247614at7147	OZ287662.1	117223309.5	DB2A	DB2A
247755at7147	OZ287663.1	24648591.5	DB5	DB5
247793at7147	OZ287665.1	732401.0	DB6	DB6
247798at7147	OZ287664.1	106432116.5	DB6	DB6
247859at7147	OZ287661.1	97497200.5	DB3B	DB3B
247961at7147	OZ287661.1	105987933.0	NA	NA
248030at7147	OZ287660.1	5840592.0	DB4A	DB4A
248087at7147	OZ287660.1	92168791.0	DB3A	DB3A
248179at7147	OZ287660.1	153694965.0	NA	NA
248245at7147	OZ287663.1	102788666.0	DB5	DB5
248256at7147	OZ287661.1	43643741.0	DB3A	DB3A
248354at7147	OZ287663.1	3374719.0	DB3B	DB3B
248412at7147	OZ287661.1	106623598.5	DB4B	DB4B
248528at7147	OZ287662.1	3104531.0	DB1A	DB1A
248530at7147	OZ287662.1	110957022.0	DB6	DB6
248569at7147	OZ287660.1	132785508.0	NA	NA
248591at7147	OZ287661.1	5199490.0	DB2B	DB2B
248599at7147	OZ287660.1	26120279.0	DB4A	DB4A
248623at7147	OZ287660.1	9775604.0	DB5	DB5
248712at7147	OZ287661.1	102618821.5	NA	NA
248755at7147	OZ287662.1	63550547.0	DB1A	DB1A
248858at7147	OZ287663.1	65332542.0	DB5	DB5
248932at7147	OZ287662.1	61134292.0	DB3A	DB3A
248981at7147	OZ287663.1	74533582.5	DB5	DB5
249036at7147	OZ287662.1	102776355.5	DB2A	DB2A
249041at7147	OZ287662.1	54952576.5	DB2B	DB2B
249087at7147	OZ287660.1	32199510.0	DB4A	DB4A
249262at7147	HAP1_SCAFFOLD_311	9695.0	DB1A	DB1A
249262at7147	OZ287662.1	7371406.0	DB1A	DB1A
249263at7147	OZ287663.1	3420104.5	DB5	DB5
249317at7147	OZ287660.1	25070508.0	DB4A	DB4A
249380at7147	OZ287661.1	16545301.5	DB3B	DB3B
249383at7147	OZ287663.1	33754300.0	DB5	DB5
249403at7147	OZ287660.1	24069758.0	DB4A	DB4A
249446at7147	OZ287662.1	114711681.0	NA	NA
249460at7147	OZ287661.1	43653649.0	DB3A	DB3A
249524at7147	OZ287660.1	87288225.5	DB3A	DB3A
249556at7147	OZ287661.1	35604665.0	DB4B	DB4B
249573at7147	OZ287660.1	5584829.0	DB4A	DB4A
249582at7147	OZ287662.1	22293815.5	DB1A	DB1A
249592at7147	OZ287663.1	91795376.5	DB1B	DB1B
249654at7147	OZ287664.1	103865365.5	DB1B	DB1B
249677at7147	OZ287662.1	67430085.5	DB4B	DB4B
249737at7147	OZ287662.1	44701333.5	DB5	DB5
249779at7147	OZ287663.1	23314244.0	DB5	DB5
249799at7147	OZ287660.1	1989163.5	DB4A	DB4A
250006at7147	OZ287661.1	7158116.0	DB3B	DB3B
250017at7147	OZ287660.1	157475295.5	DB3A	DB3A
250167at7147	OZ287662.1	47060409.0	DB1A	DB1A
250262at7147	OZ287663.1	91794064.5	DB3B	DB3B
250340at7147	OZ287660.1	155104028.0	DB3A	DB3A
250348at7147	OZ287662.1	4116198.5	DB1A	DB1A
250425at7147	OZ287660.1	48858911.0	DB4A	DB4A
250473at7147	OZ287660.1	32765801.5	DB4A	DB4A
250477at7147	OZ287665.1	8104542.5	DB6	DB6
250539at7147	OZ287662.1	119090609.0	NA	NA
250601at7147	OZ287660.1	36830679.5	DB4A	DB4A
250603at7147	OZ287660.1	89466418.0	DB3A	DB3A
250604at7147	OZ287664.1	56434841.0	DB5	DB5
250611at7147	OZ287663.1	61210464.5	DB5	DB5
250679at7147	OZ287663.1	71927043.0	DB4A	DB4A
250728at7147	OZ287662.1	97926182.0	DB2A	DB2A
250868at7147	OZ287663.1	11511999.0	DB5	DB5
250915at7147	OZ287661.1	11326270.0	DB3B	DB3B
250929at7147	OZ287664.1	8946107.5	DB2B	DB2B
250930at7147	OZ287664.1	92962256.0	DB1B	DB1B
250949at7147	OZ287664.1	14035515.0	DB4B	DB4B
251004at7147	OZ287662.1	48369783.0	DB1A	DB1A
251010at7147	OZ287663.1	97764242.5	DB5	DB5
251050at7147	OZ287661.1	120975713.5	DB4B	DB4B
251108at7147	OZ287663.1	8581392.0	NA	NA
251252at7147	OZ287662.1	28654599.0	DB1A	DB1A
251353at7147	OZ287662.1	116839650.5	DB2A	DB2A
251467at7147	OZ287662.1	54708811.0	DB1A	DB1A
251730at7147	OZ287660.1	58151702.0	NA	NA
251776at7147	OZ287664.1	64046862.0	DB1A	DB1A
251880at7147	OZ287663.1	3033952.0	NA	NA
251908at7147	OZ287662.1	6604201.5	DB1A	DB1A
252042at7147	OZ287660.1	121104873.0	NA	NA
252061at7147	OZ287663.1	107613546.0	DB5	DB5
252068at7147	OZ287660.1	14121858.0	DB4A	DB4A
252099at7147	OZ287660.1	138060256.5	NA	NA
252141at7147	OZ287660.1	93118587.0	DB4B	DB4B
252158at7147	OZ287661.1	108351835.0	DB4B	DB4B
252159at7147	OZ287663.1	35419762.5	DB5	DB5
252191at7147	OZ287661.1	22472051.0	NA	NA
252292at7147	OZ287661.1	120530509.0	DB4B	DB4B
252301at7147	OZ287662.1	46645221.0	DB1A	DB1A
252361at7147	OZ287664.1	105054127.5	DB1B	DB1B
252527at7147	OZ287664.1	100940120.0	DB3A	DB3A
252539at7147	OZ287660.1	85578938.5	DB3A	DB3A
252544at7147	OZ287664.1	1631948.5	NA	NA
252557at7147	OZ287661.1	16130758.5	DB3B	DB3B
252597at7147	OZ287660.1	26131501.5	DB5	DB5
252614at7147	OZ287660.1	10243882.5	DB5	DB5
252642at7147	OZ287663.1	38673243.0	DB5	DB5
252660at7147	OZ287662.1	97921730.5	DB2A	DB2A
252684at7147	OZ287663.1	102396770.0	DB5	DB5
252793at7147	OZ287662.1	88606365.5	NA	NA
252815at7147	OZ287660.1	161263684.5	DB3A	DB3A
252823at7147	OZ287661.1	51931975.5	DB3B	DB3B
252835at7147	OZ287663.1	97796272.5	DB4B	DB4B
252939at7147	OZ287661.1	118990369.5	DB4B	DB4B
252952at7147	OZ287660.1	141282867.5	DB3A	DB3A
252968at7147	OZ287662.1	9265679.0	DB1A	DB1A
252971at7147	OZ287664.1	20782540.0	DB2B	DB2B
252979at7147	OZ287661.1	106576993.5	NA	NA
253065at7147	OZ287662.1	28888901.5	DB1A	DB1A
253068at7147	OZ287660.1	148979271.5	DB3A	DB3A
253148at7147	OZ287664.1	95542905.5	DB1B	DB1B
253255at7147	OZ287664.1	107396911.5	DB1B	DB1B
253335at7147	OZ287660.1	19504211.0	DB4A	DB4A
253354at7147	OZ287660.1	153723476.5	DB2A	DB2A
253357at7147	OZ287660.1	145444742.5	DB3A	DB3A
253421at7147	OZ287661.1	42459985.5	DB2A	DB2A
253521at7147	OZ287660.1	7510168.0	DB4A	DB4A
253582at7147	OZ287663.1	78604313.0	DB5	DB5
253584at7147	OZ287662.1	7500808.0	DB5	DB5
253625at7147	OZ287663.1	92100598.5	DB5	DB5
253719at7147	OZ287662.1	49982338.0	DB1A	DB1A
253768at7147	OZ287664.1	101929430.0	DB2B	DB2B
253807at7147	OZ287662.1	117678011.0	NA	NA
253912at7147	OZ287661.1	120071599.0	DB3B	DB3B
253961at7147	OZ287661.1	122954202.0	DB4B	DB4B
253970at7147	OZ287660.1	36439152.5	DB4A	DB4A
254013at7147	OZ287663.1	923721.0	DB5	DB5
254077at7147	OZ287662.1	48243170.5	DB1A	DB1A
254081at7147	OZ287660.1	69296943.5	DB4A	DB4A
254130at7147	OZ287663.1	3385948.0	NA	NA
254208at7147	OZ287663.1	109861030.0	DB5	DB5
254236at7147	OZ287662.1	6276940.0	DB1A	DB1A
254294at7147	OZ287664.1	79033836.0	DB1B	DB1B
254308at7147	OZ287660.1	128414465.5	DB3A	DB3A
254340at7147	OZ287660.1	30186856.0	DB3A	DB3A
254384at7147	OZ287664.1	8819577.0	DB2B	DB2B
254505at7147	OZ287663.1	31188789.0	DB5	DB5
254558at7147	OZ287663.1	75076881.0	DB5	DB5
254635at7147	OZ287664.1	25995495.5	DB2B	DB2B
254729at7147	OZ287664.1	84994610.0	DB1B	DB1B
254745at7147	OZ287661.1	10111690.0	DB4B	DB4B
254776at7147	OZ287661.1	21340261.5	DB4A	DB4A
254826at7147	OZ287663.1	99626933.5	DB5	DB5
254866at7147	OZ287662.1	96253084.5	DB2A	DB2A
254929at7147	OZ287661.1	103591476.0	DB6	DB6
255198at7147	OZ287663.1	96211442.5	NA	NA
255232at7147	OZ287662.1	84129947.0	DB1B	DB1B
255256at7147	OZ287661.1	42869183.0	DB3B	DB3B
255269at7147	OZ287663.1	23386818.0	DB5	DB5
255443at7147	OZ287660.1	157084530.0	DB3A	DB3A
255486at7147	OZ287661.1	121178674.5	DB4B	DB4B
255496at7147	OZ287661.1	9721167.0	DB3B	DB3B
255500at7147	OZ287661.1	5873043.5	DB2A	DB2A
255721at7147	OZ287661.1	115580121.0	DB5	DB5
255746at7147	OZ287660.1	33234034.5	DB4A	DB4A
255778at7147	OZ287661.1	49479322.0	DB4B	DB4B
255795at7147	OZ287661.1	23189388.5	DB3B	DB3B
255800at7147	OZ287662.1	3235448.0	DB1A	DB1A
255927at7147	OZ287660.1	4607260.0	DB4A	DB4A
255951at7147	OZ287660.1	104762272.0	DB1A	DB1A
255991at7147	OZ287660.1	124780683.5	DB3A	DB3A
256046at7147	OZ287662.1	94298829.5	DB2A	DB2A
256107at7147	OZ287661.1	32763081.5	DB3B	DB3B
256150at7147	OZ287661.1	90959979.0	NA	NA
256359at7147	OZ287662.1	115180151.5	DB2A	DB2A
256446at7147	OZ287661.1	115995784.5	DB4B	DB4B
256470at7147	OZ287663.1	107608492.5	DB5	DB5
256493at7147	OZ287660.1	119408471.0	DB3A	DB3A
256533at7147	OZ287660.1	155718373.5	DB4A	DB4A
256579at7147	OZ287663.1	31207849.0	DB5	DB5
256647at7147	OZ287661.1	13391316.0	DB3B	DB3B
256756at7147	OZ287660.1	95226187.5	DB3A	DB3A
256773at7147	OZ287664.1	72808275.5	DB1B	DB1B
256785at7147	OZ287663.1	3282256.0	DB5	DB5
256852at7147	OZ287663.1	91753869.5	DB5	DB5
257034at7147	OZ287662.1	10312409.0	DB1A	DB1A
257063at7147	OZ287661.1	92921900.0	DB3B	DB3B
257074at7147	OZ287660.1	7308873.5	DB4A	DB4A
257149at7147	OZ287662.1	92681890.5	DB2A	DB2A
257205at7147	OZ287664.1	101424609.0	DB1B	DB1B
257387at7147	OZ287664.1	2967375.0	DB2B	DB2B
257513at7147	OZ287664.1	1349425.5	DB1B	DB1B
257558at7147	OZ287661.1	43045470.0	DB3B	DB3B
257562at7147	OZ287663.1	16236786.0	DB5	DB5
257716at7147	OZ287664.1	12829470.5	DB2B	DB2B
257724at7147	OZ287664.1	104832685.5	DB1B	DB1B
257726at7147	OZ287660.1	109716172.0	DB4B	DB4B
257774at7147	OZ287660.1	16063340.0	DB4A	DB4A
257791at7147	OZ287660.1	65899484.0	DB4A	DB4A
257837at7147	OZ287664.1	17524259.5	DB2B	DB2B
257845at7147	OZ287661.1	101128691.5	DB4B	DB4B
257854at7147	OZ287664.1	81717989.5	DB2B	DB2B
257859at7147	OZ287661.1	36289377.0	DB3B	DB3B
257907at7147	OZ287664.1	33906573.0	DB2B	DB2B
257968at7147	OZ287660.1	149579597.0	DB3A	DB3A
258008at7147	OZ287662.1	111474117.0	DB2A	DB2A
258018at7147	OZ287660.1	35397982.5	DB3A	DB3A
258056at7147	OZ287663.1	6133339.0	DB5	DB5
258230at7147	OZ287662.1	50648909.5	DB1A	DB1A
258259at7147	OZ287660.1	154141081.0	DB3A	DB3A
258363at7147	OZ287664.1	10731692.0	DB2B	DB2B
258537at7147	OZ287660.1	132963891.0	NA	NA
258591at7147	OZ287660.1	97259069.5	DB3A	DB3A
258667at7147	OZ287663.1	3422718.0	DB5	DB5
258674at7147	OZ287663.1	91550203.0	DB2B	DB2B
258841at7147	OZ287663.1	97356708.0	DB6	DB6
258862at7147	OZ287663.1	6636655.0	DB6	DB6
258940at7147	OZ287662.1	2639962.5	DB1A	DB1A
258962at7147	OZ287664.1	104623330.0	DB1B	DB1B
259008at7147	OZ287660.1	156537884.0	DB3B	DB3B
259017at7147	OZ287662.1	96341259.5	DB2A	DB2A
259057at7147	OZ287664.1	11893021.5	DB2B	DB2B
259060at7147	OZ287661.1	27191832.0	DB6	DB6
259106at7147	OZ287660.1	124733877.5	DB3A	DB3A
259157at7147	OZ287661.1	56011699.0	DB3B	DB3B
259201at7147	OZ287660.1	159776280.0	DB3A	DB3A
259232at7147	OZ287663.1	835557.0	DB4B	DB4B
259255at7147	OZ287661.1	5164328.5	DB3B	DB3B
259296at7147	OZ287660.1	158127370.5	DB6	DB6
259299at7147	OZ287661.1	11057463.0	DB3B	DB3B
259332at7147	OZ287661.1	93086362.5	DB3B	DB3B
259411at7147	OZ287662.1	92747410.5	NA	NA
259431at7147	OZ287662.1	54179708.5	DB1A	DB1A
259489at7147	OZ287663.1	101516687.5	DB5	DB5
259691at7147	OZ287660.1	162705038.0	DB3A	DB3A
259745at7147	OZ287664.1	102205993.5	DB1B	DB1B
259800at7147	OZ287661.1	121063574.0	DB2A	DB2A
259866at7147	OZ287663.1	108774341.0	DB5	DB5
260031at7147	OZ287662.1	55017996.0	DB1A	DB1A
260154at7147	OZ287663.1	6135430.5	DB5	DB5
260249at7147	OZ287661.1	1152975.5	DB4A	DB4A
260276at7147	OZ287660.1	161182862.0	DB3A	DB3A
260331at7147	OZ287660.1	49002726.0	DB4A	DB4A
260381at7147	OZ287660.1	98301773.0	DB5	DB5
260397at7147	OZ287663.1	93492333.0	DB5	DB5
260425at7147	OZ287664.1	80907719.5	DB1B	DB1B
260437at7147	OZ287663.1	31378085.0	DB5	DB5
260456at7147	OZ287662.1	9361915.5	DB1A	DB1A
260461at7147	OZ287663.1	25551637.0	DB5	DB5
260478at7147	OZ287660.1	13055963.0	DB4A	DB4A
260498at7147	OZ287662.1	27108921.5	DB1A	DB1A
260600at7147	OZ287664.1	8136844.0	DB2B	DB2B
260626at7147	OZ287660.1	102824994.5	DB3A	DB3A
260788at7147	OZ287664.1	90074700.0	DB1B	DB1B
260837at7147	OZ287664.1	105030899.5	DB1B	DB1B
260859at7147	OZ287660.1	25190205.0	DB4A	DB4A
260915at7147	OZ287660.1	37467127.5	DB4A	DB4A
260922at7147	OZ287661.1	120577210.0	DB4B	DB4B
260974at7147	OZ287662.1	94177249.0	DB2A	DB2A
260978at7147	OZ287660.1	19028277.0	DB1B	DB1B
261017at7147	OZ287661.1	15885945.0	DB3B	DB3B
261164at7147	OZ287664.1	37280816.0	DB5	DB5
261350at7147	OZ287660.1	23082540.5	DB4A	DB4A
261364at7147	OZ287660.1	141872891.5	DB3A	DB3A
261374at7147	OZ287663.1	107674911.0	DB5	DB5
261416at7147	OZ287664.1	94057687.5	DB2B	DB2B
261446at7147	OZ287663.1	71188463.0	DB5	DB5
261446at7147	OZ287663.1	68376843.0	DB5	DB5
261520at7147	OZ287664.1	20085773.0	DB2B	DB2B
261561at7147	OZ287660.1	55339077.5	DB4A	DB4A
261824at7147	OZ287664.1	13305286.0	DB2B	DB2B
261841at7147	OZ287663.1	45258552.0	DB5	DB5
261900at7147	OZ287664.1	103909643.0	DB1B	DB1B
261987at7147	OZ287664.1	87143056.5	DB1B	DB1B
262133at7147	OZ287660.1	129234277.0	DB3A	DB3A
262164at7147	OZ287664.1	64675946.0	DB1B	DB1B
262341at7147	OZ287663.1	75141841.0	DB5	DB5
262394at7147	OZ287661.1	11942129.0	DB4B	DB4B
262476at7147	OZ287664.1	14018187.0	DB4A	DB4A
262641at7147	OZ287662.1	35735033.5	DB1A	DB1A
262672at7147	OZ287660.1	161259637.5	DB3A	DB3A
262788at7147	OZ287662.1	16056291.5	DB1A	DB1A
262827at7147	OZ287660.1	25812668.0	DB4A	DB4A
262843at7147	OZ287661.1	108911116.5	DB3A	DB3A
262890at7147	OZ287663.1	37828548.0	DB5	DB5
262916at7147	OZ287662.1	102723052.5	DB1A	DB1A
263026at7147	OZ287663.1	49580749.5	DB5	DB5
263176at7147	OZ287660.1	95297901.0	DB3A	DB3A
263209at7147	OZ287664.1	10420386.5	DB2B	DB2B
263519at7147	OZ287661.1	7701220.0	DB3B	DB3B
263519at7147	OZ287663.1	20210301.5	DB3B	DB3B
263544at7147	OZ287660.1	21782072.0	DB4A	DB4A
263557at7147	OZ287661.1	54988491.0	DB3B	DB3B
263622at7147	OZ287660.1	157427109.5	DB3A	DB3A
263649at7147	OZ287661.1	113983290.0	DB5	DB5
263692at7147	OZ287662.1	22610769.0	DB1A	DB1A
263809at7147	OZ287660.1	138252689.5	DB3A	DB3A
263812at7147	OZ287662.1	3190811.5	DB1A	DB1A
263862at7147	OZ287660.1	30560023.5	DB4A	DB4A
263976at7147	OZ287664.1	107147939.0	DB1B	DB1B
264016at7147	OZ287660.1	158735133.5	DB3A	DB3A
264043at7147	OZ287661.1	29599448.5	NA	NA
264069at7147	OZ287662.1	27595936.0	DB1A	DB1A
264141at7147	OZ287663.1	17982375.5	DB5	DB5
264221at7147	OZ287660.1	125573052.0	DB3A	DB3A
264309at7147	OZ287663.1	6123496.5	DB5	DB5
264387at7147	OZ287660.1	39854630.0	DB4A	DB4A
264404at7147	OZ287664.1	91559913.0	DB1B	DB1B
264428at7147	OZ287662.1	36345388.0	DB1A	DB1A
264617at7147	OZ287664.1	106219629.0	DB1B	DB1B
264634at7147	OZ287660.1	148900635.0	DB3A	DB3A
264702at7147	OZ287662.1	46960957.5	DB1A	DB1A
264845at7147	OZ287662.1	64896370.5	DB1A	DB1A
264861at7147	OZ287662.1	33920378.5	DB1A	DB1A
264982at7147	OZ287664.1	13480551.0	DB3B	DB3B
264989at7147	OZ287662.1	57806738.0	DB1A	DB1A
265104at7147	OZ287663.1	27068668.5	DB2B	DB2B
265118at7147	OZ287661.1	3920614.0	DB3B	DB3B
265145at7147	OZ287662.1	65489841.5	DB1A	DB1A
265148at7147	OZ287662.1	18385630.0	DB1A	DB1A
265149at7147	OZ287663.1	36811717.0	DB5	DB5
265154at7147	OZ287661.1	29752835.0	DB3B	DB3B
265189at7147	OZ287664.1	104009136.5	DB1B	DB1B
265202at7147	OZ287664.1	15179226.0	DB2B	DB2B
265311at7147	OZ287662.1	110966061.5	DB4A	DB4A
265341at7147	OZ287663.1	3280134.0	DB3B	DB3B
265407at7147	OZ287664.1	11097953.0	DB2B	DB2B
265425at7147	OZ287663.1	44983256.0	DB5	DB5
265429at7147	OZ287660.1	106587203.5	DB2B	DB2B
265468at7147	OZ287660.1	155144779.5	DB3A	DB3A
265480at7147	OZ287660.1	162098645.5	DB3A	DB3A
265490at7147	OZ287662.1	1821421.5	DB1A	DB1A
265491at7147	OZ287661.1	116087718.0	DB4B	DB4B
265580at7147	OZ287661.1	11411744.0	DB3B	DB3B
265585at7147	OZ287663.1	1033129.5	DB2B	DB2B
265601at7147	OZ287660.1	153770859.0	NA	NA
265827at7147	OZ287662.1	8370061.5	DB1A	DB1A
265829at7147	OZ287660.1	145448115.5	DB3A	DB3A
265927at7147	OZ287660.1	57560833.5	DB2B	DB2B
266047at7147	OZ287661.1	123336531.5	DB4B	DB4B
266083at7147	OZ287660.1	157474183.0	DB3A	DB3A
266121at7147	OZ287660.1	157647628.5	NA	NA
266130at7147	OZ287660.1	58048577.5	NA	NA
266157at7147	OZ287664.1	90753458.5	DB1B	DB1B
266159at7147	OZ287664.1	103155860.0	NA	NA
266202at7147	OZ287662.1	9217474.5	DB1A	DB1A
266347at7147	OZ287663.1	96463963.5	DB5	DB5
266363at7147	OZ287663.1	45575098.0	DB5	DB5
266482at7147	OZ287663.1	104365850.0	DB5	DB5
266537at7147	OZ287664.1	8743854.5	DB2B	DB2B
266550at7147	OZ287661.1	118690268.0	DB4B	DB4B
266611at7147	OZ287664.1	16428490.0	DB2B	DB2B
266814at7147	OZ287660.1	104589744.0	DB3A	DB3A
266921at7147	OZ287661.1	7171014.5	DB3B	DB3B
267016at7147	OZ287663.1	64681555.5	DB2B	DB2B
267049at7147	OZ287662.1	61635217.0	DB1A	DB1A
267052at7147	OZ287660.1	23010676.0	DB4A	DB4A
267189at7147	OZ287660.1	157294044.5	DB3A	DB3A
267242at7147	OZ287664.1	95550347.0	DB1B	DB1B
267265at7147	OZ287662.1	52175830.5	DB1A	DB1A
267330at7147	OZ287662.1	4194992.5	DB1A	DB1A
267483at7147	OZ287664.1	100933183.5	NA	NA
267502at7147	OZ287660.1	11647469.0	DB4A	DB4A
267567at7147	OZ287660.1	37237813.5	DB4A	DB4A
267590at7147	OZ287662.1	44827250.5	DB1A	DB1A
267608at7147	OZ287660.1	52114384.0	DB4A	DB4A
267616at7147	OZ287660.1	85425744.5	DB3A	DB3A
267663at7147	OZ287664.1	7479933.5	DB2B	DB2B
267735at7147	OZ287662.1	112204969.0	DB2A	DB2A
267736at7147	OZ287660.1	124715530.0	DB3A	DB3A
267760at7147	OZ287660.1	45591109.5	DB3A	DB3A
267819at7147	OZ287660.1	29638756.5	DB3A	DB3A
267852at7147	OZ287664.1	12539776.0	DB4A	DB4A
267888at7147	OZ287660.1	23132167.5	DB4A	DB4A
268234at7147	OZ287660.1	32755581.0	DB5	DB5
268351at7147	OZ287660.1	6908606.0	DB3B	DB3B
268359at7147	OZ287663.1	104196369.0	DB2B	DB2B
268384at7147	OZ287662.1	11808608.0	NA	NA
268554at7147	OZ287660.1	33842974.0	DB1B	DB1B
268784at7147	OZ287661.1	6554764.5	DB3B	DB3B
268789at7147	OZ287664.1	26604636.0	DB1A	DB1A
268798at7147	OZ287663.1	31191886.5	DB5	DB5
268871at7147	OZ287661.1	114681133.5	DB4B	DB4B
268926at7147	OZ287663.1	37689758.0	DB5	DB5
268929at7147	OZ287664.1	12097132.0	DB2B	DB2B
268940at7147	OZ287663.1	75811201.0	NA	NA
269141at7147	OZ287664.1	95503458.0	DB1B	DB1B
269169at7147	OZ287662.1	21332171.5	DB1A	DB1A
269320at7147	OZ287662.1	1696622.5	DB1A	DB1A
269347at7147	OZ287663.1	16143230.5	DB5	DB5
269405at7147	OZ287660.1	50959145.0	DB4A	DB4A
269444at7147	OZ287662.1	97904930.0	DB2A	DB2A
269467at7147	OZ287663.1	23530131.5	DB5	DB5
269533at7147	OZ287664.1	71444357.0	DB1B	DB1B
269538at7147	OZ287662.1	7571099.0	DB1A	DB1A
269544at7147	OZ287661.1	100067129.5	DB3B	DB3B
269745at7147	OZ287664.1	74782520.5	DB1B	DB1B
269826at7147	OZ287661.1	36827054.0	DB3B	DB3B
269897at7147	OZ287664.1	81500220.5	DB1B	DB1B
269959at7147	OZ287664.1	26899534.0	DB2B	DB2B
270008at7147	OZ287660.1	88130355.0	DB3A	DB3A
270210at7147	OZ287661.1	742332.0	DB3B	DB3B
270215at7147	OZ287663.1	46325413.0	DB5	DB5
270255at7147	OZ287660.1	107062894.5	DB3A	DB3A
270295at7147	OZ287661.1	119579938.5	DB4B	DB4B
270297at7147	OZ287660.1	35127241.0	DB4A	DB4A
270382at7147	OZ287664.1	95525652.0	DB1B	DB1B
270439at7147	OZ287661.1	122949986.0	DB4B	DB4B
270465at7147	OZ287660.1	119015409.5	DB3A	DB3A
270478at7147	OZ287660.1	146544840.5	DB3A	DB3A
270720at7147	OZ287661.1	106279814.5	NA	NA
270782at7147	OZ287663.1	46594628.5	DB5	DB5
270784at7147	OZ287661.1	117308072.5	DB2B	DB2B
270794at7147	OZ287660.1	33749306.5	DB4A	DB4A
270804at7147	OZ287662.1	9650580.0	DB1A	DB1A
270852at7147	OZ287661.1	5926510.0	DB3B	DB3B
270856at7147	OZ287660.1	2156290.5	DB4A	DB4A
270859at7147	OZ287664.1	85352864.5	DB1B	DB1B
270898at7147	OZ287660.1	124850.5	DB4A	DB4A
271012at7147	OZ287662.1	7692219.5	DB1A	DB1A
271043at7147	OZ287661.1	1627742.0	DB3B	DB3B
271137at7147	OZ287660.1	153849214.0	DB3A	DB3A
271219at7147	OZ287662.1	61672400.5	DB1A	DB1A
271225at7147	OZ287661.1	32168334.5	DB3B	DB3B
271237at7147	OZ287660.1	49688409.0	DB4A	DB4A
271333at7147	OZ287662.1	46239771.0	DB1A	DB1A
271359at7147	OZ287664.1	85496079.5	DB1B	DB1B
271368at7147	OZ287663.1	109778642.0	DB5	DB5
271390at7147	OZ287660.1	11443145.5	DB4A	DB4A
271424at7147	OZ287664.1	4257993.0	DB1B	DB1B
271478at7147	OZ287664.1	2174610.0	DB2B	DB2B
271537at7147	OZ287663.1	91713254.0	DB5	DB5
271541at7147	OZ287662.1	118726709.5	DB2A	DB2A
271572at7147	OZ287663.1	45378077.5	DB5	DB5
271803at7147	OZ287661.1	115573567.5	DB3B	DB3B
271895at7147	OZ287662.1	54563355.5	DB1A	DB1A
272009at7147	OZ287663.1	92819286.0	DB5	DB5
272043at7147	OZ287660.1	129081878.5	DB3A	DB3A
272160at7147	OZ287663.1	46727124.0	DB3B	DB3B
272235at7147	OZ287661.1	54915385.5	DB4B	DB4B
272293at7147	OZ287663.1	35778205.5	DB5	DB5
272332at7147	HAP1_SCAFFOLD_440	18772.0	DB4B	DB4B
272332at7147	OZ287661.1	2562475.5	DB4B	DB4B
272336at7147	OZ287660.1	17151469.5	DB4A	DB4A
272339at7147	OZ287664.1	22737482.0	DB2B	DB2B
272414at7147	OZ287664.1	79660954.5	DB1B	DB1B
272436at7147	OZ287660.1	1451651.5	DB4A	DB4A
272484at7147	OZ287660.1	142982796.5	DB3A	DB3A
272529at7147	OZ287660.1	35170598.0	DB4A	DB4A
272627at7147	OZ287663.1	3699175.5	DB5	DB5
272674at7147	OZ287660.1	9587131.0	DB4A	DB4A
272952at7147	OZ287661.1	111746917.5	DB4B	DB4B
272975at7147	OZ287661.1	1207727.5	NA	NA
272975at7147	OZ287661.1	40485269.5	NA	NA
273176at7147	OZ287661.1	16177809.0	DB3B	DB3B
273378at7147	OZ287661.1	21345240.0	DB3A	DB3A
273420at7147	OZ287661.1	95914320.0	DB6	DB6
273487at7147	OZ287661.1	117034584.5	DB4B	DB4B
273517at7147	OZ287661.1	109541236.5	DB6	DB6
273538at7147	OZ287662.1	102538481.0	NA	NA
273635at7147	OZ287660.1	95415039.0	DB3A	DB3A
273636at7147	OZ287661.1	9889434.0	DB3B	DB3B
273793at7147	OZ287661.1	43346063.0	DB3B	DB3B
273822at7147	OZ287661.1	65259372.5	DB3B	DB3B
273875at7147	OZ287662.1	16181299.5	DB1A	DB1A
273898at7147	HAP1_SCAFFOLD_749	11239.5	NA	NA
273898at7147	OZ287662.1	96381299.0	NA	NA
273906at7147	OZ287661.1	112520007.0	DB4B	DB4B
273986at7147	OZ287660.1	154391270.5	DB3A	DB3A
274103at7147	OZ287662.1	96356355.0	DB6	DB6
274127at7147	OZ287660.1	157667218.5	DB3A	DB3A
274176at7147	OZ287662.1	108489168.5	DB1A	DB1A
274181at7147	OZ287661.1	43649009.0	DB3A	DB3A
274222at7147	OZ287663.1	31160444.0	DB5	DB5
274263at7147	OZ287663.1	33025467.5	DB5	DB5
274268at7147	OZ287663.1	26045236.0	DB5	DB5
274377at7147	OZ287663.1	72644227.5	DB5	DB5
274396at7147	OZ287663.1	47644029.0	DB5	DB5
274415at7147	OZ287664.1	98536477.5	DB1B	DB1B
274432at7147	OZ287664.1	103640796.5	DB1B	DB1B
274495at7147	OZ287661.1	21380195.0	DB3B	DB3B
274581at7147	OZ287660.1	158121963.0	DB3A	DB3A
274653at7147	OZ287660.1	15925661.0	DB4A	DB4A
274654at7147	OZ287661.1	97570272.5	DB3B	DB3B
274681at7147	OZ287660.1	16246725.5	DB4A	DB4A
274711at7147	OZ287660.1	153954898.5	DB3A	DB3A
274795at7147	OZ287661.1	10568504.5	DB4B	DB4B
274897at7147	OZ287662.1	106079467.0	DB2A	DB2A
274915at7147	OZ287661.1	100968359.5	DB4B	DB4B
274937at7147	OZ287663.1	106692741.0	DB5	DB5
274980at7147	OZ287661.1	52413515.5	DB3B	DB3B
275025at7147	OZ287663.1	4831227.5	DB5	DB5
275051at7147	OZ287663.1	107728499.5	DB5	DB5
275228at7147	OZ287660.1	137951041.0	DB3A	DB3A
275475at7147	OZ287661.1	118504818.5	DB4B	DB4B
275730at7147	OZ287664.1	38995192.0	DB1B	DB1B
275815at7147	OZ287661.1	111586772.5	DB4B	DB4B
275849at7147	OZ287664.1	16411567.0	DB1B	DB1B
275895at7147	OZ287664.1	100262487.5	DB1B	DB1B
275911at7147	OZ287661.1	70951187.0	DB3B	DB3B
275948at7147	OZ287664.1	29280194.0	DB2B	DB2B
275971at7147	OZ287663.1	16140308.0	DB5	DB5
276040at7147	OZ287664.1	1297675.0	DB1B	DB1B
276045at7147	OZ287660.1	141369547.5	NA	NA
276098at7147	OZ287660.1	23375911.0	DB3A	DB3A
276150at7147	OZ287662.1	42184566.0	DB1A	DB1A
276185at7147	OZ287661.1	106386138.5	DB3B	DB3B
276213at7147	OZ287664.1	53601145.0	DB5	DB5
276218at7147	OZ287661.1	29793339.5	DB4B	DB4B
276247at7147	OZ287663.1	71121554.5	DB5	DB5
276315at7147	OZ287664.1	90533701.0	DB3B	DB3B
276321at7147	OZ287662.1	6978408.0	DB1A	DB1A
276371at7147	OZ287661.1	70400790.5	DB5	DB5
276514at7147	OZ287660.1	94254600.0	DB3A	DB3A
276635at7147	OZ287660.1	91356685.0	NA	NA
276755at7147	OZ287660.1	94649802.5	DB3A	DB3A
276759at7147	OZ287664.1	104979423.5	DB1B	DB1B
276853at7147	OZ287663.1	96145435.0	DB5	DB5
277209at7147	OZ287661.1	14625632.0	DB3B	DB3B
277262at7147	OZ287662.1	115965917.0	DB2A	DB2A
277284at7147	OZ287663.1	71356009.5	DB5	DB5
277359at7147	OZ287660.1	1118395.0	DB4A	DB4A
277386at7147	OZ287662.1	103186723.0	DB2A	DB2A
277566at7147	OZ287660.1	28738351.0	NA	NA
277684at7147	OZ287662.1	17895671.5	DB1A	DB1A
277731at7147	OZ287663.1	25377988.5	DB5	DB5
277736at7147	OZ287662.1	2695896.0	DB1A	DB1A
277982at7147	OZ287664.1	11809163.5	DB2B	DB2B
278025at7147	OZ287664.1	4597666.0	DB2B	DB2B
278097at7147	OZ287663.1	105936592.5	DB5	DB5
278117at7147	OZ287664.1	97328920.5	DB2B	DB2B
278453at7147	OZ287663.1	102327881.5	DB5	DB5
278577at7147	OZ287664.1	97877473.0	DB1B	DB1B
278638at7147	OZ287661.1	25137094.5	DB4B	DB4B
278660at7147	OZ287664.1	85868277.0	DB3B	DB3B
278677at7147	OZ287663.1	1694989.0	DB5	DB5
278779at7147	OZ287661.1	20166084.0	DB2B	DB2B
278880at7147	OZ287663.1	99165404.5	DB5	DB5
278899at7147	OZ287661.1	111657714.0	DB3B	DB3B
278917at7147	OZ287661.1	123430091.0	DB4B	DB4B
278930at7147	OZ287665.1	4300016.5	DB6	DB6
278990at7147	OZ287662.1	42977341.5	DB1A	DB1A
278990at7147	OZ287661.1	65076517.0	DB1A	DB1A
278999at7147	OZ287661.1	32286065.5	DB4B	DB4B
279073at7147	OZ287661.1	35819060.5	DB4B	DB4B
279155at7147	OZ287660.1	26353355.0	DB4A	DB4A
279184at7147	OZ287664.1	83075228.5	DB4A	DB4A
279394at7147	OZ287663.1	65516379.0	DB5	DB5
279394at7147	OZ287663.1	65507013.0	DB5	DB5
279394at7147	OZ287663.1	65490021.5	DB5	DB5
279417at7147	OZ287660.1	126202837.0	NA	NA
279432at7147	OZ287664.1	89442604.5	DB2B	DB2B
279464at7147	OZ287660.1	16053902.5	DB4B	DB4B
279532at7147	OZ287660.1	145224012.5	DB3A	DB3A
279591at7147	OZ287664.1	88276054.0	DB1B	DB1B
279885at7147	OZ287664.1	105128081.0	DB1B	DB1B
279956at7147	OZ287662.1	25778481.0	DB1A	DB1A
280026at7147	OZ287660.1	139642255.0	DB3A	DB3A
280039at7147	OZ287662.1	960433.0	DB1A	DB1A
280052at7147	OZ287664.1	102920875.0	DB2B	DB2B
280062at7147	OZ287661.1	112550714.5	DB1B	DB1B
280212at7147	OZ287661.1	112610469.0	DB4B	DB4B
280333at7147	OZ287663.1	23799710.0	DB5	DB5
280361at7147	OZ287661.1	114254626.5	DB3B	DB3B
280390at7147	OZ287661.1	107292477.5	DB4B	DB4B
280454at7147	OZ287662.1	44728157.5	DB1A	DB1A
280459at7147	OZ287661.1	3810860.5	DB3B	DB3B
280460at7147	OZ287660.1	11713319.0	DB4A	DB4A
280464at7147	OZ287661.1	22717343.5	DB3B	DB3B
280577at7147	OZ287660.1	52035527.0	DB4A	DB4A
280671at7147	OZ287663.1	38649084.0	DB5	DB5
280772at7147	OZ287660.1	57015724.5	DB4A	DB4A
280885at7147	OZ287664.1	85413985.5	DB1B	DB1B
280902at7147	OZ287660.1	145410438.0	DB3A	DB3A
280924at7147	OZ287660.1	141097436.5	DB3A	DB3A
280947at7147	OZ287662.1	111523625.5	DB2A	DB2A
280996at7147	OZ287663.1	14505279.5	DB5	DB5
281011at7147	OZ287661.1	18241204.5	DB3B	DB3B
281121at7147	OZ287664.1	92947986.5	DB1B	DB1B
281134at7147	OZ287662.1	25692883.5	DB1A	DB1A
281152at7147	OZ287662.1	113371985.5	DB2A	DB2A
281157at7147	OZ287662.1	111151259.0	DB2A	DB2A
281188at7147	OZ287660.1	109883718.5	DB3A	DB3A
281190at7147	OZ287662.1	61865945.5	DB1A	DB1A
281225at7147	OZ287660.1	118890429.0	DB5	DB5
281264at7147	OZ287660.1	150187179.0	DB3A	DB3A
281267at7147	OZ287661.1	25030286.0	DB4B	DB4B
281282at7147	OZ287660.1	32276413.5	DB4A	DB4A
281283at7147	OZ287661.1	30858067.5	DB3B	DB3B
281298at7147	OZ287662.1	1387130.0	DB2B	DB2B
281324at7147	OZ287660.1	7476710.0	DB4A	DB4A
281347at7147	OZ287661.1	97103662.0	DB3B	DB3B
281374at7147	OZ287660.1	41353016.5	DB4A	DB4A
281381at7147	OZ287660.1	124462330.5	DB3A	DB3A
281385at7147	OZ287662.1	622671.0	DB1A	DB1A
281393at7147	OZ287662.1	114741922.5	DB5	DB5
281523at7147	OZ287661.1	22475864.5	DB3B	DB3B
281542at7147	OZ287661.1	119011396.0	DB4B	DB4B
281669at7147	OZ287660.1	5798606.5	DB4B	DB4B
281723at7147	OZ287664.1	11638811.0	DB2B	DB2B
281912at7147	OZ287663.1	101052222.5	DB5	DB5
281921at7147	OZ287661.1	96337073.5	DB5	DB5
281924at7147	OZ287660.1	24339374.0	DB4A	DB4A
282303at7147	OZ287664.1	4032020.0	DB2B	DB2B
282449at7147	OZ287664.1	102618108.0	DB1B	DB1B
282539at7147	OZ287662.1	8816045.5	DB1A	DB1A
282614at7147	OZ287663.1	45373597.0	DB5	DB5
282748at7147	OZ287660.1	55103478.5	DB4A	DB4A
282848at7147	OZ287660.1	143369047.0	DB3A	DB3A
282860at7147	OZ287663.1	16159112.0	DB5	DB5
282957at7147	OZ287662.1	18393936.5	DB4A	DB4A
283137at7147	OZ287660.1	30111351.0	DB3A	DB3A
283159at7147	OZ287661.1	91596891.0	DB3A	DB3A
283163at7147	OZ287660.1	119001976.0	DB3A	DB3A
283239at7147	OZ287664.1	101086599.5	DB1B	DB1B
283259at7147	OZ287662.1	6972954.0	DB1A	DB1A
283279at7147	OZ287663.1	109325003.5	DB5	DB5
283328at7147	OZ287663.1	10869243.0	DB5	DB5
283360at7147	OZ287662.1	13597882.0	DB3A	DB3A
283431at7147	OZ287660.1	65560633.5	NA	NA
283551at7147	OZ287664.1	90596831.5	DB1A	DB1A
283644at7147	OZ287660.1	3307070.5	DB4A	DB4A
283667at7147	OZ287661.1	107511806.5	DB2A	DB2A
283691at7147	OZ287660.1	69468010.5	DB4A	DB4A
283726at7147	OZ287662.1	118788435.5	DB2A	DB2A
283834at7147	OZ287664.1	16416798.5	DB2B	DB2B
283943at7147	OZ287661.1	54398906.5	DB3B	DB3B
283995at7147	OZ287662.1	20860084.5	DB1A	DB1A
284136at7147	OZ287661.1	117200878.5	DB1B	DB1B
284186at7147	OZ287662.1	119398217.5	DB2A	DB2A
284282at7147	OZ287660.1	26398710.5	DB4A	DB4A
284347at7147	OZ287664.1	97336181.5	DB1B	DB1B
284372at7147	OZ287664.1	68970638.0	DB1B	DB1B
284558at7147	OZ287661.1	114881663.5	DB4B	DB4B
284618at7147	OZ287662.1	103431612.5	DB6	DB6
284736at7147	OZ287663.1	41268957.5	DB5	DB5
284819at7147	OZ287661.1	56034820.5	DB3B	DB3B
285016at7147	OZ287663.1	22565036.5	DB5	DB5
285035at7147	OZ287660.1	37359746.5	DB4A	DB4A
285173at7147	OZ287662.1	44975118.0	DB1A	DB1A
285192at7147	OZ287663.1	46785744.0	DB6	DB6
285302at7147	OZ287661.1	1871042.5	DB6	DB6
285312at7147	OZ287660.1	131463850.5	DB3A	DB3A
285439at7147	OZ287662.1	3257636.0	DB1A	DB1A
285481at7147	OZ287660.1	57022677.5	DB4A	DB4A
285523at7147	OZ287664.1	82979610.5	DB1B	DB1B
285538at7147	OZ287660.1	6920877.5	DB4A	DB4A
285678at7147	OZ287660.1	4594580.5	DB4A	DB4A
285918at7147	OZ287662.1	44786104.5	DB1A	DB1A
285941at7147	OZ287662.1	6680206.5	DB1A	DB1A
285973at7147	OZ287662.1	118391076.5	DB2A	DB2A
286138at7147	OZ287660.1	51831515.0	DB4A	DB4A
286165at7147	OZ287664.1	10514907.5	DB2B	DB2B
286175at7147	OZ287662.1	18502583.5	DB5	DB5
286182at7147	OZ287660.1	157159882.0	DB3A	DB3A
286254at7147	OZ287661.1	74249185.0	DB2B	DB2B
286257at7147	OZ287660.1	109529017.5	DB3A	DB3A
286387at7147	OZ287663.1	4054119.5	DB5	DB5
286403at7147	OZ287663.1	101005693.5	DB5	DB5
286673at7147	OZ287664.1	101353365.0	DB1B	DB1B
286690at7147	OZ287664.1	93622944.5	DB1B	DB1B
286854at7147	OZ287660.1	1527082.0	DB4A	DB4A
286884at7147	OZ287662.1	115492960.5	DB1A	DB1A
286906at7147	OZ287664.1	5310512.0	DB2B	DB2B
287026at7147	OZ287662.1	19979918.5	DB1A	DB1A
287034at7147	OZ287663.1	103484737.0	DB5	DB5
287072at7147	OZ287661.1	121075312.0	DB2B	DB2B
287222at7147	OZ287664.1	96160094.0	DB1B	DB1B
287289at7147	OZ287660.1	84624379.5	DB3A	DB3A
287351at7147	OZ287664.1	81197759.0	DB4B	DB4B
287354at7147	HAP1_SCAFFOLD_186	29663.0	DB2B	DB2B
287354at7147	OZ287664.1	81144.5	DB2B	DB2B
287401at7147	OZ287660.1	82441376.5	DB3A	DB3A
287408at7147	OZ287662.1	84128428.5	DB1B	DB1B
287440at7147	OZ287661.1	28741768.5	NA	NA
287476at7147	OZ287661.1	31795723.0	DB3B	DB3B
287488at7147	OZ287660.1	94370312.5	DB3A	DB3A
287511at7147	OZ287661.1	111769791.5	DB4B	DB4B
287523at7147	OZ287660.1	124577612.5	DB3A	DB3A
287604at7147	OZ287662.1	59047205.5	DB1A	DB1A
287631at7147	OZ287660.1	121276293.5	DB3A	DB3A
287656at7147	OZ287660.1	153125302.0	DB3A	DB3A
287742at7147	OZ287660.1	119072292.0	DB3A	DB3A
287774at7147	OZ287661.1	1308915.5	DB3B	DB3B
287822at7147	OZ287663.1	33620567.5	DB5	DB5
287967at7147	OZ287660.1	1858897.0	DB4A	DB4A
288097at7147	OZ287663.1	3642580.5	DB5	DB5
288113at7147	OZ287661.1	103848669.0	NA	NA
288131at7147	OZ287663.1	9921350.0	DB5	DB5
288139at7147	OZ287662.1	92171560.0	DB2A	DB2A
288271at7147	OZ287660.1	140815698.0	NA	NA
288308at7147	OZ287662.1	4090464.5	DB1A	DB1A
288317at7147	OZ287661.1	67735311.0	DB3B	DB3B
288423at7147	OZ287662.1	111400931.5	DB6	DB6
288648at7147	OZ287663.1	33028288.5	DB5	DB5
288665at7147	OZ287663.1	92042021.5	DB5	DB5
288771at7147	OZ287660.1	101554160.5	DB3A	DB3A
288845at7147	OZ287661.1	19882424.0	DB3A	DB3A
288922at7147	OZ287663.1	20290938.0	DB5	DB5
288954at7147	OZ287664.1	64619883.0	DB1B	DB1B
289027at7147	OZ287660.1	9706865.5	DB4A	DB4A
289085at7147	OZ287664.1	94733460.0	DB1B	DB1B
289134at7147	OZ287660.1	157448561.5	DB3A	DB3A
289197at7147	OZ287662.1	59439606.0	DB1A	DB1A
289242at7147	OZ287664.1	89474258.0	DB2B	DB2B
289464at7147	OZ287660.1	27637196.0	DB4A	DB4A
289612at7147	OZ287661.1	9490349.0	DB3B	DB3B
289817at7147	OZ287662.1	21133333.5	DB5	DB5
289959at7147	OZ287660.1	121693055.0	DB3A	DB3A
290064at7147	OZ287664.1	1811015.0	DB3B	DB3B
290143at7147	OZ287664.1	24083951.5	DB2B	DB2B
290299at7147	OZ287664.1	85880389.5	DB1B	DB1B
290444at7147	OZ287664.1	94689124.5	DB1B	DB1B
290481at7147	OZ287660.1	7629430.0	DB4B	DB4B
290525at7147	OZ287664.1	10673952.0	DB2B	DB2B
290654at7147	OZ287662.1	102511101.0	DB2A	DB2A
290655at7147	OZ287663.1	6094847.5	DB5	DB5
290691at7147	OZ287664.1	89728764.0	DB1B	DB1B
290784at7147	OZ287662.1	114350752.0	DB2A	DB2A
290830at7147	OZ287663.1	109918129.0	DB5	DB5
290958at7147	OZ287664.1	85357336.5	DB1B	DB1B
290986at7147	OZ287664.1	80279972.5	DB5	DB5
291230at7147	OZ287660.1	36148712.5	DB4A	DB4A
291269at7147	OZ287660.1	4612548.0	DB4A	DB4A
291313at7147	OZ287662.1	38568506.5	DB1A	DB1A
291384at7147	OZ287664.1	67898275.5	DB3B	DB3B
291500at7147	OZ287662.1	17497017.5	DB1A	DB1A
291747at7147	OZ287660.1	23343622.5	DB4A	DB4A
291775at7147	OZ287660.1	90680400.5	DB3A	DB3A
291799at7147	OZ287660.1	94097862.5	DB3A	DB3A
291806at7147	OZ287660.1	50542780.5	DB4A	DB4A
291851at7147	OZ287660.1	2139795.0	DB4A	DB4A
291867at7147	OZ287661.1	992596.5	DB3B	DB3B
291945at7147	OZ287661.1	21438129.5	DB3B	DB3B
291961at7147	OZ287663.1	31324874.5	DB5	DB5
291969at7147	OZ287660.1	130416448.5	DB3A	DB3A
292205at7147	OZ287661.1	27923928.0	DB2A	DB2A
292255at7147	OZ287661.1	10007034.5	DB3B	DB3B
292315at7147	OZ287660.1	48964983.0	DB4A	DB4A
292349at7147	OZ287662.1	115956481.0	DB1B	DB1B
292437at7147	OZ287661.1	27354495.0	DB5	DB5
292516at7147	OZ287660.1	157028004.0	DB3A	DB3A
292525at7147	OZ287661.1	32039762.0	NA	NA
292553at7147	OZ287664.1	85054621.0	NA	NA
292560at7147	OZ287661.1	22980018.0	DB3B	DB3B
292686at7147	OZ287660.1	139392520.5	DB3A	DB3A
292709at7147	OZ287664.1	104679842.5	DB2A	DB2A
292716at7147	OZ287661.1	11587713.5	DB3B	DB3B
292726at7147	OZ287664.1	38319142.0	DB1B	DB1B
292746at7147	OZ287662.1	813535.5	DB1A	DB1A
292762at7147	OZ287661.1	52700299.0	DB3B	DB3B
292807at7147	OZ287660.1	143267716.5	DB3A	DB3A
292918at7147	OZ287663.1	9253411.5	DB5	DB5
292983at7147	OZ287663.1	14590285.5	DB5	DB5
293157at7147	OZ287662.1	54628522.0	DB1A	DB1A
293181at7147	OZ287662.1	109539591.5	DB1A	DB1A
293245at7147	OZ287660.1	109348437.5	DB4B	DB4B
293374at7147	OZ287662.1	94249614.5	DB2A	DB2A
293473at7147	OZ287664.1	1896172.0	DB2B	DB2B
293685at7147	OZ287660.1	32654871.5	DB4A	DB4A
293685at7147	OZ287660.1	32699969.5	DB4A	DB4A
293743at7147	OZ287660.1	94185900.0	DB3A	DB3A
293787at7147	OZ287660.1	121002718.0	DB4A	DB4A
293805at7147	OZ287664.1	22521269.0	DB2B	DB2B
293819at7147	OZ287660.1	55263329.5	DB4A	DB4A
293949at7147	OZ287663.1	16221915.0	DB5	DB5
293958at7147	OZ287660.1	147991655.0	DB3A	DB3A
294036at7147	OZ287660.1	89543173.0	DB3A	DB3A
294184at7147	OZ287664.1	106841169.0	DB1B	DB1B
294261at7147	OZ287662.1	61846058.5	DB1A	DB1A
294280at7147	OZ287663.1	86154643.0	DB5	DB5
294341at7147	OZ287660.1	143609527.0	DB3A	DB3A
294471at7147	OZ287664.1	97248196.0	DB1B	DB1B
294505at7147	OZ287661.1	93047160.5	DB3B	DB3B
294507at7147	OZ287661.1	103636824.5	DB6	DB6
294539at7147	OZ287660.1	9794497.5	DB4A	DB4A
294623at7147	OZ287664.1	13071575.5	DB2B	DB2B
294625at7147	OZ287662.1	6938037.5	DB1A	DB1A
294643at7147	OZ287660.1	3821012.5	DB4A	DB4A
294678at7147	OZ287662.1	2821515.5	DB1A	DB1A
294747at7147	OZ287662.1	105687139.0	DB1A	DB1A
294786at7147	OZ287663.1	92907570.5	NA	NA
294953at7147	OZ287660.1	146523327.0	DB3A	DB3A
295011at7147	OZ287661.1	84388.5	DB3B	DB3B
295066at7147	OZ287660.1	16220896.5	DB4A	DB4A
295098at7147	OZ287662.1	48177611.5	DB2B	DB2B
295134at7147	OZ287664.1	79638975.5	DB1B	DB1B
295139at7147	OZ287664.1	68715325.5	DB2B	DB2B
295160at7147	OZ287664.1	8309588.5	DB2B	DB2B
295163at7147	OZ287663.1	96542263.0	DB5	DB5
295178at7147	OZ287663.1	33586851.0	DB5	DB5
295310at7147	OZ287663.1	100904288.5	DB5	DB5
295337at7147	OZ287661.1	121203928.0	DB4B	DB4B
295558at7147	OZ287661.1	32974624.0	DB3B	DB3B
295624at7147	OZ287661.1	4995243.5	DB3B	DB3B
295694at7147	OZ287664.1	103933079.5	NA	NA
295714at7147	OZ287660.1	85533870.5	DB3A	DB3A
295841at7147	OZ287660.1	119584094.0	DB3A	DB3A
295911at7147	OZ287662.1	96760171.0	DB2A	DB2A
295953at7147	OZ287661.1	4583313.5	DB3B	DB3B
296064at7147	OZ287662.1	14280313.0	DB3A	DB3A
296070at7147	OZ287660.1	10195994.5	DB4A	DB4A
296217at7147	OZ287660.1	12361929.0	DB4A	DB4A
296305at7147	OZ287661.1	42756646.5	DB3B	DB3B
296394at7147	OZ287662.1	113557249.5	DB2A	DB2A
296534at7147	OZ287661.1	115431661.5	DB4B	DB4B
296596at7147	OZ287663.1	6019282.0	DB5	DB5
296669at7147	OZ287660.1	12490287.5	DB4A	DB4A
296681at7147	OZ287662.1	106145573.0	DB2A	DB2A
296691at7147	OZ287661.1	27374073.0	DB2B	DB2B
296695at7147	OZ287661.1	122922949.0	DB4B	DB4B
296706at7147	OZ287661.1	117115766.5	DB5	DB5
296850at7147	OZ287663.1	41936415.5	DB5	DB5
296856at7147	OZ287662.1	9872939.0	DB1A	DB1A
297115at7147	OZ287660.1	131237924.5	DB4A	DB4A
297283at7147	OZ287660.1	122938426.0	DB2A	DB2A
297379at7147	OZ287660.1	78834921.0	NA	NA
297491at7147	OZ287664.1	79715438.5	DB1B	DB1B
297491at7147	OZ287664.1	79688219.5	DB1B	DB1B
297491at7147	OZ287664.1	79674667.0	DB1B	DB1B
297503at7147	OZ287664.1	100705073.5	DB1B	DB1B
297571at7147	OZ287661.1	42476340.0	DB3B	DB3B
297594at7147	OZ287663.1	103645289.0	DB5	DB5
297610at7147	OZ287660.1	98471513.0	DB3A	DB3A
297671at7147	OZ287661.1	11681284.0	DB2A	DB2A
297732at7147	OZ287664.1	88578540.5	DB1B	DB1B
297739at7147	OZ287664.1	90402373.0	DB1B	DB1B
297773at7147	OZ287660.1	134397776.0	DB3A	DB3A
297775at7147	OZ287664.1	8958896.5	DB2B	DB2B
297810at7147	OZ287663.1	8268747.5	DB5	DB5
297825at7147	OZ287662.1	25804268.5	DB1A	DB1A
297866at7147	OZ287661.1	121237737.5	DB4B	DB4B
297885at7147	OZ287662.1	71113819.5	NA	NA
297900at7147	OZ287664.1	1247575.0	DB2B	DB2B
297901at7147	OZ287663.1	6238530.0	DB5	DB5
297932at7147	OZ287661.1	90833913.0	DB4B	DB4B
297946at7147	OZ287662.1	103190301.5	DB2A	DB2A
297964at7147	OZ287664.1	14829467.5	DB2B	DB2B
298052at7147	OZ287664.1	14441894.0	DB2B	DB2B
298064at7147	OZ287663.1	108729371.0	DB5	DB5
298096at7147	OZ287660.1	118446873.0	DB3A	DB3A
298591at7147	OZ287664.1	16538934.0	DB3B	DB3B
298657at7147	OZ287663.1	106493942.5	DB5	DB5
298728at7147	OZ287665.1	6756065.0	DB6	DB6
298828at7147	OZ287661.1	42116824.5	DB3B	DB3B
298856at7147	OZ287663.1	6649079.0	DB3B	DB3B
298916at7147	OZ287663.1	103219067.0	DB5	DB5
299018at7147	OZ287663.1	85615817.5	DB5	DB5
299040at7147	OZ287663.1	4624855.0	DB5	DB5
299091at7147	OZ287660.1	2162886.0	NA	NA
299208at7147	OZ287660.1	15728672.5	DB2B	DB2B
299296at7147	OZ287662.1	19183542.0	DB1A	DB1A
299539at7147	OZ287660.1	87007078.0	DB1B	DB1B
299616at7147	OZ287660.1	91679663.5	DB2B	DB2B
299630at7147	OZ287662.1	108368455.5	DB2A	DB2A
299634at7147	OZ287663.1	9456711.0	DB5	DB5
299666at7147	OZ287661.1	30994768.0	DB4B	DB4B
299672at7147	OZ287660.1	85431896.0	DB2B	DB2B
299690at7147	OZ287662.1	22762032.5	DB1A	DB1A
299836at7147	OZ287663.1	2459455.0	DB5	DB5
299862at7147	OZ287662.1	113366593.5	NA	NA
299971at7147	OZ287664.1	92743451.5	DB1B	DB1B
300196at7147	OZ287661.1	15632305.0	DB3B	DB3B
300243at7147	OZ287664.1	75653050.5	DB1B	DB1B
300251at7147	OZ287663.1	109901254.0	DB2B	DB2B
300291at7147	OZ287661.1	2589943.0	DB3B	DB3B
300375at7147	OZ287664.1	19072807.0	DB2B	DB2B
300528at7147	OZ287662.1	96786377.0	DB2A	DB2A
300552at7147	OZ287663.1	21022155.5	DB5	DB5
300625at7147	OZ287660.1	92888012.5	NA	NA
300691at7147	OZ287660.1	18895318.0	DB4A	DB4A
300778at7147	OZ287661.1	111896956.5	DB4B	DB4B
300838at7147	OZ287664.1	73098769.5	DB1B	DB1B
300918at7147	OZ287662.1	55527140.5	DB1A	DB1A
300956at7147	OZ287661.1	29709455.5	DB3B	DB3B
301031at7147	OZ287660.1	35627494.0	DB3A	DB3A
301098at7147	OZ287664.1	92716408.0	DB2B	DB2B
301263at7147	OZ287660.1	55173572.5	DB4A	DB4A
301408at7147	OZ287663.1	96679362.5	DB5	DB5
301539at7147	OZ287664.1	104989705.0	DB1B	DB1B
301586at7147	OZ287664.1	98179919.5	DB1B	DB1B
301684at7147	OZ287663.1	12662963.5	DB5	DB5
301691at7147	OZ287663.1	84413531.0	DB5	DB5
301697at7147	OZ287664.1	3463529.0	DB2B	DB2B
301738at7147	OZ287662.1	7414648.0	DB1A	DB1A
301800at7147	OZ287664.1	7424193.0	DB2B	DB2B
301802at7147	OZ287660.1	651303.5	DB4A	DB4A
301812at7147	OZ287662.1	74384514.0	DB1A	DB1A
301812at7147	OZ287662.1	4604345.5	DB1A	DB1A
301911at7147	OZ287662.1	9581290.0	DB1A	DB1A
302001at7147	OZ287660.1	119098798.0	DB3A	DB3A
302118at7147	OZ287664.1	74345679.0	DB1B	DB1B
302131at7147	OZ287660.1	140790404.5	DB3A	DB3A
302156at7147	OZ287664.1	97139457.5	DB1B	DB1B
302314at7147	OZ287663.1	5043289.5	DB5	DB5
302345at7147	OZ287660.1	162949872.5	DB3A	DB3A
302362at7147	OZ287660.1	9840955.0	DB1B	DB1B
302392at7147	OZ287664.1	103056540.0	DB2B	DB2B
302405at7147	OZ287661.1	13075215.5	DB3B	DB3B
302468at7147	OZ287660.1	17953697.0	DB4A	DB4A
302479at7147	OZ287660.1	161188784.5	DB3A	DB3A
302500at7147	OZ287661.1	66860671.5	DB3B	DB3B
302560at7147	OZ287664.1	82524129.5	DB1B	DB1B
302572at7147	OZ287660.1	5622595.5	DB4A	DB4A
302595at7147	OZ287660.1	130689912.5	DB3A	DB3A
302762at7147	OZ287662.1	1838310.5	DB2A	DB2A
302851at7147	OZ287661.1	116564432.0	DB4B	DB4B
302891at7147	OZ287663.1	110837529.0	DB5	DB5
302920at7147	OZ287663.1	39004851.0	DB5	DB5
303019at7147	OZ287660.1	24765019.0	DB1A	DB1A
303109at7147	OZ287660.1	89246417.0	DB4A	DB4A
303198at7147	OZ287664.1	24136203.0	DB5	DB5
303297at7147	OZ287662.1	103163910.5	DB2A	DB2A
303335at7147	OZ287663.1	46685314.0	NA	NA
303353at7147	OZ287663.1	109296774.0	DB5	DB5
303404at7147	OZ287662.1	115166755.5	DB2A	DB2A
303443at7147	OZ287663.1	9478689.5	DB5	DB5
303520at7147	OZ287660.1	37207948.5	DB4A	DB4A
303635at7147	OZ287660.1	7326527.5	DB4A	DB4A
303659at7147	OZ287662.1	28386847.0	NA	NA
303810at7147	OZ287660.1	143286702.5	DB3A	DB3A
304040at7147	OZ287661.1	22834899.0	DB3B	DB3B
304215at7147	OZ287663.1	23057778.5	DB2A	DB2A
304228at7147	OZ287662.1	88527597.0	DB2A	DB2A
304230at7147	OZ287660.1	108580722.0	NA	NA
304387at7147	OZ287661.1	119573588.5	DB4B	DB4B
304533at7147	OZ287660.1	50968308.0	DB4A	DB4A
304636at7147	OZ287664.1	25389052.0	DB2B	DB2B
304708at7147	OZ287660.1	24887962.0	DB4A	DB4A
304822at7147	OZ287663.1	87152307.5	DB5	DB5
304856at7147	OZ287660.1	5832626.0	DB4A	DB4A
304872at7147	OZ287660.1	16036146.5	DB4A	DB4A
304892at7147	OZ287663.1	41076865.0	DB5	DB5
304895at7147	OZ287661.1	120064565.0	DB2A	DB2A
305005at7147	OZ287660.1	115174986.0	DB3A	DB3A
305080at7147	OZ287664.1	64592869.5	DB1B	DB1B
305110at7147	OZ287661.1	49072481.5	DB3B	DB3B
305110at7147	OZ287661.1	49175712.0	DB3B	DB3B
305135at7147	OZ287662.1	111761088.5	DB2A	DB2A
305169at7147	OZ287664.1	98630925.0	DB1B	DB1B
305196at7147	OZ287662.1	35565081.0	DB1A	DB1A
305311at7147	OZ287661.1	5930629.5	DB3B	DB3B
305385at7147	OZ287663.1	85597779.5	NA	NA
305466at7147	OZ287662.1	22525853.0	DB1A	DB1A
305652at7147	OZ287662.1	111808373.5	NA	NA
305729at7147	OZ287663.1	103832958.5	DB5	DB5
305813at7147	OZ287661.1	59934556.5	DB3B	DB3B
305895at7147	OZ287660.1	110131822.0	DB3A	DB3A
305925at7147	OZ287661.1	106000807.5	DB4B	DB4B
305949at7147	OZ287660.1	130823098.5	NA	NA
305990at7147	OZ287664.1	17898431.5	DB2B	DB2B
306015at7147	OZ287662.1	30647362.0	DB1B	DB1B
306096at7147	OZ287662.1	12316800.0	DB1A	DB1A
306279at7147	OZ287664.1	1689882.5	DB4A	DB4A
306330at7147	OZ287660.1	23470236.0	DB4A	DB4A
306523at7147	OZ287662.1	22842032.0	DB1A	DB1A
306531at7147	OZ287662.1	6743909.5	NA	NA
306684at7147	OZ287660.1	28583970.5	DB4A	DB4A
306693at7147	OZ287664.1	104689976.0	DB1B	DB1B
306719at7147	OZ287662.1	20937269.5	DB1A	DB1A
306780at7147	OZ287663.1	92589456.5	DB5	DB5
306810at7147	OZ287663.1	106388117.5	DB5	DB5
306812at7147	OZ287664.1	745966.5	DB2B	DB2B
306844at7147	OZ287663.1	104220397.5	DB5	DB5
307135at7147	OZ287662.1	4399844.0	DB1A	DB1A
307172at7147	OZ287660.1	94626414.5	DB1A	DB1A
307255at7147	OZ287660.1	134315299.0	DB3A	DB3A
307277at7147	OZ287660.1	162094459.5	DB3A	DB3A
307283at7147	OZ287662.1	54792933.0	DB1A	DB1A
307441at7147	OZ287661.1	9755672.5	DB3B	DB3B
307476at7147	OZ287663.1	100690923.5	DB5	DB5
307605at7147	OZ287663.1	74037016.0	DB5	DB5
307703at7147	OZ287663.1	37419981.0	NA	NA
307987at7147	OZ287660.1	121419439.5	DB3A	DB3A
307989at7147	OZ287662.1	102660065.0	DB1A	DB1A
308180at7147	OZ287663.1	11708953.0	DB5	DB5
308232at7147	OZ287660.1	121073868.0	NA	NA
308242at7147	OZ287661.1	4469497.0	DB3B	DB3B
308369at7147	OZ287660.1	27684494.0	DB4A	DB4A
308466at7147	OZ287663.1	109188800.0	DB5	DB5
308534at7147	OZ287664.1	79309635.5	DB1B	DB1B
308577at7147	OZ287662.1	637970.5	NA	NA
308627at7147	OZ287661.1	54373481.5	DB3B	DB3B
308629at7147	OZ287663.1	31473501.5	DB5	DB5
308630at7147	OZ287660.1	92164740.0	DB3A	DB3A
308633at7147	OZ287661.1	105962243.0	DB3B	DB3B
308668at7147	OZ287660.1	119189483.5	DB3A	DB3A
308691at7147	OZ287664.1	13295324.0	DB2B	DB2B
308713at7147	OZ287664.1	1474203.0	DB2B	DB2B
308728at7147	OZ287660.1	35623701.5	DB4B	DB4B
308760at7147	OZ287660.1	24395009.0	DB4A	DB4A
308781at7147	OZ287660.1	1833674.0	DB4A	DB4A
308882at7147	OZ287664.1	88324943.5	DB3B	DB3B
308920at7147	OZ287660.1	12542013.0	DB4A	DB4A
308957at7147	OZ287663.1	756608.5	DB5	DB5
309117at7147	OZ287664.1	73901435.5	DB2B	DB2B
309142at7147	OZ287663.1	106472499.5	DB2B	DB2B
309228at7147	OZ287660.1	139934503.5	DB3A	DB3A
309306at7147	OZ287663.1	107745339.5	DB5	DB5
309374at7147	OZ287660.1	153280736.5	DB2B	DB2B
309380at7147	OZ287664.1	73060665.0	DB1B	DB1B
309384at7147	OZ287663.1	38792977.0	NA	NA
309394at7147	OZ287660.1	161423077.0	DB3A	DB3A
309430at7147	OZ287665.1	9591669.0	DB6	DB6
309613at7147	OZ287660.1	148974081.0	DB3A	DB3A
309709at7147	OZ287660.1	130529487.0	DB3A	DB3A
309819at7147	OZ287662.1	105346386.5	DB2B	DB2B
309944at7147	OZ287662.1	90559358.0	DB2A	DB2A
309960at7147	OZ287661.1	100273737.5	DB3B	DB3B
310079at7147	OZ287660.1	32517206.0	DB4A	DB4A
310082at7147	OZ287660.1	137296480.0	DB3A	DB3A
310143at7147	OZ287662.1	4038565.5	DB1A	DB1A
310180at7147	OZ287664.1	7537163.0	DB2B	DB2B
310237at7147	OZ287661.1	24968619.0	DB4B	DB4B
310315at7147	OZ287664.1	84360698.0	DB1B	DB1B
310363at7147	OZ287664.1	20129931.0	DB2B	DB2B
310366at7147	OZ287660.1	154045122.5	NA	NA
310451at7147	OZ287660.1	161679262.0	NA	NA
310466at7147	OZ287660.1	54382057.5	DB4A	DB4A
310503at7147	OZ287661.1	107404926.0	DB4B	DB4B
310552at7147	OZ287664.1	106092937.5	DB1B	DB1B
310580at7147	OZ287660.1	19906092.0	DB4A	DB4A
310592at7147	OZ287664.1	74097635.0	DB1B	DB1B
310595at7147	OZ287663.1	34142256.5	DB5	DB5
310609at7147	OZ287663.1	37462171.5	NA	NA
310734at7147	OZ287662.1	9101672.5	DB1A	DB1A
310764at7147	OZ287660.1	91775133.0	DB3A	DB3A
311066at7147	OZ287664.1	1777914.5	DB2B	DB2B
311102at7147	OZ287664.1	13292389.0	DB2B	DB2B
311174at7147	OZ287660.1	19447763.0	DB1B	DB1B
311225at7147	OZ287660.1	119463735.0	DB3A	DB3A
311243at7147	OZ287662.1	27053384.0	DB1A	DB1A
311252at7147	OZ287661.1	105822086.0	DB4B	DB4B
311315at7147	OZ287664.1	95835738.0	DB1B	DB1B
311392at7147	OZ287664.1	1292576.5	DB2B	DB2B
311417at7147	OZ287660.1	132851724.5	NA	NA
311425at7147	OZ287660.1	7028714.0	DB3B	DB3B
311472at7147	OZ287661.1	33099515.5	DB3B	DB3B
311661at7147	OZ287663.1	18729024.0	DB5	DB5
311719at7147	OZ287660.1	19581381.5	DB4A	DB4A
311793at7147	OZ287660.1	87086587.5	DB3A	DB3A
312007at7147	OZ287661.1	109937038.5	DB4B	DB4B
312089at7147	OZ287662.1	78751687.0	DB1B	DB1B
312485at7147	OZ287661.1	51302287.5	DB4B	DB4B
312584at7147	OZ287660.1	155736849.5	DB1B	DB1B
312587at7147	OZ287662.1	22145579.5	DB1A	DB1A
312646at7147	OZ287664.1	77258193.5	DB1B	DB1B
312756at7147	OZ287663.1	9480522.5	DB5	DB5
312781at7147	OZ287662.1	22534628.0	DB5	DB5
313016at7147	OZ287664.1	14029763.0	DB6	DB6
313017at7147	OZ287664.1	98500952.0	DB1B	DB1B
313023at7147	OZ287661.1	56519715.0	DB3B	DB3B
313075at7147	OZ287660.1	152460214.0	DB3A	DB3A
313130at7147	OZ287660.1	27716335.5	DB4A	DB4A
313141at7147	OZ287664.1	83088780.0	DB1B	DB1B
313158at7147	OZ287664.1	86193077.0	DB1B	DB1B
313187at7147	OZ287662.1	31178706.5	DB1A	DB1A
313192at7147	OZ287661.1	30864099.0	DB3B	DB3B
313308at7147	OZ287660.1	13113806.0	DB4A	DB4A
313423at7147	OZ287661.1	120465575.5	DB4B	DB4B
313430at7147	OZ287664.1	96373419.0	DB1B	DB1B
313468at7147	OZ287661.1	18169948.5	DB3B	DB3B
313486at7147	OZ287660.1	161040089.0	DB3A	DB3A
313690at7147	OZ287664.1	28902167.0	DB4A	DB4A
313720at7147	OZ287664.1	92449939.5	DB1B	DB1B
313821at7147	OZ287664.1	99403433.0	DB1B	DB1B
313877at7147	OZ287660.1	116280420.0	DB3A	DB3A
314202at7147	OZ287664.1	76200184.5	DB1B	DB1B
314566at7147	OZ287663.1	7451021.0	DB5	DB5
314575at7147	OZ287660.1	155624989.5	DB3A	DB3A
314587at7147	OZ287660.1	7338461.5	DB4A	DB4A
314745at7147	OZ287660.1	35780058.0	DB3A	DB3A
314920at7147	OZ287664.1	23107229.5	DB2B	DB2B
314998at7147	OZ287664.1	1177814.5	DB2B	DB2B
315085at7147	OZ287663.1	3170292.5	DB5	DB5
315138at7147	OZ287664.1	40834858.0	DB1B	DB1B
315235at7147	OZ287663.1	102929865.5	DB5	DB5
315280at7147	OZ287663.1	33612004.5	DB5	DB5
315296at7147	OZ287660.1	95740839.5	DB3A	DB3A
315299at7147	OZ287661.1	101227059.5	DB4B	DB4B
315304at7147	OZ287664.1	16495092.5	DB2B	DB2B
315365at7147	OZ287664.1	76654346.0	DB1B	DB1B
315452at7147	OZ287660.1	115050377.0	DB3A	DB3A
315460at7147	OZ287664.1	95685571.5	DB1B	DB1B
315468at7147	OZ287661.1	11670676.5	DB1B	DB1B
315597at7147	OZ287660.1	3399180.5	DB4A	DB4A
315625at7147	OZ287661.1	106772807.0	DB2B	DB2B
315708at7147	OZ287662.1	119137164.5	DB2A	DB2A
315835at7147	OZ287661.1	63267211.0	DB4B	DB4B
315852at7147	OZ287660.1	124418404.5	DB3A	DB3A
315858at7147	OZ287664.1	107404499.5	DB1B	DB1B
315861at7147	OZ287664.1	24027947.5	DB2B	DB2B
316051at7147	OZ287661.1	46759908.5	DB3B	DB3B
316064at7147	OZ287663.1	33633970.0	DB5	DB5
316175at7147	OZ287664.1	101901762.5	DB2B	DB2B
316390at7147	OZ287660.1	126526566.0	DB2A	DB2A
316446at7147	OZ287660.1	151231953.5	DB3A	DB3A
316547at7147	OZ287661.1	108192609.0	DB4B	DB4B
316570at7147	OZ287662.1	4715486.5	DB1A	DB1A
316714at7147	OZ287660.1	94396676.5	DB3A	DB3A
316725at7147	OZ287661.1	16434286.0	DB3B	DB3B
316818at7147	OZ287662.1	2970590.0	DB1A	DB1A
316860at7147	OZ287664.1	104915000.5	DB1B	DB1B
316862at7147	OZ287663.1	30139832.5	DB1A	DB1A
316900at7147	OZ287664.1	55102475.0	DB1B	DB1B
316979at7147	OZ287663.1	30334223.5	DB5	DB5
316991at7147	OZ287660.1	16018525.5	DB4A	DB4A
317059at7147	OZ287660.1	75987777.5	DB1B	DB1B
317118at7147	OZ287661.1	122494825.5	DB4B	DB4B
317137at7147	OZ287661.1	47339013.5	DB6	DB6
317138at7147	OZ287663.1	105346654.0	DB5	DB5
317194at7147	OZ287664.1	12737894.5	DB2B	DB2B
317239at7147	OZ287662.1	96346491.5	DB2B	DB2B
317266at7147	OZ287663.1	16013329.0	DB5	DB5
317369at7147	OZ287663.1	29783436.5	DB5	DB5
317413at7147	OZ287660.1	104084261.0	NA	NA
317464at7147	OZ287662.1	16192863.0	DB1A	DB1A
317481at7147	OZ287662.1	14593516.5	DB1A	DB1A
317484at7147	OZ287663.1	20738419.0	DB5	DB5
317550at7147	OZ287664.1	64568186.5	DB1B	DB1B
317570at7147	OZ287662.1	90385070.5	DB1A	DB1A
317831at7147	OZ287662.1	14317273.0	DB1A	DB1A
318146at7147	OZ287664.1	20813999.0	DB2B	DB2B
318210at7147	OZ287660.1	110157148.5	NA	NA
318213at7147	OZ287663.1	24457330.0	DB5	DB5
318238at7147	OZ287661.1	95880153.0	DB3B	DB3B
318245at7147	OZ287662.1	59071607.0	DB1A	DB1A
318260at7147	OZ287663.1	21927525.5	DB5	DB5
318410at7147	OZ287663.1	16372252.0	DB5	DB5
318425at7147	OZ287660.1	152351804.5	DB3A	DB3A
318442at7147	OZ287660.1	104334006.5	DB3A	DB3A
318454at7147	OZ287662.1	99007996.5	DB2A	DB2A
318481at7147	OZ287661.1	106805363.0	DB4B	DB4B
318596at7147	OZ287662.1	63418450.5	DB1A	DB1A
318732at7147	OZ287660.1	132859371.0	NA	NA
318874at7147	OZ287661.1	11877446.0	NA	NA
318883at7147	OZ287661.1	97538745.5	DB3B	DB3B
318996at7147	OZ287662.1	48310627.5	DB1A	DB1A
318998at7147	OZ287663.1	105283928.0	DB5	DB5
319005at7147	OZ287663.1	44992305.0	DB5	DB5
319031at7147	OZ287662.1	90212843.5	DB2A	DB2A
319170at7147	OZ287660.1	55044435.5	DB5	DB5
319234at7147	OZ287664.1	13631630.5	DB2B	DB2B
319488at7147	OZ287663.1	102394157.5	DB5	DB5
319697at7147	OZ287661.1	62607281.0	DB3A	DB3A
319751at7147	OZ287662.1	9445366.5	DB1A	DB1A
320147at7147	OZ287664.1	11790580.5	DB2B	DB2B
320262at7147	OZ287663.1	93037746.5	DB5	DB5
320376at7147	OZ287660.1	153244680.5	DB3A	DB3A
320425at7147	OZ287661.1	123189936.0	DB4B	DB4B
320463at7147	OZ287661.1	118941704.5	DB4B	DB4B
320558at7147	OZ287660.1	137904350.5	DB3A	DB3A
320612at7147	OZ287660.1	12378607.0	DB4A	DB4A
320655at7147	OZ287664.1	90406930.0	DB4A	DB4A
320658at7147	OZ287664.1	15692588.5	DB2B	DB2B
320959at7147	OZ287660.1	24560782.5	DB4A	DB4A
321048at7147	OZ287664.1	67173618.5	NA	NA
321070at7147	OZ287664.1	80722474.5	DB1B	DB1B
321152at7147	OZ287662.1	16989877.0	DB1A	DB1A
321224at7147	OZ287664.1	10188412.0	DB2B	DB2B
321389at7147	OZ287663.1	41351359.5	DB5	DB5
321465at7147	OZ287664.1	103136884.0	DB1B	DB1B
321835at7147	OZ287660.1	133587699.0	DB6	DB6
322025at7147	OZ287664.1	12903229.0	DB2B	DB2B
322179at7147	OZ287660.1	154377645.5	DB3A	DB3A
322272at7147	OZ287661.1	116028483.0	DB6	DB6
322306at7147	HAP1_SCAFFOLD_311	47381.5	DB1A	DB1A
322306at7147	OZ287662.1	7347106.5	DB1A	DB1A
322321at7147	OZ287660.1	141690411.0	DB3A	DB3A
322366at7147	OZ287660.1	9545263.5	DB3A	DB3A
322474at7147	OZ287660.1	148676092.0	DB3A	DB3A
322474at7147	OZ287660.1	148684921.0	DB3A	DB3A
322552at7147	OZ287665.1	5507235.0	DB6	DB6
322577at7147	OZ287661.1	103993365.0	DB4B	DB4B
322591at7147	OZ287662.1	105197769.0	DB2A	DB2A
322611at7147	OZ287664.1	19886574.5	DB2B	DB2B
322639at7147	OZ287663.1	103560000.5	DB5	DB5
322647at7147	OZ287661.1	122928949.5	DB4B	DB4B
322677at7147	OZ287663.1	26752986.0	DB5	DB5
322797at7147	OZ287661.1	51447797.0	DB4B	DB4B
322865at7147	OZ287664.1	8984978.5	NA	NA
322876at7147	OZ287661.1	109122967.0	DB4A	DB4A
323057at7147	OZ287660.1	104104046.0	DB3A	DB3A
323186at7147	OZ287660.1	36901655.5	DB4A	DB4A
323291at7147	OZ287660.1	18508744.0	DB4A	DB4A
323400at7147	OZ287664.1	737017.5	DB2B	DB2B
323507at7147	OZ287661.1	60089426.5	DB3B	DB3B
323543at7147	OZ287660.1	23306961.0	DB4A	DB4A
323574at7147	OZ287662.1	102769974.0	DB3A	DB3A
323595at7147	OZ287661.1	3550998.0	DB3B	DB3B
323607at7147	OZ287662.1	53781393.5	DB6	DB6
323631at7147	OZ287660.1	131424309.5	DB4A	DB4A
323705at7147	OZ287663.1	17026621.0	DB5	DB5
323798at7147	OZ287662.1	97474868.5	DB2A	DB2A
323908at7147	OZ287660.1	9535823.5	DB4A	DB4A
323908at7147	OZ287662.1	96037711.0	DB4A	DB4A
323919at7147	OZ287664.1	70268308.0	DB1B	DB1B
324287at7147	OZ287660.1	36304608.5	DB4A	DB4A
324327at7147	OZ287660.1	85936607.5	DB3A	DB3A
324452at7147	OZ287661.1	46339180.5	DB3B	DB3B
324493at7147	OZ287663.1	41880794.5	DB5	DB5
324612at7147	OZ287660.1	19065949.5	DB4A	DB4A
324790at7147	OZ287663.1	16480363.5	DB2B	DB2B
325191at7147	OZ287660.1	72434117.0	DB3A	DB3A
325193at7147	OZ287664.1	11691008.5	DB6	DB6
325325at7147	OZ287661.1	92697856.5	DB4B	DB4B
325336at7147	OZ287660.1	5618754.5	DB4A	DB4A
325416at7147	OZ287663.1	74608714.5	DB5	DB5
325495at7147	OZ287661.1	70097774.0	DB3B	DB3B
325652at7147	OZ287662.1	8053477.0	DB1A	DB1A
325730at7147	OZ287662.1	26658709.5	DB1A	DB1A
325776at7147	OZ287660.1	138047286.0	NA	NA
325909at7147	OZ287660.1	130192306.0	DB3A	DB3A
325919at7147	OZ287664.1	22680157.0	DB2B	DB2B
325959at7147	OZ287662.1	28509313.0	DB1A	DB1A
326071at7147	OZ287664.1	2238400.5	DB2B	DB2B
326289at7147	OZ287663.1	5334913.0	DB5	DB5
326304at7147	OZ287663.1	14466800.0	DB5	DB5
326427at7147	OZ287661.1	45589978.0	DB3B	DB3B
326706at7147	OZ287660.1	150225178.0	DB3A	DB3A
326721at7147	OZ287664.1	28805081.0	DB2B	DB2B
326743at7147	OZ287661.1	100253982.5	DB3B	DB3B
326977at7147	OZ287660.1	118750803.0	DB3A	DB3A
327028at7147	OZ287662.1	61145725.0	DB1A	DB1A
327080at7147	OZ287661.1	8589910.0	DB3B	DB3B
327139at7147	OZ287665.1	5638179.5	DB4A	DB4A
327274at7147	OZ287664.1	54818432.5	DB1B	DB1B
327406at7147	OZ287660.1	36821815.5	DB4A	DB4A
327612at7147	OZ287661.1	68092438.5	DB2B	DB2B
327637at7147	OZ287660.1	33736789.0	DB4A	DB4A
327727at7147	OZ287660.1	83651057.5	DB3A	DB3A
327786at7147	OZ287662.1	45549495.5	DB1A	DB1A
327836at7147	OZ287662.1	11505531.5	DB2B	DB2B
327876at7147	OZ287661.1	21366298.5	DB3B	DB3B
328039at7147	OZ287660.1	36918270.5	DB4A	DB4A
328111at7147	OZ287660.1	35269167.0	DB3A	DB3A
328154at7147	OZ287660.1	7268842.0	DB4A	DB4A
328340at7147	OZ287660.1	107174345.0	DB3A	DB3A
328374at7147	OZ287662.1	5980012.5	DB1A	DB1A
328432at7147	OZ287662.1	20067561.5	DB1A	DB1A
328594at7147	OZ287664.1	102536933.5	DB1B	DB1B
328697at7147	OZ287661.1	97173780.5	DB4B	DB4B
328774at7147	OZ287660.1	27749882.0	DB3A	DB3A
328778at7147	OZ287661.1	17174335.0	DB3B	DB3B
328787at7147	OZ287664.1	106143473.5	NA	NA
328868at7147	OZ287662.1	46748064.0	DB1A	DB1A
328966at7147	OZ287662.1	11918261.5	DB1A	DB1A
328983at7147	OZ287661.1	22442220.0	DB3B	DB3B
329005at7147	OZ287660.1	3302148.5	DB4A	DB4A
329105at7147	OZ287664.1	1463393.0	DB2B	DB2B
329136at7147	OZ287660.1	39528886.5	DB4A	DB4A
329149at7147	OZ287662.1	111708696.5	DB2A	DB2A
329191at7147	OZ287662.1	117273898.5	NA	NA
329216at7147	OZ287660.1	51041375.5	DB4A	DB4A
329352at7147	OZ287662.1	16921440.5	DB1A	DB1A
329586at7147	OZ287664.1	64484551.5	DB1B	DB1B
329721at7147	OZ287664.1	103556621.5	DB1B	DB1B
329987at7147	OZ287664.1	67298242.0	DB1B	DB1B
329992at7147	OZ287660.1	37820663.5	DB4A	DB4A
330177at7147	OZ287663.1	11714979.5	DB6	DB6
330235at7147	OZ287662.1	4220412.0	DB1A	DB1A
330258at7147	OZ287661.1	12610624.5	DB3B	DB3B
330356at7147	OZ287661.1	8809660.5	DB3B	DB3B
330435at7147	OZ287664.1	85247811.0	DB1B	DB1B
330587at7147	OZ287660.1	10285354.5	DB4A	DB4A
330592at7147	OZ287661.1	118696007.5	NA	NA
330766at7147	OZ287663.1	41474148.5	DB5	DB5
330882at7147	OZ287661.1	46693931.5	DB3B	DB3B
330890at7147	OZ287662.1	92605248.5	DB2A	DB2A
330891at7147	OZ287662.1	10223082.0	DB1A	DB1A
330973at7147	OZ287662.1	111835957.5	NA	NA
331204at7147	OZ287664.1	79018702.0	DB1B	DB1B
331213at7147	OZ287662.1	6320070.0	DB1A	DB1A
331266at7147	OZ287664.1	15672199.5	DB2B	DB2B
331273at7147	OZ287660.1	108991081.0	DB3A	DB3A
331320at7147	OZ287662.1	2624542.0	DB1A	DB1A
331518at7147	OZ287664.1	54069818.5	DB1B	DB1B
331586at7147	OZ287662.1	65579193.5	DB1A	DB1A
331691at7147	OZ287664.1	4175092.5	DB2B	DB2B
331756at7147	OZ287663.1	91542921.5	DB5	DB5
331757at7147	OZ287662.1	119408785.0	DB2A	DB2A
331780at7147	OZ287660.1	143661600.0	DB3A	DB3A
331781at7147	OZ287663.1	40854423.5	DB5	DB5
331803at7147	OZ287663.1	103126343.5	DB5	DB5
331818at7147	OZ287663.1	8584760.5	DB2B	DB2B
331960at7147	OZ287664.1	98873243.5	DB1B	DB1B
332050at7147	OZ287663.1	96242462.5	DB2B	DB2B
332196at7147	OZ287660.1	225767.0	DB4A	DB4A
332264at7147	OZ287662.1	65191942.5	DB1A	DB1A
332277at7147	OZ287660.1	155648379.0	DB3A	DB3A
332289at7147	OZ287660.1	89170899.5	DB3A	DB3A
332841at7147	OZ287664.1	2689463.5	DB2B	DB2B
332961at7147	OZ287660.1	36357737.0	DB4A	DB4A
332963at7147	OZ287664.1	63659259.0	DB1B	DB1B
333331at7147	OZ287662.1	104541932.0	DB2A	DB2A
333462at7147	OZ287664.1	11959238.0	DB2B	DB2B
333597at7147	OZ287661.1	36240468.5	NA	NA
333748at7147	OZ287660.1	118463989.5	DB3A	DB3A
333750at7147	OZ287660.1	150202468.5	DB4A	DB4A
333779at7147	OZ287660.1	16010473.5	DB4A	DB4A
333890at7147	OZ287661.1	9849836.5	DB3B	DB3B
333919at7147	OZ287660.1	102223925.0	DB3A	DB3A
333943at7147	OZ287663.1	75970051.0	DB5	DB5
333974at7147	OZ287660.1	111857343.5	DB3A	DB3A
333985at7147	OZ287663.1	108925059.0	DB2B	DB2B
334042at7147	OZ287664.1	15670336.5	DB2B	DB2B
334123at7147	OZ287662.1	21360874.0	DB1A	DB1A
334129at7147	OZ287661.1	120143656.5	DB4B	DB4B
334148at7147	OZ287663.1	426235.0	DB5	DB5
334285at7147	OZ287662.1	97186199.5	DB2A	DB2A
334495at7147	OZ287664.1	61397571.5	DB1B	DB1B
334671at7147	OZ287660.1	138153535.5	DB3A	DB3A
334698at7147	OZ287663.1	35359630.5	DB5	DB5
334708at7147	OZ287660.1	5712681.0	DB4A	DB4A
334735at7147	OZ287664.1	102174040.5	DB2A	DB2A
335282at7147	OZ287662.1	20807536.5	DB1A	DB1A
335718at7147	OZ287660.1	91462299.0	DB3A	DB3A
335848at7147	OZ287662.1	16761531.0	DB1A	DB1A
335931at7147	OZ287663.1	40876905.0	DB5	DB5
336049at7147	OZ287661.1	3572070.0	DB3B	DB3B
336055at7147	OZ287660.1	57173400.5	DB4A	DB4A
336086at7147	OZ287660.1	56317639.5	DB3B	DB3B
336114at7147	OZ287660.1	39002425.5	DB4A	DB4A
336167at7147	OZ287661.1	49267670.5	DB3B	DB3B
336225at7147	OZ287660.1	130577186.5	DB3A	DB3A
336421at7147	OZ287664.1	97538224.0	DB4B	DB4B
336431at7147	OZ287664.1	25534785.0	DB2B	DB2B
336480at7147	OZ287660.1	9806648.5	DB4A	DB4A
336581at7147	OZ287661.1	97445595.5	DB3B	DB3B
336604at7147	OZ287663.1	103536259.5	DB5	DB5
336695at7147	OZ287663.1	100710235.5	DB5	DB5
336707at7147	OZ287661.1	10187074.5	NA	NA
336831at7147	OZ287660.1	2448036.5	DB4A	DB4A
336988at7147	OZ287660.1	39771109.0	DB4A	DB4A
337071at7147	OZ287662.1	9352213.5	DB1A	DB1A
337136at7147	OZ287663.1	13493408.0	DB5	DB5
337144at7147	OZ287660.1	141006402.5	DB3A	DB3A
337154at7147	OZ287660.1	37773967.5	DB4A	DB4A
337170at7147	OZ287660.1	146584459.5	DB3A	DB3A
337205at7147	OZ287660.1	124527481.0	DB3A	DB3A
337635at7147	OZ287662.1	20504931.5	DB1A	DB1A
337722at7147	OZ287662.1	9881633.5	NA	NA
337796at7147	OZ287662.1	100552653.5	DB2A	DB2A
337892at7147	OZ287660.1	7623666.5	DB2B	DB2B
337991at7147	OZ287660.1	9497535.5	DB3A	DB3A
338004at7147	OZ287664.1	84054902.0	DB1B	DB1B
338061at7147	OZ287662.1	18474083.0	DB1A	DB1A
338103at7147	OZ287663.1	89394218.5	DB5	DB5
338132at7147	OZ287662.1	1710020.5	DB1A	DB1A
338204at7147	OZ287661.1	100799078.0	DB4B	DB4B
338219at7147	OZ287664.1	2719557.0	DB2B	DB2B
338571at7147	OZ287664.1	17919285.5	DB2B	DB2B
338944at7147	OZ287662.1	111791689.0	NA	NA
339009at7147	OZ287660.1	147755129.0	DB2B	DB2B
339219at7147	OZ287660.1	23850878.0	DB4A	DB4A
339340at7147	OZ287660.1	21123578.0	DB4A	DB4A
339400at7147	OZ287663.1	46346476.5	DB5	DB5
339407at7147	OZ287662.1	42225493.5	DB1A	DB1A
339679at7147	OZ287660.1	93060920.0	NA	NA
339753at7147	OZ287660.1	3057767.0	NA	NA
339797at7147	OZ287662.1	62916824.5	DB1A	DB1A
339983at7147	OZ287663.1	35507757.5	DB3B	DB3B
340115at7147	OZ287663.1	69224520.0	DB5	DB5
340173at7147	OZ287662.1	91991890.5	DB2A	DB2A
340179at7147	OZ287663.1	11669797.0	DB5	DB5
340210at7147	OZ287663.1	33833534.5	DB5	DB5
340566at7147	OZ287662.1	92158977.0	DB2A	DB2A
340578at7147	OZ287662.1	55051204.0	DB1A	DB1A
340706at7147	OZ287660.1	92513104.0	NA	NA
340811at7147	OZ287662.1	20254825.0	DB1A	DB1A
340823at7147	OZ287661.1	108353289.5	DB4B	DB4B
340913at7147	OZ287662.1	20403997.5	DB1A	DB1A
341050at7147	OZ287660.1	12190947.0	DB4A	DB4A
341071at7147	OZ287663.1	103813037.5	DB5	DB5
341168at7147	OZ287661.1	34501432.0	DB3B	DB3B
341416at7147	OZ287663.1	107600779.0	DB5	DB5
341602at7147	OZ287661.1	21546209.0	DB6	DB6
341938at7147	OZ287660.1	40309561.5	DB4A	DB4A
342332at7147	OZ287663.1	8261976.0	DB5	DB5
342481at7147	OZ287660.1	109436201.0	DB3A	DB3A
342494at7147	OZ287664.1	67248797.0	DB1B	DB1B
342499at7147	OZ287661.1	65182030.0	DB3B	DB3B
342549at7147	OZ287664.1	67241350.0	DB1B	DB1B
342905at7147	OZ287661.1	3410110.5	NA	NA
343082at7147	OZ287660.1	155565969.0	DB3A	DB3A
343220at7147	OZ287660.1	30479351.5	DB3A	DB3A
343282at7147	OZ287660.1	24352532.0	DB4A	DB4A
343418at7147	OZ287664.1	103129955.0	DB1B	DB1B
343482at7147	OZ287663.1	110906867.5	DB5	DB5
343484at7147	OZ287662.1	22625886.0	DB1A	DB1A
343684at7147	OZ287660.1	114036886.0	DB3A	DB3A
343707at7147	OZ287664.1	102071957.0	DB1B	DB1B
343796at7147	OZ287662.1	61754532.5	DB1A	DB1A
343818at7147	OZ287664.1	4038736.5	DB2B	DB2B
343958at7147	OZ287662.1	42175440.5	DB1A	DB1A
344048at7147	OZ287661.1	111916264.0	DB4B	DB4B
344135at7147	OZ287661.1	54847099.0	NA	NA
344160at7147	OZ287662.1	31421715.5	DB3B	DB3B
344170at7147	OZ287664.1	98164046.0	DB2A	DB2A
344193at7147	OZ287664.1	22550061.5	NA	NA
344407at7147	OZ287661.1	118283436.0	DB4B	DB4B
344542at7147	OZ287660.1	119001154.5	DB3A	DB3A
344901at7147	OZ287660.1	6896648.0	DB4A	DB4A
344902at7147	OZ287660.1	109164081.0	DB3A	DB3A
344962at7147	OZ287661.1	36935642.5	DB3B	DB3B
345076at7147	OZ287660.1	2172212.5	DB4A	DB4A
345197at7147	OZ287662.1	106981390.5	DB6	DB6
345440at7147	OZ287664.1	32442914.5	DB2B	DB2B
345445at7147	OZ287660.1	140139653.0	DB4B	DB4B
345547at7147	OZ287661.1	120985500.0	DB6	DB6
345709at7147	OZ287662.1	111730236.5	DB4A	DB4A
345771at7147	OZ287662.1	7009119.5	DB1A	DB1A
345909at7147	OZ287660.1	137388817.5	DB5	DB5
345946at7147	OZ287662.1	8231453.5	DB1A	DB1A
346045at7147	OZ287662.1	4744925.0	DB1A	DB1A
346119at7147	OZ287662.1	13681860.5	DB1A	DB1A
346156at7147	OZ287663.1	47320863.5	DB5	DB5
347134at7147	OZ287661.1	4389496.0	DB3B	DB3B
347136at7147	OZ287661.1	106658777.5	DB4B	DB4B
347246at7147	OZ287660.1	153920693.5	DB3A	DB3A
347327at7147	OZ287662.1	48269860.5	DB1A	DB1A
347528at7147	OZ287661.1	105891691.5	DB4B	DB4B
347673at7147	OZ287663.1	26742176.0	DB5	DB5
347901at7147	OZ287660.1	5597582.5	DB4A	DB4A
348025at7147	OZ287661.1	54130096.5	DB3B	DB3B
348165at7147	OZ287660.1	7641677.0	DB4B	DB4B
348171at7147	OZ287663.1	21095639.5	DB5	DB5
348238at7147	OZ287660.1	32726392.0	DB3B	DB3B
348417at7147	OZ287663.1	36875603.5	DB5	DB5
348620at7147	OZ287664.1	106120197.0	DB1B	DB1B
348693at7147	OZ287662.1	108572457.5	DB1A	DB1A
348842at7147	OZ287660.1	102330663.0	DB3A	DB3A
348892at7147	OZ287660.1	79476773.0	NA	NA
348910at7147	OZ287664.1	10520734.0	DB2B	DB2B
349066at7147	OZ287660.1	10037128.0	DB4A	DB4A
349071at7147	OZ287662.1	24106694.0	DB1A	DB1A
349133at7147	OZ287662.1	6136749.0	DB1A	DB1A
349390at7147	OZ287661.1	27035044.5	DB3B	DB3B
349505at7147	OZ287663.1	31201444.0	DB3A	DB3A
349613at7147	OZ287660.1	33221917.5	DB4A	DB4A
349975at7147	OZ287660.1	94238234.0	DB3A	DB3A
350020at7147	OZ287660.1	1520850.0	DB4A	DB4A
350084at7147	OZ287664.1	92267939.0	DB1B	DB1B
350442at7147	OZ287664.1	4901362.5	DB2B	DB2B
350615at7147	OZ287664.1	14538218.0	DB2B	DB2B
350662at7147	OZ287661.1	54937134.0	DB3B	DB3B
350662at7147	HAP1_SCAFFOLD_496	28869.0	DB3B	DB3B
350700at7147	OZ287661.1	106217220.0	DB3B	DB3B
350773at7147	OZ287664.1	46026092.0	DB1B	DB1B
350842at7147	OZ287664.1	15651620.0	DB3A	DB3A
350973at7147	OZ287661.1	6010607.5	DB3A	DB3A
351037at7147	OZ287661.1	77374467.0	NA	NA
351128at7147	OZ287663.1	96377138.0	DB4A	DB4A
351423at7147	OZ287661.1	108745525.5	DB4B	DB4B
351540at7147	OZ287660.1	30433864.0	DB3A	DB3A
351734at7147	OZ287664.1	1794335.5	DB2B	DB2B
351844at7147	OZ287663.1	26749553.5	DB5	DB5
351859at7147	OZ287660.1	30125047.0	DB4A	DB4A
351922at7147	OZ287664.1	8236892.0	DB2B	DB2B
351939at7147	OZ287661.1	80071434.0	NA	NA
352170at7147	OZ287660.1	30343123.0	DB4A	DB4A
352487at7147	OZ287664.1	395632.0	DB2B	DB2B
352532at7147	OZ287664.1	106442889.0	DB6	DB6
352780at7147	OZ287660.1	132828018.0	NA	NA
352873at7147	OZ287664.1	101673277.0	NA	NA
352923at7147	OZ287660.1	3732501.0	DB4A	DB4A
353269at7147	OZ287661.1	108227523.5	DB4B	DB4B
353371at7147	OZ287663.1	92887528.0	DB5	DB5
354383at7147	OZ287661.1	109746020.5	DB4B	DB4B
354891at7147	OZ287662.1	98063920.5	DB2A	DB2A
355156at7147	OZ287664.1	10240558.5	DB2B	DB2B
355206at7147	OZ287660.1	22035128.0	DB4A	DB4A
355389at7147	OZ287661.1	57726345.5	DB3B	DB3B
355470at7147	OZ287663.1	111065776.0	DB5	DB5
355590at7147	OZ287662.1	45012670.0	DB1A	DB1A
355668at7147	OZ287664.1	82283913.5	DB4B	DB4B
355693at7147	OZ287661.1	118850487.5	DB4B	DB4B
355810at7147	OZ287663.1	100921018.0	DB5	DB5
355884at7147	OZ287662.1	119196592.0	DB2A	DB2A
355935at7147	OZ287662.1	15428717.5	DB1A	DB1A
356016at7147	OZ287660.1	4631354.0	DB4A	DB4A
356064at7147	OZ287664.1	1130410.0	DB2B	DB2B
356071at7147	OZ287660.1	161472866.5	NA	NA
