buscoID	query_chr	position	assigned_alg	status
8at7147	OZ223790.1	292138533.0	D3	D3
225at7147	OZ223789.1	263522995.0	D4	D4
284at7147	OZ223790.1	64417838.0	NA	NA
421at7147	OZ223789.1	307227700.0	D4	D4
445at7147	OZ223789.1	90574933.0	D6	D6
452at7147	OZ223788.1	101115137.0	D1	D1
525at7147	OZ223788.1	75378984.0	D5	D5
540at7147	OZ223790.1	108110467.0	D1	D1
836at7147	OZ223788.1	58037598.5	D5	D5
841at7147	OZ223790.1	151056598.5	NA	NA
908at7147	OZ223789.1	267633797.5	D4	D4
962at7147	OZ223789.1	9010063.0	NA	NA
994at7147	OZ223790.1	278314349.5	D2	D2
1004at7147	OZ223789.1	77483701.5	NA	NA
1049at7147	OZ223788.1	337433408.5	D6	D6
1055at7147	OZ223788.1	130703458.5	NA	NA
1072at7147	OZ223788.1	333995465.5	D3	D3
1078at7147	OZ223789.1	35762167.5	D2	D2
1123at7147	OZ223790.1	65035362.5	D1	D1
1142at7147	OZ223790.1	156180858.0	NA	NA
1200at7147	OZ223790.1	285542785.5	D3	D3
1247at7147	OZ223788.1	125829259.0	D3	D3
1323at7147	OZ223790.1	110210526.0	NA	NA
1690at7147	OZ223788.1	29714877.0	NA	NA
1854at7147	OZ223788.1	221259022.0	NA	NA
1907at7147	OZ223788.1	253960988.5	NA	NA
1914at7147	OZ223790.1	95271806.5	D1	D1
1984at7147	OZ223789.1	15637595.5	D1	D1
2041at7147	OZ223789.1	11059768.0	D2	D2
2067at7147	OZ223790.1	17231777.5	NA	NA
2304at7147	OZ223789.1	139185581.0	D2	D2
2306at7147	OZ223790.1	122025688.0	D1	D1
2332at7147	OZ223788.1	89118715.5	NA	NA
2339at7147	OZ223789.1	115363888.0	NA	NA
2552at7147	OZ223790.1	294144949.0	D3	D3
2609at7147	OZ223788.1	15178493.5	D5	D5
2610at7147	OZ223788.1	73910666.0	NA	NA
2635at7147	OZ223789.1	112057091.5	D1	D1
2697at7147	OZ223790.1	53135951.0	NA	NA
2709at7147	OZ223788.1	152165182.0	D5	D5
2727at7147	OZ223788.1	41611332.0	NA	NA
2904at7147	OZ223790.1	1761723.5	D1	D1
2908at7147	OZ223790.1	179831243.5	D1	D1
2969at7147	OZ223790.1	294994423.5	D3	D3
3120at7147	OZ223788.1	8125981.0	D5	D5
3219at7147	OZ223789.1	317728036.0	NA	NA
3282at7147	OZ223789.1	265162489.0	D4	D4
3308at7147	OZ223789.1	16868275.0	D3	D3
3333at7147	OZ223789.1	151977531.0	NA	NA
3410at7147	OZ223789.1	333270691.0	D2	D2
3413at7147	OZ223790.1	298149782.0	D3	D3
3474at7147	OZ223789.1	283492947.0	D4	D4
3577at7147	OZ223790.1	54290676.5	D1	D1
3788at7147	OZ223790.1	107410445.0	D1	D1
3828at7147	OZ223789.1	137185435.5	D2	D2
3874at7147	OZ223789.1	138780078.0	D2	D2
4069at7147	OZ223790.1	42324711.0	D1	D1
4073at7147	OZ223790.1	299489430.0	D3	D3
4095at7147	OZ223790.1	35809880.0	D1	D1
4164at7147	OZ223788.1	319457155.0	D3	D3
4218at7147	OZ223789.1	337236946.5	D4	D4
4274at7147	OZ223788.1	150596133.5	NA	NA
4353at7147	OZ223789.1	129920140.0	D2	D2
4421at7147	OZ223789.1	17737262.5	NA	NA
4470at7147	OZ223789.1	251962701.0	D1	D1
4511at7147	OZ223789.1	182959138.5	NA	NA
4573at7147	OZ223788.1	348979458.0	D3	D3
4606at7147	OZ223788.1	346282291.0	D3	D3
4667at7147	OZ223788.1	13267485.5	D5	D5
4829at7147	OZ223789.1	22288284.5	D1	D1
4932at7147	OZ223790.1	207726380.0	D3	D3
5213at7147	OZ223788.1	255752294.0	D3	D3
5225at7147	OZ223788.1	11615058.5	D5	D5
5263at7147	OZ223790.1	205106720.0	D3	D3
5433at7147	OZ223788.1	231862469.5	D3	D3
5488at7147	OZ223788.1	282994620.0	D3	D3
5674at7147	OZ223789.1	356369195.5	D4	D4
5711at7147	OZ223789.1	126228936.0	D2	D2
5723at7147	OZ223789.1	336214813.0	D4	D4
5780at7147	OZ223789.1	49898071.5	NA	NA
5780at7147	OZ223789.1	49908018.0	NA	NA
5845at7147	OZ223788.1	196942921.0	D3	D3
5858at7147	OZ223788.1	7169102.5	NA	NA
5978at7147	OZ223791.1	1472718.5	D6	D6
6130at7147	OZ223789.1	26563776.0	D2	D2
6240at7147	OZ223789.1	345415252.5	NA	NA
6256at7147	OZ223790.1	44817291.5	D1	D1
6718at7147	OZ223790.1	32904284.5	D4	D4
6736at7147	OZ223791.1	6097038.0	D2	D2
6974at7147	OZ223788.1	339598136.5	NA	NA
7054at7147	OZ223789.1	267632701.0	D4	D4
7326at7147	OZ223790.1	141273713.5	D1	D1
7353at7147	OZ223790.1	54912500.5	D6	D6
7355at7147	OZ223789.1	323304023.0	D3	D3
7470at7147	OZ223789.1	232059791.5	NA	NA
7470at7147	OZ223789.1	232061823.5	NA	NA
7527at7147	OZ223788.1	230943579.5	D3	D3
7563at7147	OZ223788.1	226042629.0	D3	D3
7677at7147	OZ223788.1	309092502.0	D3	D3
7764at7147	OZ223789.1	115987564.0	NA	NA
7798at7147	OZ223790.1	68090517.0	D1	D1
7971at7147	OZ223790.1	137907535.0	D6	D6
8005at7147	OZ223789.1	206013736.0	NA	NA
8016at7147	OZ223788.1	4158893.0	D5	D5
8037at7147	OZ223788.1	331665463.0	D3	D3
8079at7147	OZ223789.1	270704749.5	D4	D4
8161at7147	OZ223788.1	349449051.5	NA	NA
8234at7147	OZ223788.1	180088667.0	D5	D5
8348at7147	OZ223788.1	148939602.0	D5	D5
8364at7147	OZ223789.1	354830805.0	D4	D4
8365at7147	OZ223790.1	49818038.0	NA	NA
8456at7147	OZ223788.1	207907881.5	D3	D3
8734at7147	OZ223790.1	299485381.0	D3	D3
8741at7147	OZ223788.1	136666801.5	D5	D5
8776at7147	OZ223788.1	107452212.0	NA	NA
8873at7147	OZ223790.1	270655715.0	NA	NA
8933at7147	OZ223789.1	160216138.0	NA	NA
8944at7147	OZ223788.1	2923019.0	NA	NA
8977at7147	OZ223788.1	105520185.0	D5	D5
9125at7147	OZ223789.1	72577336.0	NA	NA
9191at7147	OZ223790.1	206050690.5	NA	NA
9356at7147	OZ223790.1	299152733.0	D3	D3
9394at7147	OZ223789.1	54625952.0	NA	NA
9406at7147	OZ223791.1	1754223.0	D6	D6
9425at7147	OZ223789.1	109315583.0	D4	D4
9487at7147	OZ223788.1	214558181.5	D5	D5
9678at7147	OZ223788.1	139680981.0	D5	D5
9921at7147	OZ223790.1	175694082.0	D1	D1
9938at7147	OZ223790.1	131772285.5	D1	D1
10055at7147	OZ223789.1	332761985.5	D4	D4
10097at7147	OZ223788.1	174467502.5	D5	D5
10198at7147	OZ223788.1	5323713.0	D5	D5
10247at7147	OZ223788.1	156587766.0	NA	NA
10407at7147	OZ223788.1	353641210.0	D3	D3
10408at7147	OZ223790.1	254945893.5	D3	D3
10443at7147	OZ223789.1	50394711.5	D2	D2
10456at7147	OZ223788.1	285633334.5	D3	D3
10532at7147	OZ223790.1	111944929.5	NA	NA
10563at7147	OZ223789.1	201824921.5	D4	D4
10589at7147	OZ223790.1	170549232.0	D1	D1
10620at7147	OZ223790.1	205134896.5	D3	D3
10654at7147	OZ223788.1	2409077.5	D5	D5
10709at7147	OZ223788.1	146686677.5	D1	D1
10730at7147	OZ223791.1	1242318.5	D6	D6
10911at7147	OZ223790.1	300008651.0	NA	NA
11023at7147	OZ223788.1	299088087.5	NA	NA
11146at7147	OZ223789.1	350940744.5	D4	D4
11268at7147	OZ223790.1	53116882.0	NA	NA
11292at7147	OZ223788.1	62113990.5	D1	D1
11343at7147	OZ223789.1	162981829.5	NA	NA
11421at7147	OZ223789.1	73429965.0	NA	NA
11457at7147	OZ223788.1	288613365.0	NA	NA
11484at7147	OZ223790.1	246853186.5	D3	D3
11516at7147	OZ223789.1	1339682.0	D2	D2
11534at7147	OZ223789.1	31357953.0	D4	D4
11753at7147	OZ223788.1	165816755.0	NA	NA
11778at7147	OZ223788.1	65029245.0	NA	NA
11874at7147	OZ223788.1	290128229.5	D3	D3
11888at7147	OZ223790.1	105081265.5	D1	D1
11999at7147	OZ223790.1	54295909.0	NA	NA
12100at7147	OZ223788.1	355459559.0	D3	D3
12116at7147	OZ223789.1	152794264.5	D4	D4
12219at7147	OZ223790.1	284884107.5	D3	D3
12226at7147	OZ223788.1	39695123.5	D5	D5
12283at7147	OZ223790.1	110159504.5	D1	D1
12285at7147	OZ223789.1	214519298.5	D4	D4
12361at7147	OZ223790.1	285811449.5	D3	D3
12492at7147	OZ223789.1	123533815.5	D2	D2
12531at7147	OZ223790.1	221690234.0	D3	D3
12652at7147	OZ223789.1	103991552.0	D2	D2
12796at7147	OZ223790.1	250153168.0	NA	NA
12973at7147	OZ223790.1	297074358.5	D3	D3
13052at7147	OZ223789.1	351210898.0	D1	D1
13055at7147	OZ223788.1	275885369.0	D3	D3
13056at7147	OZ223789.1	196088743.0	NA	NA
13207at7147	OZ223790.1	96808411.5	D1	D1
13389at7147	OZ223788.1	42653147.5	NA	NA
13588at7147	OZ223790.1	188312586.0	D5	D5
13731at7147	OZ223789.1	236281877.5	D4	D4
13808at7147	OZ223788.1	349875724.0	D3	D3
13883at7147	OZ223789.1	35385010.5	D2	D2
13919at7147	OZ223790.1	89989539.0	NA	NA
14042at7147	OZ223790.1	299508421.0	D3	D3
14054at7147	OZ223789.1	9797076.0	D2	D2
14119at7147	OZ223788.1	134945114.5	D5	D5
14247at7147	OZ223788.1	42705428.5	D5	D5
14368at7147	OZ223789.1	11322335.5	D2	D2
14376at7147	OZ223788.1	123039920.5	D3	D3
14513at7147	OZ223790.1	295069961.5	NA	NA
14525at7147	OZ223788.1	105615395.5	D5	D5
14621at7147	OZ223790.1	294456285.5	NA	NA
14633at7147	OZ223788.1	153901047.5	D5	D5
14661at7147	OZ223789.1	260612183.5	NA	NA
14661at7147	OZ223789.1	195640692.0	NA	NA
14706at7147	OZ223790.1	115170359.0	NA	NA
14792at7147	OZ223789.1	308376945.5	D4	D4
14821at7147	OZ223790.1	295065799.5	NA	NA
15074at7147	OZ223788.1	39689895.0	NA	NA
15336at7147	OZ223790.1	130195284.5	D1	D1
15356at7147	OZ223789.1	329198304.5	NA	NA
15390at7147	OZ223789.1	125117494.0	NA	NA
15451at7147	OZ223790.1	166954833.5	NA	NA
15468at7147	OZ223789.1	80550362.0	D2	D2
15549at7147	OZ223789.1	59892000.5	NA	NA
15662at7147	OZ223788.1	37778580.0	D5	D5
15771at7147	OZ223790.1	297880991.5	D3	D3
15909at7147	OZ223789.1	309926874.5	D4	D4
15956at7147	OZ223789.1	11313774.5	D2	D2
15977at7147	OZ223788.1	119961963.0	NA	NA
16128at7147	OZ223790.1	270549453.0	D3	D3
16264at7147	OZ223788.1	174328674.5	D5	D5
16285at7147	OZ223789.1	323305663.5	D4	D4
16470at7147	OZ223790.1	299821881.0	D3	D3
16687at7147	OZ223789.1	345201956.5	D4	D4
16747at7147	OZ223790.1	177347284.5	NA	NA
16822at7147	OZ223789.1	17278583.5	D2	D2
16822at7147	OZ223789.1	173069790.5	D2	D2
16840at7147	OZ223790.1	272777627.0	D3	D3
16873at7147	OZ223789.1	1887309.0	D2	D2
16927at7147	OZ223789.1	197449214.5	D4	D4
16945at7147	OZ223789.1	346864004.5	D4	D4
17073at7147	OZ223788.1	73928005.5	D5	D5
17231at7147	OZ223789.1	347847950.0	NA	NA
17265at7147	OZ223790.1	231274777.0	D3	D3
17402at7147	OZ223790.1	176683092.5	D1	D1
17410at7147	OZ223788.1	111928564.0	D5	D5
17444at7147	OZ223788.1	323607471.5	D3	D3
17528at7147	OZ223788.1	347791296.0	D3	D3
17603at7147	OZ223788.1	37510068.0	D5	D5
17608at7147	OZ223788.1	32776527.5	D5	D5
17630at7147	OZ223788.1	232513950.5	D3	D3
17649at7147	OZ223789.1	284786831.5	D4	D4
17672at7147	OZ223788.1	324688750.0	NA	NA
17711at7147	OZ223788.1	17574168.0	NA	NA
17793at7147	OZ223788.1	63542630.0	D3	D3
17796at7147	OZ223790.1	141515745.0	D1	D1
17799at7147	OZ223789.1	231091461.0	NA	NA
17888at7147	OZ223790.1	299576298.5	D3	D3
17896at7147	OZ223789.1	254101420.0	D4	D4
17953at7147	OZ223789.1	285334686.0	D4	D4
17982at7147	OZ223790.1	122037620.0	D1	D1
17984at7147	OZ223790.1	205679665.5	D3	D3
18006at7147	OZ223789.1	44790187.0	D2	D2
18027at7147	OZ223789.1	309597013.0	D4	D4
18059at7147	OZ223788.1	74861641.5	D1	D1
18072at7147	OZ223790.1	66375739.5	D1	D1
18472at7147	OZ223788.1	66791753.0	D5	D5
18484at7147	OZ223788.1	28751304.5	D5	D5
18515at7147	OZ223788.1	332239893.0	D3	D3
18923at7147	OZ223790.1	74364110.5	D1	D1
19144at7147	OZ223789.1	341705081.5	D4	D4
19212at7147	OZ223790.1	206263424.5	NA	NA
19395at7147	OZ223790.1	270978394.5	NA	NA
19684at7147	OZ223790.1	297977862.0	D3	D3
19729at7147	OZ223790.1	8067554.0	D1	D1
19746at7147	OZ223790.1	155409518.5	D1	D1
19750at7147	OZ223789.1	42700784.5	D2	D2
19787at7147	OZ223790.1	278113503.0	NA	NA
19873at7147	OZ223789.1	342700774.5	NA	NA
20074at7147	OZ223789.1	323295666.5	D4	D4
20189at7147	OZ223790.1	112775879.5	D1	D1
20309at7147	OZ223789.1	29550179.5	D2	D2
20384at7147	OZ223790.1	203817309.5	NA	NA
20583at7147	OZ223790.1	191198423.0	D1	D1
20674at7147	OZ223790.1	69092199.0	D1	D1
20729at7147	OZ223788.1	46197725.5	D5	D5
20769at7147	OZ223788.1	3906946.0	NA	NA
20821at7147	OZ223788.1	195806778.0	D5	D5
21072at7147	OZ223788.1	166751555.0	D5	D5
21190at7147	OZ223789.1	32438554.5	D2	D2
21253at7147	OZ223788.1	167324386.5	D5	D5
21351at7147	OZ223788.1	110952501.0	NA	NA
21439at7147	OZ223790.1	54119856.0	D4	D4
21468at7147	OZ223790.1	134568006.0	D1	D1
21503at7147	OZ223789.1	295366041.5	NA	NA
21581at7147	OZ223790.1	3193341.0	D1	D1
21585at7147	OZ223789.1	233613277.0	D4	D4
21605at7147	HAP1_SCAFFOLD_448	31761.0	NA	NA
21605at7147	OZ223790.1	68898673.5	NA	NA
21773at7147	OZ223788.1	45042908.5	D2	D2
21818at7147	OZ223788.1	232012490.0	D3	D3
21852at7147	OZ223788.1	139354265.0	D5	D5
21918at7147	OZ223789.1	2956463.5	NA	NA
21939at7147	OZ223790.1	47519944.0	NA	NA
22024at7147	OZ223790.1	113640096.5	NA	NA
22088at7147	OZ223790.1	237746380.0	NA	NA
22334at7147	OZ223789.1	100051914.5	NA	NA
22418at7147	OZ223789.1	336179395.0	D4	D4
22449at7147	OZ223788.1	163430963.5	D5	D5
22604at7147	OZ223788.1	332233108.5	D3	D3
22719at7147	OZ223790.1	7746396.5	D1	D1
22815at7147	OZ223788.1	125422934.5	D5	D5
23190at7147	OZ223789.1	14607397.0	D2	D2
23197at7147	OZ223790.1	280218879.5	D3	D3
23278at7147	OZ223790.1	52951012.0	NA	NA
23365at7147	OZ223790.1	54653160.0	D1	D1
23560at7147	OZ223788.1	139164355.0	D5	D5
23846at7147	OZ223788.1	298568079.0	D3	D3
24160at7147	OZ223788.1	351267450.5	D3	D3
24342at7147	OZ223789.1	285093008.0	D4	D4
24411at7147	OZ223790.1	172757231.0	D1	D1
24444at7147	OZ223790.1	40804496.0	D1	D1
24690at7147	OZ223790.1	140553557.5	D1	D1
24767at7147	OZ223788.1	56804980.0	D4	D4
24982at7147	OZ223789.1	355993579.5	D4	D4
25034at7147	OZ223788.1	20921932.5	D2	D2
25037at7147	OZ223789.1	345188997.0	D2	D2
25045at7147	OZ223789.1	312591963.5	D4	D4
25091at7147	OZ223789.1	89613115.0	D5	D5
25119at7147	OZ223788.1	32788752.5	D5	D5
25176at7147	OZ223788.1	2407125.0	NA	NA
25297at7147	OZ223788.1	66579094.5	NA	NA
25365at7147	OZ223790.1	271489711.5	D3	D3
25380at7147	OZ223788.1	92889191.5	NA	NA
25381at7147	OZ223788.1	148881751.5	D3	D3
25399at7147	OZ223788.1	299255232.0	D3	D3
25417at7147	OZ223790.1	285638794.0	D3	D3
25419at7147	OZ223789.1	336343143.0	D4	D4
25471at7147	OZ223790.1	300527554.5	D3	D3
25587at7147	OZ223788.1	157064035.5	NA	NA
25662at7147	OZ223789.1	344743843.0	D4	D4
25769at7147	OZ223790.1	176752545.0	D1	D1
25828at7147	OZ223789.1	254055739.0	D4	D4
25925at7147	OZ223788.1	345856525.0	D3	D3
26206at7147	OZ223790.1	2408612.5	D1	D1
26270at7147	OZ223790.1	286194551.0	D3	D3
26382at7147	OZ223790.1	375240.5	D1	D1
26413at7147	OZ223790.1	26912057.5	NA	NA
26431at7147	OZ223790.1	297974170.0	D3	D3
26452at7147	OZ223789.1	91577873.0	D2	D2
26486at7147	OZ223790.1	51075062.5	D1	D1
26565at7147	OZ223790.1	300348057.5	D3	D3
26603at7147	OZ223788.1	160562949.5	D5	D5
26679at7147	OZ223789.1	4216944.0	D2	D2
26759at7147	OZ223788.1	322494375.0	D3	D3
26790at7147	OZ223790.1	251420763.5	D3	D3
26854at7147	OZ223788.1	138596342.0	D5	D5
26907at7147	OZ223788.1	351001495.0	D3	D3
27022at7147	OZ223788.1	1213657.0	NA	NA
27053at7147	OZ223790.1	271441626.0	D3	D3
27128at7147	OZ223789.1	323258069.0	D4	D4
27217at7147	OZ223788.1	42708014.0	NA	NA
27268at7147	OZ223790.1	108693468.0	D1	D1
27297at7147	OZ223788.1	25730783.0	D5	D5
27507at7147	OZ223789.1	114295877.5	D2	D2
27653at7147	OZ223788.1	323840443.5	NA	NA
27793at7147	OZ223791.1	3537387.5	D6	D6
27804at7147	OZ223789.1	350533186.0	D4	D4
27839at7147	OZ223788.1	164738.5	D5	D5
27852at7147	OZ223789.1	279433351.0	NA	NA
27970at7147	OZ223790.1	7641757.5	D1	D1
27997at7147	OZ223789.1	335317690.0	NA	NA
28180at7147	OZ223789.1	352690937.0	NA	NA
28266at7147	OZ223789.1	126763213.5	D3	D3
28547at7147	OZ223790.1	298356474.0	D3	D3
28601at7147	OZ223791.1	1282807.0	D5	D5
28601at7147	OZ223788.1	42198.0	D5	D5
28614at7147	OZ223789.1	336208507.5	D4	D4
28615at7147	OZ223790.1	7655843.0	D1	D1
28627at7147	OZ223789.1	49936654.5	D2	D2
28877at7147	OZ223790.1	297716470.0	D3	D3
28937at7147	OZ223790.1	172819891.5	D1	D1
28958at7147	OZ223789.1	350748285.0	NA	NA
29361at7147	OZ223790.1	130488190.0	D1	D1
29535at7147	OZ223788.1	285148925.0	D3	D3
29552at7147	OZ223790.1	291862960.0	D3	D3
29583at7147	OZ223790.1	125490629.0	D1	D1
29601at7147	OZ223790.1	107395044.5	D1	D1
29659at7147	OZ223788.1	45571594.5	D5	D5
29676at7147	OZ223790.1	207824357.0	D3	D3
29993at7147	OZ223789.1	17636176.5	NA	NA
30071at7147	OZ223790.1	285086663.0	D3	D3
30121at7147	OZ223789.1	66223680.5	D2	D2
30213at7147	OZ223788.1	8120922.5	D5	D5
31943at7147	OZ223788.1	35157069.0	D5	D5
32033at7147	OZ223789.1	42713778.5	D3	D3
32054at7147	OZ223788.1	199474400.5	D3	D3
32137at7147	OZ223790.1	293696244.5	D3	D3
32183at7147	OZ223789.1	284515796.0	D4	D4
32210at7147	OZ223791.1	12292669.0	NA	NA
32273at7147	OZ223790.1	54427636.5	D1	D1
32289at7147	OZ223789.1	318122821.0	NA	NA
32293at7147	OZ223790.1	67599285.5	D3	D3
32370at7147	OZ223789.1	15874150.5	D2	D2
32472at7147	OZ223790.1	151182842.5	D1	D1
32487at7147	OZ223790.1	261187756.0	D3	D3
32490at7147	OZ223788.1	157756276.0	D2	D2
32518at7147	OZ223789.1	238554463.0	NA	NA
32626at7147	OZ223788.1	36675392.0	D4	D4
32720at7147	OZ223790.1	295889163.5	D3	D3
32727at7147	OZ223789.1	205997538.5	NA	NA
32812at7147	OZ223789.1	16574105.0	D5	D5
32815at7147	OZ223790.1	285289762.5	D3	D3
33085at7147	OZ223790.1	47429694.0	D1	D1
33135at7147	OZ223788.1	43206865.0	D5	D5
33155at7147	OZ223788.1	11113245.0	D5	D5
33177at7147	OZ223788.1	6907857.0	D5	D5
33238at7147	OZ223788.1	251167592.0	NA	NA
33296at7147	OZ223788.1	127007392.5	D3	D3
33297at7147	OZ223790.1	113651184.0	D1	D1
33333at7147	OZ223790.1	276686614.5	D3	D3
33410at7147	OZ223788.1	40944412.0	D5	D5
33462at7147	OZ223789.1	280717805.0	D4	D4
33480at7147	OZ223788.1	162676452.5	D5	D5
33545at7147	OZ223789.1	228993562.0	NA	NA
33557at7147	OZ223789.1	299491061.5	D4	D4
33600at7147	OZ223789.1	21810630.0	D2	D2
33604at7147	OZ223789.1	152726784.0	NA	NA
33865at7147	OZ223788.1	353033446.0	D4	D4
33865at7147	OZ223790.1	53148445.5	D4	D4
33872at7147	OZ223789.1	209140279.0	D4	D4
33932at7147	OZ223790.1	165357911.5	D1	D1
33935at7147	OZ223789.1	351198794.5	D4	D4
33961at7147	OZ223789.1	111299178.5	D4	D4
34007at7147	OZ223788.1	355055951.5	D3	D3
34040at7147	OZ223788.1	214378186.0	D3	D3
34084at7147	OZ223789.1	21014327.0	NA	NA
34193at7147	OZ223789.1	29317404.5	D2	D2
34225at7147	OZ223789.1	342725802.0	D4	D4
34256at7147	OZ223788.1	356915582.0	D3	D3
34360at7147	OZ223790.1	204027621.0	D3	D3
34395at7147	OZ223789.1	50679376.5	D2	D2
34542at7147	OZ223788.1	348796760.5	D3	D3
34569at7147	OZ223789.1	57910301.5	D2	D2
34697at7147	OZ223789.1	335345575.5	D4	D4
34735at7147	OZ223789.1	5745646.0	D2	D2
34764at7147	OZ223790.1	149628018.5	D1	D1
34784at7147	OZ223788.1	7215456.5	NA	NA
34796at7147	OZ223788.1	353646200.0	D3	D3
34900at7147	OZ223790.1	7751045.0	D1	D1
34908at7147	OZ223789.1	344755005.5	D4	D4
34946at7147	OZ223789.1	66264158.5	D2	D2
34985at7147	OZ223788.1	193214272.5	D1	D1
35057at7147	OZ223789.1	330215899.5	D4	D4
35057at7147	HAP1_SCAFFOLD_952	1173.0	D4	D4
35089at7147	OZ223788.1	105616835.0	D5	D5
35151at7147	OZ223790.1	296587686.5	D3	D3
35156at7147	OZ223789.1	246539737.0	D1	D1
35188at7147	OZ223788.1	183207180.5	NA	NA
35253at7147	OZ223788.1	94147289.5	NA	NA
35281at7147	OZ223788.1	271606095.5	D3	D3
35393at7147	OZ223788.1	194388833.0	D5	D5
35404at7147	OZ223789.1	16256670.5	D2	D2
35501at7147	OZ223790.1	110104417.5	D1	D1
35706at7147	OZ223790.1	56780288.0	D1	D1
35727at7147	OZ223788.1	32719299.0	D5	D5
35769at7147	OZ223788.1	95179601.0	D4	D4
35774at7147	OZ223790.1	74843294.5	NA	NA
35945at7147	OZ223788.1	126778879.5	D3	D3
36172at7147	OZ223790.1	201227244.5	D3	D3
36193at7147	OZ223790.1	284947888.0	D3	D3
36517at7147	OZ223789.1	320232440.5	D4	D4
36740at7147	OZ223790.1	162435546.0	D1	D1
36758at7147	OZ223788.1	308012788.0	D5	D5
36899at7147	OZ223790.1	182454263.5	D1	D1
36930at7147	OZ223790.1	30507348.5	D1	D1
37058at7147	OZ223790.1	179618687.5	D4	D4
37084at7147	OZ223789.1	185932559.0	D1	D1
37084at7147	OZ223789.1	350044028.5	D1	D1
37172at7147	OZ223790.1	84927559.5	D1	D1
37183at7147	OZ223788.1	126698418.5	D3	D3
37186at7147	OZ223790.1	229976149.5	D3	D3
37245at7147	OZ223790.1	116525437.5	D1	D1
37245at7147	OZ223790.1	135428758.5	D1	D1
37351at7147	OZ223788.1	118829397.5	D5	D5
37358at7147	OZ223788.1	208525562.5	D3	D3
37366at7147	OZ223789.1	347849585.5	NA	NA
37445at7147	OZ223789.1	45867624.5	NA	NA
37448at7147	OZ223788.1	65044989.0	D5	D5
37496at7147	OZ223790.1	2294098.0	D1	D1
37633at7147	OZ223789.1	329983711.5	D4	D4
37647at7147	OZ223788.1	146049670.5	D5	D5
37663at7147	OZ223789.1	139806120.5	D4	D4
37808at7147	OZ223788.1	63416832.0	D3	D3
37882at7147	OZ223790.1	26365358.5	D1	D1
37895at7147	OZ223788.1	22247526.5	D5	D5
38124at7147	OZ223790.1	51347742.0	NA	NA
38429at7147	OZ223788.1	222449115.0	D4	D4
38435at7147	OZ223788.1	39769839.0	NA	NA
38461at7147	OZ223790.1	2330137.5	D1	D1
38565at7147	OZ223789.1	337423115.0	NA	NA
38629at7147	OZ223789.1	68889184.0	D2	D2
38813at7147	OZ223788.1	226338119.5	D5	D5
38813at7147	OZ223790.1	179182030.0	D5	D5
39130at7147	OZ223790.1	261928534.5	NA	NA
39285at7147	OZ223789.1	116068177.0	NA	NA
39439at7147	OZ223788.1	162969058.5	D5	D5
39526at7147	OZ223788.1	31840728.5	D5	D5
39581at7147	OZ223789.1	324304782.0	D4	D4
39681at7147	OZ223790.1	77029172.5	D1	D1
39752at7147	OZ223790.1	290196534.5	NA	NA
39784at7147	OZ223790.1	297709793.5	D1	D1
39793at7147	OZ223790.1	297982240.5	D3	D3
39872at7147	OZ223790.1	111938943.5	NA	NA
39893at7147	OZ223789.1	246514233.0	NA	NA
40115at7147	OZ223788.1	351165999.5	D3	D3
40213at7147	OZ223789.1	238571376.0	NA	NA
40328at7147	OZ223788.1	95195432.0	D5	D5
40345at7147	OZ223790.1	228884218.5	D3	D3
40401at7147	OZ223788.1	103378988.5	D5	D5
40450at7147	OZ223789.1	31955451.0	D2	D2
40476at7147	OZ223789.1	90667210.5	D2	D2
40508at7147	OZ223790.1	118278685.0	NA	NA
40528at7147	OZ223788.1	316481082.0	D3	D3
40528at7147	OZ223789.1	209882338.5	D3	D3
40535at7147	OZ223788.1	223061833.5	D3	D3
40670at7147	OZ223790.1	78067256.0	D3	D3
40805at7147	OZ223788.1	99936334.5	D5	D5
40846at7147	OZ223788.1	226353756.0	D3	D3
40882at7147	OZ223790.1	106603453.5	D1	D1
40927at7147	OZ223789.1	239128215.5	NA	NA
40957at7147	OZ223788.1	245879690.0	D3	D3
41434at7147	OZ223788.1	342583590.0	D3	D3
41454at7147	OZ223788.1	352835716.0	D3	D3
41456at7147	OZ223788.1	342579205.0	D3	D3
41576at7147	OZ223790.1	44772401.0	D1	D1
41747at7147	OZ223788.1	323459370.0	D3	D3
41815at7147	OZ223788.1	139350233.5	D5	D5
41881at7147	OZ223788.1	302829005.0	D3	D3
42201at7147	OZ223789.1	320737922.0	NA	NA
42320at7147	OZ223789.1	18665045.0	D2	D2
42351at7147	OZ223789.1	5374899.5	D2	D2
42351at7147	OZ223789.1	5602246.0	D2	D2
42404at7147	OZ223789.1	338964350.5	D4	D4
42409at7147	OZ223789.1	9730782.5	NA	NA
42863at7147	OZ223790.1	287782001.5	D3	D3
42940at7147	OZ223788.1	33605486.0	D5	D5
42951at7147	OZ223790.1	7667102.0	D1	D1
43054at7147	OZ223791.1	1007144.5	D6	D6
43134at7147	OZ223788.1	44723929.0	NA	NA
43223at7147	OZ223789.1	229168402.5	NA	NA
43239at7147	OZ223789.1	342077285.0	D4	D4
43269at7147	OZ223788.1	355689696.5	D4	D4
43302at7147	OZ223788.1	3898127.0	D3	D3
43439at7147	OZ223789.1	112754839.0	D4	D4
43790at7147	OZ223789.1	15581145.0	NA	NA
43826at7147	OZ223789.1	205601930.0	D4	D4
44053at7147	OZ223789.1	189176828.5	D4	D4
44085at7147	OZ223789.1	265164226.5	NA	NA
44085at7147	OZ223791.1	1239727.0	NA	NA
44134at7147	OZ223790.1	169708194.0	D4	D4
44237at7147	OZ223790.1	138980835.5	D1	D1
44328at7147	OZ223789.1	202676722.5	NA	NA
44395at7147	OZ223790.1	295070717.5	NA	NA
44423at7147	OZ223788.1	35428477.5	D5	D5
44463at7147	OZ223790.1	2432108.5	D1	D1
44500at7147	OZ223788.1	65052167.5	D5	D5
44563at7147	OZ223790.1	13203241.5	NA	NA
44860at7147	OZ223790.1	291412250.0	D3	D3
44889at7147	OZ223790.1	294904027.5	D3	D3
44945at7147	OZ223790.1	3222001.0	D1	D1
45005at7147	OZ223788.1	107433865.5	D5	D5
45130at7147	OZ223790.1	251452944.0	D3	D3
45522at7147	OZ223788.1	25905540.0	NA	NA
45557at7147	OZ223790.1	53125398.0	NA	NA
45643at7147	OZ223790.1	76824806.0	D1	D1
45696at7147	OZ223790.1	121311629.0	D1	D1
45762at7147	OZ223788.1	84184450.5	D3	D3
45780at7147	OZ223788.1	86808421.5	NA	NA
45853at7147	OZ223790.1	191754066.0	D1	D1
45914at7147	OZ223789.1	291127550.0	D4	D4
45930at7147	OZ223788.1	224958215.5	D3	D3
46187at7147	OZ223790.1	27025921.5	NA	NA
46281at7147	OZ223788.1	165064831.5	NA	NA
46348at7147	OZ223790.1	54329406.5	NA	NA
46512at7147	OZ223788.1	122732481.0	D3	D3
46656at7147	OZ223790.1	284255763.5	D3	D3
46696at7147	OZ223788.1	96454940.5	NA	NA
46874at7147	OZ223789.1	235490577.5	D4	D4
46907at7147	OZ223790.1	71918538.0	D1	D1
47419at7147	OZ223789.1	292963433.5	D4	D4
47598at7147	OZ223790.1	140131007.5	D1	D1
47694at7147	OZ223788.1	213417081.0	D3	D3
47737at7147	OZ223788.1	134392359.0	D3	D3
47783at7147	OZ223789.1	133857821.5	D2	D2
47837at7147	OZ223788.1	117509605.0	D5	D5
47852at7147	OZ223790.1	175274519.5	NA	NA
47890at7147	OZ223788.1	345299186.5	D3	D3
48144at7147	OZ223789.1	356193146.5	NA	NA
48185at7147	OZ223790.1	19920827.5	D1	D1
48408at7147	OZ223788.1	134257018.0	D2	D2
48421at7147	OZ223788.1	125534384.5	D5	D5
48504at7147	OZ223789.1	185383231.0	D2	D2
48836at7147	OZ223790.1	298272288.0	D3	D3
48886at7147	OZ223788.1	31519280.5	D5	D5
48981at7147	OZ223789.1	3356851.5	NA	NA
49043at7147	OZ223789.1	49627279.0	NA	NA
49217at7147	OZ223790.1	140073148.5	D1	D1
49412at7147	OZ223788.1	317081845.5	D3	D3
49557at7147	OZ223788.1	11583513.0	D5	D5
49577at7147	OZ223790.1	172535990.0	D1	D1
49586at7147	OZ223788.1	42361129.0	D5	D5
49690at7147	OZ223789.1	188342912.5	D4	D4
49793at7147	OZ223790.1	190312071.5	D1	D1
49837at7147	OZ223790.1	164322873.5	D3	D3
49933at7147	OZ223789.1	133598125.5	NA	NA
50027at7147	OZ223789.1	229547447.5	NA	NA
50224at7147	OZ223790.1	296845141.5	D3	D3
50326at7147	OZ223789.1	317833555.5	D4	D4
50446at7147	OZ223790.1	67551967.5	NA	NA
50487at7147	OZ223790.1	62647186.5	D1	D1
50577at7147	OZ223788.1	264934922.5	NA	NA
50619at7147	OZ223789.1	231997443.5	D4	D4
50868at7147	OZ223789.1	353516090.5	D4	D4
50930at7147	OZ223790.1	80836915.0	D1	D1
54528at7147	OZ223788.1	8151729.0	D5	D5
54531at7147	OZ223788.1	44964021.5	D5	D5
54533at7147	OZ223789.1	17755027.0	NA	NA
54547at7147	OZ223790.1	420785.5	D3	D3
54556at7147	OZ223788.1	111861644.0	D5	D5
54562at7147	OZ223788.1	348772998.0	NA	NA
54589at7147	OZ223789.1	144737781.0	D2	D2
54600at7147	OZ223790.1	136108601.5	D1	D1
54637at7147	OZ223788.1	259477773.5	D3	D3
54640at7147	OZ223789.1	265891446.5	D4	D4
54654at7147	OZ223790.1	280099050.0	D3	D3
54668at7147	OZ223790.1	26913361.0	NA	NA
54682at7147	OZ223788.1	37057023.0	D5	D5
54689at7147	OZ223789.1	62865650.5	NA	NA
54713at7147	OZ223788.1	58300926.5	D5	D5
54723at7147	OZ223788.1	7205047.5	D5	D5
54740at7147	OZ223790.1	55879480.5	D5	D5
54771at7147	OZ223788.1	16725062.5	D1	D1
54773at7147	OZ223789.1	66860942.0	NA	NA
54775at7147	OZ223788.1	66788393.0	D5	D5
54778at7147	OZ223789.1	1077652.0	NA	NA
54788at7147	OZ223790.1	237620963.0	D3	D3
54790at7147	OZ223790.1	129488783.5	D1	D1
54791at7147	OZ223788.1	73633487.0	NA	NA
54802at7147	OZ223789.1	328870657.5	D4	D4
54805at7147	OZ223790.1	105813773.0	D1	D1
54821at7147	OZ223788.1	66857016.5	D5	D5
54822at7147	OZ223788.1	2773321.0	D5	D5
54838at7147	OZ223789.1	355995462.5	D4	D4
54842at7147	OZ223791.1	1077875.0	D6	D6
54844at7147	OZ223790.1	287128496.5	D3	D3
54856at7147	OZ223790.1	179449135.5	D1	D1
54880at7147	OZ223790.1	85039426.0	D1	D1
54892at7147	OZ223789.1	336417901.0	D4	D4
54903at7147	OZ223790.1	294461090.0	D3	D3
54905at7147	OZ223790.1	3299261.5	D1	D1
54916at7147	OZ223788.1	337469380.5	D3	D3
54922at7147	OZ223789.1	328573213.5	NA	NA
54933at7147	OZ223789.1	1842362.5	D2	D2
54941at7147	OZ223790.1	163498278.0	D1	D1
54965at7147	OZ223789.1	308314466.0	NA	NA
54967at7147	OZ223788.1	287378968.5	D3	D3
54971at7147	OZ223788.1	52839375.5	D5	D5
54994at7147	OZ223788.1	356646549.0	D2	D2
55009at7147	OZ223788.1	310092201.5	NA	NA
55040at7147	OZ223790.1	110139615.5	NA	NA
55085at7147	OZ223788.1	64955557.5	D5	D5
55089at7147	OZ223789.1	76741895.0	NA	NA
55091at7147	OZ223788.1	40462936.0	D5	D5
55109at7147	OZ223788.1	213432404.0	D3	D3
55110at7147	OZ223788.1	202614957.5	D3	D3
55124at7147	OZ223790.1	188816514.5	D1	D1
55132at7147	OZ223790.1	212560615.0	D6	D6
55135at7147	OZ223790.1	129644279.5	D1	D1
55161at7147	OZ223789.1	353197537.5	NA	NA
55165at7147	OZ223790.1	202403479.0	D3	D3
55167at7147	OZ223788.1	4265733.5	D5	D5
55219at7147	OZ223789.1	356164832.5	D4	D4
55219at7147	OZ223788.1	225237834.5	D4	D4
55221at7147	OZ223789.1	11323472.0	D2	D2
55227at7147	OZ223789.1	85697805.0	D2	D2
55263at7147	OZ223790.1	125871706.5	D3	D3
55277at7147	OZ223789.1	59687036.5	D2	D2
55290at7147	HAP1_SCAFFOLD_199	74743.5	D3	D3
55290at7147	OZ223788.1	343772374.5	D3	D3
55332at7147	OZ223790.1	246160852.5	NA	NA
55336at7147	OZ223789.1	137875834.5	NA	NA
55348at7147	OZ223790.1	63910346.5	D1	D1
55349at7147	OZ223789.1	263521779.5	D1	D1
55366at7147	OZ223788.1	266561750.0	NA	NA
55391at7147	OZ223790.1	284903771.5	D3	D3
55399at7147	OZ223790.1	252973248.5	D5	D5
55423at7147	OZ223790.1	246554446.5	NA	NA
55434at7147	OZ223789.1	59747242.0	NA	NA
55436at7147	OZ223789.1	199374068.5	D4	D4
55441at7147	OZ223790.1	210475080.0	D3	D3
55446at7147	OZ223789.1	101584173.0	D2	D2
55471at7147	OZ223790.1	166840533.5	D1	D1
55475at7147	OZ223789.1	92103084.5	D3	D3
55494at7147	OZ223790.1	141003920.0	D1	D1
55526at7147	OZ223789.1	285043392.5	NA	NA
55543at7147	OZ223788.1	204164101.0	D3	D3
55562at7147	OZ223789.1	272743715.0	D2	D2
55577at7147	OZ223790.1	298359902.0	D3	D3
55587at7147	OZ223790.1	286135912.5	D3	D3
55608at7147	OZ223788.1	127015124.5	D3	D3
55620at7147	OZ223789.1	10712592.0	NA	NA
55637at7147	OZ223790.1	225350686.5	NA	NA
55637at7147	OZ223790.1	225352734.5	NA	NA
55641at7147	OZ223790.1	298277294.5	D3	D3
55645at7147	OZ223788.1	40227453.0	D1	D1
55659at7147	OZ223790.1	237680272.0	D3	D3
55670at7147	OZ223788.1	57372538.0	D5	D5
55683at7147	OZ223788.1	356652811.5	NA	NA
55688at7147	OZ223790.1	190311434.0	D4	D4
55690at7147	OZ223788.1	64849620.0	D1	D1
55702at7147	OZ223788.1	337306254.0	D3	D3
55723at7147	OZ223788.1	118011467.5	NA	NA
55724at7147	OZ223789.1	90152582.0	D4	D4
55728at7147	OZ223789.1	109703787.0	D4	D4
55739at7147	OZ223789.1	340882372.0	D4	D4
55749at7147	OZ223788.1	20266372.0	D5	D5
55751at7147	OZ223788.1	39881291.0	D5	D5
55755at7147	OZ223788.1	7264695.0	D5	D5
55771at7147	OZ223790.1	66445761.0	D1	D1
55776at7147	OZ223788.1	46349808.5	D5	D5
55810at7147	OZ223788.1	326884334.5	NA	NA
55818at7147	OZ223788.1	297330091.0	D3	D3
55870at7147	OZ223789.1	355726.5	D2	D2
55886at7147	OZ223788.1	258033610.5	D3	D3
55939at7147	OZ223790.1	74180833.5	NA	NA
55949at7147	OZ223788.1	302646999.5	NA	NA
55986at7147	OZ223790.1	60977384.0	D1	D1
56026at7147	OZ223789.1	19479737.5	D2	D2
56033at7147	OZ223789.1	115959563.0	D2	D2
56034at7147	OZ223789.1	116948877.0	NA	NA
56037at7147	OZ223789.1	348273786.0	NA	NA
56046at7147	OZ223790.1	128708313.0	D1	D1
56046at7147	OZ223790.1	128706065.0	D1	D1
56067at7147	OZ223790.1	46325038.0	D4	D4
56081at7147	OZ223790.1	221763638.0	NA	NA
56102at7147	OZ223789.1	202562190.0	D4	D4
56132at7147	OZ223789.1	285412894.5	D4	D4
56158at7147	OZ223790.1	284138983.0	NA	NA
56165at7147	OZ223789.1	228280390.0	NA	NA
56167at7147	OZ223788.1	90462359.0	D3	D3
56185at7147	OZ223788.1	250933130.0	D3	D3
56193at7147	OZ223789.1	92149490.0	D4	D4
56201at7147	OZ223788.1	103603052.0	D5	D5
56201at7147	OZ223788.1	103614453.5	D5	D5
56218at7147	OZ223790.1	63899424.0	D1	D1
56254at7147	OZ223788.1	347913343.0	NA	NA
56266at7147	HAP1_SCAFFOLD_357	70612.0	NA	NA
56266at7147	OZ223790.1	188505249.0	NA	NA
56271at7147	OZ223788.1	306787960.5	D3	D3
56279at7147	OZ223788.1	312677114.5	D3	D3
56298at7147	OZ223788.1	75973102.5	NA	NA
56300at7147	OZ223790.1	3950862.0	D1	D1
56303at7147	OZ223790.1	229922440.0	D4	D4
56314at7147	OZ223788.1	204003453.5	D3	D3
56337at7147	OZ223788.1	352998603.0	D3	D3
56384at7147	OZ223789.1	125169690.0	NA	NA
56416at7147	OZ223788.1	154916844.5	NA	NA
56458at7147	OZ223790.1	164752296.0	D1	D1
56466at7147	OZ223789.1	137177727.5	D2	D2
56485at7147	OZ223789.1	233971121.0	NA	NA
56485at7147	OZ223791.1	61940.5	NA	NA
56486at7147	OZ223788.1	351305092.0	D3	D3
56488at7147	OZ223790.1	116521460.5	D1	D1
56498at7147	OZ223789.1	108348712.0	NA	NA
56506at7147	OZ223789.1	337925151.5	NA	NA
56521at7147	OZ223789.1	341575443.0	D2	D2
56533at7147	OZ223790.1	140462674.0	D1	D1
56534at7147	OZ223788.1	353531593.5	D3	D3
56536at7147	OZ223790.1	56770708.5	D1	D1
56549at7147	OZ223789.1	337655714.0	NA	NA
56553at7147	OZ223789.1	350938112.0	NA	NA
56561at7147	OZ223790.1	27322935.5	NA	NA
56566at7147	OZ223789.1	309925506.5	D4	D4
56580at7147	OZ223789.1	10575899.5	D2	D2
56611at7147	OZ223789.1	67321705.5	D2	D2
56617at7147	OZ223790.1	199920499.5	D3	D3
56625at7147	OZ223788.1	130081515.0	D5	D5
56636at7147	OZ223790.1	56766781.5	NA	NA
56645at7147	OZ223789.1	277050227.5	NA	NA
56662at7147	OZ223788.1	123726198.0	D3	D3
56673at7147	OZ223790.1	116259223.5	D1	D1
56706at7147	OZ223788.1	348857226.5	D3	D3
56706at7147	OZ223788.1	22892995.0	D3	D3
56708at7147	OZ223789.1	54103389.5	D4	D4
56713at7147	OZ223789.1	284803032.0	D4	D4
56767at7147	OZ223788.1	111897125.5	D5	D5
56783at7147	OZ223788.1	83232578.5	D6	D6
56788at7147	OZ223788.1	4557726.5	D5	D5
56803at7147	OZ223788.1	132943164.5	D5	D5
56809at7147	OZ223790.1	293975781.0	D3	D3
56814at7147	OZ223790.1	315098.0	D5	D5
56815at7147	OZ223789.1	89613991.5	NA	NA
56864at7147	OZ223789.1	254977141.5	D4	D4
56871at7147	OZ223790.1	18136531.0	NA	NA
56907at7147	OZ223788.1	166972382.0	D5	D5
56913at7147	OZ223790.1	296557916.5	D3	D3
56927at7147	OZ223789.1	344747319.5	D4	D4
56954at7147	OZ223788.1	118931557.5	D5	D5
56974at7147	OZ223788.1	175956775.5	D5	D5
57004at7147	OZ223790.1	17247838.0	D1	D1
57025at7147	OZ223788.1	31586716.5	D5	D5
57036at7147	OZ223788.1	135160218.5	D5	D5
57040at7147	OZ223789.1	115373163.5	D2	D2
57046at7147	OZ223789.1	201904823.0	D4	D4
57057at7147	OZ223788.1	154918758.0	NA	NA
57059at7147	OZ223789.1	153562517.5	D2	D2
57059at7147	OZ223789.1	153513225.5	D2	D2
57071at7147	OZ223788.1	266563705.0	NA	NA
57082at7147	OZ223790.1	295683930.5	D3	D3
57083at7147	OZ223790.1	130201932.5	D1	D1
57097at7147	OZ223790.1	119143604.5	D1	D1
57127at7147	OZ223789.1	36516342.5	D2	D2
57144at7147	OZ223790.1	53006629.5	D5	D5
57150at7147	OZ223789.1	9433624.5	D4	D4
57156at7147	OZ223789.1	308379581.5	D4	D4
57204at7147	OZ223788.1	44907637.0	NA	NA
57233at7147	OZ223789.1	351290731.0	D4	D4
57237at7147	OZ223789.1	356661060.5	D4	D4
57255at7147	OZ223790.1	168850395.0	D1	D1
57264at7147	OZ223790.1	139700793.0	D1	D1
57289at7147	OZ223789.1	71854092.5	D2	D2
57295at7147	OZ223788.1	166080286.0	NA	NA
57304at7147	OZ223790.1	199176669.5	D1	D1
57306at7147	OZ223788.1	302476556.5	NA	NA
57311at7147	OZ223789.1	47589724.5	NA	NA
57347at7147	OZ223788.1	242398188.5	D3	D3
57360at7147	OZ223789.1	90077158.5	NA	NA
57383at7147	OZ223790.1	100376226.5	NA	NA
57426at7147	OZ223788.1	351954562.0	D3	D3
57440at7147	OZ223788.1	25975239.0	D5	D5
57441at7147	OZ223789.1	230825802.0	D4	D4
57446at7147	OZ223789.1	71927112.0	D2	D2
57453at7147	OZ223790.1	98459104.0	D1	D1
57453at7147	OZ223790.1	34339104.5	D1	D1
57454at7147	OZ223789.1	116345766.0	NA	NA
57459at7147	OZ223789.1	356881746.0	D4	D4
57466at7147	OZ223788.1	175706482.0	NA	NA
57494at7147	OZ223789.1	16566891.5	D2	D2
57504at7147	OZ223790.1	311078.0	D5	D5
57508at7147	OZ223789.1	116360896.5	D4	D4
57511at7147	OZ223788.1	716375.0	NA	NA
57557at7147	OZ223789.1	349027112.5	D4	D4
57561at7147	OZ223790.1	44827751.0	D1	D1
57586at7147	OZ223790.1	105115263.5	D3	D3
57591at7147	OZ223788.1	96058646.5	D5	D5
57615at7147	OZ223789.1	346463065.5	D4	D4
57635at7147	OZ223788.1	298115133.5	NA	NA
57656at7147	OZ223788.1	8030762.0	D5	D5
57658at7147	OZ223788.1	45576145.5	D5	D5
57700at7147	OZ223789.1	353248924.0	D4	D4
57737at7147	OZ223789.1	2857669.5	D2	D2
57742at7147	OZ223788.1	134924016.5	D5	D5
57748at7147	OZ223788.1	3903904.0	D5	D5
57772at7147	OZ223790.1	152417717.0	D5	D5
57773at7147	OZ223789.1	177061542.0	NA	NA
57779at7147	OZ223788.1	162001342.5	D5	D5
57791at7147	OZ223788.1	11584858.5	D5	D5
57806at7147	OZ223789.1	35181642.5	NA	NA
57847at7147	OZ223788.1	103510582.0	D3	D3
57855at7147	OZ223790.1	35625666.0	D1	D1
57868at7147	OZ223790.1	251723472.5	D3	D3
57879at7147	OZ223790.1	52997265.5	D5	D5
57890at7147	OZ223789.1	329191883.5	D4	D4
57900at7147	OZ223788.1	42541766.5	D5	D5
57917at7147	OZ223790.1	17842031.0	NA	NA
57917at7147	OZ223790.1	17856701.0	NA	NA
57924at7147	OZ223789.1	146922148.0	D2	D2
57929at7147	OZ223789.1	324294611.0	NA	NA
57939at7147	OZ223789.1	80329365.0	D2	D2
57990at7147	OZ223789.1	100061372.5	D2	D2
57994at7147	OZ223788.1	8108227.0	D5	D5
58040at7147	OZ223789.1	138825756.0	NA	NA
58041at7147	OZ223789.1	50278481.0	D2	D2
58059at7147	OZ223789.1	214297269.5	D4	D4
58061at7147	OZ223789.1	280743780.0	NA	NA
58069at7147	OZ223788.1	43043685.0	D4	D4
58103at7147	OZ223788.1	42655545.5	NA	NA
58110at7147	OZ223789.1	31952302.0	D2	D2
58118at7147	OZ223790.1	53669870.5	D1	D1
58177at7147	OZ223788.1	323604848.5	NA	NA
58183at7147	OZ223788.1	305845333.5	D3	D3
58188at7147	OZ223788.1	3505008.0	D5	D5
58205at7147	OZ223790.1	169112238.0	NA	NA
58209at7147	OZ223790.1	192431396.0	D1	D1
58228at7147	OZ223789.1	123932495.5	D2	D2
58229at7147	OZ223788.1	183070592.5	NA	NA
58248at7147	OZ223790.1	295072816.0	NA	NA
58253at7147	OZ223789.1	353525769.5	D4	D4
58266at7147	OZ223789.1	342287698.5	D4	D4
58276at7147	OZ223790.1	141376543.0	NA	NA
58277at7147	OZ223788.1	58600137.5	D5	D5
58283at7147	OZ223789.1	269099029.0	D4	D4
58362at7147	OZ223788.1	302345313.5	D3	D3
58372at7147	OZ223790.1	42538624.0	D1	D1
58382at7147	OZ223790.1	251324942.5	D3	D3
58385at7147	OZ223790.1	69203050.5	D1	D1
58401at7147	OZ223789.1	350528688.0	NA	NA
58417at7147	OZ223789.1	279456294.5	D4	D4
58419at7147	OZ223788.1	58807516.5	D5	D5
58433at7147	OZ223789.1	10702170.0	D2	D2
58438at7147	OZ223790.1	296836403.5	NA	NA
58454at7147	OZ223791.1	2100902.5	D6	D6
58562at7147	OZ223788.1	248134917.5	D3	D3
58570at7147	OZ223788.1	152004730.0	D5	D5
58584at7147	OZ223788.1	247839821.5	D3	D3
58613at7147	OZ223789.1	4831439.0	D2	D2
58622at7147	OZ223790.1	104909.0	D5	D5
58647at7147	OZ223790.1	47434133.0	D1	D1
58656at7147	OZ223788.1	66360308.5	D5	D5
58664at7147	OZ223790.1	187715265.5	NA	NA
58691at7147	OZ223788.1	167508226.5	NA	NA
58750at7147	OZ223788.1	210430826.0	NA	NA
58753at7147	OZ223789.1	108830602.0	D4	D4
58803at7147	OZ223788.1	221338996.0	NA	NA
58824at7147	OZ223788.1	175478950.0	NA	NA
58828at7147	OZ223788.1	123732277.5	D3	D3
58829at7147	OZ223788.1	110937867.5	D4	D4
58894at7147	OZ223788.1	103515097.5	D3	D3
58897at7147	OZ223789.1	102253233.0	D2	D2
58932at7147	OZ223789.1	116353175.5	NA	NA
58935at7147	OZ223789.1	323093881.0	D4	D4
58968at7147	OZ223790.1	3963173.0	D1	D1
58988at7147	OZ223789.1	5859874.5	D6	D6
59009at7147	OZ223789.1	92088349.5	NA	NA
59021at7147	OZ223788.1	315392664.0	D3	D3
59031at7147	OZ223789.1	298885466.0	D4	D4
59034at7147	OZ223789.1	352391136.0	D4	D4
59036at7147	OZ223788.1	246190903.5	D3	D3
59056at7147	OZ223788.1	251167944.0	D3	D3
59058at7147	OZ223790.1	216671291.0	D3	D3
59095at7147	OZ223789.1	232000671.0	D2	D2
59098at7147	OZ223788.1	317885594.5	NA	NA
59146at7147	OZ223790.1	284024467.5	NA	NA
59159at7147	OZ223788.1	105603119.5	D5	D5
59197at7147	OZ223790.1	285647817.5	D3	D3
59208at7147	OZ223788.1	212559353.5	D3	D3
59214at7147	OZ223788.1	321455313.5	D3	D3
59276at7147	OZ223788.1	293465347.0	NA	NA
59288at7147	OZ223790.1	9653615.5	D4	D4
59290at7147	OZ223790.1	12051068.5	D1	D1
59326at7147	OZ223789.1	354937669.5	D4	D4
59353at7147	OZ223789.1	320883066.0	D4	D4
59366at7147	OZ223789.1	329929523.5	D4	D4
59372at7147	OZ223789.1	272335368.5	NA	NA
59378at7147	OZ223789.1	113535637.0	D2	D2
59427at7147	OZ223789.1	101899594.0	NA	NA
59473at7147	OZ223789.1	245241625.5	NA	NA
59501at7147	OZ223789.1	346500508.0	D3	D3
59513at7147	OZ223790.1	295541253.0	D3	D3
59514at7147	OZ223788.1	3478071.5	D5	D5
59530at7147	OZ223790.1	206290677.5	D3	D3
59540at7147	OZ223788.1	350959331.0	D3	D3
59543at7147	OZ223788.1	42680929.0	D5	D5
59594at7147	OZ223788.1	14403236.5	D5	D5
59603at7147	OZ223788.1	309559378.0	D3	D3
59621at7147	OZ223789.1	39399139.5	NA	NA
59638at7147	OZ223789.1	345098245.5	D4	D4
59641at7147	OZ223790.1	57506061.0	NA	NA
59688at7147	OZ223789.1	324301242.0	D4	D4
59706at7147	OZ223788.1	347822480.0	D3	D3
59718at7147	OZ223791.1	3728458.5	D6	D6
59758at7147	OZ223788.1	353654901.0	D3	D3
59762at7147	OZ223788.1	111341794.5	D5	D5
59805at7147	OZ223789.1	280968186.0	D5	D5
59847at7147	OZ223788.1	45066624.0	D5	D5
59858at7147	OZ223791.1	3797031.5	D6	D6
59867at7147	OZ223788.1	58304496.0	D5	D5
59881at7147	OZ223788.1	94653499.0	D3	D3
59885at7147	OZ223790.1	136116971.5	D1	D1
59897at7147	OZ223788.1	221252614.0	NA	NA
59908at7147	OZ223788.1	207823278.0	D3	D3
59917at7147	OZ223788.1	159887299.5	NA	NA
59927at7147	OZ223788.1	29834428.0	NA	NA
59932at7147	OZ223788.1	37448959.5	D5	D5
59934at7147	OZ223788.1	106833568.5	D5	D5
59954at7147	OZ223789.1	353283376.0	NA	NA
59971at7147	OZ223790.1	73785728.0	D1	D1
59991at7147	OZ223788.1	333907132.5	D3	D3
60030at7147	OZ223788.1	103501833.0	D5	D5
60031at7147	OZ223790.1	116530615.0	D1	D1
60048at7147	OZ223789.1	117981520.0	NA	NA
60066at7147	OZ223789.1	37299745.0	NA	NA
60086at7147	OZ223790.1	53449397.0	D1	D1
60114at7147	OZ223789.1	342867447.0	D4	D4
60133at7147	OZ223789.1	88592312.5	D2	D2
60134at7147	OZ223789.1	352684813.0	NA	NA
60157at7147	OZ223790.1	262240618.5	D3	D3
60158at7147	OZ223790.1	129629444.0	D1	D1
60162at7147	OZ223788.1	138212748.5	D5	D5
60174at7147	OZ223790.1	298208505.5	D3	D3
60183at7147	OZ223789.1	245149169.0	D4	D4
60185at7147	OZ223791.1	1192481.5	D6	D6
60242at7147	OZ223790.1	51132231.5	D1	D1
60271at7147	OZ223790.1	246165590.5	NA	NA
60284at7147	OZ223788.1	186296380.0	D5	D5
60303at7147	OZ223790.1	276298941.5	D3	D3
60315at7147	OZ223788.1	123739288.0	D3	D3
60331at7147	OZ223789.1	3352000.0	D2	D2
60338at7147	OZ223789.1	201468060.5	NA	NA
60353at7147	OZ223789.1	116348013.5	D4	D4
60372at7147	OZ223788.1	8129120.5	D5	D5
60375at7147	OZ223790.1	8550198.5	D1	D1
60381at7147	OZ223788.1	345618919.0	D3	D3
60394at7147	OZ223790.1	112952779.5	D1	D1
60410at7147	OZ223789.1	51863695.5	D2	D2
60412at7147	OZ223790.1	95399778.5	D1	D1
60416at7147	OZ223790.1	125142611.5	D1	D1
60422at7147	OZ223790.1	152525898.0	D5	D5
60427at7147	OZ223789.1	355597308.5	D4	D4
60499at7147	OZ223788.1	349871196.0	D3	D3
60501at7147	OZ223788.1	231731347.0	NA	NA
60504at7147	OZ223788.1	302882119.5	D3	D3
60514at7147	OZ223790.1	270834325.0	D3	D3
60545at7147	OZ223790.1	261926070.0	NA	NA
60554at7147	OZ223790.1	176663282.5	D1	D1
60563at7147	OZ223789.1	49948315.5	D2	D2
60581at7147	OZ223789.1	283495213.5	NA	NA
60603at7147	OZ223790.1	135450568.5	NA	NA
60611at7147	OZ223789.1	49705668.5	D2	D2
60612at7147	OZ223788.1	242568062.5	D3	D3
60628at7147	OZ223789.1	139186218.0	D2	D2
60643at7147	OZ223788.1	37772653.5	D5	D5
60650at7147	OZ223790.1	6164696.0	D1	D1
60656at7147	OZ223788.1	136765266.0	D3	D3
60688at7147	OZ223788.1	47379309.0	NA	NA
60701at7147	OZ223788.1	195538011.5	D1	D1
60708at7147	OZ223788.1	271651132.0	D3	D3
60719at7147	OZ223788.1	230895944.0	D3	D3
60720at7147	OZ223789.1	352175828.0	NA	NA
60739at7147	OZ223788.1	354191931.0	D3	D3
60759at7147	OZ223790.1	64220943.5	D1	D1
60771at7147	OZ223790.1	80803891.5	D1	D1
60815at7147	OZ223790.1	100493171.5	D1	D1
60817at7147	OZ223788.1	350987834.5	NA	NA
60819at7147	OZ223790.1	59235201.0	D1	D1
60826at7147	OZ223788.1	351915874.0	D3	D3
60829at7147	OZ223791.1	6486616.5	NA	NA
60849at7147	OZ223789.1	319596035.0	D4	D4
60885at7147	OZ223788.1	309829260.0	D3	D3
60911at7147	OZ223788.1	94769614.0	D5	D5
60913at7147	OZ223788.1	48917318.0	D5	D5
60915at7147	OZ223788.1	58803154.5	D5	D5
60935at7147	OZ223790.1	237619550.0	D2	D2
60941at7147	OZ223790.1	295084178.5	D3	D3
60947at7147	OZ223788.1	351158123.0	D3	D3
60973at7147	OZ223788.1	213177197.0	NA	NA
60994at7147	OZ223790.1	2402886.5	NA	NA
61002at7147	OZ223788.1	100886941.0	NA	NA
61024at7147	OZ223788.1	297219553.0	D3	D3
61053at7147	OZ223790.1	195795193.0	D3	D3
61053at7147	OZ223790.1	195998327.5	D3	D3
61113at7147	OZ223790.1	412853.0	D3	D3
61116at7147	OZ223789.1	277068566.5	D2	D2
61138at7147	OZ223789.1	345073330.5	D4	D4
61143at7147	OZ223789.1	50610494.5	NA	NA
61202at7147	OZ223789.1	292608914.5	D4	D4
61222at7147	OZ223790.1	270982577.0	D5	D5
61232at7147	OZ223788.1	195235912.0	D5	D5
61242at7147	OZ223788.1	316444217.5	D3	D3
61249at7147	OZ223789.1	28915438.5	D4	D4
61255at7147	OZ223788.1	232516389.0	NA	NA
61276at7147	OZ223789.1	299484835.5	D4	D4
61286at7147	OZ223790.1	276799297.0	D3	D3
61299at7147	OZ223789.1	191921753.5	NA	NA
61306at7147	OZ223788.1	324168071.5	D3	D3
61331at7147	OZ223789.1	342261937.0	NA	NA
61340at7147	OZ223790.1	300736481.0	D3	D3
61374at7147	OZ223789.1	209223779.0	D4	D4
61375at7147	OZ223790.1	12213112.0	D1	D1
61379at7147	OZ223790.1	141165802.0	D1	D1
61386at7147	OZ223791.1	10894497.5	D6	D6
61388at7147	OZ223790.1	299820256.5	D3	D3
61391at7147	OZ223790.1	122178367.0	D1	D1
61398at7147	OZ223788.1	307800348.5	D3	D3
61410at7147	OZ223788.1	166469694.0	D4	D4
61443at7147	OZ223789.1	46807352.5	D2	D2
61444at7147	OZ223790.1	193664390.0	D1	D1
61469at7147	OZ223789.1	309937155.5	D4	D4
61497at7147	OZ223790.1	213192174.5	D3	D3
61498at7147	OZ223789.1	180521390.0	D1	D1
61509at7147	OZ223788.1	247462854.5	D3	D3
61543at7147	OZ223789.1	157373204.0	D2	D2
61559at7147	OZ223788.1	351814657.0	D3	D3
61562at7147	OZ223790.1	119394727.0	D1	D1
61602at7147	OZ223789.1	104961946.5	D2	D2
61663at7147	OZ223790.1	80267496.5	D1	D1
61663at7147	OZ223790.1	80286800.5	D1	D1
61683at7147	OZ223788.1	99934931.0	D5	D5
61699at7147	OZ223790.1	8658175.5	D1	D1
61709at7147	OZ223789.1	114366661.5	NA	NA
61710at7147	OZ223788.1	204145626.0	D3	D3
61713at7147	OZ223788.1	352361972.0	D3	D3
61746at7147	OZ223789.1	242778175.0	D4	D4
61750at7147	OZ223790.1	249733334.5	D3	D3
61769at7147	OZ223788.1	264418834.0	NA	NA
61774at7147	OZ223789.1	284597888.5	NA	NA
61788at7147	OZ223790.1	97506658.5	D1	D1
61797at7147	OZ223790.1	172858077.5	D3	D3
61808at7147	OZ223790.1	116660370.0	D1	D1
61815at7147	OZ223789.1	272737923.0	D4	D4
61817at7147	OZ223789.1	15872629.5	D2	D2
61842at7147	OZ223788.1	243175196.5	D3	D3
61844at7147	OZ223789.1	158245469.5	D2	D2
61869at7147	OZ223788.1	32781730.5	D5	D5
61874at7147	OZ223790.1	155250740.0	D1	D1
61879at7147	OZ223788.1	353642948.0	D3	D3
61890at7147	OZ223790.1	294967702.0	D3	D3
61894at7147	OZ223789.1	319608355.0	NA	NA
61922at7147	OZ223790.1	31780848.5	D1	D1
61928at7147	OZ223788.1	262701847.0	NA	NA
61938at7147	OZ223790.1	285637630.5	NA	NA
61941at7147	OZ223788.1	251140785.0	D3	D3
61966at7147	OZ223788.1	33935505.5	D5	D5
61968at7147	OZ223790.1	188852487.0	D1	D1
61986at7147	OZ223788.1	302893071.0	D3	D3
61992at7147	OZ223788.1	37825398.5	D5	D5
61993at7147	OZ223789.1	41617708.0	NA	NA
61998at7147	OZ223791.1	2080239.5	NA	NA
62045at7147	OZ223790.1	219057042.5	D3	D3
62048at7147	OZ223788.1	33602303.5	NA	NA
62055at7147	OZ223790.1	137539028.0	D1	D1
62066at7147	OZ223788.1	331739730.5	D3	D3
62100at7147	OZ223789.1	66374385.5	NA	NA
62107at7147	OZ223789.1	26551854.5	D2	D2
62123at7147	OZ223790.1	76859382.5	D1	D1
62130at7147	OZ223789.1	47590750.5	D2	D2
62144at7147	OZ223788.1	353004141.0	NA	NA
62147at7147	OZ223790.1	65032727.0	D1	D1
62185at7147	OZ223791.1	6463835.0	D6	D6
62191at7147	OZ223790.1	138153773.0	D1	D1
62197at7147	OZ223789.1	224580615.5	D4	D4
62213at7147	OZ223789.1	157688954.0	D2	D2
62282at7147	OZ223789.1	310050274.0	D4	D4
62295at7147	OZ223790.1	74188156.0	D1	D1
62339at7147	OZ223789.1	355004730.5	D4	D4
62349at7147	OZ223790.1	169526517.0	D4	D4
62350at7147	OZ223790.1	175968148.0	D1	D1
62366at7147	OZ223788.1	96060549.0	D5	D5
62372at7147	OZ223788.1	7187991.0	D5	D5
62407at7147	OZ223788.1	158933717.0	D5	D5
62417at7147	OZ223789.1	263838598.5	D2	D2
62423at7147	OZ223790.1	41813694.5	D1	D1
62443at7147	OZ223789.1	320564457.0	D4	D4
62451at7147	OZ223789.1	134544164.5	D3	D3
62482at7147	OZ223789.1	29318283.0	NA	NA
62502at7147	OZ223788.1	157849548.5	D5	D5
62503at7147	OZ223790.1	285626064.5	NA	NA
62529at7147	OZ223789.1	153212528.0	NA	NA
62557at7147	OZ223790.1	291329827.0	D3	D3
62560at7147	OZ223788.1	125831387.0	D3	D3
62613at7147	OZ223790.1	262263482.5	D3	D3
62631at7147	OZ223789.1	124010360.0	NA	NA
62639at7147	OZ223788.1	111299120.0	D5	D5
62656at7147	OZ223788.1	3830830.0	NA	NA
62660at7147	OZ223788.1	66134503.5	D5	D5
62676at7147	OZ223789.1	168252936.0	D2	D2
62681at7147	OZ223789.1	280719820.5	D4	D4
62682at7147	OZ223790.1	179455344.0	D1	D1
62696at7147	OZ223789.1	114369604.0	D2	D2
62725at7147	OZ223789.1	4823131.0	D2	D2
62727at7147	OZ223788.1	157380493.0	D5	D5
62737at7147	OZ223789.1	62884482.5	D2	D2
62751at7147	OZ223789.1	104949316.5	D2	D2
62767at7147	OZ223788.1	18016482.5	NA	NA
62792at7147	OZ223788.1	157022365.5	NA	NA
62799at7147	OZ223788.1	96048660.0	D5	D5
62818at7147	OZ223788.1	42767362.5	NA	NA
62838at7147	OZ223790.1	12047519.5	NA	NA
62860at7147	OZ223790.1	297978363.5	D3	D3
62879at7147	OZ223789.1	148488696.0	D4	D4
62907at7147	OZ223789.1	318139216.0	D4	D4
62910at7147	OZ223788.1	90629138.0	D6	D6
62912at7147	OZ223788.1	351450471.0	D3	D3
62916at7147	OZ223789.1	328899524.0	D4	D4
62957at7147	OZ223788.1	199873363.0	D3	D3
62969at7147	OZ223788.1	323803657.0	D1	D1
62991at7147	OZ223789.1	65477976.0	NA	NA
63007at7147	OZ223788.1	177048246.5	NA	NA
63014at7147	OZ223788.1	225061765.0	D3	D3
63017at7147	OZ223789.1	332674845.0	D4	D4
63030at7147	OZ223788.1	351847363.0	D3	D3
63036at7147	OZ223788.1	125040508.0	D3	D3
63074at7147	OZ223789.1	118338627.5	D2	D2
63096at7147	OZ223789.1	340831560.0	NA	NA
63127at7147	OZ223788.1	65011011.0	D5	D5
63137at7147	OZ223788.1	144232845.0	D5	D5
63138at7147	OZ223788.1	288020940.5	NA	NA
63142at7147	OZ223788.1	125409949.0	D3	D3
63148at7147	OZ223789.1	349448479.5	D5	D5
63177at7147	OZ223790.1	210415141.0	NA	NA
63187at7147	OZ223789.1	157796695.0	D4	D4
63203at7147	OZ223788.1	150490396.5	D5	D5
63210at7147	OZ223788.1	174517531.5	D5	D5
63215at7147	OZ223788.1	165777437.5	D5	D5
63216at7147	OZ223790.1	113638029.0	D1	D1
63229at7147	OZ223789.1	3428108.5	D2	D2
63235at7147	OZ223789.1	139228916.5	D2	D2
63274at7147	OZ223790.1	175401255.0	D1	D1
63282at7147	OZ223788.1	75456018.5	D5	D5
63287at7147	OZ223789.1	32145979.5	NA	NA
63303at7147	OZ223788.1	171126634.5	NA	NA
63321at7147	OZ223790.1	35695193.5	D1	D1
63323at7147	OZ223790.1	19926458.5	NA	NA
63332at7147	OZ223791.1	10394760.0	D6	D6
63341at7147	OZ223789.1	199956306.0	D4	D4
63354at7147	OZ223789.1	210983059.5	D4	D4
63383at7147	OZ223788.1	157805089.5	D5	D5
63388at7147	OZ223789.1	353423498.5	D4	D4
63447at7147	OZ223788.1	264242973.5	NA	NA
63462at7147	OZ223790.1	163525603.5	D1	D1
63476at7147	OZ223789.1	336211776.0	NA	NA
63492at7147	OZ223788.1	289863761.5	D3	D3
63508at7147	OZ223788.1	349477726.0	NA	NA
63515at7147	OZ223790.1	176903069.5	D1	D1
63517at7147	OZ223788.1	2822972.5	D5	D5
63536at7147	OZ223788.1	36422939.0	D5	D5
63539at7147	OZ223788.1	351849774.0	D3	D3
63540at7147	OZ223789.1	279414619.0	NA	NA
63541at7147	OZ223790.1	54297739.5	NA	NA
63569at7147	OZ223788.1	161602828.5	D5	D5
63580at7147	OZ223790.1	316016.5	D5	D5
63582at7147	OZ223788.1	245494888.0	NA	NA
63583at7147	OZ223790.1	5918304.5	D1	D1
63585at7147	OZ223789.1	137876725.0	D3	D3
63597at7147	OZ223789.1	283790107.0	D4	D4
63607at7147	OZ223789.1	348770076.0	D4	D4
63633at7147	OZ223788.1	8669145.0	D5	D5
63635at7147	OZ223790.1	50001302.0	NA	NA
63639at7147	OZ223789.1	109117372.0	D4	D4
63650at7147	OZ223788.1	105138496.0	D5	D5
63652at7147	OZ223789.1	49943004.0	D2	D2
63658at7147	OZ223790.1	7716042.0	D1	D1
63658at7147	OZ223790.1	7739176.0	D1	D1
63670at7147	OZ223789.1	108791040.5	D3	D3
63673at7147	OZ223788.1	351863846.0	D3	D3
63677at7147	OZ223788.1	62112576.5	D1	D1
63691at7147	OZ223789.1	90628799.5	NA	NA
63704at7147	OZ223790.1	126602908.5	D1	D1
63716at7147	OZ223788.1	27180525.5	D5	D5
63722at7147	OZ223790.1	52921022.0	NA	NA
63723at7147	OZ223788.1	150545455.0	D1	D1
63727at7147	OZ223788.1	310090693.5	NA	NA
63748at7147	OZ223790.1	128886478.5	NA	NA
63777at7147	OZ223788.1	232470961.5	NA	NA
63804at7147	OZ223790.1	291653967.5	NA	NA
63806at7147	OZ223788.1	100232748.5	NA	NA
63808at7147	OZ223789.1	271274663.0	D4	D4
63826at7147	OZ223788.1	194995124.0	NA	NA
63829at7147	OZ223789.1	260589654.5	D4	D4
63836at7147	OZ223790.1	6360571.5	D1	D1
63838at7147	OZ223789.1	137909125.5	D3	D3
63890at7147	OZ223790.1	130878929.0	D1	D1
63892at7147	OZ223788.1	3901104.0	D5	D5
63904at7147	OZ223790.1	289657931.0	NA	NA
63905at7147	OZ223789.1	323339125.5	D6	D6
63921at7147	OZ223789.1	180465229.5	D4	D4
63928at7147	OZ223790.1	120843197.5	D2	D2
63940at7147	OZ223788.1	254729644.0	D5	D5
63942at7147	OZ223789.1	345234937.0	D4	D4
63959at7147	OZ223789.1	115567495.0	NA	NA
64014at7147	OZ223789.1	327946346.0	D4	D4
64036at7147	OZ223790.1	261696265.5	D3	D3
64043at7147	OZ223790.1	128801177.5	D1	D1
64050at7147	OZ223788.1	298572646.0	D3	D3
64084at7147	OZ223789.1	350946984.5	D4	D4
64129at7147	OZ223790.1	3197045.5	D1	D1
64130at7147	OZ223788.1	324252441.5	D3	D3
64158at7147	OZ223790.1	295277054.5	NA	NA
64173at7147	OZ223788.1	37775153.0	D5	D5
64183at7147	OZ223790.1	210945125.0	D3	D3
64192at7147	OZ223790.1	113236595.5	D1	D1
64195at7147	OZ223790.1	298340658.5	D3	D3
64216at7147	OZ223788.1	74847494.0	D1	D1
64272at7147	OZ223789.1	41612860.5	D2	D2
64274at7147	OZ223788.1	300424797.0	D3	D3
64278at7147	OZ223789.1	244825465.5	D4	D4
64323at7147	OZ223788.1	17855971.5	NA	NA
64323at7147	OZ223788.1	17914965.0	NA	NA
64333at7147	OZ223789.1	104035869.0	D3	D3
64346at7147	OZ223788.1	348890257.5	NA	NA
64351at7147	OZ223788.1	268125965.5	D3	D3
64374at7147	OZ223789.1	111267283.0	D4	D4
64379at7147	OZ223790.1	54642175.5	D1	D1
64380at7147	OZ223789.1	328830029.5	D4	D4
64411at7147	OZ223788.1	275887777.5	D3	D3
64413at7147	OZ223788.1	323359550.5	D3	D3
64440at7147	OZ223789.1	336581435.0	D4	D4
64472at7147	OZ223790.1	81222732.0	D6	D6
64472at7147	OZ223790.1	81264464.0	D6	D6
64472at7147	OZ223790.1	81294709.0	D6	D6
64480at7147	OZ223790.1	237679097.5	D3	D3
64503at7147	OZ223789.1	146970797.0	NA	NA
64516at7147	OZ223789.1	59722085.0	D2	D2
64519at7147	OZ223788.1	231680856.0	D3	D3
64630at7147	OZ223789.1	29248479.0	D4	D4
64636at7147	OZ223789.1	237737816.0	NA	NA
64639at7147	OZ223789.1	296100032.5	D4	D4
64696at7147	OZ223788.1	347789975.0	D3	D3
64707at7147	OZ223789.1	136984047.0	D2	D2
64717at7147	OZ223790.1	3414241.5	D1	D1
64757at7147	OZ223789.1	356688171.0	D4	D4
64809at7147	OZ223789.1	244874113.5	D4	D4
64810at7147	OZ223788.1	247486101.0	NA	NA
64833at7147	OZ223788.1	37682341.5	D5	D5
64850at7147	OZ223790.1	8093571.0	D1	D1
64887at7147	OZ223789.1	354828611.0	D4	D4
64935at7147	OZ223789.1	285707885.5	NA	NA
64947at7147	OZ223790.1	113759601.0	D1	D1
64968at7147	OZ223790.1	269175147.0	D3	D3
64974at7147	OZ223789.1	260485686.0	D4	D4
64993at7147	OZ223789.1	339009532.5	D4	D4
65003at7147	OZ223789.1	9016661.0	D2	D2
65007at7147	OZ223788.1	73901619.5	D5	D5
65008at7147	OZ223790.1	177144271.0	D1	D1
65012at7147	OZ223790.1	182470839.5	NA	NA
65038at7147	OZ223791.1	1458812.5	NA	NA
65041at7147	OZ223788.1	123760512.5	NA	NA
65054at7147	OZ223789.1	279384656.5	NA	NA
65076at7147	OZ223790.1	295235389.5	D3	D3
65081at7147	OZ223788.1	130482272.5	NA	NA
65131at7147	OZ223788.1	7072047.0	NA	NA
65138at7147	OZ223790.1	246850723.0	D3	D3
65151at7147	OZ223790.1	141018743.5	D3	D3
65157at7147	OZ223790.1	34903745.5	D1	D1
65169at7147	OZ223789.1	89651205.5	NA	NA
65184at7147	OZ223790.1	63081323.0	D1	D1
65194at7147	OZ223788.1	49753744.5	D5	D5
65195at7147	OZ223789.1	195497021.0	NA	NA
65217at7147	OZ223790.1	291460038.0	D3	D3
65232at7147	OZ223790.1	280206416.5	D3	D3
65291at7147	OZ223789.1	9813195.5	D2	D2
65323at7147	OZ223788.1	257432546.5	D3	D3
65343at7147	OZ223790.1	163700219.0	NA	NA
65361at7147	OZ223788.1	309848235.5	D3	D3
65369at7147	OZ223789.1	143084840.0	NA	NA
65376at7147	OZ223788.1	213430800.0	D3	D3
65377at7147	OZ223790.1	167876098.0	NA	NA
65380at7147	OZ223788.1	148886027.0	D3	D3
65385at7147	OZ223789.1	231639389.0	D4	D4
65399at7147	OZ223788.1	95199004.0	D4	D4
65433at7147	OZ223790.1	280235966.0	D3	D3
65476at7147	OZ223790.1	130656657.5	D1	D1
65478at7147	OZ223788.1	254700515.5	D1	D1
65485at7147	OZ223789.1	205511355.0	D4	D4
65490at7147	OZ223788.1	25948996.0	NA	NA
65503at7147	OZ223789.1	5716220.0	NA	NA
65523at7147	OZ223790.1	297448232.5	D3	D3
65536at7147	OZ223788.1	8098199.5	D5	D5
65537at7147	OZ223790.1	298015388.0	D3	D3
65550at7147	OZ223790.1	65088357.0	D1	D1
65559at7147	OZ223788.1	698922.5	D5	D5
65561at7147	OZ223788.1	163042203.0	D5	D5
65571at7147	OZ223788.1	29616341.0	D1	D1
65599at7147	OZ223788.1	66724043.0	D5	D5
65602at7147	OZ223789.1	133264919.0	NA	NA
65643at7147	OZ223790.1	294608319.5	D3	D3
65643at7147	OZ223790.1	288991496.0	D3	D3
65654at7147	OZ223789.1	30966018.5	D2	D2
65656at7147	OZ223788.1	5675032.5	D5	D5
65657at7147	OZ223790.1	17896232.0	D1	D1
65687at7147	OZ223788.1	41335556.5	D5	D5
65727at7147	OZ223789.1	118333295.0	NA	NA
65754at7147	OZ223788.1	122307679.5	NA	NA
65766at7147	OZ223789.1	144190046.0	D2	D2
65784at7147	OZ223788.1	96031060.5	D5	D5
65801at7147	OZ223790.1	297425480.5	D3	D3
65808at7147	OZ223789.1	152026545.0	D2	D2
65830at7147	OZ223788.1	160506800.0	D5	D5
65834at7147	OZ223789.1	133173085.0	NA	NA
65844at7147	OZ223789.1	348204783.5	NA	NA
65866at7147	OZ223790.1	106227142.0	D1	D1
65892at7147	OZ223788.1	12081896.5	D5	D5
65894at7147	OZ223790.1	113453264.5	D1	D1
65934at7147	OZ223790.1	129490149.5	D1	D1
65939at7147	OZ223790.1	297110048.0	D3	D3
65956at7147	OZ223788.1	93768808.5	D1	D1
65972at7147	OZ223788.1	109224102.0	D4	D4
65973at7147	OZ223789.1	125162273.5	NA	NA
65990at7147	OZ223790.1	1755469.5	D1	D1
65992at7147	OZ223790.1	206211098.5	D3	D3
66000at7147	OZ223789.1	177165520.0	D4	D4
66007at7147	OZ223788.1	351169195.0	D3	D3
66020at7147	OZ223789.1	298733077.5	D4	D4
66030at7147	OZ223789.1	47290195.5	D2	D2
66044at7147	OZ223790.1	177355294.5	NA	NA
66048at7147	OZ223790.1	297117541.0	D3	D3
66053at7147	OZ223789.1	353630443.0	D4	D4
66055at7147	OZ223788.1	139372337.5	D5	D5
66066at7147	OZ223788.1	25915900.5	NA	NA
66069at7147	OZ223788.1	323791596.0	D3	D3
66070at7147	OZ223790.1	8673075.0	NA	NA
66108at7147	OZ223789.1	18162206.0	D2	D2
66139at7147	OZ223790.1	62211047.5	D1	D1
66177at7147	OZ223790.1	137737608.5	D1	D1
66196at7147	OZ223788.1	46701190.0	D5	D5
66209at7147	OZ223789.1	5724097.5	D2	D2
66213at7147	OZ223790.1	181189032.5	NA	NA
66225at7147	OZ223789.1	18281313.0	NA	NA
66228at7147	OZ223790.1	275772153.5	D3	D3
66230at7147	OZ223789.1	116867786.0	NA	NA
66243at7147	OZ223788.1	57458327.5	D5	D5
66247at7147	OZ223790.1	108803726.0	NA	NA
66302at7147	OZ223788.1	195503934.5	NA	NA
66326at7147	OZ223789.1	11207544.0	D2	D2
66330at7147	OZ223789.1	139385615.0	D2	D2
66341at7147	OZ223790.1	107954870.0	NA	NA
66348at7147	OZ223790.1	281353176.0	NA	NA
66349at7147	OZ223790.1	290245894.5	D3	D3
66352at7147	OZ223789.1	15636130.0	D1	D1
66361at7147	OZ223790.1	199873577.0	D3	D3
66364at7147	OZ223788.1	327922162.5	D3	D3
66373at7147	OZ223788.1	58782093.0	D5	D5
66402at7147	OZ223789.1	321010708.5	D4	D4
66414at7147	OZ223790.1	284365770.5	D3	D3
66457at7147	OZ223788.1	244368854.0	D3	D3
66475at7147	OZ223789.1	329186236.5	D4	D4
66491at7147	OZ223789.1	14668268.5	D2	D2
66510at7147	OZ223790.1	77006792.0	D5	D5
66514at7147	OZ223788.1	286438081.5	D3	D3
66515at7147	OZ223790.1	65641101.5	NA	NA
66519at7147	OZ223789.1	320218835.0	D4	D4
66523at7147	OZ223789.1	42552830.0	D2	D2
66525at7147	OZ223789.1	285684535.0	D1	D1
66538at7147	OZ223790.1	239505119.0	D3	D3
66557at7147	OZ223788.1	112298916.5	D1	D1
66567at7147	OZ223788.1	256018950.5	D3	D3
66590at7147	OZ223790.1	97663576.5	D1	D1
66606at7147	OZ223788.1	103385430.5	D4	D4
66607at7147	OZ223789.1	85365909.0	D2	D2
66610at7147	OZ223790.1	4265419.0	D1	D1
66632at7147	OZ223790.1	19923084.5	D1	D1
66633at7147	OZ223788.1	110957754.5	D5	D5
66640at7147	OZ223789.1	11162182.0	D2	D2
66649at7147	OZ223789.1	18327363.5	NA	NA
66702at7147	OZ223788.1	122638811.0	NA	NA
66704at7147	OZ223790.1	121157395.5	D1	D1
66707at7147	OZ223790.1	160311523.0	D1	D1
66722at7147	OZ223790.1	56803578.5	D1	D1
66744at7147	OZ223790.1	57517211.5	D1	D1
66757at7147	OZ223790.1	205691913.0	D3	D3
66761at7147	OZ223790.1	164677230.0	D1	D1
66787at7147	OZ223790.1	2100167.5	D1	D1
66795at7147	OZ223790.1	47439958.0	D1	D1
66810at7147	OZ223790.1	52995387.0	D1	D1
66846at7147	OZ223788.1	93071486.5	D5	D5
66848at7147	OZ223790.1	137692042.5	D5	D5
66869at7147	OZ223789.1	353435372.0	D4	D4
66893at7147	OZ223789.1	265453038.5	D4	D4
66927at7147	OZ223789.1	42714541.0	D3	D3
66929at7147	OZ223789.1	112773184.0	D2	D2
66948at7147	OZ223790.1	108710956.0	D1	D1
66956at7147	OZ223789.1	341963446.0	NA	NA
66984at7147	OZ223789.1	192915494.0	NA	NA
66992at7147	OZ223790.1	97532545.5	D1	D1
66994at7147	OZ223788.1	12120972.0	D5	D5
66998at7147	OZ223790.1	180404887.5	D1	D1
66999at7147	OZ223788.1	25813877.0	D5	D5
67006at7147	OZ223788.1	100889812.0	D5	D5
67025at7147	OZ223789.1	146919820.0	D3	D3
67026at7147	OZ223789.1	336186129.0	D4	D4
67045at7147	OZ223788.1	230860615.0	D3	D3
67052at7147	OZ223789.1	337938326.5	NA	NA
67093at7147	OZ223790.1	167985278.0	NA	NA
67112at7147	OZ223790.1	4630783.5	D1	D1
67114at7147	OZ223788.1	163370732.0	D5	D5
67133at7147	OZ223788.1	111093558.5	D1	D1
67170at7147	OZ223790.1	291693312.0	NA	NA
67176at7147	OZ223789.1	333266771.5	D4	D4
67195at7147	OZ223790.1	298290759.5	D3	D3
67222at7147	OZ223789.1	351107328.0	D4	D4
67224at7147	OZ223790.1	8600614.5	D1	D1
67233at7147	OZ223789.1	104588695.0	D2	D2
67287at7147	OZ223788.1	109961237.0	D1	D1
67335at7147	OZ223788.1	286772430.5	D3	D3
67337at7147	OZ223789.1	354702060.5	D4	D4
67347at7147	OZ223788.1	286251700.0	D3	D3
67359at7147	OZ223790.1	6420272.5	D1	D1
67366at7147	OZ223790.1	135759429.0	D1	D1
67422at7147	OZ223789.1	211893449.0	D4	D4
67423at7147	HAP1_SCAFFOLD_357	66187.0	NA	NA
67423at7147	OZ223790.1	188500824.0	NA	NA
67442at7147	OZ223789.1	39546391.5	D2	D2
67451at7147	OZ223789.1	354745363.0	D4	D4
67469at7147	OZ223789.1	5851973.5	D2	D2
67489at7147	OZ223790.1	53119142.5	NA	NA
67498at7147	OZ223790.1	7756406.5	NA	NA
67520at7147	OZ223789.1	9378541.5	D2	D2
67523at7147	OZ223790.1	124471267.5	D1	D1
67559at7147	OZ223790.1	1092067.0	D1	D1
67592at7147	OZ223790.1	111997144.0	NA	NA
67622at7147	OZ223788.1	35325820.0	D5	D5
67636at7147	OZ223788.1	18201334.0	D5	D5
67639at7147	OZ223790.1	164337832.5	NA	NA
67641at7147	OZ223790.1	290188980.5	D3	D3
67644at7147	OZ223789.1	285574718.5	NA	NA
67659at7147	OZ223789.1	346047682.0	NA	NA
67705at7147	OZ223788.1	112940243.0	D1	D1
67706at7147	OZ223788.1	105608212.5	NA	NA
67770at7147	OZ223788.1	117636645.5	D5	D5
67773at7147	OZ223789.1	333264179.5	D5	D5
67779at7147	OZ223789.1	245243890.5	D4	D4
67785at7147	OZ223790.1	98716808.0	D1	D1
67830at7147	OZ223789.1	14670566.5	D4	D4
67845at7147	OZ223789.1	329308457.0	NA	NA
67858at7147	OZ223789.1	342896418.5	D4	D4
67866at7147	OZ223788.1	203926799.5	D3	D3
67875at7147	OZ223790.1	272362965.0	NA	NA
67899at7147	OZ223788.1	253949620.5	D3	D3
67901at7147	OZ223788.1	354858759.0	D3	D3
67909at7147	OZ223790.1	61018650.0	D1	D1
67940at7147	OZ223788.1	30251238.0	D5	D5
67941at7147	OZ223788.1	56782061.0	D5	D5
67949at7147	OZ223790.1	295595426.0	D3	D3
67989at7147	OZ223788.1	122758533.0	D3	D3
68004at7147	OZ223788.1	286278253.0	D3	D3
68008at7147	OZ223789.1	180438480.5	NA	NA
68020at7147	OZ223790.1	107073103.5	NA	NA
68038at7147	OZ223788.1	146599377.0	D5	D5
68052at7147	OZ223789.1	236296509.5	NA	NA
68061at7147	OZ223790.1	136033246.0	NA	NA
68075at7147	OZ223789.1	354976807.5	NA	NA
68082at7147	OZ223789.1	205295084.5	NA	NA
68192at7147	OZ223789.1	66973161.0	NA	NA
68207at7147	OZ223790.1	27582447.0	NA	NA
68209at7147	OZ223790.1	178291616.0	NA	NA
68211at7147	OZ223789.1	68711556.5	NA	NA
68224at7147	OZ223789.1	251486296.0	D4	D4
68227at7147	OZ223789.1	346467343.5	D4	D4
68228at7147	OZ223790.1	53029928.0	D1	D1
68238at7147	OZ223790.1	56918049.0	D1	D1
68266at7147	OZ223790.1	27200755.5	NA	NA
68267at7147	OZ223789.1	310046749.0	D4	D4
68270at7147	OZ223790.1	63349589.5	D1	D1
68278at7147	OZ223789.1	342905022.0	D4	D4
68288at7147	OZ223789.1	346822729.5	D4	D4
68292at7147	OZ223789.1	348956385.5	D4	D4
68362at7147	OZ223789.1	140533791.5	D4	D4
68373at7147	OZ223789.1	323092285.0	D4	D4
68398at7147	OZ223788.1	6199859.0	D5	D5
68399at7147	OZ223789.1	283514556.5	NA	NA
68417at7147	OZ223788.1	211060576.0	D3	D3
68421at7147	OZ223790.1	44766910.0	D1	D1
68422at7147	OZ223790.1	188518794.5	D1	D1
68458at7147	OZ223789.1	284261430.0	D4	D4
68459at7147	OZ223788.1	35322039.5	D5	D5
68482at7147	OZ223788.1	199886684.0	D3	D3
68528at7147	OZ223790.1	221756791.0	NA	NA
68535at7147	OZ223788.1	259041576.5	D3	D3
68567at7147	OZ223788.1	250945156.0	D3	D3
68571at7147	OZ223789.1	17636861.5	NA	NA
68596at7147	OZ223790.1	30497497.5	D1	D1
68613at7147	OZ223790.1	296722644.0	NA	NA
68623at7147	OZ223788.1	180111926.0	D5	D5
68624at7147	OZ223790.1	111961218.5	NA	NA
68649at7147	OZ223790.1	285534700.0	D3	D3
68670at7147	OZ223790.1	221862619.0	D3	D3
68696at7147	OZ223788.1	125196932.0	D3	D3
68714at7147	OZ223789.1	342901657.0	NA	NA
68717at7147	OZ223790.1	100357251.5	D1	D1
68729at7147	OZ223788.1	202520487.5	NA	NA
68762at7147	OZ223789.1	198514165.0	D4	D4
68784at7147	OZ223790.1	6344716.5	NA	NA
68803at7147	OZ223789.1	9380322.0	D2	D2
68850at7147	OZ223788.1	44588561.5	NA	NA
68865at7147	OZ223789.1	14246182.0	D2	D2
68886at7147	OZ223790.1	51060047.0	D1	D1
68897at7147	OZ223789.1	299537002.5	D3	D3
68959at7147	OZ223788.1	33044794.5	D5	D5
68972at7147	OZ223789.1	15598577.0	D2	D2
68995at7147	OZ223789.1	41451584.0	NA	NA
69002at7147	OZ223790.1	257175755.0	D3	D3
69007at7147	OZ223790.1	155650658.5	D1	D1
69010at7147	OZ223789.1	250225065.5	D4	D4
69011at7147	OZ223789.1	31892691.5	D2	D2
69017at7147	OZ223790.1	299609617.0	D3	D3
69019at7147	OZ223789.1	248659031.5	NA	NA
69053at7147	OZ223789.1	333268518.0	NA	NA
69070at7147	OZ223788.1	233320798.0	D3	D3
69073at7147	OZ223790.1	285808699.5	D3	D3
69074at7147	OZ223789.1	353430648.0	NA	NA
69075at7147	OZ223790.1	62456242.5	D4	D4
69079at7147	OZ223789.1	246536388.5	NA	NA
69085at7147	OZ223789.1	283592361.5	D4	D4
69092at7147	OZ223790.1	206039040.0	D3	D3
69110at7147	OZ223788.1	35729327.5	D1	D1
69132at7147	OZ223790.1	152997649.0	NA	NA
69149at7147	OZ223789.1	9898788.0	D2	D2
69164at7147	OZ223788.1	2702698.5	NA	NA
69166at7147	OZ223790.1	190169072.5	D1	D1
69182at7147	OZ223788.1	148899115.0	D3	D3
69182at7147	OZ223789.1	231205870.5	D3	D3
69184at7147	OZ223790.1	165517949.5	D1	D1
69191at7147	OZ223790.1	65772155.0	D1	D1
69198at7147	OZ223788.1	342929355.5	D3	D3
69219at7147	OZ223790.1	234201438.5	D3	D3
69243at7147	OZ223788.1	18744703.0	D5	D5
69246at7147	OZ223788.1	347246807.0	D3	D3
69246at7147	OZ223790.1	173167096.0	D3	D3
69261at7147	OZ223789.1	188527076.0	NA	NA
69265at7147	OZ223789.1	2953274.5	D2	D2
69310at7147	OZ223788.1	348884683.5	D3	D3
69313at7147	OZ223789.1	348278310.0	NA	NA
69326at7147	OZ223790.1	115190393.0	NA	NA
69357at7147	OZ223790.1	247300169.5	NA	NA
69362at7147	OZ223788.1	2409982.0	D5	D5
69376at7147	OZ223788.1	133611198.0	D5	D5
69379at7147	OZ223789.1	340818316.0	NA	NA
69384at7147	OZ223790.1	8243530.5	D1	D1
69398at7147	OZ223788.1	227208413.0	D3	D3
69404at7147	OZ223790.1	171021487.5	NA	NA
69478at7147	OZ223788.1	251101989.0	D3	D3
69480at7147	OZ223789.1	9614633.5	D2	D2
69502at7147	OZ223790.1	129632875.5	D1	D1
69547at7147	OZ223790.1	30379904.5	NA	NA
69554at7147	OZ223790.1	8669454.5	D1	D1
69556at7147	OZ223788.1	216465948.5	NA	NA
69557at7147	OZ223790.1	262242024.0	D3	D3
69560at7147	OZ223790.1	164220085.0	D1	D1
69582at7147	OZ223790.1	107991852.0	D1	D1
69590at7147	OZ223789.1	139314605.0	D2	D2
69591at7147	OZ223789.1	345869030.5	NA	NA
69602at7147	OZ223788.1	66768591.0	NA	NA
69608at7147	OZ223789.1	42705796.5	NA	NA
69617at7147	OZ223788.1	118866576.5	D5	D5
69661at7147	OZ223788.1	140176309.0	D5	D5
69668at7147	OZ223789.1	221920275.0	D4	D4
69674at7147	OZ223790.1	8506939.0	D1	D1
69699at7147	OZ223790.1	246708026.5	D3	D3
69706at7147	OZ223789.1	35206110.5	NA	NA
69709at7147	OZ223789.1	336243992.5	D4	D4
69712at7147	OZ223789.1	32153428.5	NA	NA
69744at7147	OZ223789.1	126240948.0	NA	NA
69759at7147	OZ223789.1	114976330.5	D2	D2
69769at7147	OZ223790.1	128316308.0	D1	D1
69823at7147	OZ223788.1	250399697.0	NA	NA
69823at7147	OZ223788.1	245500974.0	NA	NA
69898at7147	OZ223789.1	162869250.0	NA	NA
69924at7147	OZ223790.1	285860307.5	D3	D3
69925at7147	OZ223788.1	317851268.5	D3	D3
69929at7147	OZ223790.1	296748721.5	D3	D3
69950at7147	OZ223790.1	49828077.0	D3	D3
69951at7147	OZ223790.1	51127102.0	D1	D1
69972at7147	OZ223789.1	32440944.5	D2	D2
70035at7147	OZ223789.1	114371403.5	D2	D2
70036at7147	OZ223789.1	108687208.0	D3	D3
70044at7147	OZ223789.1	271777239.0	D4	D4
70045at7147	OZ223788.1	324161728.0	D2	D2
70080at7147	OZ223789.1	251397735.0	D4	D4
70106at7147	OZ223789.1	276887360.0	D4	D4
70107at7147	OZ223790.1	63617849.0	D1	D1
70108at7147	OZ223789.1	9827567.0	D2	D2
70109at7147	OZ223789.1	233098008.5	D4	D4
70110at7147	OZ223788.1	35220275.0	NA	NA
70115at7147	OZ223788.1	289914751.0	D3	D3
70165at7147	OZ223788.1	135305961.5	D5	D5
70188at7147	OZ223788.1	181437681.5	D1	D1
70218at7147	OZ223789.1	239441522.0	NA	NA
70225at7147	OZ223789.1	109973145.5	NA	NA
70258at7147	OZ223789.1	51906402.0	D2	D2
70276at7147	OZ223788.1	347579082.0	D3	D3
70302at7147	OZ223789.1	283489934.0	D4	D4
70340at7147	OZ223790.1	51852173.0	NA	NA
70347at7147	OZ223790.1	7142274.5	D1	D1
70366at7147	OZ223789.1	137915054.0	D3	D3
70383at7147	OZ223790.1	289569402.0	D3	D3
70395at7147	OZ223789.1	356009598.5	D4	D4
70418at7147	OZ223789.1	164869397.0	D2	D2
70430at7147	OZ223789.1	66194853.0	D2	D2
70479at7147	OZ223788.1	56808751.5	NA	NA
70490at7147	OZ223788.1	191722526.5	D5	D5
70507at7147	OZ223788.1	174554728.0	D5	D5
70519at7147	OZ223789.1	319610183.0	D4	D4
70523at7147	OZ223789.1	61474634.5	D2	D2
70546at7147	OZ223788.1	354824791.0	D3	D3
70552at7147	OZ223789.1	252333117.0	D4	D4
70553at7147	OZ223789.1	10711268.5	D2	D2
70554at7147	OZ223788.1	133201235.5	D5	D5
70587at7147	OZ223788.1	37818192.0	NA	NA
70594at7147	OZ223789.1	32274184.5	NA	NA
70607at7147	OZ223789.1	28851145.0	D4	D4
70608at7147	OZ223789.1	228967972.0	NA	NA
70637at7147	OZ223789.1	336263162.5	NA	NA
70645at7147	OZ223789.1	18186999.5	D2	D2
70680at7147	OZ223788.1	323389869.0	NA	NA
70721at7147	OZ223790.1	261940957.5	NA	NA
70735at7147	OZ223791.1	10209305.5	D6	D6
70737at7147	OZ223788.1	38144458.5	NA	NA
70744at7147	OZ223788.1	65018064.5	D2	D2
70776at7147	OZ223789.1	200063146.5	NA	NA
70779at7147	OZ223789.1	201496295.0	NA	NA
70827at7147	OZ223789.1	264915211.0	D4	D4
70840at7147	OZ223788.1	70493867.0	D5	D5
70841at7147	OZ223789.1	310052145.0	NA	NA
70846at7147	OZ223790.1	3190979.0	D1	D1
70853at7147	OZ223789.1	320386703.5	D4	D4
70877at7147	OZ223790.1	66393.5	D5	D5
70882at7147	OZ223789.1	179503461.0	NA	NA
70886at7147	OZ223789.1	44835040.0	D2	D2
70891at7147	OZ223788.1	117559368.5	D5	D5
70912at7147	OZ223789.1	32243755.0	D2	D2
70937at7147	OZ223790.1	165380314.0	D1	D1
70943at7147	OZ223789.1	29364574.0	NA	NA
70976at7147	OZ223788.1	349504117.0	D3	D3
70996at7147	OZ223789.1	332217300.0	D1	D1
71013at7147	OZ223789.1	318128384.0	NA	NA
71020at7147	OZ223790.1	282166467.5	NA	NA
71034at7147	OZ223790.1	290684344.5	D3	D3
71048at7147	OZ223790.1	295042585.5	NA	NA
71060at7147	OZ223790.1	9787254.0	NA	NA
71081at7147	OZ223790.1	98552135.0	D1	D1
71088at7147	OZ223789.1	144164103.0	NA	NA
71118at7147	OZ223788.1	47362492.0	D1	D1
71129at7147	OZ223790.1	291811854.5	D3	D3
71146at7147	OZ223788.1	332356770.5	D3	D3
71152at7147	OZ223788.1	30467390.5	D4	D4
71162at7147	OZ223788.1	52830451.0	D5	D5
71177at7147	OZ223788.1	224973207.5	NA	NA
71178at7147	OZ223789.1	254577759.5	D4	D4
71179at7147	OZ223789.1	31787197.0	D2	D2
71183at7147	OZ223788.1	126950502.0	D3	D3
71211at7147	OZ223788.1	7990588.5	D5	D5
71217at7147	OZ223789.1	354011774.0	NA	NA
71223at7147	OZ223789.1	347876651.0	NA	NA
71229at7147	OZ223790.1	176071811.5	D1	D1
71239at7147	OZ223788.1	317842284.5	D3	D3
71282at7147	OZ223788.1	336988312.0	D3	D3
71292at7147	OZ223788.1	112620868.5	D5	D5
71309at7147	OZ223788.1	225079590.0	D3	D3
71324at7147	OZ223789.1	172619019.0	NA	NA
71326at7147	OZ223788.1	1252043.5	NA	NA
71353at7147	OZ223789.1	336180642.5	D4	D4
71362at7147	OZ223788.1	94747806.0	D5	D5
71372at7147	OZ223790.1	299863001.0	D3	D3
71374at7147	OZ223789.1	352189790.5	NA	NA
71402at7147	OZ223790.1	154609452.5	D1	D1
71443at7147	OZ223790.1	297963054.5	NA	NA
71465at7147	OZ223789.1	183725887.0	D4	D4
71469at7147	OZ223789.1	353536343.5	NA	NA
71476at7147	OZ223788.1	174840056.5	D5	D5
71479at7147	OZ223790.1	113406386.0	D1	D1
71485at7147	OZ223790.1	297282016.0	D3	D3
71503at7147	OZ223790.1	75979010.5	D1	D1
71545at7147	OZ223788.1	4151485.0	D5	D5
71549at7147	OZ223788.1	349933245.0	D3	D3
71555at7147	OZ223788.1	134305559.5	D5	D5
71559at7147	OZ223788.1	231732971.5	NA	NA
71571at7147	OZ223788.1	35106240.5	D5	D5
71572at7147	OZ223790.1	37708682.5	D1	D1
71581at7147	OZ223789.1	11050977.0	D2	D2
71583at7147	OZ223790.1	96640895.5	D1	D1
71593at7147	OZ223790.1	247678171.0	D3	D3
71612at7147	OZ223789.1	243431493.0	D3	D3
71635at7147	OZ223789.1	221860937.0	D4	D4
71640at7147	OZ223790.1	188814315.0	D1	D1
71660at7147	OZ223790.1	20019415.0	D3	D3
71675at7147	OZ223789.1	44686393.0	NA	NA
71696at7147	OZ223788.1	332446848.0	D1	D1
71780at7147	OZ223788.1	183166682.0	D1	D1
71816at7147	OZ223789.1	14139411.0	NA	NA
71839at7147	OZ223789.1	5823222.5	D2	D2
71846at7147	OZ223788.1	137897276.0	D5	D5
71851at7147	OZ223788.1	321433871.0	D3	D3
71960at7147	OZ223789.1	317038498.5	D4	D4
71992at7147	OZ223790.1	9883783.5	D1	D1
72000at7147	OZ223789.1	112450451.5	D4	D4
72026at7147	OZ223789.1	192761920.0	D4	D4
72034at7147	OZ223790.1	176661154.0	NA	NA
72039at7147	OZ223789.1	169236366.0	D2	D2
72055at7147	OZ223790.1	284061827.5	D3	D3
72074at7147	OZ223789.1	295967149.0	D3	D3
72076at7147	OZ223789.1	273833960.5	NA	NA
72078at7147	OZ223788.1	46303684.0	D5	D5
72083at7147	OZ223790.1	116417495.0	D1	D1
72148at7147	OZ223788.1	202508016.5	D3	D3
72159at7147	OZ223788.1	230901932.0	D3	D3
72170at7147	OZ223788.1	29664304.0	D5	D5
72226at7147	OZ223790.1	33715728.0	D1	D1
72228at7147	OZ223790.1	121019763.5	D1	D1
72235at7147	OZ223790.1	2244475.5	D1	D1
72241at7147	OZ223790.1	128717285.0	D1	D1
72244at7147	OZ223790.1	56164822.5	D1	D1
72252at7147	OZ223789.1	74051597.5	D2	D2
72282at7147	OZ223789.1	102853749.5	D2	D2
72338at7147	OZ223789.1	261351975.0	D4	D4
72344at7147	OZ223789.1	244055891.0	D4	D4
72354at7147	OZ223788.1	4936197.0	D5	D5
72372at7147	OZ223790.1	299981111.0	D3	D3
72386at7147	OZ223788.1	344216582.0	D3	D3
72427at7147	OZ223790.1	251236444.5	D3	D3
72437at7147	OZ223790.1	51671880.5	D1	D1
72440at7147	OZ223789.1	65343958.5	D4	D4
72443at7147	OZ223789.1	347887288.0	NA	NA
72445at7147	OZ223788.1	352821569.0	D3	D3
72447at7147	OZ223789.1	85774530.5	NA	NA
72460at7147	OZ223790.1	175271597.5	NA	NA
72465at7147	OZ223790.1	12278485.5	D1	D1
72481at7147	OZ223788.1	130495058.5	NA	NA
72527at7147	OZ223790.1	7976765.5	D1	D1
72599at7147	OZ223789.1	248100824.5	NA	NA
72669at7147	OZ223789.1	134490983.0	NA	NA
72683at7147	OZ223788.1	267343655.5	D3	D3
72688at7147	OZ223790.1	110141027.5	D1	D1
72700at7147	OZ223789.1	138796961.5	D2	D2
72706at7147	OZ223789.1	298730594.5	D4	D4
72723at7147	OZ223790.1	44753701.0	D1	D1
72727at7147	OZ223789.1	8997524.5	NA	NA
72768at7147	OZ223789.1	228307274.0	D4	D4
72776at7147	OZ223788.1	130641446.0	D5	D5
72786at7147	OZ223789.1	332586572.0	NA	NA
72824at7147	OZ223789.1	351985388.0	D4	D4
72836at7147	OZ223789.1	328901008.0	D4	D4
72909at7147	OZ223788.1	154524996.5	NA	NA
72911at7147	OZ223788.1	122736993.5	D3	D3
72936at7147	OZ223790.1	62886491.5	NA	NA
72938at7147	OZ223788.1	12087309.0	D5	D5
72948at7147	OZ223789.1	353200757.0	NA	NA
72959at7147	OZ223788.1	330381255.5	D3	D3
72960at7147	OZ223788.1	112300251.0	NA	NA
72972at7147	OZ223789.1	16252109.5	D2	D2
72989at7147	OZ223789.1	231637648.0	D4	D4
73047at7147	OZ223788.1	183289762.5	NA	NA
73073at7147	OZ223788.1	121046639.0	D3	D3
73077at7147	OZ223790.1	73471384.5	D1	D1
73088at7147	OZ223790.1	5992734.5	D1	D1
73091at7147	OZ223788.1	138461095.5	D5	D5
73094at7147	OZ223790.1	130872927.0	D1	D1
73113at7147	OZ223790.1	181437843.5	NA	NA
73142at7147	OZ223788.1	33878734.0	D5	D5
73161at7147	OZ223788.1	83266533.5	D5	D5
73186at7147	OZ223788.1	99856993.5	D5	D5
73200at7147	OZ223790.1	92640256.0	D1	D1
73202at7147	OZ223788.1	352991406.0	D3	D3
73211at7147	OZ223788.1	339701260.0	D3	D3
73241at7147	OZ223790.1	286048746.0	D3	D3
73249at7147	OZ223788.1	45945703.0	D5	D5
73281at7147	OZ223789.1	22306313.5	D2	D2
73290at7147	OZ223789.1	348291691.5	D4	D4
73317at7147	OZ223789.1	41440978.5	D2	D2
73318at7147	OZ223788.1	284103422.0	D3	D3
73346at7147	OZ223790.1	108519024.0	D1	D1
73360at7147	OZ223790.1	47438637.5	D1	D1
73368at7147	OZ223790.1	276602962.5	D3	D3
73379at7147	OZ223789.1	72436791.5	NA	NA
73409at7147	OZ223790.1	97610918.5	D1	D1
73422at7147	OZ223788.1	45974959.0	NA	NA
73429at7147	OZ223790.1	49799905.5	NA	NA
73435at7147	OZ223790.1	49582530.0	NA	NA
73487at7147	OZ223790.1	135791423.0	NA	NA
73491at7147	OZ223790.1	160695431.5	D1	D1
73512at7147	OZ223789.1	71936748.0	D2	D2
73517at7147	OZ223790.1	155403689.0	NA	NA
73561at7147	OZ223790.1	229932372.0	D3	D3
73571at7147	OZ223788.1	258020754.0	D3	D3
73590at7147	OZ223789.1	323317206.0	D4	D4
73599at7147	OZ223788.1	324722855.5	D3	D3
73625at7147	OZ223789.1	76756704.5	D2	D2
73632at7147	OZ223789.1	16339460.0	D2	D2
73639at7147	OZ223790.1	204680553.5	D3	D3
73648at7147	OZ223788.1	286204920.0	D3	D3
73663at7147	OZ223789.1	53559403.5	D2	D2
73667at7147	OZ223788.1	211644075.0	D3	D3
73676at7147	OZ223791.1	6119839.5	D6	D6
73681at7147	OZ223790.1	17847552.0	D1	D1
73692at7147	OZ223790.1	131844646.0	NA	NA
73704at7147	OZ223789.1	51235484.5	D2	D2
73709at7147	OZ223790.1	169919270.0	NA	NA
73713at7147	OZ223790.1	128424228.5	D1	D1
73731at7147	OZ223789.1	206451885.0	D4	D4
73758at7147	OZ223788.1	330375023.0	D3	D3
73771at7147	OZ223789.1	115953050.0	D2	D2
73781at7147	OZ223790.1	49832006.5	D1	D1
73800at7147	OZ223789.1	354006322.0	NA	NA
73847at7147	OZ223789.1	5720673.5	D2	D2
73869at7147	OZ223789.1	494601.0	D2	D2
73870at7147	OZ223788.1	11618064.5	D5	D5
73888at7147	OZ223789.1	254713946.0	NA	NA
73893at7147	OZ223790.1	175965020.5	D1	D1
73909at7147	OZ223789.1	41841999.5	D2	D2
73913at7147	OZ223790.1	2091426.0	D1	D1
73993at7147	OZ223789.1	21893444.5	D2	D2
73993at7147	OZ223790.1	119297392.0	D2	D2
73994at7147	OZ223789.1	109956326.5	NA	NA
74012at7147	OZ223790.1	76844684.5	NA	NA
74048at7147	OZ223790.1	201407575.0	D3	D3
74055at7147	OZ223790.1	176272451.0	D1	D1
74076at7147	OZ223788.1	293531617.5	NA	NA
74082at7147	OZ223788.1	123379270.0	D3	D3
74100at7147	OZ223789.1	5930787.0	D2	D2
74114at7147	OZ223788.1	16765996.0	D5	D5
74200at7147	OZ223789.1	15575746.5	D2	D2
74236at7147	OZ223789.1	90024702.0	NA	NA
74259at7147	OZ223790.1	54310792.0	D1	D1
74268at7147	OZ223789.1	42697642.5	D2	D2
74288at7147	OZ223791.1	1913903.5	D6	D6
74295at7147	OZ223789.1	101805530.0	D2	D2
74302at7147	OZ223788.1	323513483.5	D3	D3
74309at7147	OZ223790.1	298268742.5	D3	D3
74323at7147	OZ223788.1	3697950.5	D5	D5
74338at7147	OZ223790.1	273931416.5	D3	D3
74373at7147	OZ223788.1	323709741.5	D3	D3
74388at7147	OZ223788.1	137839612.0	D5	D5
74390at7147	OZ223789.1	126194811.0	D2	D2
74406at7147	OZ223789.1	14703834.0	D1	D1
74410at7147	OZ223790.1	96945573.0	D3	D3
74430at7147	OZ223788.1	1763524.5	D5	D5
74458at7147	OZ223789.1	318237057.0	D4	D4
74464at7147	OZ223788.1	13402122.5	D1	D1
74474at7147	OZ223790.1	287963352.5	D3	D3
74476at7147	OZ223790.1	57518335.5	D1	D1
74477at7147	OZ223789.1	261271942.0	D4	D4
74492at7147	OZ223789.1	280770583.0	D4	D4
74496at7147	OZ223789.1	353438732.5	D4	D4
74588at7147	OZ223788.1	317104176.5	D3	D3
74611at7147	OZ223788.1	65093358.5	D5	D5
74618at7147	OZ223788.1	328582586.0	D3	D3
74620at7147	OZ223789.1	139355573.5	D2	D2
74641at7147	OZ223789.1	208999461.5	D4	D4
74664at7147	OZ223789.1	236475986.0	D4	D4
74667at7147	OZ223789.1	244250920.5	D4	D4
74668at7147	OZ223789.1	302802309.5	D3	D3
74673at7147	OZ223789.1	186369218.5	D2	D2
74677at7147	OZ223790.1	132036726.5	D1	D1
74687at7147	OZ223788.1	143996546.5	D1	D1
74714at7147	OZ223788.1	111681287.5	D5	D5
74717at7147	OZ223789.1	320870595.0	NA	NA
74763at7147	OZ223788.1	200413585.0	D3	D3
74769at7147	OZ223790.1	61574057.5	NA	NA
74811at7147	OZ223789.1	348472624.5	D4	D4
74813at7147	OZ223789.1	178929877.0	NA	NA
74829at7147	OZ223788.1	302537789.0	NA	NA
74832at7147	OZ223789.1	81630477.0	D2	D2
74840at7147	OZ223789.1	21097791.5	D2	D2
74847at7147	OZ223789.1	196283707.0	NA	NA
74865at7147	OZ223791.1	6050923.5	D3	D3
74865at7147	OZ223791.1	6090839.5	D3	D3
74875at7147	OZ223788.1	254706402.5	D3	D3
74895at7147	OZ223789.1	202191254.5	D4	D4
74907at7147	OZ223790.1	171153081.0	NA	NA
74909at7147	OZ223788.1	65037837.5	D5	D5
74916at7147	OZ223790.1	229908116.0	D3	D3
74995at7147	OZ223790.1	252994446.5	D4	D4
75011at7147	OZ223790.1	45211462.5	D1	D1
75038at7147	OZ223789.1	35016167.5	D2	D2
75040at7147	OZ223789.1	210985089.0	NA	NA
75060at7147	OZ223788.1	13415329.5	D4	D4
75109at7147	OZ223791.1	6411648.5	D6	D6
75113at7147	OZ223788.1	352423806.5	D3	D3
75137at7147	OZ223790.1	41821611.5	D1	D1
75166at7147	OZ223790.1	145864331.0	D1	D1
75173at7147	OZ223790.1	40344054.5	NA	NA
75174at7147	OZ223789.1	5725865.5	NA	NA
75178at7147	OZ223788.1	84418276.5	D5	D5
75205at7147	OZ223788.1	20710815.5	NA	NA
75205at7147	OZ223788.1	20704383.0	NA	NA
75206at7147	OZ223788.1	352382181.0	D3	D3
75250at7147	OZ223789.1	353426593.0	D4	D4
75263at7147	OZ223790.1	151207103.5	D1	D1
75282at7147	OZ223790.1	32665344.0	D1	D1
75286at7147	OZ223790.1	121822370.5	D1	D1
75288at7147	OZ223790.1	1021602.5	D1	D1
75300at7147	OZ223790.1	203644646.5	D3	D3
75302at7147	OZ223790.1	6885397.0	D1	D1
75308at7147	OZ223788.1	123015500.5	D2	D2
75316at7147	OZ223789.1	309207123.0	NA	NA
75367at7147	OZ223788.1	36794208.5	D5	D5
75376at7147	OZ223788.1	302386386.5	D3	D3
75386at7147	OZ223789.1	45497709.5	D2	D2
75400at7147	OZ223790.1	296607683.5	D3	D3
75426at7147	OZ223790.1	297029254.5	D4	D4
75433at7147	OZ223789.1	17647024.0	NA	NA
75442at7147	OZ223788.1	75834973.0	D1	D1
75455at7147	OZ223789.1	79136748.0	NA	NA
75497at7147	OZ223790.1	273881487.5	NA	NA
75497at7147	OZ223789.1	151845742.5	NA	NA
75513at7147	OZ223791.1	1236452.0	D6	D6
75525at7147	OZ223789.1	355091780.0	D4	D4
75537at7147	OZ223789.1	356985726.5	NA	NA
75538at7147	OZ223788.1	121619392.5	NA	NA
75540at7147	OZ223789.1	109554174.5	D4	D4
75560at7147	OZ223788.1	118024336.5	D5	D5
75570at7147	OZ223789.1	285578147.0	D4	D4
75647at7147	OZ223789.1	237381349.5	NA	NA
75679at7147	OZ223790.1	44768275.0	D1	D1
75691at7147	OZ223789.1	285132347.0	D4	D4
75710at7147	OZ223790.1	2038971.0	D1	D1
75763at7147	OZ223788.1	172758282.0	D5	D5
75790at7147	OZ223790.1	292191160.0	D3	D3
75810at7147	OZ223790.1	8701051.5	D1	D1
75811at7147	OZ223789.1	356368291.0	D4	D4
75814at7147	OZ223788.1	355620321.0	D3	D3
75860at7147	OZ223788.1	251137281.0	D3	D3
75863at7147	OZ223788.1	98679824.0	D5	D5
75868at7147	OZ223788.1	214676414.5	D3	D3
75872at7147	OZ223789.1	31784999.5	NA	NA
75895at7147	OZ223788.1	334011494.0	D3	D3
75907at7147	OZ223789.1	41583203.0	D2	D2
75907at7147	OZ223789.1	94220942.0	D2	D2
75919at7147	OZ223790.1	137920071.0	D1	D1
75933at7147	OZ223788.1	109459327.0	D5	D5
75936at7147	OZ223788.1	348864558.0	D3	D3
75937at7147	OZ223788.1	13014521.0	D5	D5
75947at7147	OZ223788.1	210669654.0	D3	D3
75965at7147	OZ223791.1	9607180.0	NA	NA
75970at7147	OZ223789.1	35204505.5	D2	D2
75999at7147	OZ223789.1	8722454.0	D2	D2
76014at7147	OZ223790.1	116288774.0	D1	D1
76025at7147	OZ223791.1	10116677.0	NA	NA
76140at7147	OZ223791.1	4286307.0	D6	D6
76158at7147	OZ223790.1	100365763.5	NA	NA
76164at7147	OZ223790.1	22215764.5	D1	D1
76175at7147	OZ223789.1	346466150.5	D4	D4
76179at7147	OZ223790.1	299976602.5	D3	D3
76205at7147	OZ223789.1	153174126.5	NA	NA
76235at7147	OZ223790.1	2075460.5	NA	NA
76265at7147	OZ223789.1	205039764.5	D4	D4
76308at7147	OZ223790.1	299578299.0	NA	NA
76319at7147	OZ223788.1	22218933.5	D4	D4
76321at7147	OZ223789.1	125211962.5	NA	NA
76327at7147	OZ223789.1	67483632.5	NA	NA
76358at7147	OZ223788.1	58322132.0	D5	D5
76361at7147	OZ223789.1	3919755.0	D2	D2
76375at7147	OZ223789.1	237119898.0	NA	NA
76376at7147	OZ223789.1	140502283.5	D4	D4
76416at7147	OZ223789.1	85215525.0	D2	D2
76417at7147	OZ223790.1	298328261.0	D3	D3
76453at7147	OZ223788.1	190208367.5	D5	D5
76503at7147	OZ223789.1	198695328.0	D4	D4
76547at7147	OZ223790.1	67591497.0	D1	D1
76553at7147	OZ223789.1	283487197.0	D4	D4
76554at7147	OZ223789.1	100032698.0	D2	D2
76622at7147	OZ223789.1	248403000.0	D4	D4
76625at7147	OZ223788.1	348809653.5	D3	D3
76630at7147	OZ223789.1	184792548.5	D4	D4
76635at7147	OZ223790.1	178302753.5	NA	NA
76648at7147	OZ223788.1	37706476.0	D5	D5
76650at7147	OZ223789.1	353368016.0	D4	D4
76678at7147	OZ223788.1	42674845.5	D5	D5
76737at7147	OZ223790.1	292851351.5	D3	D3
76807at7147	OZ223788.1	214693405.5	D3	D3
76836at7147	OZ223790.1	107444116.5	D1	D1
76860at7147	OZ223789.1	148484032.0	D4	D4
76862at7147	OZ223790.1	288923752.5	NA	NA
76880at7147	OZ223788.1	176924498.0	D4	D4
76904at7147	OZ223789.1	177250769.0	D2	D2
76913at7147	OZ223790.1	181563917.0	NA	NA
76919at7147	OZ223788.1	46032495.0	D5	D5
76920at7147	OZ223789.1	15630637.5	D2	D2
76942at7147	OZ223789.1	237722932.0	NA	NA
76952at7147	OZ223790.1	169436782.5	D3	D3
76958at7147	OZ223788.1	255992539.0	D3	D3
76959at7147	OZ223788.1	351126366.5	D3	D3
76970at7147	OZ223788.1	138047524.5	D1	D1
76978at7147	OZ223790.1	207439514.5	D3	D3
76995at7147	OZ223790.1	139807068.5	D1	D1
77031at7147	OZ223788.1	63417865.5	D3	D3
77043at7147	OZ223790.1	65781838.0	D1	D1
77047at7147	OZ223789.1	285409386.0	NA	NA
77052at7147	OZ223788.1	111314071.0	D5	D5
77075at7147	OZ223790.1	172518941.0	D1	D1
77133at7147	OZ223789.1	309653151.5	D4	D4
77167at7147	OZ223789.1	323096870.0	D4	D4
77182at7147	OZ223789.1	15783827.0	D2	D2
77185at7147	OZ223790.1	157884496.0	NA	NA
77188at7147	OZ223790.1	289560999.0	D3	D3
77199at7147	OZ223789.1	72089190.5	D2	D2
77231at7147	OZ223788.1	316455600.5	D3	D3
77242at7147	OZ223790.1	191379868.5	D2	D2
87043at7147	OZ223789.1	29551335.5	D2	D2
87230at7147	OZ223788.1	222338863.5	D3	D3
87700at7147	OZ223789.1	84802446.5	D2	D2
89210at7147	OZ223788.1	39585322.0	D5	D5
89718at7147	OZ223789.1	291665114.5	D4	D4
90783at7147	OZ223789.1	350842860.5	NA	NA
90937at7147	OZ223789.1	232841809.0	D4	D4
91028at7147	OZ223789.1	318284498.0	D4	D4
91715at7147	OZ223789.1	77493011.5	D2	D2
93012at7147	OZ223790.1	62407626.0	D4	D4
94660at7147	OZ223790.1	229047110.0	D3	D3
95207at7147	OZ223789.1	298861070.0	D4	D4
96682at7147	OZ223788.1	123458521.5	D3	D3
96920at7147	OZ223790.1	30679809.0	D1	D1
97395at7147	OZ223790.1	139159201.0	D2	D2
97765at7147	OZ223789.1	260587680.5	D4	D4
98278at7147	OZ223788.1	348878381.5	NA	NA
98282at7147	OZ223789.1	69761610.5	NA	NA
98712at7147	OZ223790.1	203900346.0	D3	D3
98857at7147	OZ223790.1	106427220.0	D1	D1
99488at7147	OZ223789.1	66592385.5	D2	D2
100019at7147	OZ223788.1	345615158.5	D3	D3
100497at7147	OZ223790.1	20023623.0	D1	D1
100567at7147	OZ223789.1	172615929.5	NA	NA
101192at7147	OZ223790.1	134416108.5	D1	D1
101651at7147	OZ223790.1	156754706.5	D1	D1
102356at7147	OZ223789.1	180507692.5	NA	NA
103170at7147	OZ223789.1	206499346.5	NA	NA
103449at7147	OZ223790.1	289018021.0	D3	D3
105213at7147	OZ223789.1	136986622.0	D2	D2
105213at7147	OZ223789.1	145730804.5	D2	D2
105345at7147	OZ223788.1	333889300.0	D3	D3
105665at7147	OZ223789.1	76747118.5	D2	D2
107173at7147	OZ223790.1	80964546.0	D1	D1
107932at7147	OZ223788.1	324323889.5	NA	NA
108194at7147	OZ223788.1	39576634.0	D5	D5
109478at7147	OZ223790.1	181147140.5	NA	NA
110200at7147	OZ223789.1	229971482.5	D4	D4
110288at7147	OZ223789.1	319607244.0	NA	NA
111315at7147	OZ223789.1	15569898.5	D2	D2
111861at7147	OZ223790.1	44736834.5	D1	D1
112161at7147	OZ223790.1	2323499.0	NA	NA
113530at7147	OZ223789.1	342709730.0	NA	NA
113611at7147	OZ223790.1	115191970.0	NA	NA
114519at7147	OZ223790.1	134567901.0	D1	D1
114603at7147	OZ223789.1	231944714.0	NA	NA
114765at7147	OZ223789.1	315497740.0	D4	D4
116302at7147	OZ223788.1	231587567.0	NA	NA
117164at7147	OZ223790.1	295093037.5	D3	D3
117470at7147	OZ223788.1	92891029.5	D5	D5
118121at7147	OZ223788.1	136886573.0	D5	D5
118254at7147	OZ223789.1	299034986.5	NA	NA
119237at7147	OZ223788.1	124900014.5	D3	D3
119241at7147	OZ223789.1	137190574.5	NA	NA
119398at7147	OZ223789.1	351426071.0	D4	D4
119940at7147	OZ223788.1	21607361.5	D6	D6
121971at7147	OZ223789.1	44373676.0	D2	D2
122812at7147	OZ223789.1	68735496.5	D2	D2
122970at7147	OZ223789.1	14089974.5	D2	D2
122994at7147	OZ223790.1	196262724.5	D3	D3
123956at7147	OZ223789.1	1331208.0	NA	NA
124132at7147	OZ223788.1	79985925.5	D5	D5
125314at7147	OZ223788.1	172956309.0	D5	D5
125860at7147	OZ223790.1	159944199.0	D1	D1
126196at7147	OZ223790.1	44820639.5	D1	D1
126448at7147	OZ223790.1	291700626.5	D3	D3
126571at7147	OZ223788.1	288886064.5	NA	NA
127327at7147	OZ223789.1	245189987.5	NA	NA
127852at7147	OZ223790.1	204776857.0	D3	D3
128900at7147	OZ223789.1	237676251.5	D4	D4
132604at7147	OZ223789.1	153251131.0	NA	NA
133148at7147	OZ223789.1	112791067.0	NA	NA
133728at7147	OZ223788.1	262699212.5	NA	NA
133744at7147	OZ223790.1	165470002.0	D2	D2
133872at7147	OZ223789.1	190427377.5	NA	NA
133939at7147	OZ223789.1	17812551.0	NA	NA
134214at7147	OZ223789.1	356450022.5	D4	D4
134526at7147	OZ223788.1	210073982.5	D3	D3
135492at7147	OZ223788.1	123667108.0	D3	D3
135807at7147	OZ223789.1	252925801.5	D4	D4
137178at7147	OZ223789.1	335825768.0	D4	D4
138312at7147	OZ223789.1	343528901.5	D4	D4
139180at7147	OZ223789.1	308296866.5	D4	D4
139373at7147	OZ223790.1	31788737.5	D1	D1
140441at7147	OZ223790.1	294634706.5	NA	NA
141501at7147	OZ223790.1	4944872.5	D1	D1
141840at7147	OZ223790.1	4267565.5	D5	D5
142376at7147	OZ223790.1	175956449.0	D1	D1
142617at7147	OZ223788.1	9450638.0	D5	D5
142673at7147	OZ223788.1	351874274.0	D3	D3
143579at7147	OZ223790.1	54291556.0	D1	D1
143663at7147	OZ223790.1	177959333.0	D1	D1
143890at7147	OZ223790.1	75840065.5	D1	D1
143893at7147	OZ223789.1	153368251.5	D2	D2
144236at7147	OZ223789.1	4808265.5	D2	D2
145278at7147	OZ223788.1	225011744.0	NA	NA
145400at7147	OZ223789.1	348533898.5	NA	NA
145710at7147	OZ223790.1	9706913.5	D1	D1
146390at7147	OZ223789.1	45565469.0	D2	D2
146574at7147	OZ223789.1	187264379.5	D2	D2
147707at7147	OZ223790.1	107150757.5	D4	D4
147958at7147	OZ223791.1	3841287.0	D6	D6
148238at7147	OZ223790.1	182790810.5	NA	NA
148702at7147	OZ223789.1	345276081.0	D4	D4
148771at7147	OZ223789.1	244729727.5	D4	D4
148910at7147	OZ223788.1	306618050.0	D3	D3
149542at7147	OZ223789.1	113425127.5	NA	NA
149629at7147	OZ223789.1	283486642.0	D4	D4
149829at7147	OZ223789.1	353314220.0	D4	D4
149853at7147	OZ223788.1	45776027.0	D5	D5
149858at7147	OZ223788.1	286054492.5	D3	D3
150523at7147	OZ223789.1	310482232.0	D4	D4
150963at7147	OZ223789.1	116046010.0	D2	D2
151105at7147	OZ223790.1	176670047.5	D1	D1
151630at7147	OZ223788.1	231718676.0	D3	D3
152075at7147	OZ223790.1	168270750.5	D1	D1
152146at7147	OZ223789.1	49949620.0	NA	NA
152441at7147	OZ223789.1	354698194.0	D4	D4
152457at7147	OZ223790.1	177102020.0	D1	D1
153357at7147	OZ223789.1	17725029.5	NA	NA
153799at7147	OZ223789.1	20407600.0	D2	D2
153867at7147	OZ223789.1	231128975.5	NA	NA
154221at7147	OZ223790.1	168212477.0	NA	NA
154407at7147	OZ223789.1	249883410.0	D4	D4
154496at7147	OZ223789.1	131838957.5	NA	NA
154893at7147	OZ223790.1	63610892.5	D1	D1
155301at7147	OZ223788.1	124944844.0	D3	D3
156252at7147	OZ223788.1	324284564.5	D3	D3
157102at7147	OZ223790.1	66067319.5	D1	D1
157428at7147	OZ223789.1	299492682.0	D4	D4
157896at7147	OZ223790.1	37955433.5	D4	D4
157964at7147	OZ223790.1	7652658.5	NA	NA
158087at7147	OZ223789.1	348554125.5	D4	D4
161360at7147	OZ223789.1	353794936.5	D4	D4
161437at7147	OZ223789.1	153564934.5	D2	D2
161620at7147	OZ223789.1	345323450.5	D5	D5
161816at7147	OZ223788.1	103517493.0	NA	NA
161838at7147	OZ223790.1	135732898.0	D1	D1
161871at7147	OZ223790.1	291818923.5	D3	D3
161986at7147	OZ223788.1	145024666.0	D5	D5
161996at7147	OZ223788.1	297371544.5	NA	NA
162010at7147	OZ223789.1	42554968.0	D2	D2
162125at7147	OZ223788.1	299236520.5	NA	NA
162154at7147	OZ223789.1	345192749.0	D4	D4
162166at7147	OZ223790.1	61015150.5	D1	D1
162217at7147	OZ223789.1	153807293.0	NA	NA
162238at7147	OZ223790.1	292235343.5	D3	D3
162279at7147	OZ223788.1	37450355.0	D5	D5
162310at7147	OZ223789.1	175811092.5	NA	NA
162402at7147	OZ223788.1	146685438.0	NA	NA
162448at7147	OZ223788.1	342556574.5	NA	NA
162519at7147	OZ223790.1	49993042.5	NA	NA
162523at7147	OZ223788.1	165066543.0	NA	NA
162532at7147	OZ223790.1	105825812.5	D1	D1
162607at7147	OZ223790.1	31791525.0	D1	D1
162661at7147	OZ223790.1	285809925.0	NA	NA
162738at7147	OZ223790.1	162613805.5	D3	D3
162738at7147	OZ223789.1	285697879.0	D3	D3
162812at7147	OZ223788.1	321437911.5	D3	D3
162861at7147	OZ223789.1	353259313.0	D4	D4
162861at7147	HAP1_SCAFFOLD_911	18836.0	D4	D4
162863at7147	OZ223790.1	229048986.5	D3	D3
162892at7147	OZ223788.1	284248835.5	D3	D3
162907at7147	OZ223789.1	4493740.0	D2	D2
162912at7147	OZ223791.1	4829941.0	NA	NA
162967at7147	OZ223790.1	54916155.0	D4	D4
162997at7147	OZ223790.1	204058792.5	D3	D3
163039at7147	OZ223790.1	296619496.0	NA	NA
163083at7147	OZ223788.1	117592069.5	D5	D5
163134at7147	OZ223790.1	56777287.5	D1	D1
163141at7147	OZ223790.1	231378310.0	NA	NA
163173at7147	OZ223789.1	188553471.5	D4	D4
163189at7147	OZ223790.1	171015622.5	NA	NA
163225at7147	OZ223789.1	180422886.0	D4	D4
163232at7147	OZ223789.1	271760730.0	NA	NA
163233at7147	OZ223791.1	2036364.0	D6	D6
163245at7147	OZ223789.1	211102526.5	NA	NA
163251at7147	OZ223790.1	80887358.0	D1	D1
163258at7147	OZ223788.1	178754371.5	NA	NA
163264at7147	OZ223790.1	299604171.5	NA	NA
163275at7147	OZ223790.1	56793795.0	D1	D1
163316at7147	OZ223788.1	5542659.0	D5	D5
163386at7147	OZ223790.1	154655896.5	NA	NA
163391at7147	OZ223788.1	175968436.5	D5	D5
163408at7147	OZ223790.1	164748777.5	D1	D1
163419at7147	OZ223788.1	300318480.0	D3	D3
163466at7147	OZ223790.1	51857792.5	D1	D1
163483at7147	OZ223788.1	127123568.5	D5	D5
163506at7147	OZ223789.1	285732728.0	D4	D4
163534at7147	OZ223788.1	139892968.5	D5	D5
163566at7147	OZ223790.1	191247083.5	D1	D1
163621at7147	OZ223788.1	267341616.0	D1	D1
163635at7147	OZ223790.1	62727401.5	NA	NA
163641at7147	OZ223789.1	141132819.5	D4	D4
163715at7147	OZ223790.1	292249136.0	D3	D3
163725at7147	OZ223789.1	123920906.0	NA	NA
163805at7147	OZ223790.1	293846296.5	D3	D3
163838at7147	OZ223789.1	116061580.0	NA	NA
163873at7147	OZ223789.1	345455140.5	NA	NA
163938at7147	OZ223789.1	245238975.0	NA	NA
163957at7147	OZ223789.1	65481790.5	D2	D2
164012at7147	OZ223789.1	345465592.0	NA	NA
164044at7147	OZ223789.1	112822535.5	D2	D2
164134at7147	OZ223790.1	171243341.0	NA	NA
164175at7147	OZ223790.1	226391047.0	D3	D3
164185at7147	OZ223790.1	299142982.5	D3	D3
164211at7147	OZ223790.1	33621696.0	D1	D1
164312at7147	OZ223789.1	15865858.5	D2	D2
164323at7147	OZ223789.1	22328720.0	NA	NA
164342at7147	OZ223790.1	294094553.0	D3	D3
164356at7147	OZ223790.1	74050312.0	NA	NA
164400at7147	OZ223788.1	348965081.0	NA	NA
164649at7147	OZ223790.1	10250446.0	D1	D1
164695at7147	OZ223790.1	114633732.5	NA	NA
164702at7147	OZ223789.1	232824222.0	NA	NA
164767at7147	OZ223789.1	15793206.0	D2	D2
164810at7147	OZ223791.1	4956990.5	NA	NA
164861at7147	OZ223788.1	315394721.0	NA	NA
164916at7147	OZ223788.1	39773782.0	NA	NA
164929at7147	OZ223790.1	116263159.0	D1	D1
164941at7147	OZ223790.1	160448129.5	D1	D1
164964at7147	OZ223788.1	352886212.0	D3	D3
164972at7147	OZ223789.1	309556073.0	NA	NA
165004at7147	OZ223790.1	151058167.5	D1	D1
165032at7147	OZ223789.1	294997304.5	NA	NA
165055at7147	OZ223788.1	40781791.5	D5	D5
165092at7147	OZ223789.1	342061825.0	D4	D4
165107at7147	OZ223789.1	66517415.0	D2	D2
165117at7147	OZ223788.1	4023536.5	D5	D5
165142at7147	OZ223789.1	345092976.5	NA	NA
165152at7147	OZ223788.1	75974984.5	D2	D2
165155at7147	OZ223788.1	124704832.0	D3	D3
165168at7147	OZ223790.1	119398417.5	NA	NA
165182at7147	OZ223789.1	162837676.5	D2	D2
165189at7147	OZ223789.1	254892326.0	NA	NA
165211at7147	OZ223789.1	161782249.0	D2	D2
165235at7147	OZ223788.1	148877731.5	D3	D3
165238at7147	OZ223789.1	354015981.0	D4	D4
165269at7147	OZ223789.1	352355535.5	D4	D4
165282at7147	OZ223789.1	318331048.5	D4	D4
165293at7147	OZ223788.1	35939179.5	D2	D2
165302at7147	OZ223789.1	308280042.0	D4	D4
165341at7147	OZ223789.1	284645085.0	D4	D4
165376at7147	OZ223790.1	30384003.0	D1	D1
165401at7147	OZ223790.1	114615581.0	NA	NA
165507at7147	OZ223790.1	254928061.0	NA	NA
165515at7147	OZ223788.1	319434160.5	D3	D3
165522at7147	OZ223788.1	182665754.5	D3	D3
165541at7147	OZ223788.1	309794115.0	D3	D3
165544at7147	OZ223788.1	293537015.5	D3	D3
165549at7147	OZ223788.1	251334567.5	D3	D3
165554at7147	OZ223789.1	72437769.5	D2	D2
165627at7147	OZ223790.1	299155122.0	D3	D3
165654at7147	OZ223789.1	1343863.0	D2	D2
165659at7147	OZ223790.1	226397787.0	NA	NA
165666at7147	OZ223789.1	144192457.5	NA	NA
165697at7147	OZ223788.1	331912039.0	D3	D3
165708at7147	OZ223788.1	101002544.5	NA	NA
165755at7147	OZ223789.1	244031097.5	D4	D4
165770at7147	OZ223788.1	62116280.0	D1	D1
165800at7147	OZ223790.1	221872747.0	D3	D3
165814at7147	OZ223788.1	7256187.0	D5	D5
165857at7147	OZ223788.1	33648604.5	NA	NA
165864at7147	OZ223788.1	351164218.5	NA	NA
165929at7147	OZ223790.1	141289550.0	D1	D1
165935at7147	OZ223789.1	9296414.5	D4	D4
165944at7147	OZ223788.1	7238242.5	D5	D5
165949at7147	OZ223789.1	263565429.0	D4	D4
165956at7147	OZ223790.1	42295415.5	D1	D1
166048at7147	OZ223789.1	351472503.5	NA	NA
166120at7147	OZ223788.1	10601291.0	NA	NA
166165at7147	OZ223790.1	169062125.0	D1	D1
166172at7147	OZ223789.1	35482240.0	D2	D2
166186at7147	OZ223789.1	89462307.5	NA	NA
166235at7147	OZ223789.1	243995685.5	NA	NA
166242at7147	OZ223788.1	6896382.0	D5	D5
166329at7147	OZ223789.1	17643685.5	NA	NA
166427at7147	OZ223788.1	18272370.5	D5	D5
166453at7147	OZ223788.1	244389321.5	D3	D3
166470at7147	OZ223790.1	229982605.5	D3	D3
166496at7147	OZ223790.1	97496844.5	D1	D1
166517at7147	OZ223788.1	159893113.0	D5	D5
166570at7147	OZ223789.1	356374728.5	NA	NA
166641at7147	OZ223788.1	163170787.5	D5	D5
166642at7147	OZ223789.1	125174991.0	NA	NA
166675at7147	OZ223788.1	224967967.0	NA	NA
166680at7147	OZ223788.1	250433867.0	D3	D3
166700at7147	OZ223789.1	42718316.0	D1	D1
166740at7147	OZ223789.1	295396170.5	NA	NA
166761at7147	OZ223790.1	100353195.0	D1	D1
166809at7147	OZ223790.1	300063870.0	D3	D3
166819at7147	OZ223790.1	299954862.0	D3	D3
166851at7147	OZ223791.1	9186502.5	D6	D6
166880at7147	OZ223790.1	121168934.0	NA	NA
166881at7147	OZ223789.1	118363314.5	D2	D2
166882at7147	OZ223788.1	10670563.5	D5	D5
166906at7147	OZ223789.1	260496858.5	D4	D4
166924at7147	OZ223788.1	41405625.5	D5	D5
166932at7147	OZ223788.1	266840372.0	D3	D3
166933at7147	OZ223790.1	226382532.5	NA	NA
166974at7147	OZ223789.1	164600788.5	D1	D1
167011at7147	OZ223790.1	35601571.0	D1	D1
167029at7147	OZ223788.1	94098049.5	D5	D5
167066at7147	OZ223788.1	126580813.5	D3	D3
167068at7147	OZ223790.1	291351897.0	D3	D3
167175at7147	OZ223788.1	3533611.5	D5	D5
167199at7147	OZ223788.1	146699935.0	D1	D1
167257at7147	OZ223790.1	92590156.0	D1	D1
167285at7147	OZ223789.1	72079132.5	NA	NA
167369at7147	OZ223788.1	351161608.0	D3	D3
167382at7147	OZ223789.1	344714552.0	D1	D1
167382at7147	OZ223789.1	344736260.0	D1	D1
167430at7147	OZ223788.1	299091056.0	NA	NA
167499at7147	OZ223790.1	166875534.0	D1	D1
167517at7147	OZ223790.1	175461877.0	D1	D1
167536at7147	OZ223788.1	297434956.0	D3	D3
167579at7147	OZ223789.1	323611542.5	D4	D4
167630at7147	OZ223789.1	202394403.0	D4	D4
167748at7147	OZ223789.1	111252672.0	D4	D4
167786at7147	OZ223788.1	101626354.0	D5	D5
167791at7147	OZ223788.1	155498420.5	NA	NA
167826at7147	OZ223790.1	53198073.0	D1	D1
167851at7147	OZ223790.1	297993938.5	NA	NA
167857at7147	OZ223790.1	91959989.5	D1	D1
167892at7147	OZ223788.1	75636401.0	D1	D1
167970at7147	OZ223790.1	179810263.0	D1	D1
167972at7147	OZ223788.1	149056801.5	D5	D5
168032at7147	OZ223790.1	291668425.0	D3	D3
168060at7147	OZ223788.1	187482391.5	D5	D5
168077at7147	OZ223789.1	285037991.0	D2	D2
168081at7147	HAP1_SCAFFOLD_197	95133.5	D2	D2
168081at7147	OZ223789.1	103543286.5	D2	D2
168086at7147	OZ223790.1	192604182.0	D1	D1
168090at7147	OZ223789.1	236983982.5	D5	D5
168094at7147	OZ223789.1	19525379.0	NA	NA
168098at7147	OZ223790.1	176976665.5	D1	D1
168223at7147	OZ223788.1	349399823.5	NA	NA
168244at7147	OZ223788.1	109533832.0	D5	D5
168247at7147	OZ223790.1	155623551.5	NA	NA
168261at7147	OZ223789.1	214852029.5	D4	D4
168291at7147	OZ223788.1	62838810.0	D1	D1
168362at7147	OZ223790.1	270644920.5	D3	D3
168384at7147	OZ223790.1	106385208.5	D1	D1
168393at7147	OZ223790.1	9797356.5	NA	NA
168424at7147	OZ223789.1	3275061.5	D2	D2
168465at7147	OZ223788.1	242384339.0	D2	D2
168480at7147	OZ223789.1	347813828.0	NA	NA
168538at7147	OZ223788.1	222367854.5	NA	NA
168583at7147	OZ223790.1	80156256.5	D1	D1
168588at7147	OZ223788.1	2486530.5	D5	D5
168607at7147	OZ223788.1	331856131.0	D3	D3
168613at7147	OZ223789.1	294882722.0	NA	NA
168643at7147	OZ223788.1	173033630.5	D5	D5
168660at7147	OZ223791.1	906980.5	D6	D6
168677at7147	OZ223788.1	26244634.0	D5	D5
168682at7147	OZ223788.1	1161662.5	D5	D5
168738at7147	OZ223789.1	112738384.0	D4	D4
168795at7147	OZ223789.1	42742159.5	D3	D3
168806at7147	OZ223789.1	295364683.0	NA	NA
168829at7147	OZ223789.1	187394411.0	D2	D2
168836at7147	OZ223788.1	333897062.5	D3	D3
168846at7147	OZ223789.1	238687420.0	NA	NA
168852at7147	OZ223789.1	251394885.0	D4	D4
168883at7147	OZ223788.1	9067476.5	NA	NA
168889at7147	OZ223789.1	131362812.5	NA	NA
168895at7147	OZ223789.1	321639547.5	D4	D4
168942at7147	OZ223788.1	48369281.5	D5	D5
168959at7147	OZ223788.1	7259820.0	NA	NA
168968at7147	OZ223790.1	201042585.0	D3	D3
168969at7147	OZ223790.1	284019097.0	NA	NA
168971at7147	OZ223789.1	72863683.0	NA	NA
168975at7147	OZ223788.1	117522663.5	D5	D5
168990at7147	OZ223789.1	90432420.5	D2	D2
169033at7147	OZ223789.1	196527988.0	NA	NA
169119at7147	OZ223789.1	9325229.5	NA	NA
169134at7147	OZ223790.1	174178668.5	NA	NA
169142at7147	OZ223789.1	224578463.0	D4	D4
169165at7147	OZ223789.1	284516801.5	D2	D2
169175at7147	OZ223789.1	100050995.5	D2	D2
169184at7147	OZ223789.1	202253149.0	NA	NA
169217at7147	OZ223790.1	1791992.5	D1	D1
169297at7147	OZ223788.1	352198143.0	D3	D3
169311at7147	OZ223788.1	84303762.0	NA	NA
169345at7147	OZ223788.1	319463255.0	D3	D3
169351at7147	OZ223789.1	9003955.5	D2	D2
171356at7147	OZ223789.1	231877506.5	NA	NA
171365at7147	OZ223788.1	39715852.5	D5	D5
171492at7147	OZ223790.1	179267510.5	D4	D4
171548at7147	OZ223790.1	44808617.5	D1	D1
171662at7147	OZ223789.1	153573167.0	D2	D2
171757at7147	OZ223790.1	246844235.5	D3	D3
171855at7147	OZ223788.1	174026356.5	D5	D5
172045at7147	OZ223789.1	350744085.5	D4	D4
172172at7147	OZ223788.1	332332203.0	D3	D3
172179at7147	OZ223790.1	177030414.5	D1	D1
172192at7147	OZ223790.1	285653006.0	D3	D3
172210at7147	OZ223790.1	226395279.5	D3	D3
172299at7147	OZ223788.1	35171235.5	D5	D5
172317at7147	OZ223789.1	153096320.0	NA	NA
172362at7147	OZ223789.1	31788511.0	D2	D2
172493at7147	OZ223790.1	299946398.0	NA	NA
172545at7147	OZ223789.1	263516167.5	D1	D1
172608at7147	OZ223790.1	106390614.5	D1	D1
172610at7147	OZ223790.1	151215315.5	D1	D1
172656at7147	OZ223790.1	156846199.0	D1	D1
172688at7147	OZ223790.1	198394606.0	NA	NA
172797at7147	OZ223789.1	168424389.5	NA	NA
173146at7147	OZ223789.1	252034095.0	NA	NA
173218at7147	OZ223788.1	149055238.0	NA	NA
173520at7147	OZ223789.1	126360637.5	NA	NA
173526at7147	OZ223790.1	157097139.0	NA	NA
173527at7147	OZ223790.1	138987310.5	D1	D1
173539at7147	OZ223789.1	89135016.5	NA	NA
173667at7147	OZ223790.1	295299613.0	NA	NA
173684at7147	OZ223789.1	242883045.0	D4	D4
173828at7147	OZ223789.1	53806548.0	D2	D2
173922at7147	OZ223790.1	114988343.5	D1	D1
174026at7147	OZ223788.1	250970972.5	D3	D3
174040at7147	OZ223788.1	26034255.5	D5	D5
174429at7147	OZ223790.1	95372214.0	NA	NA
174436at7147	OZ223788.1	75841607.0	D5	D5
174522at7147	OZ223788.1	350914243.5	D3	D3
174700at7147	OZ223790.1	4302303.0	NA	NA
174772at7147	OZ223789.1	18591571.5	D2	D2
174920at7147	OZ223790.1	45096093.5	D1	D1
174922at7147	OZ223788.1	351448798.0	D3	D3
175088at7147	OZ223790.1	254408129.0	D3	D3
175249at7147	OZ223789.1	37948738.5	D4	D4
175325at7147	OZ223790.1	167851785.5	D1	D1
175402at7147	OZ223788.1	271675002.0	D3	D3
175405at7147	OZ223790.1	295075605.0	NA	NA
175710at7147	OZ223788.1	3705670.0	D5	D5
175715at7147	OZ223789.1	221893814.5	D4	D4
175731at7147	OZ223790.1	177615843.5	D1	D1
175770at7147	OZ223789.1	232846795.5	D4	D4
175870at7147	OZ223790.1	164182888.5	D1	D1
175877at7147	OZ223790.1	289106480.0	D3	D3
175942at7147	OZ223789.1	95791338.0	D2	D2
176148at7147	OZ223789.1	41618634.5	NA	NA
176312at7147	OZ223790.1	54632475.5	NA	NA
176314at7147	OZ223789.1	10645463.0	D2	D2
176314at7147	OZ223789.1	10677539.0	D2	D2
176414at7147	OZ223790.1	8094843.0	D1	D1
176436at7147	OZ223790.1	122029378.5	D1	D1
176480at7147	OZ223789.1	9824111.0	D2	D2
176483at7147	OZ223789.1	168394099.0	D3	D3
176507at7147	OZ223788.1	165752464.0	NA	NA
176512at7147	OZ223788.1	310360290.5	D3	D3
176583at7147	OZ223790.1	164218616.5	NA	NA
176599at7147	OZ223789.1	92083182.5	NA	NA
176618at7147	OZ223790.1	138674784.0	D2	D2
176674at7147	OZ223789.1	265197453.0	D4	D4
176776at7147	OZ223789.1	345385666.0	NA	NA
176783at7147	OZ223788.1	139791507.5	NA	NA
177041at7147	OZ223789.1	9791862.5	D2	D2
177120at7147	OZ223788.1	339902390.0	D3	D3
177434at7147	OZ223788.1	308500604.0	D3	D3
177450at7147	OZ223790.1	169491791.0	NA	NA
177507at7147	OZ223790.1	80226104.5	D1	D1
177533at7147	OZ223788.1	43057552.0	D1	D1
177608at7147	OZ223790.1	270792501.5	D3	D3
177652at7147	OZ223790.1	291848060.0	D3	D3
177735at7147	OZ223790.1	80268092.0	D1	D1
177818at7147	OZ223790.1	159674866.0	D1	D1
177883at7147	OZ223788.1	317083320.5	D3	D3
177913at7147	OZ223790.1	295038639.0	D3	D3
178178at7147	OZ223788.1	224522103.5	NA	NA
178207at7147	OZ223790.1	176036400.5	NA	NA
178219at7147	OZ223790.1	6213954.0	D1	D1
178237at7147	OZ223788.1	65452881.5	D5	D5
178266at7147	OZ223790.1	157111517.5	D1	D1
178353at7147	OZ223789.1	202335354.0	D4	D4
178354at7147	OZ223789.1	232022236.0	D5	D5
178536at7147	OZ223790.1	175954958.5	D1	D1
178759at7147	OZ223790.1	64118167.5	D3	D3
178820at7147	OZ223789.1	15877799.5	D2	D2
178822at7147	OZ223790.1	126609864.0	D1	D1
178903at7147	OZ223790.1	297119849.5	D3	D3
178910at7147	OZ223790.1	95530536.0	D2	D2
178987at7147	HAP1_SCAFFOLD_866	2791.0	D5	D5
178987at7147	OZ223788.1	119820924.0	D5	D5
178990at7147	OZ223790.1	75980042.0	NA	NA
179062at7147	OZ223790.1	97481017.0	NA	NA
179198at7147	OZ223789.1	353193751.5	D2	D2
179205at7147	OZ223788.1	35265925.0	D5	D5
179363at7147	OZ223789.1	264866762.0	NA	NA
179461at7147	OZ223789.1	175867581.0	NA	NA
179741at7147	OZ223789.1	263529548.5	NA	NA
179778at7147	OZ223790.1	53666777.0	D1	D1
179870at7147	OZ223790.1	177145692.5	NA	NA
179947at7147	OZ223790.1	299945186.5	D3	D3
180001at7147	OZ223789.1	350437421.5	D4	D4
180122at7147	OZ223790.1	291655518.5	D3	D3
180254at7147	OZ223789.1	340628646.5	D4	D4
180257at7147	OZ223790.1	105079265.0	NA	NA
180262at7147	OZ223790.1	13109646.5	NA	NA
180334at7147	OZ223790.1	37705322.0	D1	D1
180405at7147	OZ223788.1	7244809.0	D5	D5
180421at7147	OZ223789.1	263845897.5	D4	D4
180472at7147	OZ223788.1	299729496.5	NA	NA
180476at7147	OZ223790.1	125459693.0	D1	D1
180799at7147	OZ223788.1	111613583.5	D5	D5
180813at7147	OZ223790.1	6491887.0	D1	D1
180822at7147	OZ223788.1	64764504.0	NA	NA
180842at7147	OZ223790.1	7140360.5	D1	D1
181020at7147	OZ223789.1	11444263.0	D2	D2
181073at7147	OZ223790.1	987844.5	D1	D1
181091at7147	OZ223790.1	254424384.5	NA	NA
181091at7147	OZ223792.1	3140444.5	NA	NA
181091at7147	OZ223792.1	8954457.5	NA	NA
181091at7147	OZ223792.1	9312820.5	NA	NA
181091at7147	OZ223792.1	8410458.5	NA	NA
181091at7147	OZ223792.1	6364464.5	NA	NA
181091at7147	HAP1_SCAFFOLD_101	62590.5	NA	NA
181091at7147	OZ223792.1	7820055.5	NA	NA
181091at7147	OZ223792.1	7130856.0	NA	NA
181091at7147	OZ223792.1	8558707.0	NA	NA
181091at7147	OZ223792.1	3746547.5	NA	NA
181091at7147	OZ223792.1	8805133.0	NA	NA
181091at7147	OZ223792.1	9459173.0	NA	NA
181091at7147	OZ223792.1	4699801.0	NA	NA
181091at7147	OZ223792.1	1163978.0	NA	NA
181091at7147	OZ223792.1	1295277.0	NA	NA
181091at7147	OZ223792.1	3447092.0	NA	NA
181091at7147	OZ223792.1	3987109.0	NA	NA
181091at7147	OZ223792.1	4262009.0	NA	NA
181091at7147	OZ223792.1	4952227.0	NA	NA
181091at7147	OZ223792.1	5150915.0	NA	NA
181091at7147	OZ223792.1	846622.0	NA	NA
181091at7147	OZ223792.1	969466.0	NA	NA
181091at7147	OZ223792.1	12029451.0	NA	NA
181091at7147	OZ223792.1	5380246.0	NA	NA
181091at7147	OZ223792.1	5720731.0	NA	NA
181091at7147	OZ223792.1	6012667.0	NA	NA
181091at7147	OZ223792.1	7000053.0	NA	NA
181091at7147	OZ223792.1	7039923.0	NA	NA
181091at7147	OZ223792.1	7336553.0	NA	NA
181091at7147	OZ223792.1	7376373.0	NA	NA
181091at7147	HAP1_SCAFFOLD_173	114406.0	NA	NA
181091at7147	OZ223792.1	6790010.0	NA	NA
181105at7147	OZ223790.1	229892209.0	D3	D3
181338at7147	OZ223789.1	347889110.0	NA	NA
181362at7147	OZ223788.1	323908240.5	NA	NA
181433at7147	OZ223789.1	233997138.0	D4	D4
181571at7147	OZ223790.1	271431219.0	NA	NA
181624at7147	OZ223790.1	171313941.5	D1	D1
181802at7147	OZ223790.1	78056227.0	D3	D3
181851at7147	OZ223789.1	140624571.5	D4	D4
181903at7147	OZ223789.1	341691952.0	NA	NA
181909at7147	OZ223788.1	189273423.0	D5	D5
182092at7147	OZ223790.1	119238226.5	D1	D1
182096at7147	OZ223790.1	35399292.0	D1	D1
182157at7147	OZ223788.1	29660991.0	D3	D3
182238at7147	OZ223790.1	292158424.0	D3	D3
182257at7147	OZ223790.1	284188453.0	D3	D3
182448at7147	OZ223790.1	47523753.0	D1	D1
182746at7147	OZ223790.1	3999042.5	D1	D1
182777at7147	OZ223789.1	356228116.5	D4	D4
182927at7147	OZ223790.1	37716337.5	NA	NA
182952at7147	OZ223790.1	131843500.5	NA	NA
183133at7147	OZ223790.1	167891620.0	NA	NA
183135at7147	OZ223790.1	80407516.0	D1	D1
183177at7147	OZ223788.1	340036696.0	NA	NA
183298at7147	OZ223790.1	108263178.0	D1	D1
183317at7147	OZ223788.1	1719750.5	D5	D5
183493at7147	OZ223790.1	131846832.5	D1	D1
183624at7147	OZ223788.1	324239829.5	D3	D3
183669at7147	OZ223788.1	337299962.0	D3	D3
183738at7147	OZ223788.1	29667767.5	D5	D5
183899at7147	OZ223788.1	351453887.5	D3	D3
184064at7147	OZ223788.1	189570051.5	D5	D5
184147at7147	OZ223788.1	337409442.5	D3	D3
184186at7147	OZ223790.1	77030846.0	D1	D1
184187at7147	OZ223789.1	15564346.0	NA	NA
184229at7147	OZ223790.1	3243617.0	D1	D1
184401at7147	OZ223790.1	201096679.0	D3	D3
184426at7147	OZ223788.1	5269167.5	NA	NA
184445at7147	OZ223790.1	151217038.5	D1	D1
184526at7147	OZ223788.1	145864739.0	D5	D5
184601at7147	OZ223788.1	353764006.0	D3	D3
184633at7147	OZ223790.1	205219416.0	D4	D4
184640at7147	OZ223790.1	294979172.5	D3	D3
184647at7147	OZ223788.1	226308240.5	NA	NA
184965at7147	OZ223790.1	140998690.0	D1	D1
185066at7147	OZ223789.1	321019038.5	D5	D5
185073at7147	OZ223790.1	255752682.0	D3	D3
185176at7147	OZ223789.1	309641788.5	D2	D2
185245at7147	OZ223788.1	121352538.5	D3	D3
185268at7147	OZ223790.1	134562937.5	D1	D1
185345at7147	OZ223788.1	63429973.0	D5	D5
185360at7147	OZ223788.1	67066296.0	D5	D5
185368at7147	OZ223789.1	109336253.5	D4	D4
185471at7147	OZ223789.1	354009003.5	D4	D4
185704at7147	OZ223790.1	278115293.0	NA	NA
185722at7147	OZ223788.1	251144908.0	D3	D3
185824at7147	OZ223789.1	263584719.5	D4	D4
185832at7147	OZ223790.1	177348653.0	D4	D4
185835at7147	OZ223788.1	204073587.5	D3	D3
185954at7147	OZ223790.1	62802493.0	NA	NA
185954at7147	OZ223790.1	62827085.5	NA	NA
186042at7147	OZ223789.1	84793809.0	D2	D2
186042at7147	OZ223789.1	84800966.5	D2	D2
186069at7147	OZ223789.1	149193289.0	D2	D2
186132at7147	OZ223788.1	58039373.5	D5	D5
186197at7147	OZ223790.1	291349647.5	D3	D3
186220at7147	OZ223788.1	64422187.0	NA	NA
186300at7147	OZ223788.1	275883805.5	D3	D3
186332at7147	OZ223789.1	312605162.0	D4	D4
186358at7147	OZ223788.1	282943486.0	D3	D3
186586at7147	OZ223789.1	285880865.5	D4	D4
186601at7147	OZ223788.1	191603663.0	D5	D5
186650at7147	OZ223790.1	291340977.0	D3	D3
186698at7147	OZ223789.1	104021999.0	NA	NA
186856at7147	OZ223790.1	80268811.5	D1	D1
186856at7147	OZ223790.1	80288115.5	D1	D1
186862at7147	OZ223788.1	137844460.0	NA	NA
186970at7147	OZ223790.1	269179683.0	D3	D3
187010at7147	OZ223789.1	5218214.0	D2	D2
187313at7147	OZ223788.1	355037993.5	NA	NA
187437at7147	OZ223789.1	15603349.0	NA	NA
187453at7147	OZ223788.1	226365536.5	NA	NA
187558at7147	OZ223788.1	195704702.5	NA	NA
187585at7147	OZ223790.1	7146025.0	D1	D1
187621at7147	OZ223788.1	124683215.5	D3	D3
187777at7147	OZ223790.1	3952437.5	D1	D1
187806at7147	OZ223788.1	29620511.5	D5	D5
187864at7147	OZ223790.1	115241194.5	D1	D1
187993at7147	OZ223788.1	109211257.5	NA	NA
188173at7147	OZ223788.1	339884802.0	NA	NA
188541at7147	OZ223789.1	354827089.5	D4	D4
188746at7147	OZ223790.1	285739112.0	D3	D3
188824at7147	OZ223789.1	125199676.0	D2	D2
188966at7147	OZ223790.1	107892910.0	NA	NA
189185at7147	OZ223788.1	89113269.0	NA	NA
189269at7147	OZ223789.1	308274404.5	NA	NA
189418at7147	OZ223788.1	63598506.0	NA	NA
189615at7147	OZ223788.1	145011871.0	D5	D5
189702at7147	OZ223788.1	167004290.0	D5	D5
189709at7147	OZ223789.1	41615309.5	NA	NA
189734at7147	OZ223789.1	137894627.0	D3	D3
189734at7147	OZ223789.1	19519566.0	D3	D3
189871at7147	OZ223790.1	152428848.5	D1	D1
189891at7147	OZ223789.1	148491085.0	NA	NA
190022at7147	OZ223788.1	351301068.0	D3	D3
190060at7147	OZ223788.1	189208293.5	D2	D2
190063at7147	OZ223788.1	67069248.5	D5	D5
190114at7147	OZ223789.1	254064491.0	D4	D4
190150at7147	OZ223789.1	16569245.5	D2	D2
190176at7147	OZ223790.1	51851263.0	NA	NA
190195at7147	OZ223788.1	171001209.0	NA	NA
190305at7147	OZ223788.1	312710236.5	D3	D3
190309at7147	OZ223789.1	4207222.0	D2	D2
190340at7147	OZ223789.1	356723655.5	D4	D4
190351at7147	OZ223789.1	243827659.5	NA	NA
190773at7147	OZ223788.1	20757879.0	D5	D5
190806at7147	OZ223790.1	297112137.5	D1	D1
190815at7147	OZ223789.1	236273651.0	NA	NA
190820at7147	OZ223789.1	356001370.0	D4	D4
190896at7147	OZ223788.1	125414551.0	D3	D3
191072at7147	OZ223790.1	139198660.5	D2	D2
191118at7147	OZ223790.1	46807.5	D5	D5
191233at7147	OZ223788.1	7947180.5	NA	NA
191269at7147	OZ223788.1	351855721.0	D3	D3
191342at7147	OZ223788.1	125924881.5	D3	D3
191396at7147	OZ223789.1	343045650.0	D4	D4
191479at7147	OZ223789.1	53403136.5	D2	D2
191822at7147	OZ223790.1	57969295.5	NA	NA
191851at7147	OZ223790.1	106618806.0	NA	NA
191941at7147	OZ223789.1	92077242.5	D4	D4
191962at7147	OZ223788.1	245665312.0	D3	D3
191968at7147	OZ223789.1	345099907.0	D4	D4
191981at7147	OZ223789.1	17638951.5	D2	D2
192144at7147	OZ223790.1	64354822.5	D1	D1
192217at7147	OZ223788.1	332334782.5	D3	D3
192253at7147	OZ223790.1	276777536.5	D3	D3
192335at7147	OZ223788.1	330373937.5	D3	D3
192402at7147	OZ223790.1	61316475.5	NA	NA
192411at7147	OZ223789.1	45553877.5	D2	D2
192487at7147	OZ223789.1	263582544.0	D4	D4
192573at7147	OZ223789.1	201912413.0	NA	NA
192597at7147	OZ223788.1	125417831.5	D3	D3
192665at7147	OZ223790.1	159660037.5	NA	NA
192691at7147	OZ223790.1	66582331.0	D6	D6
192691at7147	OZ223790.1	66610696.0	D6	D6
192868at7147	OZ223788.1	62110509.0	D5	D5
192881at7147	OZ223790.1	172753312.5	D1	D1
192958at7147	OZ223789.1	348584721.0	D4	D4
193077at7147	OZ223788.1	353000736.0	D3	D3
193108at7147	OZ223788.1	58302972.0	D3	D3
193127at7147	OZ223789.1	336385005.0	D4	D4
193196at7147	OZ223790.1	17895249.0	NA	NA
193405at7147	OZ223789.1	236350918.5	NA	NA
193528at7147	OZ223788.1	161523244.0	D5	D5
193600at7147	OZ223788.1	7979420.0	D5	D5
193617at7147	OZ223788.1	75857056.5	D5	D5
193617at7147	OZ223788.1	75845835.5	D5	D5
193652at7147	OZ223790.1	294307049.5	D3	D3
193698at7147	OZ223790.1	206070590.5	D3	D3
193727at7147	OZ223790.1	290225488.0	NA	NA
193757at7147	OZ223790.1	294650337.0	D3	D3
193781at7147	OZ223788.1	180241503.5	D5	D5
193917at7147	OZ223789.1	84561219.5	NA	NA
193941at7147	OZ223789.1	231966158.0	NA	NA
193947at7147	OZ223789.1	148387103.5	D4	D4
193949at7147	OZ223789.1	104000947.5	D2	D2
194155at7147	OZ223788.1	271728842.5	D3	D3
194212at7147	OZ223790.1	3992265.0	D1	D1
194287at7147	OZ223789.1	254943439.5	D4	D4
194345at7147	OZ223789.1	14391927.0	D2	D2
194370at7147	OZ223788.1	26259114.0	D5	D5
194578at7147	OZ223790.1	298078649.0	D3	D3
194600at7147	OZ223789.1	163583726.0	NA	NA
194613at7147	OZ223788.1	58315417.5	NA	NA
194811at7147	OZ223789.1	145200370.0	D2	D2
194890at7147	OZ223790.1	252970468.0	D3	D3
195027at7147	OZ223790.1	291396562.0	D3	D3
195060at7147	OZ223788.1	328510960.5	D4	D4
195214at7147	OZ223790.1	203815702.5	D3	D3
195218at7147	OZ223788.1	332566948.5	D3	D3
195218at7147	OZ223790.1	262984038.0	D3	D3
195384at7147	OZ223789.1	252967559.5	D4	D4
195477at7147	OZ223790.1	273469625.0	D3	D3
195495at7147	OZ223790.1	135432152.5	D4	D4
195531at7147	OZ223788.1	323393831.0	D3	D3
195925at7147	OZ223788.1	163342580.5	D5	D5
195977at7147	OZ223788.1	302324825.5	D3	D3
196109at7147	OZ223790.1	138991511.5	D1	D1
196120at7147	OZ223789.1	117995539.0	NA	NA
196145at7147	OZ223788.1	4247868.0	D5	D5
196429at7147	OZ223789.1	338238118.5	D4	D4
196431at7147	OZ223790.1	178492845.5	NA	NA
196501at7147	OZ223790.1	56802606.5	NA	NA
196881at7147	OZ223790.1	370227.0	D1	D1
196974at7147	OZ223789.1	232130699.5	D4	D4
196989at7147	OZ223789.1	3829418.5	NA	NA
197070at7147	OZ223790.1	252068047.5	D3	D3
197135at7147	OZ223789.1	118003046.5	D4	D4
197152at7147	OZ223789.1	309361878.5	NA	NA
197174at7147	OZ223789.1	173051780.0	NA	NA
197196at7147	OZ223790.1	255751455.5	D3	D3
197207at7147	OZ223790.1	275788397.0	D3	D3
197278at7147	OZ223789.1	350938858.5	NA	NA
197370at7147	OZ223788.1	7356794.5	NA	NA
197375at7147	OZ223788.1	333758907.5	D3	D3
197411at7147	OZ223789.1	17734991.0	D2	D2
197434at7147	OZ223789.1	280751895.5	D4	D4
197467at7147	OZ223788.1	37944097.0	D5	D5
197512at7147	OZ223788.1	83601886.0	D5	D5
197548at7147	OZ223790.1	160282006.5	D1	D1
197569at7147	OZ223789.1	51866934.5	D2	D2
197632at7147	OZ223788.1	348887204.0	NA	NA
197691at7147	OZ223790.1	42521817.5	NA	NA
197783at7147	OZ223788.1	109238650.5	D4	D4
197875at7147	OZ223788.1	16749138.5	NA	NA
197894at7147	OZ223788.1	63418835.0	D3	D3
197948at7147	OZ223790.1	62783746.5	D1	D1
197958at7147	OZ223790.1	19892568.5	D1	D1
198148at7147	OZ223789.1	89025352.0	D2	D2
198185at7147	OZ223788.1	7968937.5	D5	D5
198230at7147	OZ223789.1	50405622.5	D2	D2
198277at7147	OZ223789.1	307223732.5	D4	D4
198415at7147	OZ223790.1	26910883.5	NA	NA
198499at7147	OZ223788.1	146257858.0	D5	D5
198673at7147	OZ223789.1	279438930.5	D4	D4
198742at7147	OZ223789.1	285052012.5	NA	NA
199143at7147	OZ223788.1	189908654.5	NA	NA
199405at7147	OZ223789.1	252512020.0	NA	NA
199444at7147	OZ223790.1	297044040.0	D3	D3
199473at7147	OZ223790.1	54591162.5	D1	D1
199531at7147	OZ223789.1	285886697.0	D4	D4
199566at7147	OZ223788.1	130720204.5	D5	D5
199581at7147	OZ223788.1	13022397.0	D5	D5
199691at7147	OZ223790.1	285661635.5	D3	D3
199717at7147	OZ223790.1	185773186.0	NA	NA
199997at7147	OZ223789.1	29362213.5	D2	D2
200062at7147	OZ223789.1	299415948.0	NA	NA
200390at7147	OZ223790.1	271338094.5	D3	D3
200445at7147	OZ223789.1	28740324.5	NA	NA
200486at7147	OZ223789.1	35047718.5	D2	D2
200550at7147	OZ223789.1	30268123.5	NA	NA
200590at7147	OZ223788.1	309736260.5	D3	D3
200668at7147	OZ223789.1	85359951.0	D2	D2
200695at7147	OZ223788.1	221373257.5	NA	NA
200880at7147	OZ223789.1	37951988.0	NA	NA
200996at7147	OZ223790.1	176001997.5	NA	NA
201178at7147	OZ223788.1	287495859.5	D3	D3
201194at7147	OZ223789.1	335320773.5	D4	D4
201214at7147	OZ223788.1	93819875.5	NA	NA
201450at7147	OZ223788.1	251688310.0	D3	D3
201478at7147	OZ223789.1	16835447.5	D1	D1
201709at7147	OZ223789.1	198776531.0	D4	D4
201766at7147	OZ223789.1	53405416.5	NA	NA
201808at7147	OZ223788.1	49076564.5	D5	D5
201825at7147	OZ223790.1	182414393.5	NA	NA
201874at7147	OZ223788.1	46307414.5	D5	D5
201937at7147	OZ223789.1	9319617.5	D1	D1
202022at7147	OZ223788.1	100795125.5	D5	D5
202071at7147	OZ223788.1	3572692.0	NA	NA
202134at7147	OZ223789.1	110455954.0	D4	D4
202191at7147	OZ223788.1	30247763.0	D5	D5
202222at7147	OZ223790.1	20827395.0	D1	D1
202373at7147	OZ223789.1	233915601.0	D4	D4
202441at7147	OZ223788.1	332225934.5	D3	D3
202451at7147	OZ223790.1	19856895.0	NA	NA
202479at7147	OZ223789.1	45546971.0	D2	D2
202522at7147	OZ223790.1	156879538.0	D1	D1
202525at7147	OZ223789.1	49625226.5	NA	NA
202603at7147	OZ223789.1	179145620.0	D4	D4
202622at7147	OZ223790.1	52665826.5	NA	NA
202637at7147	OZ223788.1	139349686.5	D5	D5
202679at7147	OZ223789.1	347864496.0	NA	NA
202692at7147	OZ223788.1	69983102.5	NA	NA
202862at7147	OZ223788.1	123742215.5	D3	D3
202948at7147	OZ223789.1	232847708.5	D4	D4
202954at7147	OZ223790.1	60990360.5	D1	D1
202970at7147	OZ223788.1	197362849.0	D3	D3
203027at7147	OZ223788.1	161841368.5	D5	D5
203057at7147	OZ223789.1	50672019.5	D2	D2
203388at7147	OZ223790.1	185841329.0	NA	NA
203403at7147	OZ223790.1	254404051.0	D3	D3
203444at7147	OZ223790.1	42299225.0	D1	D1
203551at7147	OZ223788.1	166220774.0	D5	D5
203569at7147	OZ223788.1	248490043.5	D3	D3
203576at7147	OZ223789.1	116047910.5	D2	D2
203671at7147	OZ223789.1	36975764.5	D2	D2
203695at7147	OZ223790.1	53502070.5	D1	D1
203733at7147	OZ223788.1	75622733.5	D1	D1
203893at7147	OZ223788.1	1706911.5	D5	D5
203903at7147	OZ223790.1	49712328.0	D1	D1
203937at7147	OZ223790.1	2094245.5	D1	D1
204032at7147	OZ223788.1	13012301.5	D5	D5
204035at7147	OZ223788.1	297329295.0	D3	D3
204057at7147	OZ223790.1	276461037.0	D3	D3
204218at7147	OZ223790.1	44739108.0	D1	D1
204245at7147	OZ223790.1	94661610.0	D1	D1
204329at7147	OZ223788.1	100805603.0	D5	D5
204348at7147	OZ223789.1	116132199.5	D2	D2
204383at7147	OZ223789.1	342514974.5	D4	D4
204426at7147	OZ223788.1	323554209.0	D3	D3
204476at7147	OZ223788.1	134403029.5	D3	D3
204530at7147	OZ223790.1	106601730.0	NA	NA
204542at7147	OZ223789.1	4474513.5	D2	D2
204566at7147	OZ223790.1	57743984.0	D1	D1
204581at7147	OZ223788.1	7298023.0	D5	D5
204616at7147	OZ223789.1	285053330.5	D4	D4
204706at7147	OZ223789.1	354808762.5	D4	D4
204754at7147	OZ223790.1	291345415.5	D3	D3
205197at7147	OZ223789.1	353302459.5	D4	D4
205199at7147	OZ223788.1	155521865.5	NA	NA
205264at7147	OZ223788.1	147058685.5	D5	D5
205381at7147	OZ223788.1	96100252.5	D5	D5
205395at7147	OZ223789.1	37209197.5	NA	NA
205395at7147	OZ223789.1	108904723.0	NA	NA
205421at7147	OZ223789.1	345457640.0	NA	NA
205542at7147	OZ223788.1	126468259.0	D3	D3
205547at7147	OZ223789.1	352410533.5	D4	D4
205559at7147	OZ223790.1	100397745.5	NA	NA
205575at7147	OZ223790.1	45095132.0	D1	D1
205624at7147	OZ223788.1	178846940.0	D5	D5
205708at7147	OZ223790.1	8152613.5	D1	D1
205742at7147	OZ223788.1	122576372.5	D3	D3
205813at7147	OZ223790.1	9727723.5	D1	D1
206125at7147	OZ223789.1	89379387.0	D2	D2
206246at7147	OZ223791.1	6082544.5	D6	D6
206281at7147	OZ223790.1	95347061.5	D1	D1
206361at7147	OZ223788.1	317540262.5	D3	D3
206372at7147	OZ223789.1	292883597.0	D4	D4
206399at7147	OZ223790.1	4298572.5	D1	D1
206632at7147	OZ223789.1	348259448.5	NA	NA
206669at7147	OZ223789.1	246516836.0	NA	NA
206736at7147	OZ223789.1	248431496.5	D4	D4
206750at7147	OZ223788.1	44310593.0	D5	D5
206872at7147	OZ223790.1	54332045.5	D1	D1
206914at7147	OZ223788.1	84409686.5	D5	D5
206928at7147	OZ223788.1	31521451.5	D5	D5
206995at7147	OZ223790.1	74171566.5	D1	D1
207042at7147	OZ223788.1	25913622.5	NA	NA
207078at7147	OZ223790.1	35271163.0	D1	D1
207122at7147	OZ223790.1	98861875.5	D1	D1
207163at7147	OZ223789.1	172611609.0	NA	NA
207316at7147	OZ223789.1	338981595.5	D4	D4
207337at7147	OZ223790.1	102241.0	NA	NA
207348at7147	OZ223789.1	185509659.5	D2	D2
207353at7147	OZ223788.1	324924594.5	D3	D3
207465at7147	OZ223789.1	352358474.0	NA	NA
207472at7147	OZ223789.1	351145819.0	D4	D4
207537at7147	OZ223790.1	299263086.0	D3	D3
207748at7147	OZ223790.1	291673593.0	NA	NA
207803at7147	OZ223788.1	312100862.5	D3	D3
207901at7147	OZ223788.1	352996752.5	D3	D3
208352at7147	OZ223789.1	118031921.5	D4	D4
208373at7147	OZ223788.1	103511832.5	NA	NA
208522at7147	OZ223789.1	44808337.0	NA	NA
208542at7147	OZ223788.1	297447407.5	D3	D3
208604at7147	OZ223788.1	33603804.0	D5	D5
208964at7147	OZ223790.1	261100690.0	D3	D3
208964at7147	OZ223790.1	261099131.0	D3	D3
209049at7147	OZ223788.1	4161404.5	NA	NA
209274at7147	OZ223788.1	7964492.5	D5	D5
209312at7147	OZ223790.1	164230233.5	D1	D1
209356at7147	OZ223789.1	37946444.0	D2	D2
209369at7147	OZ223788.1	227840611.5	D3	D3
209407at7147	OZ223789.1	157891729.5	D4	D4
209540at7147	OZ223788.1	355699133.0	NA	NA
209603at7147	OZ223790.1	124766643.5	D1	D1
209639at7147	OZ223789.1	231879336.5	D4	D4
209679at7147	OZ223788.1	339660467.0	NA	NA
209900at7147	OZ223788.1	10329409.0	D5	D5
209924at7147	OZ223790.1	141174371.5	D1	D1
209963at7147	OZ223790.1	42300784.0	D1	D1
210040at7147	OZ223790.1	52998673.5	D5	D5
210072at7147	OZ223790.1	291834777.5	D3	D3
210074at7147	OZ223788.1	8449228.5	D5	D5
210106at7147	OZ223789.1	231158115.0	NA	NA
210122at7147	OZ223790.1	271437675.0	NA	NA
210188at7147	OZ223788.1	84890139.5	NA	NA
210193at7147	OZ223790.1	97310952.0	D1	D1
210318at7147	OZ223790.1	184765086.5	NA	NA
210564at7147	OZ223790.1	61083148.0	D1	D1
210598at7147	OZ223788.1	40235287.0	D5	D5
210628at7147	OZ223789.1	284782840.0	D4	D4
210782at7147	OZ223788.1	10454766.0	D5	D5
210867at7147	OZ223789.1	336183928.5	D4	D4
211171at7147	OZ223791.1	2285206.5	D6	D6
211293at7147	OZ223788.1	163371629.5	D5	D5
211325at7147	OZ223788.1	132911190.0	D5	D5
211337at7147	OZ223788.1	141766442.5	NA	NA
211390at7147	OZ223789.1	254078157.0	NA	NA
211427at7147	OZ223790.1	295793061.0	D3	D3
211486at7147	OZ223789.1	338701468.0	D1	D1
211619at7147	OZ223790.1	288931878.0	D3	D3
211637at7147	OZ223789.1	109580879.5	D4	D4
211705at7147	OZ223790.1	294602920.5	D3	D3
211758at7147	OZ223788.1	352542451.0	D3	D3
211769at7147	OZ223790.1	237618279.5	NA	NA
211833at7147	OZ223790.1	130639133.5	D1	D1
211840at7147	OZ223789.1	90535526.0	D4	D4
211848at7147	OZ223788.1	95157297.0	D5	D5
211944at7147	OZ223789.1	3733173.0	D2	D2
211985at7147	OZ223788.1	351460135.0	D3	D3
212046at7147	OZ223790.1	49726486.5	D1	D1
212066at7147	OZ223789.1	9879888.5	D2	D2
212151at7147	OZ223788.1	139583043.5	D5	D5
212446at7147	OZ223789.1	30978248.5	NA	NA
212459at7147	OZ223788.1	153942306.0	D5	D5
212485at7147	OZ223789.1	345470586.5	NA	NA
212660at7147	OZ223789.1	50673547.5	NA	NA
212769at7147	OZ223790.1	206465822.0	D1	D1
212800at7147	OZ223788.1	226024318.5	D3	D3
213045at7147	OZ223789.1	9263971.0	NA	NA
213130at7147	OZ223790.1	152381216.0	D5	D5
213316at7147	OZ223788.1	310099189.5	NA	NA
213406at7147	OZ223789.1	272305659.0	D4	D4
213523at7147	OZ223789.1	68676790.5	D2	D2
213540at7147	OZ223790.1	192077349.0	D1	D1
213638at7147	OZ223789.1	84895288.0	D2	D2
213774at7147	OZ223790.1	7657059.0	NA	NA
213839at7147	OZ223789.1	292892295.5	D4	D4
214054at7147	OZ223788.1	348880245.0	D3	D3
214256at7147	OZ223790.1	78053964.5	NA	NA
214308at7147	OZ223790.1	182521678.5	D1	D1
214315at7147	OZ223788.1	309743582.5	D3	D3
214315at7147	OZ223789.1	237259043.0	D3	D3
214371at7147	OZ223789.1	41438530.5	D2	D2
214452at7147	OZ223789.1	199294261.5	D4	D4
214518at7147	OZ223790.1	289047100.5	D3	D3
214546at7147	OZ223790.1	285728607.0	D3	D3
214607at7147	OZ223789.1	279443097.5	D4	D4
214620at7147	OZ223789.1	115182223.5	D2	D2
214635at7147	OZ223788.1	62107220.5	D5	D5
214644at7147	OZ223789.1	201973738.5	D4	D4
214663at7147	OZ223789.1	350423694.5	D4	D4
214703at7147	OZ223789.1	353797779.0	NA	NA
214763at7147	OZ223790.1	295290880.5	D3	D3
214843at7147	OZ223789.1	202510708.0	NA	NA
214894at7147	OZ223788.1	351947127.5	NA	NA
214968at7147	OZ223790.1	153127282.0	D1	D1
215117at7147	OZ223790.1	57649479.0	D1	D1
215197at7147	OZ223788.1	163374259.0	D5	D5
215373at7147	OZ223789.1	19532073.5	D2	D2
215410at7147	OZ223789.1	109563896.5	NA	NA
215452at7147	OZ223790.1	175459834.5	D1	D1
215518at7147	OZ223790.1	37706668.5	D1	D1
215748at7147	OZ223788.1	199692979.5	D3	D3
215748at7147	OZ223788.1	199584327.0	D3	D3
215814at7147	OZ223788.1	347763491.5	D3	D3
215847at7147	OZ223790.1	51189744.5	D1	D1
215856at7147	OZ223790.1	67375934.5	D1	D1
215874at7147	OZ223789.1	2972640.5	D2	D2
215907at7147	OZ223790.1	137627629.0	NA	NA
216182at7147	OZ223789.1	298916863.0	D4	D4
216212at7147	OZ223788.1	194459844.0	D5	D5
216533at7147	OZ223790.1	259027053.5	D3	D3
216744at7147	OZ223790.1	296889735.5	D3	D3
216747at7147	OZ223788.1	214542723.5	D3	D3
216784at7147	OZ223788.1	323595151.0	NA	NA
216792at7147	OZ223788.1	172974637.0	D5	D5
216811at7147	OZ223788.1	307623112.5	D3	D3
216894at7147	OZ223788.1	157848463.5	D5	D5
216919at7147	OZ223788.1	224705577.5	D3	D3
217194at7147	OZ223790.1	284323480.0	NA	NA
217300at7147	OZ223788.1	271413808.5	D3	D3
217331at7147	OZ223789.1	296196323.5	D4	D4
217495at7147	OZ223790.1	135712536.5	D4	D4
217498at7147	OZ223788.1	7977665.0	D3	D3
217553at7147	OZ223789.1	152102940.5	D4	D4
217739at7147	OZ223790.1	98667886.0	D1	D1
217749at7147	OZ223789.1	42704167.0	D2	D2
217863at7147	OZ223790.1	271440044.5	D3	D3
217885at7147	OZ223789.1	251982189.5	NA	NA
217926at7147	OZ223788.1	83321891.0	D5	D5
217997at7147	OZ223789.1	9477272.5	NA	NA
217999at7147	OZ223788.1	122156281.5	D3	D3
218025at7147	OZ223790.1	172888082.0	NA	NA
218090at7147	OZ223791.1	1563404.0	D6	D6
218216at7147	OZ223790.1	95352649.5	D1	D1
218232at7147	OZ223789.1	342727876.5	D4	D4
218238at7147	OZ223790.1	119081751.5	D4	D4
218305at7147	OZ223789.1	205238350.5	NA	NA
218314at7147	OZ223789.1	190343479.5	D4	D4
218373at7147	OZ223790.1	130880465.0	D1	D1
218465at7147	OZ223788.1	29687241.0	D5	D5
218652at7147	OZ223790.1	172867757.0	D3	D3
218662at7147	OZ223789.1	254907808.0	D4	D4
218702at7147	OZ223789.1	232005335.5	D4	D4
218834at7147	OZ223789.1	183015830.0	D4	D4
218877at7147	OZ223790.1	272361751.5	D3	D3
218974at7147	OZ223790.1	285828531.0	D3	D3
219080at7147	OZ223789.1	1076677.5	NA	NA
219089at7147	OZ223790.1	198933895.5	D1	D1
219217at7147	OZ223789.1	165059979.0	D2	D2
219266at7147	OZ223788.1	112301865.0	NA	NA
219340at7147	OZ223790.1	285293315.0	D3	D3
219502at7147	OZ223789.1	234015492.5	D4	D4
219502at7147	OZ223789.1	234016753.5	D4	D4
219582at7147	OZ223788.1	8564447.5	D5	D5
219621at7147	OZ223788.1	351883017.5	D3	D3
219671at7147	OZ223790.1	294158236.5	D3	D3
219689at7147	OZ223789.1	277066192.5	NA	NA
219709at7147	OZ223790.1	156448778.0	D1	D1
219748at7147	OZ223789.1	164388070.0	D2	D2
219749at7147	OZ223788.1	166813963.5	D5	D5
219782at7147	OZ223789.1	205298710.0	D4	D4
219819at7147	OZ223789.1	352536511.0	NA	NA
219976at7147	OZ223789.1	103997533.0	D2	D2
219991at7147	OZ223789.1	47466783.5	D2	D2
220058at7147	OZ223789.1	153566331.5	NA	NA
220196at7147	OZ223788.1	149944160.0	D5	D5
220279at7147	OZ223789.1	295947092.5	D4	D4
220289at7147	OZ223789.1	32436796.0	D2	D2
220377at7147	OZ223789.1	11377273.5	NA	NA
220528at7147	OZ223789.1	276715659.5	D4	D4
220544at7147	OZ223790.1	3189867.0	D1	D1
220551at7147	OZ223790.1	108504291.5	D1	D1
220756at7147	OZ223788.1	67072304.0	NA	NA
220802at7147	OZ223788.1	139158860.5	D5	D5
220877at7147	OZ223790.1	152955436.5	D1	D1
220933at7147	OZ223788.1	100226989.5	D5	D5
220949at7147	OZ223788.1	27392392.5	NA	NA
221120at7147	OZ223790.1	125224336.0	D1	D1
221190at7147	OZ223788.1	37340221.0	D5	D5
221229at7147	OZ223790.1	117921419.0	D1	D1
221352at7147	OZ223789.1	9271025.0	D6	D6
221587at7147	OZ223788.1	251842490.5	D3	D3
221712at7147	OZ223788.1	333997729.5	D3	D3
221767at7147	OZ223790.1	3371383.0	NA	NA
221772at7147	OZ223788.1	217804194.5	D1	D1
221779at7147	OZ223790.1	284011702.0	NA	NA
221865at7147	OZ223790.1	18934127.0	D1	D1
221947at7147	OZ223790.1	299819165.0	D3	D3
221955at7147	OZ223789.1	353528088.0	NA	NA
221957at7147	OZ223790.1	309693.0	D5	D5
222038at7147	OZ223788.1	112588497.5	D1	D1
222040at7147	OZ223790.1	271316054.0	D3	D3
222109at7147	OZ223788.1	26902743.5	D5	D5
222145at7147	OZ223788.1	20230023.0	D4	D4
222175at7147	OZ223788.1	267510387.0	D3	D3
222228at7147	OZ223789.1	319629857.5	D4	D4
222283at7147	OZ223790.1	54293737.0	NA	NA
222421at7147	OZ223789.1	22318095.5	D1	D1
222425at7147	OZ223789.1	104006339.5	D3	D3
222458at7147	OZ223788.1	227768574.0	D3	D3
222652at7147	OZ223791.1	9852385.5	D6	D6
222703at7147	OZ223788.1	111893037.0	D5	D5
222783at7147	OZ223788.1	152378145.5	D5	D5
222790at7147	OZ223788.1	3897402.5	NA	NA
222834at7147	OZ223788.1	183208966.0	D5	D5
222873at7147	OZ223789.1	277030704.0	NA	NA
222906at7147	OZ223789.1	126192977.5	D2	D2
222932at7147	OZ223790.1	295178304.5	D3	D3
223201at7147	OZ223788.1	305977391.0	NA	NA
223263at7147	OZ223788.1	69951614.0	NA	NA
223496at7147	OZ223788.1	133409062.0	D5	D5
223623at7147	OZ223788.1	332395915.5	D3	D3
223645at7147	OZ223789.1	190265104.0	NA	NA
223744at7147	OZ223789.1	284334525.5	D4	D4
223772at7147	OZ223791.1	1423209.0	D6	D6
223792at7147	OZ223790.1	66657412.5	D1	D1
223865at7147	OZ223789.1	9348165.0	NA	NA
223877at7147	OZ223788.1	11105702.5	D5	D5
223939at7147	OZ223789.1	114289307.0	NA	NA
223992at7147	OZ223789.1	345490875.5	D4	D4
224130at7147	OZ223790.1	63604951.5	D1	D1
224146at7147	OZ223789.1	159422180.0	D2	D2
224266at7147	OZ223790.1	280237026.5	D3	D3
224392at7147	OZ223788.1	29444550.0	D5	D5
224410at7147	OZ223789.1	342084278.0	D4	D4
224411at7147	OZ223790.1	168991759.5	NA	NA
224474at7147	OZ223788.1	247262810.0	D3	D3
224516at7147	OZ223788.1	197763094.5	D3	D3
224606at7147	OZ223788.1	305563302.5	NA	NA
224754at7147	OZ223788.1	93300778.0	D5	D5
224781at7147	OZ223790.1	30681799.0	D1	D1
224801at7147	OZ223790.1	42523905.0	D1	D1
224872at7147	OZ223790.1	184755746.0	NA	NA
224916at7147	OZ223790.1	270673036.5	D3	D3
224956at7147	OZ223788.1	282955679.0	D6	D6
224995at7147	OZ223788.1	64423850.5	D5	D5
225053at7147	OZ223788.1	99006583.0	D5	D5
225082at7147	OZ223790.1	51859734.5	NA	NA
225239at7147	OZ223789.1	71984562.0	D2	D2
225425at7147	OZ223790.1	1071089.5	D1	D1
225427at7147	OZ223788.1	324398123.0	NA	NA
225447at7147	OZ223789.1	280976706.0	D4	D4
225536at7147	OZ223790.1	204306902.5	D3	D3
225581at7147	OZ223790.1	270649103.5	D3	D3
225633at7147	OZ223789.1	261268008.0	D4	D4
225812at7147	OZ223788.1	22215107.0	D1	D1
225854at7147	OZ223788.1	39768186.0	D5	D5
225861at7147	OZ223790.1	119086937.0	D1	D1
226095at7147	OZ223789.1	332566862.0	NA	NA
226105at7147	OZ223790.1	116526460.5	NA	NA
226119at7147	OZ223788.1	44691044.0	NA	NA
226451at7147	OZ223788.1	73919240.0	D5	D5
226641at7147	OZ223788.1	259036252.5	D3	D3
226656at7147	OZ223788.1	29818171.5	D5	D5
226661at7147	OZ223789.1	346076574.0	D4	D4
226671at7147	OZ223789.1	354922840.5	NA	NA
226747at7147	OZ223789.1	206067900.0	NA	NA
226750at7147	OZ223789.1	5727917.5	NA	NA
226752at7147	OZ223789.1	19523516.5	D3	D3
226864at7147	OZ223789.1	96020037.5	D2	D2
226878at7147	OZ223790.1	299794234.5	D3	D3
227055at7147	OZ223789.1	228282630.0	D4	D4
227061at7147	OZ223789.1	265045873.5	NA	NA
227250at7147	OZ223788.1	62107808.0	D5	D5
227327at7147	OZ223789.1	205630428.0	D4	D4
227369at7147	OZ223788.1	330355468.5	D3	D3
227395at7147	OZ223789.1	118010827.5	D4	D4
227440at7147	OZ223790.1	97307655.0	D1	D1
227465at7147	OZ223790.1	45089070.5	D1	D1
227473at7147	OZ223790.1	293989253.5	NA	NA
227680at7147	OZ223788.1	17314806.5	NA	NA
227682at7147	OZ223788.1	111394789.0	D5	D5
227814at7147	OZ223790.1	30532311.5	D1	D1
227847at7147	OZ223788.1	125839108.0	D3	D3
227886at7147	OZ223790.1	106368810.0	D1	D1
227899at7147	OZ223790.1	110242875.5	NA	NA
228058at7147	OZ223789.1	72127438.0	D2	D2
228410at7147	OZ223790.1	294469323.5	D3	D3
228439at7147	OZ223788.1	262182463.0	D3	D3
228587at7147	OZ223790.1	273800030.5	D3	D3
228725at7147	OZ223789.1	14170995.5	NA	NA
228740at7147	OZ223791.1	9891571.0	D6	D6
228997at7147	OZ223788.1	165048802.0	D5	D5
229026at7147	OZ223789.1	164748437.0	D2	D2
229091at7147	OZ223790.1	165371541.5	D1	D1
229094at7147	OZ223789.1	280883945.0	D4	D4
229124at7147	OZ223788.1	83306173.0	D5	D5
229132at7147	OZ223788.1	32575434.5	D1	D1
229153at7147	OZ223789.1	77493991.0	D2	D2
229217at7147	OZ223788.1	154032901.0	D5	D5
229217at7147	OZ223788.1	153969233.0	D5	D5
229334at7147	OZ223788.1	175224704.0	D5	D5
229391at7147	OZ223790.1	96247921.5	D3	D3
229432at7147	OZ223790.1	169014244.0	D1	D1
229492at7147	OZ223789.1	354774956.0	D4	D4
229672at7147	OZ223788.1	199740440.0	D3	D3
229756at7147	OZ223788.1	134284278.0	D5	D5
229769at7147	OZ223790.1	297217564.0	D3	D3
229817at7147	OZ223790.1	191123623.5	D1	D1
229842at7147	OZ223789.1	61245371.0	D2	D2
229985at7147	OZ223788.1	7374959.5	D1	D1
230011at7147	OZ223789.1	244832635.0	NA	NA
230093at7147	OZ223789.1	162756136.0	D2	D2
230100at7147	OZ223790.1	45029942.5	D1	D1
230103at7147	OZ223788.1	268110441.0	D3	D3
230158at7147	OZ223789.1	336366802.5	NA	NA
230190at7147	OZ223790.1	179746197.0	D1	D1
230195at7147	OZ223788.1	95972280.0	D5	D5
230202at7147	OZ223788.1	39788415.5	D5	D5
230211at7147	OZ223788.1	10400402.0	D5	D5
230372at7147	OZ223789.1	295937288.5	D4	D4
230403at7147	OZ223788.1	196445035.5	NA	NA
230416at7147	OZ223788.1	47321869.5	NA	NA
230420at7147	OZ223790.1	116519626.0	D1	D1
230721at7147	OZ223790.1	64406137.5	D1	D1
230730at7147	OZ223789.1	14736922.0	NA	NA
230730at7147	OZ223789.1	204556102.5	NA	NA
230733at7147	OZ223789.1	252043045.5	NA	NA
230735at7147	OZ223789.1	31366146.0	D2	D2
230877at7147	OZ223789.1	238467868.0	NA	NA
230928at7147	OZ223789.1	9480164.0	D2	D2
231005at7147	OZ223790.1	140505381.5	D5	D5
231038at7147	OZ223789.1	41605205.0	D2	D2
231059at7147	OZ223790.1	179449937.0	D2	D2
231117at7147	OZ223788.1	221280041.0	NA	NA
231185at7147	OZ223790.1	37373445.0	D1	D1
231212at7147	OZ223788.1	44966744.5	D5	D5
231288at7147	OZ223789.1	261090225.5	D4	D4
231315at7147	OZ223788.1	4655254.5	D5	D5
231446at7147	OZ223788.1	45542364.5	D5	D5
231500at7147	OZ223789.1	29359289.0	NA	NA
231519at7147	OZ223789.1	284818981.5	D4	D4
231607at7147	OZ223789.1	298913445.0	NA	NA
231675at7147	OZ223789.1	108694895.0	D3	D3
231846at7147	OZ223790.1	19858168.5	D4	D4
231889at7147	OZ223789.1	336416864.0	D2	D2
231937at7147	OZ223789.1	115356240.0	D2	D2
232030at7147	OZ223790.1	284251242.0	D3	D3
232153at7147	OZ223789.1	36178063.5	D2	D2
232174at7147	OZ223789.1	327700067.5	D4	D4
232297at7147	OZ223790.1	37909041.5	D1	D1
232366at7147	OZ223790.1	41292794.0	NA	NA
232528at7147	OZ223790.1	221878501.0	D3	D3
232531at7147	OZ223789.1	280742513.5	NA	NA
232552at7147	OZ223788.1	357061457.5	NA	NA
232624at7147	OZ223789.1	353304043.0	D4	D4
232669at7147	OZ223790.1	104637098.5	NA	NA
232701at7147	OZ223789.1	352204306.5	D4	D4
232800at7147	OZ223788.1	159888214.0	D5	D5
232822at7147	OZ223790.1	299579838.0	D3	D3
232835at7147	OZ223789.1	341060560.0	D4	D4
232952at7147	OZ223788.1	309846320.5	D3	D3
232966at7147	OZ223789.1	17634898.0	NA	NA
232996at7147	OZ223790.1	300183856.5	D3	D3
233135at7147	OZ223790.1	46313759.5	NA	NA
233185at7147	OZ223790.1	205076223.0	D3	D3
233260at7147	OZ223788.1	172845967.0	D5	D5
233263at7147	OZ223790.1	100447106.0	D1	D1
233318at7147	OZ223788.1	80017038.5	D5	D5
233474at7147	OZ223790.1	67587657.0	NA	NA
233694at7147	OZ223789.1	182848397.0	NA	NA
233751at7147	OZ223788.1	353035758.0	D3	D3
233816at7147	OZ223789.1	201392703.0	D3	D3
233903at7147	OZ223789.1	16516912.0	NA	NA
233984at7147	OZ223789.1	328967378.0	D4	D4
234002at7147	OZ223788.1	84454322.0	D5	D5
234306at7147	OZ223788.1	308576659.0	D3	D3
234367at7147	OZ223788.1	209966800.0	D3	D3
234585at7147	OZ223788.1	354162118.5	D3	D3
234666at7147	OZ223790.1	44775790.0	D1	D1
234671at7147	OZ223788.1	194334776.5	D5	D5
234677at7147	OZ223790.1	176298552.5	D1	D1
234740at7147	OZ223790.1	108156195.5	D1	D1
234759at7147	OZ223790.1	231279631.5	D3	D3
234805at7147	OZ223788.1	8666297.5	NA	NA
234808at7147	OZ223789.1	220619115.0	D4	D4
234994at7147	OZ223789.1	114292380.0	D2	D2
235153at7147	OZ223789.1	353207863.0	NA	NA
235193at7147	OZ223789.1	114097478.5	D2	D2
235260at7147	OZ223788.1	130706853.0	D5	D5
235280at7147	OZ223788.1	328445882.0	D3	D3
235326at7147	OZ223789.1	151938286.0	D2	D2
235351at7147	OZ223789.1	71913371.0	D2	D2
235403at7147	OZ223789.1	50774406.0	NA	NA
235410at7147	OZ223790.1	35726782.0	D1	D1
235423at7147	OZ223790.1	26352929.5	NA	NA
235431at7147	OZ223790.1	108674979.0	NA	NA
235435at7147	OZ223788.1	196591766.5	D4	D4
235448at7147	OZ223788.1	7184458.0	D5	D5
235467at7147	OZ223788.1	298565183.0	D3	D3
235503at7147	OZ223788.1	1306250.5	NA	NA
235509at7147	OZ223789.1	346468832.5	D4	D4
235545at7147	OZ223790.1	228779023.0	D3	D3
235602at7147	OZ223790.1	113380452.5	D1	D1
235656at7147	OZ223790.1	106483812.5	D1	D1
235673at7147	OZ223790.1	30376367.5	NA	NA
235673at7147	OZ223790.1	30374775.0	NA	NA
235700at7147	OZ223788.1	58035805.0	D5	D5
235715at7147	OZ223788.1	289377758.5	D3	D3
235831at7147	OZ223790.1	296828840.0	D3	D3
235960at7147	OZ223790.1	76555999.0	D1	D1
235988at7147	OZ223790.1	176145748.0	D1	D1
236052at7147	OZ223790.1	6617874.5	D1	D1
236124at7147	OZ223789.1	4637727.0	D2	D2
236125at7147	OZ223789.1	66183205.5	D2	D2
236272at7147	OZ223788.1	8591001.0	NA	NA
236334at7147	OZ223790.1	190437611.0	D1	D1
236368at7147	OZ223788.1	66780400.5	D5	D5
236395at7147	OZ223790.1	76256.0	D5	D5
236451at7147	OZ223789.1	196061234.5	NA	NA
236464at7147	OZ223789.1	208836351.0	D4	D4
236591at7147	OZ223788.1	7221759.5	NA	NA
236620at7147	OZ223790.1	295339858.0	D3	D3
237014at7147	OZ223789.1	310514806.5	D4	D4
237068at7147	OZ223789.1	271277679.0	D4	D4
237167at7147	OZ223790.1	252962097.5	D3	D3
237178at7147	OZ223790.1	139156087.5	D2	D2
237217at7147	OZ223789.1	2929205.0	D2	D2
237248at7147	OZ223790.1	286051037.5	D3	D3
237270at7147	OZ223789.1	353787010.5	D4	D4
237417at7147	OZ223789.1	31958199.0	NA	NA
237431at7147	OZ223790.1	296732765.0	D3	D3
237608at7147	OZ223789.1	319601098.0	D4	D4
237752at7147	OZ223790.1	292999058.5	D3	D3
237768at7147	OZ223789.1	118401908.5	D2	D2
237829at7147	OZ223789.1	90169327.0	D4	D4
237862at7147	OZ223788.1	139273925.0	D5	D5
237923at7147	OZ223790.1	31698503.0	D1	D1
238006at7147	OZ223789.1	1867127.0	D2	D2
238019at7147	OZ223788.1	100286077.0	NA	NA
238031at7147	OZ223788.1	354704647.5	D3	D3
238303at7147	OZ223789.1	11301164.5	D2	D2
238331at7147	OZ223790.1	56771798.5	D1	D1
238345at7147	OZ223790.1	8055831.0	D1	D1
238372at7147	OZ223789.1	328961936.0	D4	D4
238389at7147	OZ223790.1	159432971.0	D4	D4
238394at7147	OZ223789.1	344613704.0	D3	D3
238428at7147	OZ223789.1	276720851.0	D4	D4
238586at7147	OZ223790.1	298148440.0	D3	D3
238635at7147	OZ223789.1	173060599.5	NA	NA
238757at7147	OZ223789.1	183013814.5	D4	D4
238841at7147	OZ223788.1	3748381.5	D5	D5
238915at7147	OZ223788.1	208573381.0	D3	D3
238923at7147	OZ223788.1	191047024.0	D5	D5
239017at7147	OZ223788.1	141769831.0	D5	D5
239086at7147	OZ223789.1	4643634.0	D2	D2
239201at7147	OZ223789.1	89010568.5	NA	NA
239210at7147	OZ223788.1	197131243.0	D3	D3
239240at7147	OZ223788.1	245492341.0	D3	D3
239407at7147	OZ223789.1	109560522.0	D4	D4
239763at7147	OZ223789.1	345875576.5	D4	D4
239782at7147	OZ223790.1	296623313.5	NA	NA
239790at7147	OZ223789.1	49905281.5	NA	NA
239878at7147	OZ223788.1	17799887.5	NA	NA
239932at7147	OZ223790.1	60573702.5	D1	D1
240204at7147	OZ223790.1	55882026.0	D1	D1
240343at7147	OZ223788.1	75830893.5	D1	D1
240367at7147	OZ223788.1	44693464.5	D5	D5
240382at7147	OZ223789.1	1072918.5	NA	NA
240412at7147	OZ223790.1	30672280.5	D1	D1
240430at7147	OZ223789.1	35201039.0	NA	NA
240445at7147	OZ223790.1	180528128.0	D1	D1
240448at7147	OZ223790.1	44742614.5	D1	D1
240493at7147	OZ223789.1	295963391.5	D3	D3
240602at7147	OZ223790.1	8074652.0	D1	D1
240652at7147	OZ223789.1	68718267.0	D2	D2
240774at7147	OZ223789.1	111283677.5	NA	NA
240886at7147	OZ223789.1	277035139.5	NA	NA
241047at7147	OZ223788.1	37477405.0	D5	D5
241109at7147	OZ223790.1	130203200.5	D1	D1
241233at7147	OZ223788.1	35765921.0	D1	D1
241245at7147	OZ223788.1	26035840.0	NA	NA
241406at7147	OZ223790.1	297092928.5	D3	D3
241605at7147	OZ223789.1	327637748.0	D4	D4
241665at7147	OZ223790.1	273890823.5	D3	D3
241783at7147	OZ223790.1	126500677.0	D1	D1
241788at7147	OZ223788.1	349353518.0	D3	D3
241789at7147	OZ223788.1	109877716.0	D2	D2
241904at7147	OZ223788.1	138805479.0	D5	D5
241984at7147	OZ223790.1	115192867.5	NA	NA
242055at7147	OZ223788.1	138610036.0	NA	NA
242106at7147	OZ223788.1	307658659.5	D3	D3
242116at7147	OZ223790.1	155826532.0	D1	D1
242120at7147	OZ223789.1	244842365.5	D4	D4
242124at7147	OZ223788.1	324286410.5	D3	D3
242228at7147	OZ223788.1	165750742.0	NA	NA
242314at7147	OZ223788.1	32786013.0	D5	D5
242339at7147	OZ223789.1	92080817.0	NA	NA
242359at7147	OZ223789.1	29319461.0	D2	D2
242385at7147	OZ223788.1	248550294.5	NA	NA
242397at7147	OZ223789.1	124249081.0	D2	D2
242460at7147	OZ223788.1	230865442.5	D3	D3
242514at7147	OZ223790.1	27494024.5	NA	NA
242564at7147	OZ223790.1	136030390.0	D1	D1
242686at7147	OZ223790.1	228910836.0	D3	D3
242811at7147	OZ223789.1	11053370.5	D2	D2
242925at7147	OZ223789.1	168915811.0	NA	NA
243046at7147	OZ223789.1	254915086.0	D4	D4
243105at7147	OZ223789.1	47586261.5	NA	NA
243117at7147	OZ223790.1	179266013.0	D1	D1
243122at7147	OZ223790.1	136043223.5	D1	D1
243289at7147	OZ223790.1	96868775.0	D1	D1
243458at7147	OZ223788.1	152017654.0	NA	NA
243486at7147	OZ223789.1	285452062.0	NA	NA
243513at7147	OZ223790.1	110156118.0	D1	D1
243541at7147	OZ223789.1	354806709.0	D4	D4
243617at7147	OZ223789.1	251495831.0	D4	D4
243722at7147	OZ223790.1	110156110.0	D1	D1
243777at7147	OZ223790.1	274003532.5	D3	D3
243843at7147	OZ223790.1	3339262.0	D1	D1
243992at7147	OZ223790.1	3412501.5	NA	NA
244151at7147	OZ223789.1	157888159.5	D4	D4
244169at7147	OZ223789.1	59893745.5	NA	NA
244169at7147	OZ223789.1	1091469.0	NA	NA
244310at7147	OZ223788.1	95955762.0	D5	D5
244396at7147	OZ223789.1	9313388.5	NA	NA
244473at7147	OZ223789.1	32807721.5	D2	D2
244550at7147	OZ223789.1	329304315.5	NA	NA
244585at7147	OZ223791.1	9485409.5	D6	D6
244662at7147	OZ223789.1	168415216.5	NA	NA
244913at7147	OZ223789.1	115476887.5	NA	NA
244942at7147	OZ223789.1	285056222.0	D3	D3
245009at7147	OZ223788.1	37058075.0	NA	NA
245053at7147	OZ223788.1	56740442.5	D5	D5
245107at7147	OZ223790.1	291359457.0	D3	D3
245191at7147	OZ223788.1	337643035.5	D3	D3
245398at7147	OZ223789.1	16325162.5	D5	D5
245415at7147	OZ223789.1	71691291.5	D2	D2
245428at7147	OZ223790.1	64107065.0	D1	D1
245598at7147	OZ223790.1	179290332.0	NA	NA
245660at7147	OZ223789.1	350783120.0	NA	NA
245796at7147	OZ223790.1	38083632.0	NA	NA
245898at7147	OZ223788.1	161683477.5	D5	D5
246220at7147	OZ223790.1	156016634.0	NA	NA
246352at7147	OZ223790.1	171326417.5	D2	D2
246361at7147	OZ223790.1	275534945.0	D3	D3
246384at7147	OZ223788.1	351157040.5	NA	NA
246425at7147	OZ223790.1	90005865.0	D1	D1
246460at7147	OZ223789.1	265282862.5	D4	D4
246477at7147	OZ223788.1	309838318.0	NA	NA
246773at7147	OZ223789.1	169450135.5	NA	NA
246788at7147	OZ223790.1	294160435.5	NA	NA
246807at7147	OZ223790.1	253944103.0	D3	D3
246813at7147	OZ223788.1	100778531.5	D5	D5
246946at7147	OZ223789.1	342889504.5	D4	D4
247074at7147	OZ223788.1	3582836.5	D5	D5
247122at7147	OZ223790.1	130653341.5	D1	D1
247149at7147	OZ223790.1	175491059.5	D1	D1
247235at7147	OZ223788.1	65879268.5	D5	D5
247288at7147	OZ223790.1	113178134.5	D1	D1
247289at7147	OZ223789.1	309566063.0	D4	D4
247353at7147	OZ223789.1	66926239.0	NA	NA
247389at7147	OZ223790.1	78055149.5	D4	D4
247393at7147	OZ223788.1	66353192.0	NA	NA
247421at7147	OZ223790.1	182138487.0	NA	NA
247442at7147	OZ223788.1	355696784.5	D3	D3
247544at7147	OZ223790.1	291704819.5	D3	D3
247614at7147	OZ223789.1	17746225.5	D2	D2
247755at7147	OZ223788.1	58041324.0	D5	D5
247793at7147	OZ223791.1	11935645.0	D6	D6
247798at7147	OZ223789.1	345480202.5	NA	NA
247859at7147	OZ223788.1	350960519.5	D3	D3
247961at7147	OZ223790.1	296762897.5	D3	D3
248030at7147	OZ223789.1	263598274.5	D4	D4
248087at7147	OZ223789.1	145398940.5	NA	NA
248179at7147	OZ223790.1	287971496.5	D3	D3
248245at7147	OZ223788.1	97901104.5	D5	D5
248256at7147	OZ223790.1	271313362.5	D3	D3
248354at7147	OZ223788.1	317267436.5	D3	D3
248412at7147	OZ223789.1	237768956.5	NA	NA
248528at7147	OZ223789.1	319594364.5	D4	D4
248530at7147	OZ223790.1	115996528.5	D6	D6
248569at7147	OZ223790.1	196913466.5	D3	D3
248591at7147	OZ223789.1	45216535.0	NA	NA
248599at7147	OZ223789.1	110525474.5	D4	D4
248623at7147	OZ223788.1	45371819.0	D5	D5
248755at7147	OZ223790.1	65846416.5	D1	D1
248858at7147	OZ223789.1	5229599.0	D5	D5
248914at7147	OZ223789.1	214502518.0	D4	D4
248932at7147	OZ223788.1	264399067.5	D3	D3
248981at7147	OZ223788.1	136744308.5	D5	D5
249036at7147	OZ223789.1	10705622.5	D2	D2
249041at7147	OZ223789.1	118329533.0	D2	D2
249087at7147	OZ223789.1	328692779.5	D4	D4
249262at7147	OZ223789.1	319491841.5	D1	D1
249263at7147	OZ223788.1	4035174.5	D5	D5
249317at7147	OZ223789.1	337085673.0	D4	D4
249380at7147	OZ223790.1	227767782.5	D3	D3
249383at7147	OZ223788.1	12430929.5	D5	D5
249446at7147	OZ223789.1	134533341.0	D2	D2
249460at7147	OZ223788.1	139891325.5	NA	NA
249524at7147	OZ223788.1	225372543.5	D3	D3
249556at7147	OZ223789.1	226274481.5	D4	D4
249582at7147	OZ223790.1	9557943.5	D1	D1
249592at7147	OZ223790.1	51134872.0	D1	D1
249654at7147	OZ223790.1	164646143.0	D1	D1
249677at7147	OZ223789.1	223047932.5	NA	NA
249737at7147	OZ223788.1	171116386.0	NA	NA
249779at7147	OZ223788.1	66751116.5	D5	D5
249779at7147	OZ223788.1	66764815.5	D5	D5
249779at7147	OZ223788.1	66755652.5	D5	D5
249779at7147	OZ223788.1	66743490.5	D5	D5
249779at7147	OZ223788.1	66746519.5	D5	D5
249779at7147	OZ223788.1	66758681.5	D5	D5
249779at7147	OZ223788.1	66761733.5	D5	D5
249799at7147	OZ223789.1	345365914.0	NA	NA
250006at7147	OZ223788.1	210300530.0	NA	NA
250017at7147	OZ223788.1	205243197.0	D1	D1
250167at7147	OZ223790.1	49838909.0	D1	D1
250262at7147	OZ223789.1	76733961.5	D3	D3
250340at7147	OZ223788.1	321645854.0	D3	D3
250348at7147	OZ223790.1	98561482.0	D1	D1
250425at7147	OZ223789.1	338251421.0	D4	D4
250473at7147	OZ223789.1	42708664.0	D3	D3
250477at7147	OZ223790.1	298569366.0	D6	D6
250539at7147	OZ223790.1	51404629.5	NA	NA
250601at7147	OZ223789.1	310310422.5	D4	D4
250603at7147	OZ223789.1	251546579.0	D3	D3
250604at7147	OZ223788.1	40237269.0	D5	D5
250611at7147	OZ223788.1	174083749.5	D5	D5
250679at7147	OZ223789.1	344745810.5	D4	D4
250868at7147	OZ223788.1	171031071.0	D5	D5
250915at7147	OZ223788.1	232280368.0	NA	NA
250949at7147	OZ223789.1	279376292.0	NA	NA
251004at7147	OZ223789.1	204834898.5	D4	D4
251010at7147	OZ223789.1	323341368.5	NA	NA
251050at7147	OZ223789.1	285404343.0	D4	D4
251108at7147	OZ223788.1	44722050.5	D4	D4
251252at7147	OZ223790.1	125140245.0	D1	D1
251255at7147	OZ223788.1	78088826.0	D1	D1
251255at7147	OZ223788.1	76411524.5	D1	D1
251353at7147	OZ223789.1	118403196.0	D2	D2
251467at7147	OZ223790.1	51007.0	D1	D1
251730at7147	OZ223790.1	294156664.5	NA	NA
251776at7147	OZ223790.1	98530893.0	D1	D1
251908at7147	OZ223790.1	189188850.5	D1	D1
252042at7147	OZ223788.1	353343999.5	D3	D3
252061at7147	OZ223788.1	8669086.0	NA	NA
252068at7147	OZ223789.1	308373846.5	NA	NA
252099at7147	OZ223788.1	324268464.5	D3	D3
252141at7147	OZ223790.1	179175577.0	D4	D4
252158at7147	OZ223789.1	196310291.0	D4	D4
252159at7147	OZ223788.1	119011096.0	NA	NA
252191at7147	OZ223790.1	270503376.5	NA	NA
252292at7147	OZ223789.1	253761577.5	D4	D4
252301at7147	OZ223790.1	60027.0	D1	D1
252361at7147	OZ223790.1	175861148.0	D1	D1
252544at7147	OZ223790.1	17270682.0	D1	D1
252557at7147	OZ223790.1	231389137.5	D3	D3
252597at7147	OZ223788.1	20681300.0	D5	D5
252614at7147	OZ223788.1	105609651.5	D5	D5
252642at7147	OZ223788.1	9846421.0	D5	D5
252660at7147	OZ223789.1	117790349.5	NA	NA
252684at7147	OZ223788.1	133528982.5	D5	D5
252793at7147	OZ223790.1	51667176.0	D1	D1
252815at7147	OZ223788.1	308849861.5	D3	D3
252823at7147	OZ223788.1	356982321.5	D3	D3
252835at7147	OZ223789.1	340833254.0	D4	D4
252939at7147	OZ223789.1	229988494.5	D4	D4
252968at7147	OZ223790.1	35048890.0	D1	D1
252971at7147	OZ223789.1	147224888.5	NA	NA
252979at7147	OZ223789.1	280960530.5	D4	D4
253065at7147	OZ223790.1	104540243.5	NA	NA
253068at7147	OZ223790.1	293750396.5	D3	D3
253148at7147	OZ223790.1	49471322.0	D1	D1
253255at7147	OZ223790.1	30469372.5	NA	NA
253335at7147	OZ223789.1	350726886.0	D4	D4
253357at7147	OZ223788.1	255769704.0	D3	D3
253421at7147	OZ223789.1	177587492.5	NA	NA
253521at7147	OZ223790.1	293845075.0	NA	NA
253582at7147	OZ223788.1	22176276.0	D5	D5
253584at7147	OZ223788.1	39757362.5	NA	NA
253625at7147	OZ223788.1	95196963.5	D5	D5
253719at7147	OZ223790.1	10947304.0	D1	D1
253768at7147	OZ223789.1	333273921.5	D2	D2
253807at7147	OZ223789.1	309580091.5	D5	D5
253912at7147	OZ223788.1	248132345.0	NA	NA
253961at7147	OZ223789.1	345498577.5	NA	NA
253970at7147	OZ223789.1	353438928.0	D4	D4
254013at7147	OZ223788.1	117522043.5	D5	D5
254077at7147	OZ223790.1	20143989.0	D1	D1
254081at7147	OZ223789.1	268357507.0	D3	D3
254130at7147	OZ223790.1	178510183.0	NA	NA
254236at7147	OZ223790.1	128714166.0	D1	D1
254294at7147	OZ223790.1	9997951.5	D1	D1
254308at7147	OZ223788.1	284226912.0	NA	NA
254340at7147	OZ223788.1	222643191.5	D3	D3
254384at7147	OZ223788.1	134279403.5	D2	D2
254505at7147	OZ223788.1	27206110.5	NA	NA
254558at7147	OZ223788.1	153923671.5	D5	D5
254635at7147	OZ223789.1	89152881.5	D2	D2
254729at7147	OZ223790.1	132713566.0	D1	D1
254745at7147	OZ223789.1	284018855.5	D4	D4
254776at7147	OZ223789.1	212428951.0	D4	D4
254826at7147	OZ223788.1	5544665.0	D5	D5
254866at7147	OZ223788.1	35633730.5	NA	NA
254929at7147	OZ223789.1	196362832.0	D6	D6
255198at7147	OZ223790.1	78051814.5	D1	D1
255232at7147	OZ223790.1	52968472.5	D1	D1
255269at7147	OZ223788.1	66601136.5	D5	D5
255443at7147	OZ223790.1	284308295.0	NA	NA
255496at7147	OZ223789.1	124286088.0	NA	NA
255500at7147	OZ223789.1	337883894.0	D2	D2
255721at7147	OZ223788.1	5262791.0	D5	D5
255778at7147	OZ223789.1	277054319.0	NA	NA
255795at7147	OZ223788.1	126209582.5	D3	D3
255800at7147	OZ223790.1	64422634.5	D1	D1
255927at7147	OZ223790.1	271062663.0	NA	NA
255951at7147	OZ223790.1	98686559.0	NA	NA
255991at7147	OZ223788.1	299797716.5	D3	D3
256046at7147	OZ223789.1	115322407.5	D2	D2
256107at7147	OZ223790.1	286043537.0	D3	D3
256150at7147	OZ223789.1	338983146.0	D4	D4
256359at7147	OZ223790.1	139003214.0	D2	D2
256446at7147	OZ223789.1	188748827.0	D4	D4
256470at7147	OZ223788.1	135009221.0	NA	NA
256493at7147	OZ223788.1	123055159.5	D3	D3
256533at7147	OZ223789.1	246517214.5	D4	D4
256579at7147	OZ223788.1	3932418.0	D5	D5
256647at7147	OZ223788.1	122613938.0	D3	D3
256756at7147	OZ223788.1	126990043.0	D3	D3
256773at7147	OZ223790.1	74839698.5	NA	NA
256785at7147	OZ223788.1	6252205.5	NA	NA
256852at7147	OZ223788.1	58316862.5	D5	D5
257034at7147	OZ223790.1	51765999.5	D1	D1
257063at7147	OZ223788.1	247689693.5	D3	D3
257074at7147	OZ223789.1	338253905.0	D4	D4
257149at7147	OZ223789.1	164927150.5	D2	D2
257205at7147	OZ223790.1	118165149.5	D1	D1
257513at7147	OZ223790.1	163398446.5	D1	D1
257558at7147	OZ223790.1	229968565.5	D3	D3
257562at7147	OZ223788.1	133524813.5	D5	D5
257716at7147	OZ223789.1	18413528.5	D1	D1
257724at7147	OZ223790.1	49790907.0	D1	D1
257726at7147	OZ223788.1	355011606.0	NA	NA
257774at7147	OZ223789.1	260606557.0	D4	D4
257791at7147	OZ223789.1	352171129.5	NA	NA
257837at7147	OZ223789.1	5731691.5	NA	NA
257845at7147	OZ223789.1	289381957.0	NA	NA
257854at7147	OZ223789.1	5784534.0	D2	D2
257859at7147	OZ223788.1	315394187.5	D3	D3
257907at7147	OZ223789.1	14043748.0	D2	D2
257968at7147	OZ223790.1	201748709.0	NA	NA
258008at7147	OZ223789.1	2947839.5	D2	D2
258018at7147	OZ223788.1	231481605.0	D3	D3
258056at7147	OZ223788.1	7937296.0	D5	D5
258259at7147	OZ223788.1	212431830.5	D3	D3
258363at7147	OZ223789.1	153999964.5	NA	NA
258537at7147	OZ223790.1	204114940.5	D3	D3
258591at7147	OZ223788.1	257825648.0	D3	D3
258667at7147	OZ223788.1	4035852.5	NA	NA
258674at7147	OZ223789.1	14867575.0	D2	D2
258841at7147	OZ223791.1	6069386.0	D6	D6
258862at7147	OZ223790.1	278117345.5	D6	D6
258940at7147	OZ223790.1	128749884.0	D1	D1
258962at7147	OZ223790.1	5929234.5	NA	NA
259008at7147	OZ223788.1	122130853.0	D3	D3
259017at7147	OZ223789.1	47499346.0	D2	D2
259060at7147	OZ223789.1	124311694.0	NA	NA
259106at7147	OZ223790.1	416461.0	D3	D3
259157at7147	OZ223788.1	221386411.0	D3	D3
259232at7147	OZ223789.1	329314556.0	NA	NA
259255at7147	OZ223790.1	152292920.0	D3	D3
259296at7147	OZ223789.1	11378706.5	D3	D3
259299at7147	OZ223788.1	251227652.5	D3	D3
259332at7147	OZ223790.1	202286552.0	D3	D3
259411at7147	OZ223788.1	47345114.0	D5	D5
259431at7147	OZ223790.1	139353875.5	NA	NA
259489at7147	OZ223788.1	67253923.0	D5	D5
259691at7147	OZ223790.1	292897210.5	D3	D3
259745at7147	OZ223790.1	185684616.0	NA	NA
259800at7147	OZ223789.1	85685720.0	NA	NA
259866at7147	OZ223788.1	65460541.0	D5	D5
260031at7147	OZ223790.1	194003067.5	D1	D1
260154at7147	OZ223788.1	7935182.0	D5	D5
260249at7147	OZ223789.1	271279189.5	D4	D4
260276at7147	OZ223789.1	52996031.5	D4	D4
260331at7147	OZ223789.1	338281738.0	D4	D4
260381at7147	OZ223788.1	63424498.0	NA	NA
260397at7147	OZ223788.1	42206594.5	NA	NA
260425at7147	OZ223788.1	16758788.5	D4	D4
260456at7147	OZ223790.1	115025957.5	D1	D1
260461at7147	OZ223788.1	719553.5	NA	NA
260478at7147	OZ223788.1	333933659.0	D4	D4
260498at7147	OZ223790.1	130472696.5	NA	NA
260600at7147	OZ223789.1	68710230.5	NA	NA
260626at7147	OZ223788.1	271661291.0	D3	D3
260788at7147	OZ223790.1	108302710.0	D1	D1
260837at7147	OZ223790.1	155473108.5	NA	NA
260859at7147	OZ223789.1	353271858.0	D4	D4
260859at7147	HAP1_SCAFFOLD_911	6281.5	D4	D4
260915at7147	OZ223789.1	341966667.0	D4	D4
260922at7147	OZ223789.1	116383783.5	NA	NA
260922at7147	OZ223789.1	332336793.5	NA	NA
260922at7147	OZ223790.1	289059538.0	NA	NA
260922at7147	OZ223788.1	86660105.5	NA	NA
260974at7147	OZ223789.1	102607809.5	D2	D2
260978at7147	OZ223790.1	44763375.5	D1	D1
261017at7147	OZ223790.1	294982731.5	D3	D3
261164at7147	OZ223788.1	1303423.5	NA	NA
261225at7147	OZ223788.1	33875542.5	NA	NA
261350at7147	OZ223789.1	354926429.5	D4	D4
261364at7147	OZ223788.1	353649589.5	D3	D3
261374at7147	OZ223788.1	38571152.5	NA	NA
261416at7147	OZ223789.1	162755139.5	D2	D2
261446at7147	OZ223788.1	175223062.5	D5	D5
261520at7147	OZ223790.1	98539077.0	D2	D2
261561at7147	OZ223789.1	242865858.0	D4	D4
261824at7147	OZ223789.1	43918889.5	NA	NA
261824at7147	OZ223789.1	44093110.0	NA	NA
261824at7147	OZ223789.1	43971740.0	NA	NA
261841at7147	OZ223788.1	39864861.5	D5	D5
261900at7147	OZ223790.1	137596181.5	NA	NA
261987at7147	OZ223788.1	154866210.5	NA	NA
262133at7147	OZ223790.1	221745799.0	D3	D3
262164at7147	OZ223790.1	168974428.0	D1	D1
262341at7147	OZ223788.1	43046785.0	NA	NA
262394at7147	OZ223789.1	335332371.5	D4	D4
262476at7147	OZ223790.1	271061458.5	D3	D3
262641at7147	OZ223790.1	151174569.5	D1	D1
262672at7147	OZ223788.1	308859782.0	D3	D3
262736at7147	OZ223790.1	114431813.0	D1	D1
262788at7147	OZ223790.1	8064996.0	D1	D1
262843at7147	OZ223790.1	297077861.5	NA	NA
262890at7147	OZ223788.1	3488660.0	D5	D5
262916at7147	OZ223789.1	292640581.0	NA	NA
263026at7147	OZ223788.1	165058969.5	D5	D5
263176at7147	OZ223788.1	207567052.0	D3	D3
263209at7147	OZ223789.1	39343466.5	D2	D2
263519at7147	OZ223788.1	211319455.0	D3	D3
263544at7147	OZ223790.1	216123442.5	D3	D3
263557at7147	OZ223790.1	285296045.0	NA	NA
263622at7147	OZ223788.1	258017432.0	NA	NA
263649at7147	OZ223788.1	175604859.5	D5	D5
263692at7147	OZ223789.1	285560016.0	D4	D4
263809at7147	OZ223788.1	278872215.5	D3	D3
263812at7147	OZ223790.1	64485765.5	D1	D1
263840at7147	OZ223790.1	210498102.5	NA	NA
263862at7147	OZ223789.1	353826600.0	D4	D4
263976at7147	OZ223789.1	41457492.0	D2	D2
264016at7147	OZ223788.1	323300809.5	D3	D3
264043at7147	OZ223790.1	38058503.0	NA	NA
264069at7147	OZ223790.1	198767049.0	D1	D1
264083at7147	OZ223789.1	92549923.0	NA	NA
264141at7147	OZ223788.1	145419532.0	D5	D5
264221at7147	OZ223788.1	281784094.0	D3	D3
264221at7147	OZ223788.1	281787200.0	D3	D3
264309at7147	OZ223788.1	195581145.5	D5	D5
264387at7147	OZ223789.1	350374949.0	D4	D4
264404at7147	OZ223790.1	76042351.5	D1	D1
264428at7147	OZ223790.1	108975717.5	NA	NA
264617at7147	OZ223788.1	156498601.0	NA	NA
264634at7147	OZ223790.1	293843767.5	D3	D3
264702at7147	OZ223789.1	232650779.0	D4	D4
264845at7147	OZ223790.1	68035565.0	D1	D1
264861at7147	OZ223790.1	6357018.5	D1	D1
264982at7147	OZ223790.1	289024806.0	NA	NA
264987at7147	OZ223790.1	226357353.5	D3	D3
264989at7147	OZ223790.1	110138644.5	D1	D1
265104at7147	OZ223788.1	167525866.5	D2	D2
265118at7147	OZ223790.1	280937429.5	D3	D3
265145at7147	OZ223790.1	51855713.0	D1	D1
265148at7147	OZ223790.1	141025283.0	D1	D1
265149at7147	OZ223788.1	357510.0	D5	D5
265154at7147	OZ223788.1	355611196.0	D3	D3
265189at7147	OZ223790.1	165508875.0	D1	D1
265202at7147	OZ223789.1	1862763.5	D2	D2
265311at7147	OZ223788.1	210272286.0	D3	D3
265341at7147	OZ223788.1	297738696.0	D3	D3
265407at7147	OZ223789.1	9019003.5	D2	D2
265425at7147	OZ223788.1	139679368.0	D5	D5
265429at7147	OZ223789.1	37818917.5	D2	D2
265468at7147	OZ223788.1	249895361.5	D3	D3
265480at7147	OZ223790.1	292269781.5	NA	NA
265490at7147	OZ223790.1	140496753.0	D1	D1
265491at7147	OZ223789.1	317985779.0	NA	NA
265580at7147	OZ223788.1	124883254.0	D3	D3
265585at7147	OZ223789.1	112889798.5	D2	D2
265601at7147	OZ223790.1	253562809.5	D3	D3
265827at7147	OZ223788.1	150563461.5	D1	D1
265829at7147	OZ223788.1	255778853.0	D3	D3
265927at7147	OZ223789.1	42851335.5	D2	D2
266047at7147	OZ223789.1	234433102.5	D2	D2
266083at7147	OZ223788.1	205242212.5	NA	NA
266121at7147	OZ223788.1	317843810.0	D3	D3
266130at7147	OZ223788.1	264508364.5	D3	D3
266157at7147	OZ223788.1	13781448.5	D4	D4
266159at7147	OZ223790.1	119084360.0	NA	NA
266202at7147	OZ223790.1	35092496.0	D1	D1
266347at7147	OZ223788.1	7058333.5	D5	D5
266363at7147	OZ223788.1	1093097.0	D5	D5
266482at7147	OZ223788.1	136824748.0	D5	D5
266537at7147	OZ223789.1	88989317.0	NA	NA
266550at7147	OZ223789.1	349087041.0	NA	NA
266611at7147	OZ223789.1	84799046.0	D2	D2
266814at7147	OZ223790.1	295754953.5	D3	D3
266921at7147	OZ223788.1	342590089.5	D3	D3
267016at7147	OZ223789.1	112774053.5	NA	NA
267049at7147	OZ223788.1	315384489.5	D4	D4
267052at7147	OZ223789.1	354903783.0	D4	D4
267189at7147	OZ223788.1	204978915.5	D3	D3
267242at7147	OZ223790.1	26370974.5	D1	D1
267265at7147	OZ223790.1	54293693.0	D1	D1
267330at7147	OZ223790.1	63292315.0	NA	NA
267483at7147	OZ223790.1	122031297.0	D1	D1
267502at7147	OZ223789.1	237876551.0	D4	D4
267567at7147	OZ223789.1	351132732.0	D4	D4
267590at7147	OZ223790.1	34215343.0	D1	D1
267608at7147	OZ223790.1	270985796.5	D4	D4
267616at7147	OZ223790.1	221742558.0	NA	NA
267663at7147	OZ223789.1	168423416.0	D4	D4
267735at7147	OZ223788.1	139383545.0	NA	NA
267736at7147	OZ223788.1	302648442.5	D3	D3
267819at7147	OZ223788.1	212719209.5	D3	D3
267852at7147	OZ223788.1	30451531.0	NA	NA
267888at7147	OZ223789.1	328892962.0	D4	D4
268234at7147	OZ223788.1	166840678.0	D5	D5
268351at7147	OZ223790.1	264697385.5	NA	NA
268359at7147	OZ223789.1	53881942.0	NA	NA
268384at7147	OZ223789.1	345187000.0	D4	D4
268554at7147	OZ223790.1	159593660.0	NA	NA
268784at7147	OZ223790.1	297751480.0	D3	D3
268789at7147	OZ223790.1	55508606.0	D1	D1
268798at7147	OZ223788.1	27207643.5	D5	D5
268871at7147	OZ223789.1	335342065.0	D4	D4
268926at7147	OZ223788.1	27389154.0	D5	D5
268929at7147	OZ223789.1	20550457.5	D2	D2
268940at7147	OZ223788.1	165052503.0	NA	NA
269141at7147	OZ223790.1	49432046.0	D1	D1
269169at7147	OZ223790.1	167882312.0	NA	NA
269320at7147	OZ223789.1	182925128.5	D1	D1
269405at7147	OZ223789.1	280952393.0	D4	D4
269444at7147	OZ223789.1	22211932.0	D2	D2
269467at7147	OZ223788.1	140210112.5	NA	NA
269533at7147	OZ223790.1	47253692.5	D1	D1
269538at7147	OZ223790.1	65045149.5	D1	D1
269544at7147	OZ223790.1	226355940.0	D3	D3
269745at7147	OZ223790.1	107890600.5	NA	NA
269826at7147	OZ223790.1	294647490.0	D3	D3
269897at7147	OZ223790.1	74183821.0	D1	D1
269959at7147	OZ223789.1	18143034.5	D2	D2
270008at7147	OZ223788.1	226299033.0	D3	D3
270210at7147	OZ223788.1	302391452.5	D3	D3
270255at7147	OZ223788.1	348906900.5	D3	D3
270295at7147	OZ223789.1	248656597.0	NA	NA
270297at7147	OZ223789.1	328959425.5	D4	D4
270382at7147	OZ223790.1	49438496.0	D1	D1
270439at7147	OZ223789.1	345503700.0	D4	D4
270465at7147	OZ223788.1	200475795.0	D3	D3
270478at7147	OZ223788.1	340038381.0	NA	NA
270657at7147	OZ223790.1	167042741.0	D1	D1
270720at7147	OZ223788.1	300420346.0	D3	D3
270782at7147	OZ223788.1	165062926.5	NA	NA
270784at7147	OZ223789.1	145176860.5	D2	D2
270794at7147	OZ223789.1	352185540.5	D4	D4
270804at7147	OZ223790.1	176995362.5	D1	D1
270852at7147	OZ223790.1	291388887.0	D3	D3
270856at7147	OZ223789.1	285041473.5	NA	NA
270859at7147	OZ223788.1	124662074.5	NA	NA
270898at7147	OZ223788.1	69776664.0	D4	D4
271012at7147	OZ223790.1	66408965.0	D1	D1
271043at7147	OZ223788.1	314063071.5	D3	D3
271219at7147	OZ223790.1	110107422.5	D1	D1
271225at7147	OZ223790.1	268076338.5	NA	NA
271237at7147	OZ223789.1	267595055.0	D4	D4
271333at7147	OZ223790.1	8666146.5	D1	D1
271359at7147	OZ223790.1	116642766.5	D1	D1
271368at7147	OZ223788.1	133432281.5	D5	D5
271390at7147	OZ223789.1	318215639.5	D4	D4
271424at7147	OZ223788.1	193758552.0	NA	NA
271478at7147	OZ223789.1	113476766.5	D2	D2
271537at7147	OZ223788.1	165710557.5	D5	D5
271541at7147	OZ223789.1	164859811.0	NA	NA
271803at7147	OZ223790.1	299145018.5	NA	NA
271895at7147	OZ223790.1	139601019.0	D1	D1
272009at7147	OZ223788.1	73922621.5	NA	NA
272235at7147	OZ223789.1	236993160.0	D4	D4
272293at7147	OZ223788.1	45582876.5	D5	D5
272332at7147	OZ223789.1	205062452.0	NA	NA
272339at7147	OZ223789.1	161781204.5	D2	D2
272414at7147	OZ223790.1	44854207.0	D1	D1
272436at7147	OZ223789.1	351352543.0	D4	D4
272484at7147	OZ223788.1	288538692.5	NA	NA
272529at7147	OZ223789.1	310498993.0	D4	D4
272627at7147	OZ223788.1	711833.5	D5	D5
272674at7147	OZ223789.1	252007303.0	NA	NA
272952at7147	OZ223790.1	4960391.0	NA	NA
272975at7147	OZ223790.1	206320883.5	D3	D3
273176at7147	OZ223790.1	206777652.0	D3	D3
273378at7147	OZ223788.1	250941297.0	D3	D3
273420at7147	OZ223791.1	11246906.5	D6	D6
273487at7147	OZ223789.1	332421520.0	NA	NA
273517at7147	OZ223791.1	1507525.0	D6	D6
273538at7147	OZ223789.1	333163704.0	D4	D4
273635at7147	OZ223788.1	324102270.5	D3	D3
273636at7147	OZ223790.1	250070166.5	D3	D3
273793at7147	OZ223790.1	297418249.5	D3	D3
273822at7147	OZ223789.1	11374433.5	NA	NA
273898at7147	OZ223789.1	126315861.0	D2	D2
273906at7147	OZ223789.1	202542684.0	NA	NA
273986at7147	OZ223789.1	14534522.5	D3	D3
274103at7147	OZ223791.1	11798920.0	D6	D6
274127at7147	OZ223788.1	317872330.0	D3	D3
274176at7147	OZ223789.1	345084373.5	D4	D4
274181at7147	OZ223790.1	293842933.0	D3	D3
274222at7147	OZ223788.1	3933955.0	NA	NA
274263at7147	OZ223788.1	194939367.0	NA	NA
274268at7147	OZ223788.1	32787562.0	NA	NA
274377at7147	OZ223788.1	17630924.0	D5	D5
274396at7147	OZ223788.1	175802569.5	D5	D5
274415at7147	OZ223790.1	63613035.0	D1	D1
274432at7147	OZ223790.1	113965764.0	D1	D1
274495at7147	OZ223788.1	339886929.5	D3	D3
274581at7147	OZ223788.1	323809517.5	D3	D3
274653at7147	OZ223789.1	111294087.0	NA	NA
274654at7147	OZ223788.1	122105618.5	D3	D3
274681at7147	OZ223789.1	65392879.5	D4	D4
274711at7147	OZ223790.1	269132914.0	NA	NA
274715at7147	OZ223788.1	41411502.0	D5	D5
274795at7147	OZ223789.1	336206292.5	D4	D4
274897at7147	OZ223789.1	245135264.5	D4	D4
274915at7147	OZ223789.1	265937616.0	D4	D4
274937at7147	OZ223788.1	85136291.5	D5	D5
274980at7147	OZ223790.1	152312658.5	D3	D3
275025at7147	OZ223788.1	175480276.0	D5	D5
275051at7147	OZ223788.1	146456280.5	D5	D5
275228at7147	OZ223788.1	333893718.0	D3	D3
275475at7147	OZ223789.1	356721239.0	D4	D4
275730at7147	OZ223790.1	44737815.5	D1	D1
275815at7147	OZ223789.1	248549193.0	D4	D4
275849at7147	OZ223790.1	116420614.5	NA	NA
275895at7147	OZ223790.1	134948672.5	D1	D1
275911at7147	OZ223790.1	255155078.5	D3	D3
275948at7147	OZ223789.1	44177855.0	NA	NA
275971at7147	OZ223788.1	4260806.5	D5	D5
276040at7147	OZ223790.1	176704200.5	D1	D1
276045at7147	OZ223790.1	285524859.5	D3	D3
276098at7147	OZ223788.1	316336189.0	D3	D3
276150at7147	OZ223790.1	4027900.5	D1	D1
276185at7147	OZ223790.1	297267524.5	D3	D3
276213at7147	OZ223788.1	149951337.5	D5	D5
276218at7147	OZ223789.1	228415165.0	D4	D4
276247at7147	OZ223788.1	99840111.0	D5	D5
276315at7147	OZ223788.1	308000037.0	D3	D3
276321at7147	OZ223789.1	115214797.0	D1	D1
276371at7147	OZ223788.1	8127054.5	D5	D5
276514at7147	OZ223788.1	306801138.5	D3	D3
276635at7147	OZ223790.1	37488741.0	D1	D1
276755at7147	OZ223788.1	282968108.0	D3	D3
276759at7147	OZ223790.1	49557244.5	D1	D1
276853at7147	OZ223788.1	3944269.0	D5	D5
277209at7147	OZ223790.1	267974679.0	D3	D3
277262at7147	OZ223789.1	146951594.5	D2	D2
277284at7147	OZ223788.1	99803042.0	D5	D5
277359at7147	OZ223789.1	245406648.5	D4	D4
277386at7147	OZ223789.1	115199376.5	D2	D2
277566at7147	OZ223788.1	302890945.5	D3	D3
277684at7147	OZ223790.1	3960773.5	D1	D1
277731at7147	OZ223788.1	133557659.0	D5	D5
277736at7147	OZ223790.1	64059389.0	D1	D1
277982at7147	OZ223789.1	129881524.5	D2	D2
278097at7147	OZ223788.1	197411725.5	D5	D5
278117at7147	OZ223789.1	17525317.0	NA	NA
278577at7147	OZ223790.1	107942551.0	D1	D1
278638at7147	OZ223789.1	259935855.5	NA	NA
278677at7147	OZ223788.1	22532068.0	D5	D5
278779at7147	OZ223789.1	35761304.0	D2	D2
278880at7147	OZ223788.1	73757823.0	D5	D5
278899at7147	OZ223788.1	250424540.0	NA	NA
278917at7147	OZ223789.1	352695667.5	NA	NA
278930at7147	OZ223791.1	1041299.0	D6	D6
278990at7147	OZ223790.1	110101522.0	D1	D1
278990at7147	OZ223788.1	249549.5	D1	D1
278999at7147	OZ223789.1	285075664.0	D4	D4
279073at7147	OZ223789.1	340974376.5	D4	D4
279155at7147	OZ223789.1	265508266.5	D4	D4
279184at7147	OZ223789.1	205613729.0	D4	D4
279394at7147	OZ223788.1	99015830.0	D5	D5
279417at7147	OZ223788.1	266938289.0	D3	D3
279432at7147	OZ223789.1	8720261.0	D2	D2
279464at7147	OZ223790.1	285636920.0	D2	D2
279532at7147	OZ223788.1	213339487.5	D3	D3
279591at7147	OZ223790.1	169083607.0	D1	D1
279885at7147	OZ223790.1	172597455.5	D1	D1
279956at7147	OZ223790.1	1768328.5	D1	D1
280026at7147	OZ223788.1	309553128.0	D3	D3
280039at7147	OZ223790.1	8319025.5	D1	D1
280052at7147	OZ223789.1	43629247.0	D2	D2
280062at7147	OZ223790.1	140474333.0	D1	D1
280212at7147	OZ223788.1	109197305.5	D4	D4
280333at7147	OZ223788.1	64419000.0	NA	NA
280361at7147	OZ223789.1	343071903.5	D3	D3
280390at7147	OZ223789.1	284600142.5	D4	D4
280454at7147	OZ223790.1	191363193.5	D1	D1
280459at7147	OZ223790.1	291675072.0	D3	D3
280460at7147	OZ223789.1	295953249.5	D4	D4
280577at7147	OZ223789.1	212286887.5	D4	D4
280671at7147	OZ223788.1	9855935.5	D5	D5
280772at7147	OZ223789.1	4649727.5	D4	D4
280885at7147	OZ223790.1	169372311.0	D1	D1
280902at7147	OZ223788.1	49560209.0	D3	D3
280924at7147	OZ223788.1	337940757.0	NA	NA
280947at7147	OZ223789.1	90666317.5	D2	D2
280996at7147	OZ223788.1	1737994.5	D5	D5
281011at7147	OZ223788.1	232257189.5	NA	NA
281121at7147	OZ223790.1	138223844.5	NA	NA
281134at7147	OZ223790.1	64267293.0	D1	D1
281152at7147	OZ223789.1	7956267.0	D2	D2
281157at7147	OZ223790.1	138506058.0	D2	D2
281188at7147	OZ223788.1	123903211.5	D3	D3
281190at7147	OZ223790.1	156179888.0	D1	D1
281225at7147	OZ223788.1	18225877.5	D5	D5
281264at7147	OZ223788.1	302316052.0	D3	D3
281267at7147	OZ223789.1	237864377.5	D4	D4
281282at7147	OZ223789.1	307404774.0	D4	D4
281283at7147	OZ223790.1	300270029.5	D3	D3
281283at7147	HAP1_SCAFFOLD_305	14040.5	D3	D3
281298at7147	OZ223789.1	72439258.0	D2	D2
281324at7147	OZ223789.1	328903329.5	D4	D4
281347at7147	OZ223790.1	285349159.0	D3	D3
281374at7147	OZ223789.1	216114819.0	D4	D4
281381at7147	OZ223788.1	123699138.0	D3	D3
281385at7147	OZ223790.1	92642352.0	D1	D1
281393at7147	OZ223788.1	58363123.0	D5	D5
281523at7147	OZ223790.1	244336489.5	D3	D3
281523at7147	OZ223790.1	244351887.5	D3	D3
281542at7147	OZ223789.1	350951711.5	D4	D4
281669at7147	OZ223789.1	281239165.0	D4	D4
281723at7147	OZ223789.1	42830483.5	NA	NA
281912at7147	OZ223788.1	143970732.0	D5	D5
281921at7147	OZ223788.1	93161780.0	D5	D5
281924at7147	OZ223789.1	285138479.0	D4	D4
282303at7147	OZ223788.1	94075164.5	D2	D2
282449at7147	OZ223790.1	166581826.5	D1	D1
282539at7147	OZ223790.1	71083686.0	NA	NA
282614at7147	OZ223788.1	40229466.5	NA	NA
282748at7147	OZ223788.1	210522029.5	D3	D3
282848at7147	OZ223788.1	123775409.5	D3	D3
282860at7147	OZ223788.1	3925497.5	D5	D5
282957at7147	OZ223789.1	350448183.0	NA	NA
283137at7147	OZ223789.1	328601175.0	NA	NA
283159at7147	OZ223790.1	261959060.5	D3	D3
283163at7147	OZ223788.1	200426073.5	D3	D3
283239at7147	OZ223790.1	106749921.0	NA	NA
283259at7147	OZ223790.1	129670416.0	D1	D1
283279at7147	OZ223788.1	95567164.5	D5	D5
283328at7147	OZ223788.1	11132102.0	D5	D5
283360at7147	OZ223788.1	122840344.0	D3	D3
283431at7147	OZ223790.1	289015494.0	D3	D3
283551at7147	OZ223789.1	327772612.0	D4	D4
283644at7147	OZ223789.1	269104034.0	D4	D4
283667at7147	OZ223790.1	139168454.0	D2	D2
283691at7147	OZ223789.1	268355130.0	D3	D3
283726at7147	OZ223789.1	206495980.5	NA	NA
283834at7147	OZ223789.1	66030648.5	D2	D2
283943at7147	OZ223788.1	232113190.0	D3	D3
283995at7147	OZ223790.1	34066149.5	D1	D1
284136at7147	OZ223790.1	66708668.5	D1	D1
284186at7147	OZ223789.1	160219063.0	NA	NA
284282at7147	OZ223789.1	310512337.5	D4	D4
284347at7147	OZ223790.1	61286033.0	D1	D1
284372at7147	OZ223790.1	34836606.5	D1	D1
284558at7147	OZ223789.1	116366916.0	D4	D4
284618at7147	OZ223791.1	1871249.0	D6	D6
284736at7147	OZ223788.1	58753904.5	D5	D5
284819at7147	OZ223790.1	239556419.0	D3	D3
285035at7147	OZ223789.1	351095100.0	D4	D4
285173at7147	OZ223790.1	168219565.5	D1	D1
285192at7147	OZ223789.1	18083796.5	D6	D6
285302at7147	OZ223790.1	247351546.0	NA	NA
285312at7147	OZ223788.1	334014984.5	D3	D3
285439at7147	OZ223790.1	128722433.5	D1	D1
285481at7147	OZ223789.1	342904149.5	D4	D4
285523at7147	OZ223790.1	46317766.5	D4	D4
285538at7147	OZ223789.1	220584930.5	D4	D4
285678at7147	OZ223790.1	250462868.0	D3	D3
285918at7147	OZ223790.1	125391807.5	D1	D1
285941at7147	OZ223790.1	189407662.5	D1	D1
285973at7147	OZ223789.1	221883274.5	D4	D4
286138at7147	OZ223789.1	212246933.5	D4	D4
286165at7147	OZ223789.1	3982404.5	D2	D2
286175at7147	OZ223788.1	95375275.5	NA	NA
286182at7147	OZ223790.1	284153546.5	D3	D3
286254at7147	OZ223789.1	144269868.5	D2	D2
286257at7147	OZ223788.1	289556192.0	D3	D3
286387at7147	OZ223788.1	522834.0	D5	D5
286403at7147	OZ223788.1	44685870.5	D5	D5
286673at7147	OZ223790.1	17847605.0	D1	D1
286673at7147	OZ223790.1	17862281.0	D1	D1
286690at7147	OZ223788.1	46130249.5	D1	D1
286854at7147	OZ223789.1	309647571.5	D4	D4
286884at7147	OZ223788.1	75035576.0	D1	D1
286906at7147	OZ223789.1	66324559.5	NA	NA
287026at7147	OZ223789.1	285629669.0	NA	NA
287072at7147	OZ223789.1	173058089.5	D2	D2
287222at7147	OZ223790.1	61565725.5	NA	NA
287289at7147	OZ223788.1	320750100.5	D3	D3
287351at7147	OZ223789.1	133163310.0	NA	NA
287354at7147	OZ223789.1	26972938.0	NA	NA
287401at7147	OZ223788.1	288282183.0	D3	D3
287408at7147	OZ223789.1	189228803.0	D1	D1
287440at7147	OZ223790.1	49829570.0	NA	NA
287476at7147	OZ223788.1	354741508.0	D3	D3
287488at7147	OZ223788.1	342214287.5	D3	D3
287511at7147	OZ223789.1	347915466.5	NA	NA
287523at7147	OZ223788.1	304436011.0	D3	D3
287604at7147	OZ223790.1	108938236.0	NA	NA
287631at7147	OZ223788.1	275892447.0	D3	D3
287656at7147	OZ223788.1	223114909.0	D3	D3
287742at7147	OZ223788.1	262688850.0	D3	D3
287774at7147	OZ223790.1	210372563.5	D3	D3
287822at7147	OZ223788.1	4287224.0	D5	D5
287967at7147	OZ223789.1	356201464.0	NA	NA
288097at7147	OZ223788.1	163074660.0	D5	D5
288113at7147	OZ223789.1	313147022.0	D4	D4
288131at7147	OZ223788.1	194075741.5	D5	D5
288139at7147	OZ223789.1	4654665.0	D2	D2
288271at7147	OZ223788.1	342091972.5	D3	D3
288308at7147	OZ223790.1	7661358.0	D1	D1
288317at7147	OZ223790.1	296616878.0	D3	D3
288423at7147	OZ223791.1	9916831.0	NA	NA
288648at7147	OZ223788.1	63593048.0	NA	NA
288665at7147	OZ223788.1	75880433.0	D5	D5
288771at7147	OZ223788.1	324926141.0	D3	D3
288845at7147	OZ223790.1	210458780.0	NA	NA
288922at7147	OZ223788.1	66198095.5	D5	D5
288954at7147	OZ223790.1	168994011.5	D1	D1
289027at7147	OZ223789.1	224485748.5	D4	D4
289085at7147	OZ223790.1	45261635.5	D1	D1
289134at7147	OZ223788.1	205143804.5	D3	D3
289197at7147	OZ223790.1	59215674.0	NA	NA
289242at7147	OZ223789.1	39401662.0	NA	NA
289464at7147	OZ223789.1	110242087.5	D4	D4
289612at7147	OZ223790.1	287566730.0	D3	D3
289817at7147	OZ223788.1	37068190.0	NA	NA
289959at7147	OZ223788.1	271688598.0	D3	D3
290064at7147	OZ223788.1	331760757.5	D3	D3
290143at7147	OZ223789.1	19487893.5	NA	NA
290299at7147	OZ223790.1	67589449.0	NA	NA
290444at7147	OZ223790.1	32641626.0	D1	D1
290481at7147	OZ223789.1	289333335.0	NA	NA
290525at7147	OZ223788.1	221251065.5	D2	D2
290654at7147	OZ223789.1	285727277.5	D4	D4
290655at7147	OZ223788.1	96102299.5	D5	D5
290691at7147	OZ223790.1	154655000.5	D1	D1
290784at7147	OZ223789.1	124116334.5	D2	D2
290830at7147	OZ223788.1	171128393.0	D5	D5
290958at7147	OZ223790.1	32951220.0	NA	NA
290986at7147	OZ223788.1	145007511.0	D5	D5
291230at7147	OZ223789.1	140601890.0	D4	D4
291269at7147	OZ223790.1	294831335.0	D3	D3
291313at7147	OZ223790.1	75370922.5	D1	D1
291384at7147	OZ223788.1	251165803.5	D3	D3
291500at7147	OZ223790.1	76845957.5	D1	D1
291747at7147	OZ223789.1	344757231.0	D4	D4
291775at7147	OZ223788.1	222232864.5	D3	D3
291799at7147	OZ223790.1	295067839.0	D3	D3
291806at7147	OZ223789.1	242857838.0	D4	D4
291851at7147	OZ223789.1	115533622.5	D4	D4
291867at7147	OZ223790.1	252403852.5	D3	D3
291945at7147	OZ223788.1	307783021.5	D3	D3
291969at7147	OZ223788.1	285470235.5	D3	D3
292205at7147	OZ223789.1	134538735.0	D2	D2
292255at7147	OZ223790.1	297455335.5	D3	D3
292315at7147	OZ223789.1	115684816.5	D4	D4
292349at7147	OZ223790.1	993474.5	D1	D1
292437at7147	OZ223788.1	111027740.0	NA	NA
292437at7147	OZ223788.1	111048787.5	NA	NA
292516at7147	OZ223788.1	312477304.5	D3	D3
292525at7147	OZ223788.1	253792648.5	D3	D3
292553at7147	OZ223789.1	320872083.5	NA	NA
292560at7147	OZ223788.1	222419872.0	D3	D3
292686at7147	OZ223788.1	202579701.5	D3	D3
292709at7147	OZ223789.1	32257117.0	D2	D2
292716at7147	OZ223790.1	291672060.5	NA	NA
292726at7147	OZ223790.1	44770622.5	D1	D1
292746at7147	OZ223790.1	8478636.5	D1	D1
292762at7147	OZ223790.1	285711971.5	NA	NA
292807at7147	OZ223788.1	305258301.0	D3	D3
292918at7147	OZ223788.1	58801639.0	D5	D5
292983at7147	OZ223788.1	58003441.5	D5	D5
293157at7147	OZ223788.1	181485096.5	D1	D1
293181at7147	OZ223790.1	57471750.5	D1	D1
293245at7147	OZ223789.1	265960072.0	D4	D4
293374at7147	OZ223789.1	21908469.5	D2	D2
293473at7147	OZ223790.1	8569065.5	NA	NA
293502at7147	OZ223789.1	253216508.5	D4	D4
293685at7147	OZ223789.1	137920173.5	D3	D3
293743at7147	OZ223788.1	306840238.5	D3	D3
293787at7147	OZ223788.1	353370446.0	D3	D3
293805at7147	OZ223789.1	115949102.0	NA	NA
293819at7147	OZ223789.1	212438156.5	D4	D4
293949at7147	OZ223788.1	7251337.5	D5	D5
293958at7147	OZ223788.1	231013910.5	D3	D3
294184at7147	OZ223790.1	4969188.5	D1	D1
294261at7147	OZ223790.1	4031182.5	NA	NA
294280at7147	OZ223788.1	22067362.5	D5	D5
294341at7147	OZ223788.1	343970687.0	D3	D3
294471at7147	OZ223790.1	13094584.0	NA	NA
294505at7147	OZ223790.1	202243997.5	D3	D3
294507at7147	OZ223791.1	7022825.0	D6	D6
294623at7147	OZ223788.1	264264824.5	NA	NA
294625at7147	OZ223790.1	40497038.0	D1	D1
294643at7147	OZ223789.1	353522312.0	D4	D4
294678at7147	OZ223790.1	63924912.5	D1	D1
294747at7147	OZ223789.1	291671878.0	NA	NA
294786at7147	OZ223790.1	296759913.0	D3	D3
294953at7147	OZ223788.1	340044609.0	D3	D3
295066at7147	OZ223789.1	355598480.0	NA	NA
295098at7147	OZ223789.1	116058424.5	NA	NA
295134at7147	OZ223788.1	29448343.5	NA	NA
295160at7147	OZ223789.1	88990370.0	NA	NA
295163at7147	OZ223788.1	73934675.5	D5	D5
295178at7147	OZ223788.1	61346497.0	D5	D5
295310at7147	OZ223788.1	46379491.5	D5	D5
295337at7147	OZ223789.1	345701023.5	NA	NA
295558at7147	OZ223790.1	285916569.0	D3	D3
295624at7147	OZ223790.1	205159658.0	D3	D3
295694at7147	OZ223790.1	122253814.0	D1	D1
295714at7147	OZ223788.1	230891892.5	D3	D3
295841at7147	OZ223790.1	271314704.5	NA	NA
295911at7147	OZ223789.1	29397327.5	D2	D2
295953at7147	OZ223790.1	250173881.5	D3	D3
296064at7147	OZ223788.1	317087085.5	D3	D3
296070at7147	OZ223789.1	198696872.5	NA	NA
296217at7147	OZ223789.1	355971697.0	D4	D4
296305at7147	OZ223790.1	200059613.0	D3	D3
296394at7147	OZ223789.1	8688056.5	D2	D2
296534at7147	OZ223789.1	268422184.0	D4	D4
296596at7147	OZ223788.1	117397187.5	D5	D5
296669at7147	OZ223789.1	208574105.0	D4	D4
296691at7147	OZ223789.1	143974496.0	NA	NA
296695at7147	OZ223789.1	329312496.5	NA	NA
296706at7147	OZ223788.1	33607062.5	NA	NA
296850at7147	OZ223788.1	73651937.5	D5	D5
296856at7147	OZ223790.1	130631728.0	D1	D1
297115at7147	OZ223788.1	245252691.0	D3	D3
297283at7147	OZ223789.1	67066759.5	D2	D2
297379at7147	OZ223790.1	205900167.0	D3	D3
297491at7147	OZ223790.1	171012060.5	NA	NA
297503at7147	OZ223790.1	178670386.0	NA	NA
297571at7147	OZ223790.1	297485002.0	D3	D3
297594at7147	OZ223788.1	111045656.0	D5	D5
297610at7147	OZ223790.1	296547153.0	D3	D3
297671at7147	OZ223789.1	2927028.0	D2	D2
297732at7147	OZ223790.1	52975698.0	D1	D1
297739at7147	OZ223789.1	323265620.0	D1	D1
297773at7147	OZ223789.1	17649426.0	NA	NA
297775at7147	OZ223789.1	85346578.5	D2	D2
297810at7147	OZ223788.1	62107791.5	D5	D5
297825at7147	OZ223790.1	1752753.5	D1	D1
297885at7147	OZ223789.1	328054784.0	NA	NA
297900at7147	OZ223789.1	32066538.0	NA	NA
297901at7147	OZ223788.1	30662463.0	D5	D5
297932at7147	OZ223789.1	338979749.0	D4	D4
297946at7147	OZ223789.1	115215679.5	D2	D2
297964at7147	OZ223789.1	173062783.0	NA	NA
298052at7147	OZ223789.1	72384366.5	D2	D2
298064at7147	OZ223788.1	65555800.0	D5	D5
298096at7147	OZ223788.1	330460594.0	D3	D3
298591at7147	OZ223790.1	206666401.5	D3	D3
298728at7147	OZ223789.1	269106512.5	D6	D6
298828at7147	OZ223789.1	32269938.5	D3	D3
298856at7147	OZ223790.1	291406077.0	D3	D3
298916at7147	OZ223788.1	194385053.0	D5	D5
299018at7147	OZ223788.1	103387321.0	D5	D5
299018at7147	OZ223789.1	16575093.0	D5	D5
299040at7147	OZ223788.1	27395153.5	D5	D5
299091at7147	OZ223790.1	285351826.0	NA	NA
299208at7147	OZ223789.1	9379430.0	D2	D2
299296at7147	OZ223790.1	168393213.0	D1	D1
299539at7147	OZ223788.1	316218290.0	NA	NA
299616at7147	OZ223789.1	3693002.0	NA	NA
299630at7147	OZ223790.1	49825057.0	D2	D2
299634at7147	OZ223790.1	152362054.5	NA	NA
299666at7147	OZ223789.1	227894801.0	NA	NA
299672at7147	OZ223789.1	15633359.0	D2	D2
299690at7147	OZ223790.1	12120386.5	D1	D1
299836at7147	OZ223788.1	3581176.5	D3	D3
299862at7147	OZ223790.1	293141418.0	NA	NA
299971at7147	OZ223790.1	61269575.5	D1	D1
300196at7147	OZ223790.1	298373721.5	D3	D3
300243at7147	OZ223790.1	53029658.0	D1	D1
300251at7147	OZ223789.1	14224340.0	D2	D2
300291at7147	OZ223790.1	291594548.0	D3	D3
300375at7147	OZ223789.1	10851074.5	D2	D2
300552at7147	OZ223788.1	134280726.5	NA	NA
300625at7147	OZ223790.1	109746164.5	D3	D3
300691at7147	OZ223789.1	354694156.0	D4	D4
300778at7147	OZ223789.1	337663367.0	NA	NA
300838at7147	OZ223790.1	188994444.5	D4	D4
300918at7147	OZ223789.1	354216224.5	D4	D4
300956at7147	OZ223788.1	355569354.0	D3	D3
301031at7147	OZ223788.1	297443981.0	D3	D3
301098at7147	OZ223788.1	44726883.0	NA	NA
301263at7147	OZ223789.1	211103958.0	NA	NA
301408at7147	OZ223788.1	73624615.0	D5	D5
301539at7147	OZ223790.1	176072928.0	NA	NA
301586at7147	OZ223788.1	101081426.0	D1	D1
301684at7147	OZ223788.1	138591634.0	NA	NA
301691at7147	OZ223788.1	176458598.0	D5	D5
301697at7147	OZ223789.1	47470732.5	D2	D2
301738at7147	OZ223790.1	92611150.5	D1	D1
301800at7147	OZ223789.1	158192191.5	D4	D4
301812at7147	OZ223790.1	175464006.5	D1	D1
301911at7147	OZ223790.1	95312328.0	D1	D1
302001at7147	OZ223788.1	323522865.5	D3	D3
302131at7147	OZ223788.1	266764987.5	D3	D3
302156at7147	OZ223790.1	13215670.0	NA	NA
302314at7147	OZ223788.1	4100559.5	D5	D5
302345at7147	OZ223790.1	293229742.0	D3	D3
302362at7147	OZ223788.1	323684666.5	D1	D1
302392at7147	OZ223789.1	152139691.0	NA	NA
302405at7147	OZ223788.1	312868355.5	D3	D3
302468at7147	OZ223789.1	53097288.5	D4	D4
302500at7147	OZ223788.1	355428790.0	D3	D3
302560at7147	OZ223790.1	134651301.0	D1	D1
302572at7147	OZ223789.1	110534955.5	D4	D4
302595at7147	OZ223790.1	254399908.0	D3	D3
302762at7147	OZ223789.1	29322113.0	D2	D2
302851at7147	OZ223789.1	350694483.5	D4	D4
302891at7147	OZ223788.1	86817035.0	D5	D5
302920at7147	OZ223788.1	139161477.5	D5	D5
303019at7147	OZ223790.1	8246476.5	D1	D1
303109at7147	OZ223788.1	351149238.0	D3	D3
303198at7147	OZ223788.1	6259094.0	D5	D5
303297at7147	OZ223789.1	115220064.0	D2	D2
303335at7147	OZ223790.1	155625971.0	NA	NA
303353at7147	OZ223788.1	14779296.0	D5	D5
303404at7147	OZ223790.1	80270531.0	D2	D2
303404at7147	OZ223790.1	80289835.0	D2	D2
303443at7147	OZ223790.1	152365459.5	D5	D5
303520at7147	OZ223789.1	221908772.0	D4	D4
303520at7147	OZ223790.1	232114959.5	D4	D4
303635at7147	OZ223788.1	309851040.5	NA	NA
303659at7147	OZ223788.1	121656323.5	D3	D3
303810at7147	OZ223788.1	199869637.5	D3	D3
304040at7147	OZ223788.1	250138552.0	D3	D3
304215at7147	OZ223789.1	153470268.5	NA	NA
304215at7147	OZ223789.1	153447480.5	NA	NA
304228at7147	OZ223789.1	124112431.0	D2	D2
304230at7147	OZ223790.1	228620557.5	D3	D3
304387at7147	OZ223789.1	153097701.0	NA	NA
304533at7147	OZ223789.1	211221207.0	NA	NA
304636at7147	OZ223789.1	151959817.0	D2	D2
304708at7147	OZ223789.1	310068556.0	D4	D4
304822at7147	OZ223788.1	103506914.5	NA	NA
304856at7147	OZ223789.1	109598777.5	D4	D4
304872at7147	OZ223789.1	345233115.5	D4	D4
304892at7147	OZ223788.1	45950704.0	D5	D5
304895at7147	OZ223789.1	42550111.5	NA	NA
305005at7147	OZ223788.1	328545400.5	D3	D3
305135at7147	OZ223789.1	15595203.0	NA	NA
305169at7147	OZ223790.1	23006125.5	D1	D1
305196at7147	OZ223789.1	69837467.5	D4	D4
305385at7147	OZ223789.1	31038526.0	D5	D5
305466at7147	OZ223789.1	354218083.5	D4	D4
305612at7147	OZ223789.1	251662742.5	D4	D4
305652at7147	OZ223790.1	8085958.0	D1	D1
305729at7147	OZ223788.1	100229141.5	NA	NA
305813at7147	OZ223788.1	121616292.5	NA	NA
305895at7147	OZ223788.1	352391756.0	D3	D3
305925at7147	OZ223789.1	338975615.5	D4	D4
305949at7147	OZ223788.1	337207484.5	D3	D3
305990at7147	OZ223789.1	74134171.0	NA	NA
306015at7147	OZ223790.1	116528347.0	D1	D1
306096at7147	OZ223790.1	130468197.0	D1	D1
306279at7147	OZ223789.1	16701923.0	D4	D4
306279at7147	OZ223789.1	182890749.5	D4	D4
306330at7147	OZ223789.1	205395686.0	NA	NA
306523at7147	OZ223790.1	78074172.0	D1	D1
306684at7147	OZ223789.1	239071465.5	D4	D4
306693at7147	OZ223790.1	53134484.0	NA	NA
306719at7147	OZ223789.1	327843860.5	D4	D4
306780at7147	OZ223788.1	118070417.5	D5	D5
306810at7147	OZ223790.1	156876543.5	D5	D5
306812at7147	OZ223789.1	39398122.0	NA	NA
306844at7147	OZ223788.1	191563698.5	D5	D5
307135at7147	OZ223790.1	96842459.5	D1	D1
307172at7147	OZ223790.1	8660151.0	D1	D1
307255at7147	OZ223788.1	198853612.0	D3	D3
307277at7147	OZ223790.1	296833595.5	D3	D3
307283at7147	OZ223790.1	1115871.0	D1	D1
307605at7147	OZ223788.1	96026417.0	D5	D5
307703at7147	OZ223788.1	8265362.5	D5	D5
307987at7147	OZ223790.1	300705115.5	D3	D3
307989at7147	OZ223789.1	292848858.0	D4	D4
308180at7147	OZ223788.1	174021854.0	NA	NA
308232at7147	OZ223790.1	228687340.5	D3	D3
308242at7147	OZ223790.1	250453113.5	D3	D3
308330at7147	OZ223789.1	72679522.0	NA	NA
308369at7147	OZ223789.1	109975991.5	D4	D4
308466at7147	OZ223788.1	9757358.0	D5	D5
308534at7147	OZ223790.1	666005.5	D1	D1
308577at7147	OZ223789.1	345876680.5	D4	D4
308627at7147	OZ223790.1	297783222.5	D3	D3
308629at7147	OZ223788.1	92869755.0	D5	D5
308630at7147	OZ223788.1	332238351.5	D3	D3
308633at7147	OZ223790.1	296786708.0	D3	D3
308668at7147	OZ223788.1	323588529.5	D3	D3
308691at7147	OZ223789.1	53803613.0	NA	NA
308713at7147	OZ223789.1	11055844.0	D2	D2
308728at7147	OZ223789.1	267646633.5	D4	D4
308760at7147	OZ223789.1	254076769.5	NA	NA
308781at7147	OZ223789.1	355473209.5	D4	D4
308882at7147	OZ223788.1	124972158.0	D3	D3
308920at7147	OZ223788.1	150595694.5	D4	D4
308957at7147	OZ223788.1	40866976.0	D5	D5
309117at7147	OZ223789.1	168916840.5	NA	NA
309142at7147	OZ223789.1	112775799.5	D2	D2
309228at7147	OZ223788.1	266932259.5	D3	D3
309306at7147	OZ223788.1	37790723.0	NA	NA
309374at7147	OZ223788.1	74867639.0	NA	NA
309380at7147	OZ223790.1	49590503.0	D1	D1
309384at7147	OZ223789.1	44672937.5	D2	D2
309394at7147	OZ223788.1	302505774.5	D3	D3
309430at7147	OZ223791.1	6940688.5	D6	D6
309613at7147	OZ223790.1	293752813.0	D3	D3
309709at7147	OZ223788.1	285285411.5	D3	D3
309819at7147	OZ223789.1	1087117.5	D2	D2
309944at7147	OZ223789.1	11347122.0	D2	D2
309960at7147	OZ223788.1	208707336.0	D3	D3
310082at7147	OZ223788.1	349467629.5	D3	D3
310143at7147	OZ223790.1	2427283.5	D1	D1
310180at7147	OZ223789.1	168427645.0	NA	NA
310237at7147	OZ223789.1	348988708.5	D4	D4
310315at7147	OZ223790.1	137268763.0	D1	D1
310363at7147	OZ223789.1	3484585.0	D2	D2
310366at7147	OZ223788.1	210596002.0	D3	D3
310451at7147	OZ223790.1	294254662.0	D3	D3
310466at7147	OZ223789.1	210493138.0	D4	D4
310503at7147	OZ223789.1	253862265.0	D4	D4
310552at7147	OZ223790.1	94950259.0	D1	D1
310580at7147	OZ223788.1	353648299.5	D3	D3
310592at7147	OZ223790.1	9637779.0	NA	NA
310595at7147	OZ223788.1	351851.5	D5	D5
310609at7147	OZ223788.1	8252747.5	D5	D5
310764at7147	OZ223788.1	284231932.0	D3	D3
311066at7147	OZ223789.1	17370834.5	D2	D2
311102at7147	OZ223789.1	44153309.0	NA	NA
311174at7147	OZ223789.1	125209925.0	NA	NA
311225at7147	OZ223790.1	269194615.5	D3	D3
311243at7147	OZ223790.1	1135458.5	D1	D1
311252at7147	OZ223789.1	302647174.5	NA	NA
311315at7147	OZ223790.1	27337542.0	NA	NA
311392at7147	OZ223789.1	9383112.0	NA	NA
311417at7147	OZ223790.1	199444080.5	D3	D3
311661at7147	OZ223788.1	81993133.5	D5	D5
311719at7147	OZ223789.1	90078908.0	D4	D4
311793at7147	OZ223790.1	200375268.5	D3	D3
312007at7147	OZ223789.1	355022240.0	D4	D4
312089at7147	OZ223790.1	114402473.0	D1	D1
312485at7147	OZ223789.1	348469824.0	D4	D4
312584at7147	OZ223790.1	32659199.5	NA	NA
312587at7147	OZ223790.1	125616569.0	D1	D1
312646at7147	OZ223788.1	13420542.0	D1	D1
312756at7147	OZ223790.1	152367232.0	D5	D5
312781at7147	OZ223788.1	37064929.0	D5	D5
313016at7147	OZ223789.1	239401495.0	D6	D6
313017at7147	OZ223788.1	193782504.0	D1	D1
313023at7147	OZ223790.1	204944092.5	D3	D3
313075at7147	OZ223788.1	332046540.5	D3	D3
313130at7147	OZ223788.1	210589337.0	D3	D3
313141at7147	OZ223790.1	179448418.0	NA	NA
313158at7147	OZ223790.1	27154036.0	NA	NA
313187at7147	OZ223790.1	63376384.0	D1	D1
313192at7147	OZ223790.1	300273423.0	D3	D3
313192at7147	HAP1_SCAFFOLD_305	17434.0	D3	D3
313308at7147	OZ223789.1	231481662.5	D4	D4
313423at7147	OZ223789.1	345511070.5	NA	NA
313468at7147	OZ223790.1	234176576.5	D3	D3
313486at7147	OZ223788.1	214508544.0	D3	D3
313690at7147	OZ223789.1	356803924.5	D4	D4
313720at7147	OZ223788.1	13392550.5	D1	D1
313821at7147	OZ223790.1	117609274.5	NA	NA
313877at7147	OZ223788.1	226064570.0	D3	D3
314202at7147	OZ223790.1	100270919.0	D1	D1
314587at7147	OZ223789.1	353482055.0	D4	D4
314745at7147	OZ223788.1	249239360.0	D3	D3
314920at7147	OZ223789.1	31751205.0	D2	D2
314998at7147	OZ223789.1	3980946.0	D2	D2
315085at7147	OZ223788.1	21110899.0	D5	D5
315138at7147	OZ223790.1	7454752.5	D1	D1
315235at7147	OZ223788.1	98387877.0	D5	D5
315280at7147	OZ223788.1	63427695.0	NA	NA
315296at7147	OZ223788.1	268065573.0	D3	D3
315299at7147	OZ223789.1	298860982.0	NA	NA
315304at7147	OZ223789.1	11440401.0	NA	NA
315365at7147	OZ223790.1	131248449.0	D1	D1
315452at7147	OZ223788.1	203964315.0	D3	D3
315460at7147	OZ223788.1	89112024.5	NA	NA
315468at7147	OZ223790.1	157048086.5	D1	D1
315625at7147	OZ223789.1	129718451.0	D3	D3
315708at7147	OZ223789.1	85696080.0	NA	NA
315835at7147	OZ223790.1	298875876.0	NA	NA
315852at7147	OZ223790.1	294305183.5	NA	NA
315858at7147	OZ223790.1	106241172.5	D1	D1
315861at7147	OZ223789.1	67302871.0	D2	D2
316051at7147	OZ223788.1	253983900.0	D3	D3
316064at7147	OZ223788.1	64994909.0	D5	D5
316175at7147	OZ223789.1	100247850.5	D2	D2
316446at7147	OZ223788.1	325130529.5	D3	D3
316547at7147	OZ223789.1	260091285.5	D4	D4
316570at7147	OZ223790.1	128685733.0	NA	NA
316673at7147	OZ223789.1	346386104.0	NA	NA
316714at7147	OZ223788.1	271642173.0	D3	D3
316725at7147	OZ223789.1	274145879.0	D3	D3
316818at7147	OZ223789.1	319517913.0	D4	D4
316860at7147	OZ223790.1	132722253.0	D1	D1
316862at7147	OZ223790.1	71785379.0	D1	D1
316900at7147	OZ223790.1	166839149.0	D1	D1
316979at7147	OZ223788.1	99901670.0	D5	D5
316991at7147	OZ223789.1	347823836.5	D4	D4
317059at7147	OZ223788.1	13764597.0	D4	D4
317118at7147	OZ223789.1	205309650.0	NA	NA
317137at7147	OZ223791.1	9469624.0	D6	D6
317138at7147	OZ223788.1	65567258.0	D5	D5
317194at7147	OZ223789.1	125248829.5	D2	D2
317239at7147	OZ223789.1	17728882.0	NA	NA
317266at7147	OZ223788.1	170943738.0	D5	D5
317369at7147	OZ223788.1	167315692.0	D5	D5
317413at7147	OZ223788.1	334004448.5	NA	NA
317464at7147	OZ223790.1	126634967.5	D1	D1
317481at7147	OZ223790.1	7641575.0	NA	NA
317550at7147	OZ223790.1	66726452.0	D1	D1
317570at7147	OZ223790.1	105076195.5	D1	D1
317831at7147	OZ223790.1	54302529.5	D1	D1
318146at7147	OZ223789.1	272749105.0	NA	NA
318210at7147	OZ223788.1	10649176.0	D5	D5
318213at7147	OZ223788.1	58057325.5	D5	D5
318238at7147	OZ223790.1	294465577.0	NA	NA
318245at7147	OZ223790.1	192481821.5	NA	NA
318410at7147	OZ223788.1	42218491.0	D5	D5
318425at7147	OZ223788.1	332236827.5	D3	D3
318425at7147	OZ223788.1	332235372.5	D3	D3
318442at7147	OZ223789.1	237291484.5	D3	D3
318454at7147	OZ223789.1	69414010.0	D2	D2
318481at7147	OZ223789.1	356875793.0	D4	D4
318596at7147	OZ223790.1	65683170.0	D1	D1
318874at7147	OZ223790.1	114088709.5	NA	NA
318883at7147	OZ223790.1	200178278.0	D3	D3
318996at7147	OZ223790.1	54046700.5	D1	D1
318998at7147	OZ223788.1	65693314.5	D5	D5
319005at7147	OZ223788.1	139682422.0	D5	D5
319031at7147	OZ223789.1	4210276.5	D2	D2
319170at7147	OZ223788.1	22855854.5	D5	D5
319234at7147	OZ223789.1	139293327.0	D2	D2
319488at7147	OZ223788.1	66154178.0	D5	D5
319697at7147	OZ223788.1	222618823.5	D3	D3
319751at7147	OZ223790.1	115141886.0	D1	D1
320147at7147	OZ223789.1	153697700.5	D2	D2
320262at7147	OZ223788.1	39756368.5	D5	D5
320376at7147	OZ223789.1	277017009.5	NA	NA
320425at7147	OZ223789.1	265019348.5	D2	D2
320463at7147	OZ223789.1	230614562.0	D4	D4
320558at7147	OZ223788.1	333872006.5	D3	D3
320612at7147	OZ223789.1	344912302.0	D4	D4
320655at7147	OZ223789.1	336414247.0	D4	D4
320959at7147	OZ223789.1	353288765.5	D4	D4
321048at7147	OZ223788.1	125404846.0	D3	D3
321070at7147	OZ223790.1	128233197.0	D1	D1
321152at7147	OZ223790.1	119967464.0	D1	D1
321224at7147	OZ223789.1	153199433.0	NA	NA
321389at7147	OZ223788.1	190034782.0	D5	D5
321465at7147	OZ223790.1	119381298.0	D1	D1
322025at7147	OZ223788.1	16750528.0	NA	NA
322272at7147	OZ223791.1	3874092.0	D6	D6
322306at7147	OZ223790.1	49807823.5	D1	D1
322321at7147	OZ223788.1	225257424.5	D3	D3
322366at7147	OZ223790.1	252959774.5	NA	NA
322552at7147	OZ223791.1	11055722.5	D6	D6
322577at7147	OZ223789.1	341067965.5	D4	D4
322591at7147	OZ223789.1	50411885.0	D2	D2
322611at7147	OZ223789.1	84927494.0	D2	D2
322639at7147	OZ223788.1	30115623.0	NA	NA
322647at7147	OZ223790.1	138411663.5	D4	D4
322677at7147	OZ223788.1	2414414.0	D5	D5
322797at7147	OZ223789.1	284777883.5	NA	NA
322865at7147	OZ223789.1	32262948.5	NA	NA
323057at7147	OZ223788.1	332351494.5	D3	D3
323186at7147	OZ223789.1	280638522.5	D4	D4
323291at7147	OZ223789.1	51434080.5	D4	D4
323400at7147	OZ223789.1	144641691.5	D2	D2
323507at7147	OZ223788.1	122083541.0	D3	D3
323543at7147	OZ223789.1	149868962.5	D4	D4
323574at7147	OZ223788.1	348819902.5	D3	D3
323595at7147	OZ223790.1	239634087.5	D3	D3
323607at7147	OZ223791.1	6265871.5	D6	D6
323631at7147	OZ223789.1	346867069.0	D4	D4
323705at7147	OZ223788.1	674114.0	D5	D5
323798at7147	OZ223789.1	114294684.0	D2	D2
323908at7147	OZ223789.1	221423334.0	D4	D4
323919at7147	OZ223790.1	114550829.5	NA	NA
324287at7147	OZ223789.1	298882017.5	D4	D4
324327at7147	OZ223788.1	205930690.0	NA	NA
324452at7147	OZ223790.1	249713435.5	D3	D3
324493at7147	OZ223788.1	31493762.0	D5	D5
324612at7147	OZ223789.1	233887462.0	D4	D4
324790at7147	OZ223789.1	16334473.5	D2	D2
325191at7147	OZ223788.1	236793301.5	D3	D3
325193at7147	OZ223791.1	12668480.5	D6	D6
325193at7147	OZ223791.1	12804826.5	D6	D6
325336at7147	OZ223789.1	212427238.0	D4	D4
325416at7147	OZ223788.1	31977410.0	D5	D5
325495at7147	OZ223790.1	254447380.0	D3	D3
325652at7147	OZ223790.1	20165888.5	D1	D1
325730at7147	OZ223790.1	1403040.0	D1	D1
325776at7147	OZ223788.1	324249665.5	D3	D3
325909at7147	OZ223788.1	285708832.0	D3	D3
325959at7147	OZ223788.1	90451832.0	D1	D1
326071at7147	OZ223789.1	1847074.5	D2	D2
326289at7147	OZ223788.1	3642881.5	D5	D5
326304at7147	OZ223788.1	1740774.0	NA	NA
326427at7147	OZ223790.1	285813981.0	NA	NA
326706at7147	OZ223788.1	123384410.5	D3	D3
326721at7147	OZ223789.1	3871505.5	D2	D2
326743at7147	OZ223788.1	211190889.0	D3	D3
326977at7147	OZ223790.1	226387068.5	D3	D3
327028at7147	OZ223789.1	199263870.5	D4	D4
327080at7147	OZ223790.1	289502217.5	D3	D3
327139at7147	OZ223789.1	243314274.0	D4	D4
327274at7147	OZ223789.1	350754820.5	D1	D1
327274at7147	OZ223789.1	350766179.5	D1	D1
327406at7147	OZ223789.1	355989009.0	D4	D4
327612at7147	OZ223789.1	14777903.0	D2	D2
327637at7147	OZ223789.1	230625703.5	D4	D4
327727at7147	OZ223788.1	126665475.5	D3	D3
327786at7147	OZ223790.1	47847414.0	NA	NA
327836at7147	OZ223789.1	74138380.0	D2	D2
328039at7147	OZ223789.1	139732861.0	D4	D4
328111at7147	OZ223790.1	291770939.5	D3	D3
328154at7147	OZ223789.1	283499972.5	D4	D4
328340at7147	OZ223788.1	134431954.0	D3	D3
328374at7147	OZ223790.1	169169284.5	D1	D1
328432at7147	OZ223790.1	125114171.5	D1	D1
328594at7147	OZ223789.1	41608064.0	D1	D1
328697at7147	OZ223789.1	133665276.5	NA	NA
328778at7147	OZ223790.1	270959276.0	D3	D3
328787at7147	OZ223790.1	8188434.5	NA	NA
328868at7147	OZ223790.1	139668152.5	D1	D1
328966at7147	OZ223790.1	129636594.5	D1	D1
328983at7147	OZ223790.1	202072048.5	D3	D3
328983at7147	OZ223790.1	202148486.0	D3	D3
329005at7147	OZ223789.1	308290938.0	D4	D4
329105at7147	OZ223789.1	116129307.0	D2	D2
329136at7147	OZ223790.1	137598721.0	NA	NA
329149at7147	OZ223789.1	49630712.0	NA	NA
329191at7147	OZ223788.1	347786819.5	NA	NA
329216at7147	OZ223789.1	285899319.0	D4	D4
329586at7147	OZ223790.1	135729978.0	NA	NA
329721at7147	OZ223790.1	65421900.0	D1	D1
329987at7147	OZ223790.1	160599821.5	D1	D1
329992at7147	OZ223790.1	297778533.5	D4	D4
330177at7147	OZ223788.1	120581102.0	NA	NA
330235at7147	OZ223790.1	63229820.5	D1	D1
330258at7147	OZ223790.1	294005637.5	D3	D3
330356at7147	OZ223790.1	289150404.0	D3	D3
330435at7147	OZ223790.1	131949092.5	D1	D1
330587at7147	OZ223789.1	231624157.0	D4	D4
330592at7147	OZ223789.1	335344005.5	NA	NA
330766at7147	OZ223788.1	30852373.5	D5	D5
330882at7147	OZ223790.1	249967627.5	D3	D3
330890at7147	OZ223789.1	50958078.5	D2	D2
330891at7147	OZ223789.1	184105579.5	NA	NA
330973at7147	OZ223790.1	23899266.5	D1	D1
331204at7147	OZ223790.1	92225922.0	D1	D1
331213at7147	OZ223790.1	8652058.5	D1	D1
331266at7147	OZ223789.1	36481748.0	D2	D2
331273at7147	OZ223788.1	302652734.0	D3	D3
331320at7147	OZ223790.1	128801242.5	D1	D1
331518at7147	OZ223788.1	29516850.5	D1	D1
331586at7147	OZ223790.1	156266559.0	D1	D1
331691at7147	OZ223789.1	114427238.0	D2	D2
331756at7147	OZ223790.1	62791969.5	D5	D5
331757at7147	OZ223789.1	86055850.5	D2	D2
331780at7147	OZ223788.1	344033731.5	D3	D3
331781at7147	OZ223788.1	12948047.0	NA	NA
331803at7147	OZ223788.1	98816826.5	D5	D5
331803at7147	OZ223788.1	98839105.5	D5	D5
331818at7147	OZ223789.1	16347266.0	D2	D2
331960at7147	OZ223790.1	20901232.0	D1	D1
332050at7147	OZ223789.1	76762026.5	D2	D2
332196at7147	OZ223789.1	53004511.5	D4	D4
332264at7147	OZ223790.1	106596425.0	NA	NA
332289at7147	OZ223788.1	355707980.0	D3	D3
332841at7147	OZ223790.1	37278928.0	D2	D2
332961at7147	OZ223789.1	285305412.0	D4	D4
333331at7147	OZ223790.1	79718162.0	D2	D2
333462at7147	OZ223789.1	20900392.0	D2	D2
333597at7147	OZ223788.1	244055545.5	D3	D3
333748at7147	OZ223788.1	324426491.5	D3	D3
333750at7147	OZ223789.1	345064419.0	D4	D4
333779at7147	OZ223790.1	190200908.0	D4	D4
333890at7147	OZ223790.1	291839411.0	D3	D3
333919at7147	OZ223788.1	205115885.5	D3	D3
333943at7147	OZ223788.1	41670154.0	D5	D5
333974at7147	OZ223788.1	324707351.5	D3	D3
333985at7147	OZ223789.1	80330092.5	D2	D2
334042at7147	OZ223789.1	89273253.5	D2	D2
334123at7147	OZ223790.1	196342417.0	NA	NA
334123at7147	OZ223790.1	196482754.5	NA	NA
334129at7147	OZ223789.1	282714405.5	D4	D4
334129at7147	OZ223789.1	282824464.5	D4	D4
334148at7147	OZ223788.1	152301890.5	D5	D5
334285at7147	OZ223788.1	44360165.0	D5	D5
334639at7147	OZ223789.1	30651331.5	D2	D2
334671at7147	OZ223788.1	279169535.0	NA	NA
334698at7147	OZ223788.1	96082965.5	NA	NA
334735at7147	OZ223790.1	51323681.5	D1	D1
335282at7147	OZ223790.1	4301045.0	NA	NA
335718at7147	OZ223788.1	319608764.0	D3	D3
335848at7147	OZ223790.1	1054758.5	D1	D1
335931at7147	OZ223788.1	45819849.0	D5	D5
336049at7147	OZ223790.1	284375946.0	D3	D3
336055at7147	OZ223789.1	356367171.0	D4	D4
336086at7147	OZ223790.1	61299590.0	NA	NA
336114at7147	OZ223789.1	212493081.5	D4	D4
336160at7147	OZ223790.1	294482547.5	NA	NA
336167at7147	OZ223790.1	255071206.0	D3	D3
336225at7147	OZ223788.1	285225075.0	D3	D3
336421at7147	OZ223789.1	91907904.5	NA	NA
336480at7147	OZ223789.1	270617532.5	D4	D4
336581at7147	OZ223790.1	271610107.5	D3	D3
336604at7147	OZ223788.1	37816132.5	NA	NA
336695at7147	OZ223788.1	39730992.5	NA	NA
336707at7147	OZ223789.1	284274628.0	D4	D4
336831at7147	OZ223789.1	336454829.0	D4	D4
336988at7147	OZ223789.1	350196025.5	D4	D4
337071at7147	OZ223788.1	353266046.0	D3	D3
337136at7147	OZ223788.1	39902348.5	D5	D5
337144at7147	OZ223788.1	337656395.0	D3	D3
337170at7147	OZ223788.1	340049999.0	D3	D3
337205at7147	OZ223788.1	123679872.0	D3	D3
337635at7147	OZ223789.1	15599328.5	NA	NA
337722at7147	OZ223790.1	130552452.0	D1	D1
337796at7147	OZ223789.1	18279448.0	D2	D2
337892at7147	OZ223789.1	16479981.5	NA	NA
337991at7147	OZ223789.1	5929132.0	D3	D3
338004at7147	OZ223790.1	132481640.0	D1	D1
338061at7147	OZ223790.1	130469886.5	D1	D1
338103at7147	OZ223788.1	47618672.5	D5	D5
338132at7147	OZ223790.1	54634380.0	NA	NA
338204at7147	OZ223789.1	277056352.5	NA	NA
338219at7147	OZ223789.1	14463150.5	D2	D2
338571at7147	OZ223789.1	74127927.0	D2	D2
338944at7147	OZ223790.1	51670044.0	D1	D1
339009at7147	OZ223789.1	90669267.0	NA	NA
339219at7147	OZ223789.1	356234629.5	D4	D4
339340at7147	OZ223789.1	284512908.0	NA	NA
339400at7147	OZ223788.1	2506826.5	D5	D5
339407at7147	OZ223790.1	84362622.0	D1	D1
339679at7147	OZ223790.1	299834055.0	D3	D3
339753at7147	OZ223790.1	225425895.0	D3	D3
339797at7147	OZ223790.1	7810380.0	D1	D1
339983at7147	OZ223790.1	288927532.5	D3	D3
340115at7147	OZ223790.1	95596793.0	D5	D5
340173at7147	OZ223789.1	16716992.5	D2	D2
340179at7147	OZ223788.1	178709788.0	D5	D5
340210at7147	OZ223790.1	128884409.5	NA	NA
340566at7147	OZ223789.1	134531047.5	NA	NA
340706at7147	OZ223790.1	297385169.5	D3	D3
340811at7147	OZ223790.1	11553772.5	D1	D1
340823at7147	OZ223789.1	343172831.0	D4	D4
340913at7147	OZ223790.1	74550854.5	D1	D1
341050at7147	OZ223789.1	355866710.5	D4	D4
341071at7147	OZ223788.1	146550799.0	D5	D5
341416at7147	OZ223788.1	134307066.5	D5	D5
341602at7147	OZ223791.1	2104912.5	D6	D6
341938at7147	OZ223789.1	244195471.0	D4	D4
342332at7147	OZ223788.1	139318119.0	D5	D5
342356at7147	OZ223789.1	259903970.5	D4	D4
342481at7147	OZ223790.1	262767240.0	D3	D3
342494at7147	OZ223790.1	51129377.5	D1	D1
342499at7147	OZ223790.1	295294681.0	D3	D3
342549at7147	OZ223790.1	51130796.5	NA	NA
342905at7147	OZ223788.1	201477506.0	NA	NA
343082at7147	OZ223788.1	279477581.5	D3	D3
343220at7147	OZ223788.1	249648429.5	D3	D3
343282at7147	OZ223789.1	336407452.5	D4	D4
343418at7147	OZ223790.1	117737941.5	D1	D1
343482at7147	OZ223788.1	86763119.0	D5	D5
343684at7147	OZ223788.1	303695917.0	D3	D3
343707at7147	OZ223790.1	165922907.5	D5	D5
343796at7147	OZ223790.1	19873874.0	D1	D1
343818at7147	OZ223789.1	198709432.5	D2	D2
343958at7147	OZ223790.1	4026470.0	D1	D1
344048at7147	OZ223789.1	332679635.5	D4	D4
344135at7147	OZ223790.1	261921987.0	D3	D3
344170at7147	OZ223790.1	97395491.0	NA	NA
344170at7147	OZ223789.1	21055558.5	NA	NA
344193at7147	OZ223789.1	277024964.0	NA	NA
344407at7147	OZ223789.1	356574893.0	D4	D4
344542at7147	OZ223788.1	200426871.0	NA	NA
344901at7147	OZ223789.1	353279894.5	D4	D4
344902at7147	OZ223788.1	315848792.5	NA	NA
344962at7147	OZ223790.1	285259179.0	NA	NA
345076at7147	OZ223790.1	285509679.5	D3	D3
345197at7147	OZ223789.1	318636215.0	NA	NA
345440at7147	OZ223789.1	44805384.5	D2	D2
345445at7147	OZ223789.1	321027279.0	D4	D4
345547at7147	OZ223791.1	843492.5	D6	D6
345709at7147	OZ223789.1	232851759.5	D4	D4
345771at7147	OZ223790.1	176197652.0	D1	D1
345909at7147	OZ223788.1	12480635.0	NA	NA
346045at7147	OZ223790.1	128515166.0	D1	D1
346119at7147	OZ223790.1	4019265.5	D1	D1
346156at7147	OZ223788.1	165398671.0	D5	D5
347134at7147	OZ223790.1	253029790.5	D3	D3
347136at7147	OZ223789.1	152232696.0	NA	NA
347246at7147	OZ223790.1	182631693.5	D3	D3
347528at7147	OZ223789.1	276888479.5	D4	D4
347673at7147	OZ223788.1	101287648.0	D5	D5
347901at7147	OZ223789.1	108931496.5	D4	D4
348025at7147	OZ223788.1	211384331.5	D3	D3
348165at7147	OZ223789.1	299050004.5	NA	NA
348171at7147	OZ223788.1	139660921.5	D5	D5
348238at7147	OZ223790.1	261104804.0	D3	D3
348417at7147	OZ223788.1	138618861.0	D5	D5
348620at7147	OZ223790.1	8209517.5	D1	D1
348693at7147	OZ223790.1	6486125.5	D1	D1
348842at7147	OZ223788.1	258227887.0	D3	D3
348892at7147	OZ223788.1	352647882.5	D3	D3
348910at7147	OZ223789.1	3984617.0	D2	D2
349066at7147	OZ223789.1	176875995.0	NA	NA
349071at7147	OZ223791.1	6781493.0	D6	D6
349133at7147	OZ223790.1	175716139.5	D1	D1
349505at7147	OZ223788.1	208473604.5	D3	D3
349613at7147	OZ223789.1	307389476.0	D4	D4
349613at7147	OZ223788.1	331940596.5	D4	D4
349975at7147	OZ223788.1	306795323.5	D3	D3
350020at7147	OZ223789.1	310048378.0	D4	D4
350442at7147	OZ223789.1	170158185.0	D2	D2
350615at7147	OZ223789.1	185764496.5	D2	D2
350662at7147	OZ223790.1	297790714.5	D3	D3
350700at7147	OZ223790.1	297796222.0	D3	D3
350773at7147	OZ223788.1	47421391.0	NA	NA
350842at7147	OZ223788.1	226027493.0	D3	D3
351037at7147	OZ223790.1	276811185.0	NA	NA
351128at7147	OZ223788.1	337415585.5	D3	D3
351540at7147	OZ223790.1	261906861.0	D3	D3
351734at7147	OZ223789.1	45561449.0	D2	D2
351844at7147	OZ223788.1	2413532.0	D5	D5
351859at7147	OZ223790.1	199871869.0	D3	D3
351922at7147	OZ223789.1	164146437.0	NA	NA
351939at7147	OZ223790.1	291658954.5	D3	D3
352170at7147	OZ223789.1	352462505.0	D4	D4
352487at7147	OZ223789.1	153262528.5	NA	NA
352532at7147	OZ223791.1	1175698.0	D6	D6
352780at7147	OZ223790.1	199424674.5	D3	D3
352873at7147	OZ223790.1	156097477.5	NA	NA
352923at7147	OZ223789.1	342723342.0	D4	D4
353269at7147	OZ223789.1	336203641.5	D4	D4
353371at7147	OZ223788.1	58309398.5	NA	NA
354383at7147	OZ223789.1	354984254.5	D4	D4
354891at7147	OZ223789.1	3316507.0	D2	D2
355156at7147	OZ223789.1	89297295.5	D2	D2
355206at7147	OZ223790.1	214492397.0	D3	D3
355389at7147	OZ223788.1	148880436.0	D3	D3
355470at7147	OZ223788.1	70049501.0	D5	D5
355590at7147	OZ223790.1	97688901.0	D1	D1
355693at7147	OZ223789.1	269941032.5	D4	D4
355810at7147	OZ223788.1	28634874.0	D5	D5
355935at7147	OZ223790.1	4123627.0	D1	D1
356064at7147	OZ223789.1	85357241.0	D2	D2
