SUPER_3	292137616	292139450	D3	423.5	+	https://v12-1.orthodb.org/?query=8at7147
SUPER_2	263522368	263523622	D4	976.3	+	https://v12-1.orthodb.org/?query=225at7147
SUPER_3	64419926	64415750	NA	385.5	-	https://v12-1.orthodb.org/?query=284at7147
SUPER_2	307227974	307227426	D4	287.4	-	https://v12-1.orthodb.org/?query=421at7147
SUPER_2	90563823	90586043	D6	701.5	+	https://v12-1.orthodb.org/?query=445at7147
SUPER_1	101113881	101116393	D1	1239.9	+	https://v12-1.orthodb.org/?query=452at7147
SUPER_1	75379151	75378817	D5	167.8	-	https://v12-1.orthodb.org/?query=525at7147
SUPER_3	108110105	108110829	D1	272.3	+	https://v12-1.orthodb.org/?query=540at7147
SUPER_1	58036744	58038453	D5	1235.7	+	https://v12-1.orthodb.org/?query=836at7147
SUPER_3	151057108	151056089	NA	551.7	-	https://v12-1.orthodb.org/?query=841at7147
SUPER_2	267634110	267633485	D4	352.0	-	https://v12-1.orthodb.org/?query=908at7147
SUPER_2	9013326	9006800	NA	362.4	-	https://v12-1.orthodb.org/?query=962at7147
SUPER_3	278314691	278314008	D2	397.2	-	https://v12-1.orthodb.org/?query=994at7147
SUPER_2	77484208	77483195	NA	413.6	-	https://v12-1.orthodb.org/?query=1004at7147
SUPER_1	337432641	337434176	D6	863.6	+	https://v12-1.orthodb.org/?query=1049at7147
SUPER_1	130705979	130700938	NA	629.4	-	https://v12-1.orthodb.org/?query=1055at7147
SUPER_1	333996525	333994406	D3	623.9	-	https://v12-1.orthodb.org/?query=1072at7147
SUPER_2	35762637	35761698	D2	567.4	-	https://v12-1.orthodb.org/?query=1078at7147
SUPER_3	65036023	65034702	D1	652.7	-	https://v12-1.orthodb.org/?query=1123at7147
SUPER_3	156180543	156181173	NA	300.7	+	https://v12-1.orthodb.org/?query=1142at7147
SUPER_3	285543187	285542384	D3	415.9	-	https://v12-1.orthodb.org/?query=1200at7147
SUPER_1	125828491	125830027	D3	940.8	+	https://v12-1.orthodb.org/?query=1247at7147
SUPER_3	110210170	110210882	NA	364.6	+	https://v12-1.orthodb.org/?query=1323at7147
SUPER_1	29704970	29724784	NA	939.9	+	https://v12-1.orthodb.org/?query=1690at7147
SUPER_1	221258325	221259719	NA	720.4	+	https://v12-1.orthodb.org/?query=1854at7147
SUPER_1	253961616	253960361	NA	360.7	-	https://v12-1.orthodb.org/?query=1907at7147
SUPER_3	95272456	95271157	D1	392.1	-	https://v12-1.orthodb.org/?query=1914at7147
SUPER_2	15637839	15637352	D1	228.4	-	https://v12-1.orthodb.org/?query=1984at7147
SUPER_2	11059444	11060092	D2	311.3	+	https://v12-1.orthodb.org/?query=2041at7147
SUPER_3	17222774	17240781	NA	682.6	+	https://v12-1.orthodb.org/?query=2067at7147
SUPER_2	139185398	139185764	D2	146.2	+	https://v12-1.orthodb.org/?query=2304at7147
SUPER_3	122026285	122025091	D1	829.5	-	https://v12-1.orthodb.org/?query=2306at7147
SUPER_1	89114465	89122966	NA	537.5	+	https://v12-1.orthodb.org/?query=2332at7147
SUPER_2	115363401	115364375	NA	496.4	+	https://v12-1.orthodb.org/?query=2339at7147
SUPER_3	294155395	294134503	D3	1304.0	-	https://v12-1.orthodb.org/?query=2552at7147
SUPER_1	15177541	15179446	D5	335.3	+	https://v12-1.orthodb.org/?query=2609at7147
SUPER_1	73909887	73911445	NA	398.3	+	https://v12-1.orthodb.org/?query=2610at7147
SUPER_2	112057939	112056244	D1	493.7	-	https://v12-1.orthodb.org/?query=2635at7147
SUPER_3	53136841	53135061	NA	1133.0	-	https://v12-1.orthodb.org/?query=2697at7147
SUPER_1	152192839	152137525	D5	1060.4	-	https://v12-1.orthodb.org/?query=2709at7147
SUPER_1	41614174	41608490	NA	862.9	-	https://v12-1.orthodb.org/?query=2727at7147
SUPER_3	1757351	1766096	D1	1009.6	+	https://v12-1.orthodb.org/?query=2904at7147
SUPER_3	179829319	179833168	D1	2106.5	+	https://v12-1.orthodb.org/?query=2908at7147
SUPER_3	294996101	294992746	D3	1340.1	-	https://v12-1.orthodb.org/?query=2969at7147
SUPER_1	8126152	8125810	D5	102.6	-	https://v12-1.orthodb.org/?query=3120at7147
SUPER_2	317729599	317726473	NA	1028.9	-	https://v12-1.orthodb.org/?query=3219at7147
SUPER_2	265162757	265162221	D4	239.2	-	https://v12-1.orthodb.org/?query=3282at7147
SUPER_2	16887125	16849425	D3	316.3	-	https://v12-1.orthodb.org/?query=3308at7147
SUPER_2	151976702	151978360	NA	695.8	+	https://v12-1.orthodb.org/?query=3333at7147
SUPER_2	333270316	333271066	D2	453.1	+	https://v12-1.orthodb.org/?query=3410at7147
SUPER_3	298150315	298149249	D3	643.8	-	https://v12-1.orthodb.org/?query=3413at7147
SUPER_2	283493379	283492515	D4	344.9	-	https://v12-1.orthodb.org/?query=3474at7147
SUPER_3	54290436	54290917	D1	222.0	+	https://v12-1.orthodb.org/?query=3577at7147
SUPER_3	107410742	107410148	D1	328.6	-	https://v12-1.orthodb.org/?query=3788at7147
SUPER_2	137185005	137185866	D2	382.1	+	https://v12-1.orthodb.org/?query=3828at7147
SUPER_2	138780591	138779565	D2	285.7	-	https://v12-1.orthodb.org/?query=3874at7147
SUPER_3	42308637	42340785	D1	349.1	+	https://v12-1.orthodb.org/?query=4069at7147
SUPER_3	299460894	299517966	D3	978.3	+	https://v12-1.orthodb.org/?query=4073at7147
SUPER_3	35810643	35809117	D1	713.9	-	https://v12-1.orthodb.org/?query=4095at7147
SUPER_1	319460507	319453803	D3	219.4	-	https://v12-1.orthodb.org/?query=4164at7147
SUPER_2	337233257	337240636	D4	764.9	+	https://v12-1.orthodb.org/?query=4218at7147
SUPER_1	150598637	150593630	NA	900.1	-	https://v12-1.orthodb.org/?query=4274at7147
SUPER_2	129933459	129906821	D2	1031.9	-	https://v12-1.orthodb.org/?query=4353at7147
SUPER_2	17738161	17736364	NA	841.0	-	https://v12-1.orthodb.org/?query=4421at7147
SUPER_2	251961432	251963970	D1	1060.5	+	https://v12-1.orthodb.org/?query=4470at7147
SUPER_2	182959573	182958704	NA	470.0	-	https://v12-1.orthodb.org/?query=4511at7147
SUPER_1	348980571	348978345	D3	1024.8	-	https://v12-1.orthodb.org/?query=4573at7147
SUPER_1	346287162	346277420	D3	1339.4	-	https://v12-1.orthodb.org/?query=4606at7147
SUPER_1	13294132	13240839	D5	1017.2	-	https://v12-1.orthodb.org/?query=4667at7147
SUPER_2	22284428	22292141	D1	5576.6	+	https://v12-1.orthodb.org/?query=4829at7147
SUPER_3	207725658	207727102	D3	727.0	+	https://v12-1.orthodb.org/?query=4932at7147
SUPER_1	255752689	255751899	D3	351.4	-	https://v12-1.orthodb.org/?query=5213at7147
SUPER_1	11614822	11615295	D5	232.8	+	https://v12-1.orthodb.org/?query=5225at7147
SUPER_3	205108789	205104651	D3	946.7	-	https://v12-1.orthodb.org/?query=5263at7147
SUPER_1	231858329	231866610	D3	359.5	+	https://v12-1.orthodb.org/?query=5433at7147
SUPER_1	282984816	283004424	D3	208.5	+	https://v12-1.orthodb.org/?query=5488at7147
SUPER_2	356369670	356368721	D4	522.0	-	https://v12-1.orthodb.org/?query=5674at7147
SUPER_2	126224267	126233605	D2	328.8	+	https://v12-1.orthodb.org/?query=5711at7147
SUPER_2	336215241	336214385	D4	371.0	-	https://v12-1.orthodb.org/?query=5723at7147
SUPER_2	49900538	49895605	NA	669.1	-	https://v12-1.orthodb.org/?query=5780at7147
SUPER_2	49900538	49895605	NA	669.1	-	https://v12-1.orthodb.org/?query=5780at7147
SUPER_2	49909387	49906649	NA	627.1	-	https://v12-1.orthodb.org/?query=5780at7147
SUPER_2	49909387	49906649	NA	627.1	-	https://v12-1.orthodb.org/?query=5780at7147
SUPER_1	196943929	196941913	D3	676.2	-	https://v12-1.orthodb.org/?query=5845at7147
SUPER_1	7169441	7168764	NA	237.0	-	https://v12-1.orthodb.org/?query=5858at7147
SUPER_X	1476261	1469176	D6	835.6	-	https://v12-1.orthodb.org/?query=5978at7147
SUPER_2	26563401	26564151	D2	241.8	+	https://v12-1.orthodb.org/?query=6130at7147
SUPER_2	345424050	345406455	NA	701.8	-	https://v12-1.orthodb.org/?query=6240at7147
SUPER_3	44818359	44816224	D1	897.5	-	https://v12-1.orthodb.org/?query=6256at7147
SUPER_3	32910997	32897572	D4	784.3	-	https://v12-1.orthodb.org/?query=6718at7147
SUPER_X	6096315	6097761	D2	947.7	+	https://v12-1.orthodb.org/?query=6736at7147
SUPER_1	339596754	339599519	NA	982.9	+	https://v12-1.orthodb.org/?query=6974at7147
SUPER_2	267632207	267633195	D4	456.6	+	https://v12-1.orthodb.org/?query=7054at7147
SUPER_3	141272020	141275407	D1	1269.1	+	https://v12-1.orthodb.org/?query=7326at7147
SUPER_3	54918367	54906634	D6	890.7	-	https://v12-1.orthodb.org/?query=7353at7147
SUPER_2	323303276	323304770	D3	903.0	+	https://v12-1.orthodb.org/?query=7355at7147
SUPER_2	232059434	232060149	NA	312.8	+	https://v12-1.orthodb.org/?query=7470at7147
SUPER_2	232059434	232060149	NA	312.8	+	https://v12-1.orthodb.org/?query=7470at7147
SUPER_2	232061484	232062163	NA	317.2	+	https://v12-1.orthodb.org/?query=7470at7147
SUPER_2	232061484	232062163	NA	317.2	+	https://v12-1.orthodb.org/?query=7470at7147
SUPER_1	230942993	230944166	D3	753.1	+	https://v12-1.orthodb.org/?query=7527at7147
SUPER_1	226052627	226032631	D3	2190.5	-	https://v12-1.orthodb.org/?query=7563at7147
SUPER_1	309084834	309100170	D3	645.2	+	https://v12-1.orthodb.org/?query=7677at7147
SUPER_2	116001426	115973702	NA	765.3	-	https://v12-1.orthodb.org/?query=7764at7147
SUPER_3	68074612	68106422	D1	475.9	+	https://v12-1.orthodb.org/?query=7798at7147
SUPER_3	137906738	137908332	D6	1009.6	+	https://v12-1.orthodb.org/?query=7971at7147
SUPER_2	206013042	206014430	NA	801.8	+	https://v12-1.orthodb.org/?query=8005at7147
SUPER_1	4160451	4157335	D5	1496.7	-	https://v12-1.orthodb.org/?query=8016at7147
SUPER_1	331671581	331659345	D3	2299.4	-	https://v12-1.orthodb.org/?query=8037at7147
SUPER_2	270751997	270657502	D4	2186.3	-	https://v12-1.orthodb.org/?query=8079at7147
SUPER_1	349450148	349447955	NA	938.3	-	https://v12-1.orthodb.org/?query=8161at7147
SUPER_1	180087587	180089747	D5	742.1	+	https://v12-1.orthodb.org/?query=8234at7147
SUPER_1	148958317	148920887	D5	695.2	-	https://v12-1.orthodb.org/?query=8348at7147
SUPER_2	354830090	354831520	D4	358.2	+	https://v12-1.orthodb.org/?query=8364at7147
SUPER_3	49817696	49818380	NA	228.2	+	https://v12-1.orthodb.org/?query=8365at7147
SUPER_1	207908471	207907292	D3	468.9	-	https://v12-1.orthodb.org/?query=8456at7147
SUPER_3	299487054	299483708	D3	1217.0	-	https://v12-1.orthodb.org/?query=8734at7147
SUPER_1	136666142	136667461	D5	506.7	+	https://v12-1.orthodb.org/?query=8741at7147
SUPER_1	107452641	107451783	NA	312.7	-	https://v12-1.orthodb.org/?query=8776at7147
SUPER_3	270657182	270654248	NA	830.1	-	https://v12-1.orthodb.org/?query=8873at7147
SUPER_2	160217041	160215235	NA	1079.2	-	https://v12-1.orthodb.org/?query=8933at7147
SUPER_1	2923606	2922432	NA	480.6	-	https://v12-1.orthodb.org/?query=8944at7147
SUPER_1	105529919	105510451	D5	1071.3	-	https://v12-1.orthodb.org/?query=8977at7147
SUPER_2	72583693	72570979	NA	1846.4	-	https://v12-1.orthodb.org/?query=9125at7147
SUPER_3	206051307	206050074	NA	435.1	-	https://v12-1.orthodb.org/?query=9191at7147
SUPER_3	299153282	299152184	D3	442.3	-	https://v12-1.orthodb.org/?query=9356at7147
SUPER_2	54626796	54625108	NA	614.3	-	https://v12-1.orthodb.org/?query=9394at7147
SUPER_X	1756919	1751527	D6	365.8	-	https://v12-1.orthodb.org/?query=9406at7147
SUPER_2	109315088	109316078	D4	355.6	+	https://v12-1.orthodb.org/?query=9425at7147
SUPER_1	214549310	214567053	D5	623.0	+	https://v12-1.orthodb.org/?query=9487at7147
SUPER_1	139681755	139680207	D5	995.3	-	https://v12-1.orthodb.org/?query=9678at7147
SUPER_3	175693437	175694727	D1	336.1	+	https://v12-1.orthodb.org/?query=9921at7147
SUPER_3	131794995	131749576	D1	4595.9	-	https://v12-1.orthodb.org/?query=9938at7147
SUPER_2	332757501	332766470	D4	1026.9	+	https://v12-1.orthodb.org/?query=10055at7147
SUPER_1	174467951	174467054	D5	560.8	-	https://v12-1.orthodb.org/?query=10097at7147
SUPER_1	5323017	5324409	D5	873.2	+	https://v12-1.orthodb.org/?query=10198at7147
SUPER_1	156643298	156532234	NA	2335.1	-	https://v12-1.orthodb.org/?query=10247at7147
SUPER_1	353641660	353640760	D3	508.8	-	https://v12-1.orthodb.org/?query=10407at7147
SUPER_3	254951824	254939963	D3	277.5	-	https://v12-1.orthodb.org/?query=10408at7147
SUPER_2	50392381	50397042	D2	1656.5	+	https://v12-1.orthodb.org/?query=10443at7147
SUPER_1	285632916	285633753	D3	354.3	+	https://v12-1.orthodb.org/?query=10456at7147
SUPER_3	111945614	111944245	NA	756.7	-	https://v12-1.orthodb.org/?query=10532at7147
SUPER_2	201828893	201820950	D4	3112.4	-	https://v12-1.orthodb.org/?query=10563at7147
SUPER_3	170551225	170547239	D1	342.0	-	https://v12-1.orthodb.org/?query=10589at7147
SUPER_3	205142194	205127599	D3	263.8	-	https://v12-1.orthodb.org/?query=10620at7147
SUPER_1	2408716	2409439	D5	253.7	+	https://v12-1.orthodb.org/?query=10654at7147
SUPER_1	146687350	146686005	D1	554.4	-	https://v12-1.orthodb.org/?query=10709at7147
SUPER_X	1241682	1242955	D6	582.8	+	https://v12-1.orthodb.org/?query=10730at7147
SUPER_3	300007073	300010229	NA	1067.4	+	https://v12-1.orthodb.org/?query=10911at7147
SUPER_1	299088852	299087323	NA	619.1	-	https://v12-1.orthodb.org/?query=11023at7147
SUPER_2	350939835	350941654	D4	885.6	+	https://v12-1.orthodb.org/?query=11146at7147
SUPER_3	53116356	53117408	NA	507.3	+	https://v12-1.orthodb.org/?query=11268at7147
SUPER_1	62114937	62113044	D1	936.9	-	https://v12-1.orthodb.org/?query=11292at7147
SUPER_2	162981148	162982511	NA	424.5	+	https://v12-1.orthodb.org/?query=11343at7147
SUPER_2	73430700	73429230	NA	610.9	-	https://v12-1.orthodb.org/?query=11421at7147
SUPER_1	288604715	288622015	NA	293.6	+	https://v12-1.orthodb.org/?query=11457at7147
SUPER_3	246854549	246851824	D3	495.4	-	https://v12-1.orthodb.org/?query=11484at7147
SUPER_2	1339020	1340344	D2	581.8	+	https://v12-1.orthodb.org/?query=11516at7147
SUPER_2	31357303	31358603	D4	689.1	+	https://v12-1.orthodb.org/?query=11534at7147
SUPER_1	165797898	165835612	NA	560.4	+	https://v12-1.orthodb.org/?query=11753at7147
SUPER_1	65027262	65031228	NA	346.4	+	https://v12-1.orthodb.org/?query=11778at7147
SUPER_1	290127096	290129363	D3	431.3	+	https://v12-1.orthodb.org/?query=11874at7147
SUPER_3	105081465	105081066	D1	203.1	-	https://v12-1.orthodb.org/?query=11888at7147
SUPER_3	54296364	54295454	NA	515.7	-	https://v12-1.orthodb.org/?query=11999at7147
SUPER_1	355460838	355458280	D3	1516.2	-	https://v12-1.orthodb.org/?query=12100at7147
SUPER_2	152833383	152755146	D4	746.0	-	https://v12-1.orthodb.org/?query=12116at7147
SUPER_3	284884821	284883394	D3	809.6	-	https://v12-1.orthodb.org/?query=12219at7147
SUPER_1	39694615	39695632	D5	475.6	+	https://v12-1.orthodb.org/?query=12226at7147
SUPER_3	110159987	110159022	D1	283.9	-	https://v12-1.orthodb.org/?query=12283at7147
SUPER_2	214519059	214519538	D4	228.9	+	https://v12-1.orthodb.org/?query=12285at7147
SUPER_3	285810563	285812336	D3	855.0	+	https://v12-1.orthodb.org/?query=12361at7147
SUPER_2	123533028	123534603	D2	845.4	+	https://v12-1.orthodb.org/?query=12492at7147
SUPER_3	221695446	221685022	D3	982.1	-	https://v12-1.orthodb.org/?query=12531at7147
SUPER_2	103990762	103992342	D2	718.4	+	https://v12-1.orthodb.org/?query=12652at7147
SUPER_3	250156439	250149897	NA	645.7	-	https://v12-1.orthodb.org/?query=12796at7147
SUPER_3	297073907	297074810	D3	440.8	+	https://v12-1.orthodb.org/?query=12973at7147
SUPER_2	351211604	351210192	D1	729.9	-	https://v12-1.orthodb.org/?query=13052at7147
SUPER_1	275885846	275884892	D3	315.1	-	https://v12-1.orthodb.org/?query=13055at7147
SUPER_2	196066273	196111213	NA	345.2	+	https://v12-1.orthodb.org/?query=13056at7147
SUPER_3	96808634	96808189	D1	121.4	-	https://v12-1.orthodb.org/?query=13207at7147
SUPER_1	42654161	42652134	NA	675.9	-	https://v12-1.orthodb.org/?query=13389at7147
SUPER_3	188287769	188337403	D5	1043.5	+	https://v12-1.orthodb.org/?query=13588at7147
SUPER_2	236281411	236282344	D4	350.9	+	https://v12-1.orthodb.org/?query=13731at7147
SUPER_1	349875069	349876379	D3	643.4	+	https://v12-1.orthodb.org/?query=13808at7147
SUPER_2	35385862	35384159	D2	813.2	-	https://v12-1.orthodb.org/?query=13883at7147
SUPER_3	89990823	89988255	NA	1166.5	-	https://v12-1.orthodb.org/?query=13919at7147
SUPER_3	299509862	299506980	D3	679.0	-	https://v12-1.orthodb.org/?query=14042at7147
SUPER_2	9795868	9798284	D2	856.6	+	https://v12-1.orthodb.org/?query=14054at7147
SUPER_1	134946180	134944049	D5	778.1	-	https://v12-1.orthodb.org/?query=14119at7147
SUPER_1	42704047	42706810	D5	679.5	+	https://v12-1.orthodb.org/?query=14247at7147
SUPER_2	11321625	11323046	D2	547.4	+	https://v12-1.orthodb.org/?query=14368at7147
SUPER_1	123025481	123054360	D3	2870.6	+	https://v12-1.orthodb.org/?query=14376at7147
SUPER_3	295069741	295070182	NA	234.7	+	https://v12-1.orthodb.org/?query=14513at7147
SUPER_1	105614478	105616313	D5	1087.8	+	https://v12-1.orthodb.org/?query=14525at7147
SUPER_3	294455240	294457331	NA	765.6	+	https://v12-1.orthodb.org/?query=14621at7147
SUPER_1	153899551	153902544	D5	108.6	+	https://v12-1.orthodb.org/?query=14633at7147
SUPER_2	260613207	260611160	NA	896.6	-	https://v12-1.orthodb.org/?query=14661at7147
SUPER_2	260613207	260611160	NA	896.6	-	https://v12-1.orthodb.org/?query=14661at7147
SUPER_2	195639629	195641755	NA	920.5	+	https://v12-1.orthodb.org/?query=14661at7147
SUPER_2	195639629	195641755	NA	920.5	+	https://v12-1.orthodb.org/?query=14661at7147
SUPER_3	115156558	115184160	NA	837.8	+	https://v12-1.orthodb.org/?query=14706at7147
SUPER_2	308377871	308376020	D4	965.2	-	https://v12-1.orthodb.org/?query=14792at7147
SUPER_3	295066189	295065410	NA	295.8	-	https://v12-1.orthodb.org/?query=14821at7147
SUPER_1	39693161	39686629	NA	2163.4	-	https://v12-1.orthodb.org/?query=15074at7147
SUPER_3	130195541	130195028	D1	155.3	-	https://v12-1.orthodb.org/?query=15336at7147
SUPER_2	329197922	329198687	NA	345.4	+	https://v12-1.orthodb.org/?query=15356at7147
SUPER_2	125088575	125146413	NA	831.7	+	https://v12-1.orthodb.org/?query=15390at7147
SUPER_3	166952725	166956942	NA	708.2	+	https://v12-1.orthodb.org/?query=15451at7147
SUPER_2	80529925	80570799	D2	398.7	+	https://v12-1.orthodb.org/?query=15468at7147
SUPER_2	59893255	59890746	NA	542.6	-	https://v12-1.orthodb.org/?query=15549at7147
SUPER_1	37778225	37778935	D5	286.7	+	https://v12-1.orthodb.org/?query=15662at7147
SUPER_3	297881507	297880476	D3	509.4	-	https://v12-1.orthodb.org/?query=15771at7147
SUPER_2	309927542	309926207	D4	662.7	-	https://v12-1.orthodb.org/?query=15909at7147
SUPER_2	11320488	11307061	D2	641.7	-	https://v12-1.orthodb.org/?query=15956at7147
SUPER_1	119956525	119967401	NA	499.2	+	https://v12-1.orthodb.org/?query=15977at7147
SUPER_3	270507464	270591442	D3	1292.4	+	https://v12-1.orthodb.org/?query=16128at7147
SUPER_1	174316811	174340538	D5	752.5	+	https://v12-1.orthodb.org/?query=16264at7147
SUPER_2	323306103	323305224	D4	436.1	-	https://v12-1.orthodb.org/?query=16285at7147
SUPER_3	299822698	299821064	D3	406.0	-	https://v12-1.orthodb.org/?query=16470at7147
SUPER_2	345203019	345200894	D4	574.2	-	https://v12-1.orthodb.org/?query=16687at7147
SUPER_3	177347658	177346911	NA	383.4	-	https://v12-1.orthodb.org/?query=16747at7147
SUPER_2	17279052	17278115	D2	405.2	-	https://v12-1.orthodb.org/?query=16822at7147
SUPER_2	17279052	17278115	D2	405.2	-	https://v12-1.orthodb.org/?query=16822at7147
SUPER_2	173070259	173069322	D2	397.7	-	https://v12-1.orthodb.org/?query=16822at7147
SUPER_2	173070259	173069322	D2	397.7	-	https://v12-1.orthodb.org/?query=16822at7147
SUPER_3	272776912	272778342	D3	356.2	+	https://v12-1.orthodb.org/?query=16840at7147
SUPER_2	1881762	1892856	D2	386.9	+	https://v12-1.orthodb.org/?query=16873at7147
SUPER_2	197449462	197448967	D4	192.6	-	https://v12-1.orthodb.org/?query=16927at7147
SUPER_2	346865586	346862423	D4	1412.7	-	https://v12-1.orthodb.org/?query=16945at7147
SUPER_1	73939225	73916786	D5	878.5	-	https://v12-1.orthodb.org/?query=17073at7147
SUPER_2	347848809	347847091	NA	1004.8	-	https://v12-1.orthodb.org/?query=17231at7147
SUPER_3	231275095	231274459	D3	333.5	-	https://v12-1.orthodb.org/?query=17265at7147
SUPER_3	176683949	176682236	D1	515.4	-	https://v12-1.orthodb.org/?query=17402at7147
SUPER_1	111921220	111935908	D5	1764.7	+	https://v12-1.orthodb.org/?query=17410at7147
SUPER_1	323606621	323608322	D3	672.3	+	https://v12-1.orthodb.org/?query=17444at7147
SUPER_1	347791667	347790925	D3	320.6	-	https://v12-1.orthodb.org/?query=17528at7147
SUPER_1	37508827	37511309	D5	528.3	+	https://v12-1.orthodb.org/?query=17603at7147
SUPER_1	32778689	32774366	D5	435.3	-	https://v12-1.orthodb.org/?query=17608at7147
SUPER_1	232513353	232514548	D3	466.4	+	https://v12-1.orthodb.org/?query=17630at7147
SUPER_2	284785304	284788359	D4	1383.4	+	https://v12-1.orthodb.org/?query=17649at7147
SUPER_1	324688925	324688575	NA	161.8	-	https://v12-1.orthodb.org/?query=17672at7147
SUPER_1	17571627	17576709	NA	620.4	+	https://v12-1.orthodb.org/?query=17711at7147
SUPER_1	63544448	63540812	D3	1763.5	-	https://v12-1.orthodb.org/?query=17793at7147
SUPER_3	141518024	141513466	D1	1197.3	-	https://v12-1.orthodb.org/?query=17796at7147
SUPER_2	231093343	231089579	NA	890.4	-	https://v12-1.orthodb.org/?query=17799at7147
SUPER_3	299576979	299575618	D3	287.8	-	https://v12-1.orthodb.org/?query=17888at7147
SUPER_2	254121765	254081075	D4	2191.4	-	https://v12-1.orthodb.org/?query=17896at7147
SUPER_2	285333485	285335887	D4	899.8	+	https://v12-1.orthodb.org/?query=17953at7147
SUPER_3	122037149	122038091	D1	455.1	+	https://v12-1.orthodb.org/?query=17982at7147
SUPER_3	205676352	205682979	D3	132.2	+	https://v12-1.orthodb.org/?query=17984at7147
SUPER_2	44812274	44768100	D2	2315.3	-	https://v12-1.orthodb.org/?query=18006at7147
SUPER_2	309605023	309589003	D4	712.6	-	https://v12-1.orthodb.org/?query=18027at7147
SUPER_1	74864543	74858740	D1	2048.8	-	https://v12-1.orthodb.org/?query=18059at7147
SUPER_3	66374887	66376592	D1	789.6	+	https://v12-1.orthodb.org/?query=18072at7147
SUPER_1	66791373	66792133	D5	356.1	+	https://v12-1.orthodb.org/?query=18472at7147
SUPER_1	28750613	28751996	D5	598.7	+	https://v12-1.orthodb.org/?query=18484at7147
SUPER_1	332240340	332239446	D3	114.9	-	https://v12-1.orthodb.org/?query=18515at7147
SUPER_3	74358025	74370196	D1	277.5	+	https://v12-1.orthodb.org/?query=18923at7147
SUPER_2	341703387	341706776	D4	807.2	+	https://v12-1.orthodb.org/?query=19144at7147
SUPER_3	206264188	206262661	NA	87.5	-	https://v12-1.orthodb.org/?query=19212at7147
SUPER_3	270977567	270979222	NA	989.9	+	https://v12-1.orthodb.org/?query=19395at7147
SUPER_3	297977715	297978009	D3	178.3	+	https://v12-1.orthodb.org/?query=19684at7147
SUPER_3	8068331	8066777	D1	631.8	-	https://v12-1.orthodb.org/?query=19729at7147
SUPER_3	155410110	155408927	D1	706.5	-	https://v12-1.orthodb.org/?query=19746at7147
SUPER_2	42699770	42701799	D2	188.1	+	https://v12-1.orthodb.org/?query=19750at7147
SUPER_3	278113818	278113188	NA	299.4	-	https://v12-1.orthodb.org/?query=19787at7147
SUPER_2	342679031	342722518	NA	2018.2	+	https://v12-1.orthodb.org/?query=19873at7147
SUPER_2	323297640	323293693	D4	1259.0	-	https://v12-1.orthodb.org/?query=20074at7147
SUPER_3	112775059	112776700	D1	632.3	+	https://v12-1.orthodb.org/?query=20189at7147
SUPER_2	29549773	29550586	D2	518.0	+	https://v12-1.orthodb.org/?query=20309at7147
SUPER_3	203817858	203816761	NA	289.2	-	https://v12-1.orthodb.org/?query=20384at7147
SUPER_3	191197418	191199428	D1	622.3	+	https://v12-1.orthodb.org/?query=20583at7147
SUPER_3	69049018	69135380	D1	938.1	+	https://v12-1.orthodb.org/?query=20674at7147
SUPER_1	46170436	46225015	D5	863.6	+	https://v12-1.orthodb.org/?query=20729at7147
SUPER_1	3907507	3906385	NA	374.0	-	https://v12-1.orthodb.org/?query=20769at7147
SUPER_1	195803927	195809629	D5	758.5	+	https://v12-1.orthodb.org/?query=20821at7147
SUPER_1	166762228	166740882	D5	1341.1	-	https://v12-1.orthodb.org/?query=21072at7147
SUPER_2	32439621	32437488	D2	1067.2	-	https://v12-1.orthodb.org/?query=21190at7147
SUPER_1	167322411	167326362	D5	1299.0	+	https://v12-1.orthodb.org/?query=21253at7147
SUPER_1	110953407	110951595	NA	563.7	-	https://v12-1.orthodb.org/?query=21351at7147
SUPER_3	54120578	54119134	D4	408.4	-	https://v12-1.orthodb.org/?query=21439at7147
SUPER_3	134572690	134563322	D1	224.9	-	https://v12-1.orthodb.org/?query=21468at7147
SUPER_2	295366373	295365710	NA	290.3	-	https://v12-1.orthodb.org/?query=21503at7147
SUPER_3	3195078	3191604	D1	1883.9	-	https://v12-1.orthodb.org/?query=21581at7147
SUPER_2	233614518	233612036	D4	996.4	-	https://v12-1.orthodb.org/?query=21585at7147
HAP1_SCAFFOLD_448	26502	37020	NA	359.2	+	https://v12-1.orthodb.org/?query=21605at7147
HAP1_SCAFFOLD_448	26502	37020	NA	359.2	+	https://v12-1.orthodb.org/?query=21605at7147
SUPER_3	68893788	68903559	NA	359.2	+	https://v12-1.orthodb.org/?query=21605at7147
SUPER_3	68893788	68903559	NA	359.2	+	https://v12-1.orthodb.org/?query=21605at7147
SUPER_1	45041454	45044363	D2	575.2	+	https://v12-1.orthodb.org/?query=21773at7147
SUPER_1	232007689	232017291	D3	156.5	+	https://v12-1.orthodb.org/?query=21818at7147
SUPER_1	139354758	139353772	D5	449.8	-	https://v12-1.orthodb.org/?query=21852at7147
SUPER_2	2959085	2953842	NA	1432.4	-	https://v12-1.orthodb.org/?query=21918at7147
SUPER_3	47519515	47520373	NA	355.6	+	https://v12-1.orthodb.org/?query=21939at7147
SUPER_3	113641363	113638830	NA	942.4	-	https://v12-1.orthodb.org/?query=22024at7147
SUPER_3	237759557	237733203	NA	1658.3	-	https://v12-1.orthodb.org/?query=22088at7147
SUPER_2	100052252	100051577	NA	178.0	-	https://v12-1.orthodb.org/?query=22334at7147
SUPER_2	336178635	336180155	D4	405.9	+	https://v12-1.orthodb.org/?query=22418at7147
SUPER_1	163441785	163420142	D5	1539.6	-	https://v12-1.orthodb.org/?query=22449at7147
SUPER_1	332231424	332234793	D3	637.2	+	https://v12-1.orthodb.org/?query=22604at7147
SUPER_3	7745013	7747780	D1	887.5	+	https://v12-1.orthodb.org/?query=22719at7147
SUPER_1	125420075	125425794	D5	1514.3	+	https://v12-1.orthodb.org/?query=22815at7147
SUPER_2	14609142	14605652	D2	1676.5	-	https://v12-1.orthodb.org/?query=23190at7147
SUPER_3	280222792	280214967	D3	116.9	-	https://v12-1.orthodb.org/?query=23197at7147
SUPER_3	52949343	52952681	NA	874.4	+	https://v12-1.orthodb.org/?query=23278at7147
SUPER_3	54644201	54662119	D1	613.9	+	https://v12-1.orthodb.org/?query=23365at7147
SUPER_1	139165395	139163315	D5	957.5	-	https://v12-1.orthodb.org/?query=23560at7147
SUPER_1	298568702	298567456	D3	537.8	-	https://v12-1.orthodb.org/?query=23846at7147
SUPER_1	351283390	351251511	D3	1679.5	-	https://v12-1.orthodb.org/?query=24160at7147
SUPER_2	285105515	285080501	D4	1108.8	-	https://v12-1.orthodb.org/?query=24342at7147
SUPER_3	172755882	172758580	D1	1250.2	+	https://v12-1.orthodb.org/?query=24411at7147
SUPER_3	40805108	40803884	D1	286.8	-	https://v12-1.orthodb.org/?query=24444at7147
SUPER_3	140556109	140551006	D1	942.8	-	https://v12-1.orthodb.org/?query=24690at7147
SUPER_1	56806036	56803924	D4	428.0	-	https://v12-1.orthodb.org/?query=24767at7147
SUPER_2	355979043	356008116	D4	935.4	+	https://v12-1.orthodb.org/?query=24982at7147
SUPER_1	20926414	20917451	D2	1239.6	-	https://v12-1.orthodb.org/?query=25034at7147
SUPER_2	345188293	345189701	D2	337.1	+	https://v12-1.orthodb.org/?query=25037at7147
SUPER_2	312591356	312592571	D4	349.4	+	https://v12-1.orthodb.org/?query=25045at7147
SUPER_2	89612640	89613590	D5	381.0	+	https://v12-1.orthodb.org/?query=25091at7147
SUPER_1	32788431	32789074	D5	231.7	+	https://v12-1.orthodb.org/?query=25119at7147
SUPER_1	2407488	2406762	NA	355.1	-	https://v12-1.orthodb.org/?query=25176at7147
SUPER_1	66579939	66578250	NA	131.6	-	https://v12-1.orthodb.org/?query=25297at7147
SUPER_3	271490220	271489203	D3	334.8	-	https://v12-1.orthodb.org/?query=25365at7147
SUPER_1	92888446	92889937	NA	279.9	+	https://v12-1.orthodb.org/?query=25380at7147
SUPER_1	148919617	148843886	D3	586.1	-	https://v12-1.orthodb.org/?query=25381at7147
SUPER_1	299256849	299253615	D3	1169.4	-	https://v12-1.orthodb.org/?query=25399at7147
SUPER_3	285638489	285639099	D3	250.4	+	https://v12-1.orthodb.org/?query=25417at7147
SUPER_2	336340130	336346156	D4	1428.3	+	https://v12-1.orthodb.org/?query=25419at7147
SUPER_3	300532139	300522970	D3	1133.7	-	https://v12-1.orthodb.org/?query=25471at7147
SUPER_1	157063178	157064893	NA	589.2	+	https://v12-1.orthodb.org/?query=25587at7147
SUPER_2	344742677	344745009	D4	174.5	+	https://v12-1.orthodb.org/?query=25662at7147
SUPER_3	176753439	176751651	D1	745.0	-	https://v12-1.orthodb.org/?query=25769at7147
SUPER_2	254063363	254048115	D4	2492.1	-	https://v12-1.orthodb.org/?query=25828at7147
SUPER_1	345856193	345856857	D3	149.3	+	https://v12-1.orthodb.org/?query=25925at7147
SUPER_3	2410772	2406453	D1	601.6	-	https://v12-1.orthodb.org/?query=26206at7147
SUPER_3	286191969	286197133	D3	1232.8	+	https://v12-1.orthodb.org/?query=26270at7147
SUPER_3	376673	373808	D1	858.1	-	https://v12-1.orthodb.org/?query=26382at7147
SUPER_3	26912785	26911330	NA	331.2	-	https://v12-1.orthodb.org/?query=26413at7147
SUPER_3	297971806	297976534	D3	1195.8	+	https://v12-1.orthodb.org/?query=26431at7147
SUPER_2	91579290	91576456	D2	315.0	-	https://v12-1.orthodb.org/?query=26452at7147
SUPER_3	51078480	51071645	D1	1017.3	-	https://v12-1.orthodb.org/?query=26486at7147
SUPER_3	300352044	300344071	D3	986.2	-	https://v12-1.orthodb.org/?query=26565at7147
SUPER_1	160562653	160563246	D5	233.4	+	https://v12-1.orthodb.org/?query=26603at7147
SUPER_2	4213550	4220338	D2	354.8	+	https://v12-1.orthodb.org/?query=26679at7147
SUPER_1	322497448	322491302	D3	434.5	-	https://v12-1.orthodb.org/?query=26759at7147
SUPER_3	251402507	251439020	D3	788.9	+	https://v12-1.orthodb.org/?query=26790at7147
SUPER_1	138595877	138596807	D5	272.0	+	https://v12-1.orthodb.org/?query=26854at7147
SUPER_1	350997088	351005902	D3	685.8	+	https://v12-1.orthodb.org/?query=26907at7147
SUPER_1	1217107	1210207	NA	673.9	-	https://v12-1.orthodb.org/?query=27022at7147
SUPER_3	271442602	271440650	D3	868.9	-	https://v12-1.orthodb.org/?query=27053at7147
SUPER_2	323257114	323259024	D4	736.8	+	https://v12-1.orthodb.org/?query=27128at7147
SUPER_1	42707558	42708470	NA	162.4	+	https://v12-1.orthodb.org/?query=27217at7147
SUPER_3	108680681	108706255	D1	271.7	+	https://v12-1.orthodb.org/?query=27268at7147
SUPER_1	25729216	25732350	D5	883.9	+	https://v12-1.orthodb.org/?query=27297at7147
SUPER_2	114295517	114296238	D2	211.5	+	https://v12-1.orthodb.org/?query=27507at7147
SUPER_1	323840217	323840670	NA	163.7	+	https://v12-1.orthodb.org/?query=27653at7147
SUPER_X	3536093	3538682	D6	455.1	+	https://v12-1.orthodb.org/?query=27793at7147
SUPER_2	350533827	350532545	D4	491.4	-	https://v12-1.orthodb.org/?query=27804at7147
SUPER_1	153971	175506	D5	632.8	+	https://v12-1.orthodb.org/?query=27839at7147
SUPER_2	279424464	279442238	NA	679.3	+	https://v12-1.orthodb.org/?query=27852at7147
SUPER_3	7645644	7637871	D1	158.1	-	https://v12-1.orthodb.org/?query=27970at7147
SUPER_2	335316086	335319294	NA	700.6	+	https://v12-1.orthodb.org/?query=27997at7147
SUPER_2	352690283	352691591	NA	474.7	+	https://v12-1.orthodb.org/?query=28180at7147
SUPER_2	126771060	126755367	D3	1130.0	-	https://v12-1.orthodb.org/?query=28266at7147
SUPER_3	298357122	298355826	D3	372.0	-	https://v12-1.orthodb.org/?query=28547at7147
SUPER_X	1284791	1280823	D5	347.0	-	https://v12-1.orthodb.org/?query=28601at7147
SUPER_X	1284791	1280823	D5	347.0	-	https://v12-1.orthodb.org/?query=28601at7147
SUPER_1	41523	42873	D5	352.0	+	https://v12-1.orthodb.org/?query=28601at7147
SUPER_1	41523	42873	D5	352.0	+	https://v12-1.orthodb.org/?query=28601at7147
SUPER_2	336209163	336207852	D4	431.8	-	https://v12-1.orthodb.org/?query=28614at7147
SUPER_3	7656302	7655384	D1	234.3	-	https://v12-1.orthodb.org/?query=28615at7147
SUPER_2	49939830	49933479	D2	1035.6	-	https://v12-1.orthodb.org/?query=28627at7147
SUPER_3	297717094	297715846	D3	456.8	-	https://v12-1.orthodb.org/?query=28877at7147
SUPER_3	172830327	172809456	D1	529.7	-	https://v12-1.orthodb.org/?query=28937at7147
SUPER_2	350750212	350746358	NA	918.0	-	https://v12-1.orthodb.org/?query=28958at7147
SUPER_3	130486318	130490062	D1	1278.1	+	https://v12-1.orthodb.org/?query=29361at7147
SUPER_1	285149385	285148465	D3	380.5	-	https://v12-1.orthodb.org/?query=29535at7147
SUPER_3	291865576	291860344	D3	1187.0	-	https://v12-1.orthodb.org/?query=29552at7147
SUPER_3	125498430	125482828	D1	549.9	-	https://v12-1.orthodb.org/?query=29583at7147
SUPER_3	107395466	107394623	D1	251.2	-	https://v12-1.orthodb.org/?query=29601at7147
SUPER_1	45568916	45574273	D5	560.1	+	https://v12-1.orthodb.org/?query=29659at7147
SUPER_3	207853185	207795529	D3	1709.0	-	https://v12-1.orthodb.org/?query=29676at7147
SUPER_2	17635768	17636585	NA	137.7	+	https://v12-1.orthodb.org/?query=29993at7147
SUPER_3	285108073	285065253	D3	681.6	-	https://v12-1.orthodb.org/?query=30071at7147
SUPER_2	66217927	66229434	D2	527.7	+	https://v12-1.orthodb.org/?query=30121at7147
SUPER_1	8124006	8117839	D5	397.2	-	https://v12-1.orthodb.org/?query=30213at7147
SUPER_1	35157786	35156352	D5	708.9	-	https://v12-1.orthodb.org/?query=31943at7147
SUPER_2	42713492	42714065	D3	280.3	+	https://v12-1.orthodb.org/?query=32033at7147
SUPER_1	199464653	199484148	D3	474.1	+	https://v12-1.orthodb.org/?query=32054at7147
SUPER_3	293687904	293704585	D3	351.8	+	https://v12-1.orthodb.org/?query=32137at7147
SUPER_2	284515502	284516090	D4	252.6	+	https://v12-1.orthodb.org/?query=32183at7147
SUPER_X	12292903	12292435	NA	326.1	-	https://v12-1.orthodb.org/?query=32210at7147
SUPER_3	54433289	54421984	D1	1012.4	-	https://v12-1.orthodb.org/?query=32273at7147
SUPER_2	318124092	318121550	NA	377.2	-	https://v12-1.orthodb.org/?query=32289at7147
SUPER_3	67599549	67599022	D3	286.1	-	https://v12-1.orthodb.org/?query=32293at7147
SUPER_2	15874643	15873658	D2	366.4	-	https://v12-1.orthodb.org/?query=32370at7147
SUPER_3	151182486	151183199	D1	324.0	+	https://v12-1.orthodb.org/?query=32472at7147
SUPER_3	261244967	261130545	D3	1600.1	-	https://v12-1.orthodb.org/?query=32487at7147
SUPER_1	157755606	157756946	D2	706.6	+	https://v12-1.orthodb.org/?query=32490at7147
SUPER_2	238554062	238554864	NA	356.3	+	https://v12-1.orthodb.org/?query=32518at7147
SUPER_1	36677745	36673039	D4	2608.3	-	https://v12-1.orthodb.org/?query=32626at7147
SUPER_3	295890192	295888135	D3	759.6	-	https://v12-1.orthodb.org/?query=32720at7147
SUPER_2	205998052	205997025	NA	574.0	-	https://v12-1.orthodb.org/?query=32727at7147
SUPER_2	16573823	16574387	D5	258.2	+	https://v12-1.orthodb.org/?query=32812at7147
SUPER_3	285288594	285290931	D3	783.9	+	https://v12-1.orthodb.org/?query=32815at7147
SUPER_3	47430522	47428866	D1	848.1	-	https://v12-1.orthodb.org/?query=33085at7147
SUPER_1	43191337	43222393	D5	145.2	+	https://v12-1.orthodb.org/?query=33135at7147
SUPER_1	11114346	11112144	D5	379.1	-	https://v12-1.orthodb.org/?query=33155at7147
SUPER_1	6905529	6910185	D5	1225.1	+	https://v12-1.orthodb.org/?query=33177at7147
SUPER_1	251167085	251168099	NA	734.1	+	https://v12-1.orthodb.org/?query=33238at7147
SUPER_1	127006813	127007972	D3	279.8	+	https://v12-1.orthodb.org/?query=33296at7147
SUPER_3	113655056	113647312	D1	408.2	-	https://v12-1.orthodb.org/?query=33297at7147
SUPER_3	276764548	276608681	D3	3838.1	-	https://v12-1.orthodb.org/?query=33333at7147
SUPER_1	40920400	40968424	D5	353.4	+	https://v12-1.orthodb.org/?query=33410at7147
SUPER_2	280718030	280717580	D4	225.0	-	https://v12-1.orthodb.org/?query=33462at7147
SUPER_1	162659167	162693738	D5	639.1	+	https://v12-1.orthodb.org/?query=33480at7147
SUPER_2	228964380	229022744	NA	1092.8	+	https://v12-1.orthodb.org/?query=33545at7147
SUPER_2	299490425	299491698	D4	399.4	+	https://v12-1.orthodb.org/?query=33557at7147
SUPER_2	21817158	21804102	D2	1879.7	-	https://v12-1.orthodb.org/?query=33600at7147
SUPER_2	152726450	152727118	NA	292.4	+	https://v12-1.orthodb.org/?query=33604at7147
SUPER_1	353032514	353034378	D4	1006.4	+	https://v12-1.orthodb.org/?query=33865at7147
SUPER_1	353032514	353034378	D4	1006.4	+	https://v12-1.orthodb.org/?query=33865at7147
SUPER_3	53149364	53147527	D4	955.0	-	https://v12-1.orthodb.org/?query=33865at7147
SUPER_3	53149364	53147527	D4	955.0	-	https://v12-1.orthodb.org/?query=33865at7147
SUPER_2	209158042	209122516	D4	1134.8	-	https://v12-1.orthodb.org/?query=33872at7147
SUPER_3	165353359	165362464	D1	658.6	+	https://v12-1.orthodb.org/?query=33932at7147
SUPER_2	351199599	351197990	D4	704.0	-	https://v12-1.orthodb.org/?query=33935at7147
SUPER_2	111298871	111299486	D4	409.6	+	https://v12-1.orthodb.org/?query=33961at7147
SUPER_1	355069796	355042107	D3	2993.6	-	https://v12-1.orthodb.org/?query=34007at7147
SUPER_1	214378951	214377421	D3	252.1	-	https://v12-1.orthodb.org/?query=34040at7147
SUPER_2	20989566	21039088	NA	490.2	+	https://v12-1.orthodb.org/?query=34084at7147
SUPER_2	29317704	29317105	D2	231.6	-	https://v12-1.orthodb.org/?query=34193at7147
SUPER_2	342727327	342724277	D4	1543.8	-	https://v12-1.orthodb.org/?query=34225at7147
SUPER_1	356893221	356937943	D3	1054.1	+	https://v12-1.orthodb.org/?query=34256at7147
SUPER_3	204030103	204025139	D3	909.2	-	https://v12-1.orthodb.org/?query=34360at7147
SUPER_2	50677803	50680950	D2	1709.7	+	https://v12-1.orthodb.org/?query=34395at7147
SUPER_1	348788837	348804684	D3	1034.4	+	https://v12-1.orthodb.org/?query=34542at7147
SUPER_2	57896709	57923894	D2	327.3	+	https://v12-1.orthodb.org/?query=34569at7147
SUPER_2	335346081	335345070	D4	516.8	-	https://v12-1.orthodb.org/?query=34697at7147
SUPER_2	5745180	5746112	D2	342.4	+	https://v12-1.orthodb.org/?query=34735at7147
SUPER_3	149627259	149628778	D1	649.1	+	https://v12-1.orthodb.org/?query=34764at7147
SUPER_1	7215798	7215115	NA	350.3	-	https://v12-1.orthodb.org/?query=34784at7147
SUPER_1	353647035	353645365	D3	740.7	-	https://v12-1.orthodb.org/?query=34796at7147
SUPER_3	7750206	7751884	D1	893.3	+	https://v12-1.orthodb.org/?query=34900at7147
SUPER_2	344754255	344755756	D4	774.3	+	https://v12-1.orthodb.org/?query=34908at7147
SUPER_2	66255390	66272927	D2	910.8	+	https://v12-1.orthodb.org/?query=34946at7147
SUPER_1	193215153	193213392	D1	431.2	-	https://v12-1.orthodb.org/?query=34985at7147
SUPER_2	330226284	330205515	D4	1287.6	-	https://v12-1.orthodb.org/?query=35057at7147
SUPER_2	330226284	330205515	D4	1287.6	-	https://v12-1.orthodb.org/?query=35057at7147
HAP1_SCAFFOLD_952	50	2296	D4	1286.0	+	https://v12-1.orthodb.org/?query=35057at7147
HAP1_SCAFFOLD_952	50	2296	D4	1286.0	+	https://v12-1.orthodb.org/?query=35057at7147
SUPER_1	105617138	105616532	D5	379.3	-	https://v12-1.orthodb.org/?query=35089at7147
SUPER_3	296585167	296590206	D3	2378.0	+	https://v12-1.orthodb.org/?query=35151at7147
SUPER_2	246539107	246540367	D1	744.3	+	https://v12-1.orthodb.org/?query=35156at7147
SUPER_1	183206949	183207412	NA	255.2	+	https://v12-1.orthodb.org/?query=35188at7147
SUPER_1	94096872	94197707	NA	719.4	+	https://v12-1.orthodb.org/?query=35253at7147
SUPER_1	271584235	271627956	D3	1181.0	+	https://v12-1.orthodb.org/?query=35281at7147
SUPER_1	194389256	194388410	D5	521.7	-	https://v12-1.orthodb.org/?query=35393at7147
SUPER_2	16257763	16255578	D2	223.4	-	https://v12-1.orthodb.org/?query=35404at7147
SUPER_3	110105530	110103305	D1	779.1	-	https://v12-1.orthodb.org/?query=35501at7147
SUPER_3	56780913	56779663	D1	625.2	-	https://v12-1.orthodb.org/?query=35706at7147
SUPER_1	32723737	32714861	D5	1204.0	-	https://v12-1.orthodb.org/?query=35727at7147
SUPER_1	95190859	95168343	D4	804.6	-	https://v12-1.orthodb.org/?query=35769at7147
SUPER_3	74843792	74842797	NA	489.6	-	https://v12-1.orthodb.org/?query=35774at7147
SUPER_1	126778163	126779596	D3	264.7	+	https://v12-1.orthodb.org/?query=35945at7147
SUPER_3	201201945	201252544	D3	1890.9	+	https://v12-1.orthodb.org/?query=36172at7147
SUPER_3	284967510	284928266	D3	780.9	-	https://v12-1.orthodb.org/?query=36193at7147
SUPER_2	320232180	320232701	D4	286.9	+	https://v12-1.orthodb.org/?query=36517at7147
SUPER_3	162436603	162434489	D1	1117.4	-	https://v12-1.orthodb.org/?query=36740at7147
SUPER_1	308018106	308007470	D5	1313.0	-	https://v12-1.orthodb.org/?query=36758at7147
SUPER_3	182453698	182454829	D1	678.3	+	https://v12-1.orthodb.org/?query=36899at7147
SUPER_3	30512581	30502116	D1	2012.7	-	https://v12-1.orthodb.org/?query=36930at7147
SUPER_3	179617274	179620101	D4	1272.4	+	https://v12-1.orthodb.org/?query=37058at7147
SUPER_2	185931271	185933847	D1	1295.5	+	https://v12-1.orthodb.org/?query=37084at7147
SUPER_2	185931271	185933847	D1	1295.5	+	https://v12-1.orthodb.org/?query=37084at7147
SUPER_2	350042757	350045300	D1	1244.3	+	https://v12-1.orthodb.org/?query=37084at7147
SUPER_2	350042757	350045300	D1	1244.3	+	https://v12-1.orthodb.org/?query=37084at7147
SUPER_3	84928544	84926575	D1	1044.0	-	https://v12-1.orthodb.org/?query=37172at7147
SUPER_1	126726424	126670413	D3	5335.7	-	https://v12-1.orthodb.org/?query=37183at7147
SUPER_3	229974841	229977458	D3	1076.1	+	https://v12-1.orthodb.org/?query=37186at7147
SUPER_3	116525008	116525867	D1	449.6	+	https://v12-1.orthodb.org/?query=37245at7147
SUPER_3	116525008	116525867	D1	449.6	+	https://v12-1.orthodb.org/?query=37245at7147
SUPER_3	135429193	135428324	D1	487.5	-	https://v12-1.orthodb.org/?query=37245at7147
SUPER_3	135429193	135428324	D1	487.5	-	https://v12-1.orthodb.org/?query=37245at7147
SUPER_1	118815523	118843272	D5	1265.3	+	https://v12-1.orthodb.org/?query=37351at7147
SUPER_1	208524588	208526537	D3	1229.5	+	https://v12-1.orthodb.org/?query=37358at7147
SUPER_2	347850194	347848977	NA	591.4	-	https://v12-1.orthodb.org/?query=37366at7147
SUPER_2	45868568	45866681	NA	1019.4	-	https://v12-1.orthodb.org/?query=37445at7147
SUPER_1	65046260	65043718	D5	674.9	-	https://v12-1.orthodb.org/?query=37448at7147
SUPER_3	2294970	2293226	D1	1112.6	-	https://v12-1.orthodb.org/?query=37496at7147
SUPER_2	329986725	329980698	D4	511.0	-	https://v12-1.orthodb.org/?query=37633at7147
SUPER_1	146049920	146049421	D5	227.9	-	https://v12-1.orthodb.org/?query=37647at7147
SUPER_2	139807600	139804641	D4	1378.2	-	https://v12-1.orthodb.org/?query=37663at7147
SUPER_1	63416964	63416700	D3	180.2	-	https://v12-1.orthodb.org/?query=37808at7147
SUPER_3	26366118	26364599	D1	489.1	-	https://v12-1.orthodb.org/?query=37882at7147
SUPER_1	22237101	22257952	D5	617.7	+	https://v12-1.orthodb.org/?query=37895at7147
SUPER_3	51346817	51348667	NA	927.8	+	https://v12-1.orthodb.org/?query=38124at7147
SUPER_1	222433706	222464524	D4	2883.2	+	https://v12-1.orthodb.org/?query=38429at7147
SUPER_1	39770965	39768713	NA	1309.0	-	https://v12-1.orthodb.org/?query=38435at7147
SUPER_3	2332966	2327309	D1	2111.9	-	https://v12-1.orthodb.org/?query=38461at7147
SUPER_2	337455021	337391209	NA	975.3	-	https://v12-1.orthodb.org/?query=38565at7147
SUPER_2	68842269	68936099	D2	1115.1	+	https://v12-1.orthodb.org/?query=38629at7147
SUPER_1	226338368	226337871	D5	266.7	-	https://v12-1.orthodb.org/?query=38813at7147
SUPER_1	226338368	226337871	D5	266.7	-	https://v12-1.orthodb.org/?query=38813at7147
SUPER_3	179182277	179181783	D5	261.6	-	https://v12-1.orthodb.org/?query=38813at7147
SUPER_3	179182277	179181783	D5	261.6	-	https://v12-1.orthodb.org/?query=38813at7147
SUPER_3	261927421	261929648	NA	1234.8	+	https://v12-1.orthodb.org/?query=39130at7147
SUPER_2	116067868	116068486	NA	377.4	+	https://v12-1.orthodb.org/?query=39285at7147
SUPER_1	162969804	162968313	D5	734.6	-	https://v12-1.orthodb.org/?query=39439at7147
SUPER_1	31846492	31834965	D5	216.5	-	https://v12-1.orthodb.org/?query=39526at7147
SUPER_2	324305317	324304247	D4	430.7	-	https://v12-1.orthodb.org/?query=39581at7147
SUPER_3	77028951	77029394	D1	243.3	+	https://v12-1.orthodb.org/?query=39681at7147
SUPER_3	290198558	290194511	NA	562.0	-	https://v12-1.orthodb.org/?query=39752at7147
SUPER_3	297710979	297708608	D1	1027.2	-	https://v12-1.orthodb.org/?query=39784at7147
SUPER_3	297983625	297980856	D3	532.6	-	https://v12-1.orthodb.org/?query=39793at7147
SUPER_3	111940016	111937871	NA	925.0	-	https://v12-1.orthodb.org/?query=39872at7147
SUPER_2	246513538	246514928	NA	522.4	+	https://v12-1.orthodb.org/?query=39893at7147
SUPER_1	351167111	351164888	D3	997.6	-	https://v12-1.orthodb.org/?query=40115at7147
SUPER_2	238571069	238571683	NA	275.9	+	https://v12-1.orthodb.org/?query=40213at7147
SUPER_1	95194997	95195867	D5	577.8	+	https://v12-1.orthodb.org/?query=40328at7147
SUPER_3	228877616	228890821	D3	1981.5	+	https://v12-1.orthodb.org/?query=40345at7147
SUPER_1	103379377	103378600	D5	536.5	-	https://v12-1.orthodb.org/?query=40401at7147
SUPER_2	31954584	31956318	D2	652.9	+	https://v12-1.orthodb.org/?query=40450at7147
SUPER_2	90667829	90666592	D2	571.4	-	https://v12-1.orthodb.org/?query=40476at7147
SUPER_3	118277125	118280245	NA	979.8	+	https://v12-1.orthodb.org/?query=40508at7147
SUPER_1	316480323	316481841	D3	561.2	+	https://v12-1.orthodb.org/?query=40528at7147
SUPER_1	316480323	316481841	D3	561.2	+	https://v12-1.orthodb.org/?query=40528at7147
SUPER_2	209883000	209881677	D3	556.9	-	https://v12-1.orthodb.org/?query=40528at7147
SUPER_2	209883000	209881677	D3	556.9	-	https://v12-1.orthodb.org/?query=40528at7147
SUPER_1	223071452	223052215	D3	1444.0	-	https://v12-1.orthodb.org/?query=40535at7147
SUPER_3	78068955	78065557	D3	1700.7	-	https://v12-1.orthodb.org/?query=40670at7147
SUPER_1	99937404	99935265	D5	994.8	-	https://v12-1.orthodb.org/?query=40805at7147
SUPER_1	226342839	226364673	D3	2208.2	+	https://v12-1.orthodb.org/?query=40846at7147
SUPER_3	106602716	106604191	D1	697.8	+	https://v12-1.orthodb.org/?query=40882at7147
SUPER_2	239133173	239123258	NA	1848.9	-	https://v12-1.orthodb.org/?query=40927at7147
SUPER_1	245898734	245860646	D3	1212.5	-	https://v12-1.orthodb.org/?query=40957at7147
SUPER_1	342584240	342582940	D3	580.1	-	https://v12-1.orthodb.org/?query=41434at7147
SUPER_1	352836749	352834683	D3	989.6	-	https://v12-1.orthodb.org/?query=41454at7147
SUPER_1	342578582	342579828	D3	456.7	+	https://v12-1.orthodb.org/?query=41456at7147
SUPER_3	44772084	44772718	D1	223.3	+	https://v12-1.orthodb.org/?query=41576at7147
SUPER_1	323488113	323430627	D3	296.6	-	https://v12-1.orthodb.org/?query=41747at7147
SUPER_1	139328846	139371621	D5	574.3	+	https://v12-1.orthodb.org/?query=41815at7147
SUPER_1	302828600	302829410	D3	451.1	+	https://v12-1.orthodb.org/?query=41881at7147
SUPER_2	320737393	320738451	NA	550.4	+	https://v12-1.orthodb.org/?query=42201at7147
SUPER_2	18666450	18663640	D2	325.7	-	https://v12-1.orthodb.org/?query=42320at7147
SUPER_2	5375426	5374373	D2	597.4	-	https://v12-1.orthodb.org/?query=42351at7147
SUPER_2	5375426	5374373	D2	597.4	-	https://v12-1.orthodb.org/?query=42351at7147
SUPER_2	5602876	5601616	D2	590.2	-	https://v12-1.orthodb.org/?query=42351at7147
SUPER_2	5602876	5601616	D2	590.2	-	https://v12-1.orthodb.org/?query=42351at7147
SUPER_2	338965076	338963625	D4	711.6	-	https://v12-1.orthodb.org/?query=42404at7147
SUPER_2	9731677	9729888	NA	459.2	-	https://v12-1.orthodb.org/?query=42409at7147
SUPER_3	287781010	287782993	D3	392.1	+	https://v12-1.orthodb.org/?query=42863at7147
SUPER_1	33604849	33606123	D5	701.9	+	https://v12-1.orthodb.org/?query=42940at7147
SUPER_3	7666491	7667713	D1	543.1	+	https://v12-1.orthodb.org/?query=42951at7147
SUPER_X	1007681	1006608	D6	475.8	-	https://v12-1.orthodb.org/?query=43054at7147
SUPER_1	44724724	44723134	NA	887.7	-	https://v12-1.orthodb.org/?query=43134at7147
SUPER_2	229186983	229149822	NA	1496.8	-	https://v12-1.orthodb.org/?query=43223at7147
SUPER_2	342077722	342076848	D4	391.6	-	https://v12-1.orthodb.org/?query=43239at7147
SUPER_1	355690038	355689355	D4	234.7	-	https://v12-1.orthodb.org/?query=43269at7147
SUPER_1	3903407	3892847	D3	1075.7	-	https://v12-1.orthodb.org/?query=43302at7147
SUPER_2	112754176	112755502	D4	437.1	+	https://v12-1.orthodb.org/?query=43439at7147
SUPER_2	15580199	15582091	NA	703.2	+	https://v12-1.orthodb.org/?query=43790at7147
SUPER_2	205602396	205601464	D4	411.9	-	https://v12-1.orthodb.org/?query=43826at7147
SUPER_2	189173964	189179693	D4	1083.3	+	https://v12-1.orthodb.org/?query=44053at7147
SUPER_2	265164447	265164006	NA	304.5	-	https://v12-1.orthodb.org/?query=44085at7147
SUPER_2	265164447	265164006	NA	304.5	-	https://v12-1.orthodb.org/?query=44085at7147
SUPER_X	1240063	1239391	NA	299.4	-	https://v12-1.orthodb.org/?query=44085at7147
SUPER_X	1240063	1239391	NA	299.4	-	https://v12-1.orthodb.org/?query=44085at7147
SUPER_3	169715053	169701335	D4	222.5	-	https://v12-1.orthodb.org/?query=44134at7147
SUPER_3	138981020	138980651	D1	247.1	-	https://v12-1.orthodb.org/?query=44237at7147
SUPER_2	202677686	202675759	NA	390.1	-	https://v12-1.orthodb.org/?query=44328at7147
SUPER_3	295071151	295070284	NA	473.8	-	https://v12-1.orthodb.org/?query=44395at7147
SUPER_1	35428776	35428179	D5	209.9	-	https://v12-1.orthodb.org/?query=44423at7147
SUPER_3	2433658	2430559	D1	342.9	-	https://v12-1.orthodb.org/?query=44463at7147
SUPER_1	65051296	65053039	D5	340.7	+	https://v12-1.orthodb.org/?query=44500at7147
SUPER_3	13199484	13206999	NA	729.0	+	https://v12-1.orthodb.org/?query=44563at7147
SUPER_3	291407311	291417189	D3	880.4	+	https://v12-1.orthodb.org/?query=44860at7147
SUPER_3	294904868	294903187	D3	681.9	-	https://v12-1.orthodb.org/?query=44889at7147
SUPER_3	3204578	3239424	D1	477.7	+	https://v12-1.orthodb.org/?query=44945at7147
SUPER_1	107431500	107436231	D5	1061.1	+	https://v12-1.orthodb.org/?query=45005at7147
SUPER_3	251454230	251451658	D3	829.0	-	https://v12-1.orthodb.org/?query=45130at7147
SUPER_1	25904793	25906287	NA	287.8	+	https://v12-1.orthodb.org/?query=45522at7147
SUPER_3	53128835	53121961	NA	1657.5	-	https://v12-1.orthodb.org/?query=45557at7147
SUPER_3	76808595	76841017	D1	275.8	+	https://v12-1.orthodb.org/?query=45643at7147
SUPER_3	121310760	121312498	D1	598.8	+	https://v12-1.orthodb.org/?query=45696at7147
SUPER_1	84184752	84184149	D3	195.1	-	https://v12-1.orthodb.org/?query=45762at7147
SUPER_1	86807211	86809632	NA	250.6	+	https://v12-1.orthodb.org/?query=45780at7147
SUPER_3	191812894	191695238	D1	236.4	-	https://v12-1.orthodb.org/?query=45853at7147
SUPER_2	291126782	291128318	D4	706.9	+	https://v12-1.orthodb.org/?query=45914at7147
SUPER_1	224958874	224957557	D3	575.1	-	https://v12-1.orthodb.org/?query=45930at7147
SUPER_3	26915062	27136781	NA	1040.1	+	https://v12-1.orthodb.org/?query=46187at7147
SUPER_1	165064431	165065232	NA	254.7	+	https://v12-1.orthodb.org/?query=46281at7147
SUPER_3	54328352	54330461	NA	259.9	+	https://v12-1.orthodb.org/?query=46348at7147
SUPER_1	122732901	122732061	D3	346.2	-	https://v12-1.orthodb.org/?query=46512at7147
SUPER_3	284255054	284256473	D3	267.4	+	https://v12-1.orthodb.org/?query=46656at7147
SUPER_1	96367673	96542208	NA	521.0	+	https://v12-1.orthodb.org/?query=46696at7147
SUPER_2	235491121	235490034	D4	236.0	-	https://v12-1.orthodb.org/?query=46874at7147
SUPER_3	71970111	71866965	D1	689.9	-	https://v12-1.orthodb.org/?query=46907at7147
SUPER_2	292962483	292964384	D4	356.2	+	https://v12-1.orthodb.org/?query=47419at7147
SUPER_3	140109023	140152992	D1	165.6	+	https://v12-1.orthodb.org/?query=47598at7147
SUPER_1	213416162	213418000	D3	376.7	+	https://v12-1.orthodb.org/?query=47694at7147
SUPER_1	134393184	134391534	D3	423.7	-	https://v12-1.orthodb.org/?query=47737at7147
SUPER_2	133949372	133766271	D2	770.3	-	https://v12-1.orthodb.org/?query=47783at7147
SUPER_1	117506454	117512756	D5	1875.2	+	https://v12-1.orthodb.org/?query=47837at7147
SUPER_3	175274041	175274998	NA	508.1	+	https://v12-1.orthodb.org/?query=47852at7147
SUPER_1	345297779	345300594	D3	1049.7	+	https://v12-1.orthodb.org/?query=47890at7147
SUPER_2	356193880	356192413	NA	193.9	-	https://v12-1.orthodb.org/?query=48144at7147
SUPER_3	19921336	19920319	D1	284.2	-	https://v12-1.orthodb.org/?query=48185at7147
SUPER_1	134260104	134253932	D2	571.1	-	https://v12-1.orthodb.org/?query=48408at7147
SUPER_1	125601147	125467622	D5	1497.1	-	https://v12-1.orthodb.org/?query=48421at7147
SUPER_2	185341362	185425100	D2	670.4	+	https://v12-1.orthodb.org/?query=48504at7147
SUPER_3	298270093	298274483	D3	1261.9	+	https://v12-1.orthodb.org/?query=48836at7147
SUPER_1	31519996	31518565	D5	345.8	-	https://v12-1.orthodb.org/?query=48886at7147
SUPER_2	3357210	3356493	NA	233.1	-	https://v12-1.orthodb.org/?query=48981at7147
SUPER_2	49627840	49626718	NA	438.5	-	https://v12-1.orthodb.org/?query=49043at7147
SUPER_3	140067555	140078742	D1	279.7	+	https://v12-1.orthodb.org/?query=49217at7147
SUPER_1	317082126	317081565	D3	272.1	-	https://v12-1.orthodb.org/?query=49412at7147
SUPER_1	11582851	11584175	D5	430.5	+	https://v12-1.orthodb.org/?query=49557at7147
SUPER_3	172528722	172543258	D1	155.1	+	https://v12-1.orthodb.org/?query=49577at7147
SUPER_1	42360100	42362158	D5	378.0	+	https://v12-1.orthodb.org/?query=49586at7147
SUPER_2	188345389	188340436	D4	452.0	-	https://v12-1.orthodb.org/?query=49690at7147
SUPER_3	190326286	190297857	D1	797.8	-	https://v12-1.orthodb.org/?query=49793at7147
SUPER_3	164324324	164321423	D3	588.7	-	https://v12-1.orthodb.org/?query=49837at7147
SUPER_2	133575974	133620277	NA	176.9	+	https://v12-1.orthodb.org/?query=49933at7147
SUPER_2	229543987	229550908	NA	375.6	+	https://v12-1.orthodb.org/?query=50027at7147
SUPER_3	296852363	296837920	D3	430.5	-	https://v12-1.orthodb.org/?query=50224at7147
SUPER_2	317836262	317830849	D4	261.6	-	https://v12-1.orthodb.org/?query=50326at7147
SUPER_3	67550796	67553139	NA	990.0	+	https://v12-1.orthodb.org/?query=50446at7147
SUPER_3	62648071	62646302	D1	336.7	-	https://v12-1.orthodb.org/?query=50487at7147
SUPER_1	264932674	264937171	NA	237.5	+	https://v12-1.orthodb.org/?query=50577at7147
SUPER_2	231998025	231996862	D4	323.0	-	https://v12-1.orthodb.org/?query=50619at7147
SUPER_2	353517859	353514322	D4	165.8	-	https://v12-1.orthodb.org/?query=50868at7147
SUPER_3	80824385	80849445	D1	553.8	+	https://v12-1.orthodb.org/?query=50930at7147
SUPER_1	8151488	8151970	D5	261.2	+	https://v12-1.orthodb.org/?query=54528at7147
SUPER_1	44964248	44963795	D5	253.1	-	https://v12-1.orthodb.org/?query=54531at7147
SUPER_2	17756107	17753947	NA	667.5	-	https://v12-1.orthodb.org/?query=54533at7147
SUPER_3	420316	421255	D3	606.2	+	https://v12-1.orthodb.org/?query=54547at7147
SUPER_1	111859764	111863524	D5	469.4	+	https://v12-1.orthodb.org/?query=54556at7147
SUPER_1	348773244	348772752	NA	336.3	-	https://v12-1.orthodb.org/?query=54562at7147
SUPER_2	144743729	144731833	D2	258.8	-	https://v12-1.orthodb.org/?query=54589at7147
SUPER_3	136109317	136107886	D1	856.9	-	https://v12-1.orthodb.org/?query=54600at7147
SUPER_1	259480302	259475245	D3	521.7	-	https://v12-1.orthodb.org/?query=54637at7147
SUPER_2	265892775	265890118	D4	227.4	-	https://v12-1.orthodb.org/?query=54640at7147
SUPER_3	280116833	280081267	D3	890.3	-	https://v12-1.orthodb.org/?query=54654at7147
SUPER_3	26913081	26913641	NA	347.5	+	https://v12-1.orthodb.org/?query=54668at7147
SUPER_1	37056669	37057377	D5	302.1	+	https://v12-1.orthodb.org/?query=54682at7147
SUPER_2	62865296	62866005	NA	177.2	+	https://v12-1.orthodb.org/?query=54689at7147
SUPER_1	58301197	58300656	D5	338.5	-	https://v12-1.orthodb.org/?query=54713at7147
SUPER_1	7201514	7208581	D5	1769.3	+	https://v12-1.orthodb.org/?query=54723at7147
SUPER_3	55879797	55879164	D5	380.0	-	https://v12-1.orthodb.org/?query=54740at7147
SUPER_1	16716909	16733216	D1	635.3	+	https://v12-1.orthodb.org/?query=54771at7147
SUPER_2	66895730	66826154	NA	463.8	-	https://v12-1.orthodb.org/?query=54773at7147
SUPER_1	66787714	66789072	D5	729.0	+	https://v12-1.orthodb.org/?query=54775at7147
SUPER_2	1078212	1077092	NA	775.0	-	https://v12-1.orthodb.org/?query=54778at7147
SUPER_3	237620763	237621163	D3	183.3	+	https://v12-1.orthodb.org/?query=54788at7147
SUPER_3	129488018	129489549	D1	385.3	+	https://v12-1.orthodb.org/?query=54790at7147
SUPER_1	73634078	73632896	NA	728.3	-	https://v12-1.orthodb.org/?query=54791at7147
SUPER_2	328897642	328843673	D4	1071.8	-	https://v12-1.orthodb.org/?query=54802at7147
SUPER_3	105814242	105813304	D1	647.4	-	https://v12-1.orthodb.org/?query=54805at7147
SUPER_1	66857618	66856415	D5	751.6	-	https://v12-1.orthodb.org/?query=54821at7147
SUPER_1	2764126	2782516	D5	7248.4	+	https://v12-1.orthodb.org/?query=54822at7147
SUPER_2	355995734	355995191	D4	271.9	-	https://v12-1.orthodb.org/?query=54838at7147
SUPER_X	1077690	1078060	D6	185.9	+	https://v12-1.orthodb.org/?query=54842at7147
SUPER_3	287127799	287129194	D3	803.0	+	https://v12-1.orthodb.org/?query=54844at7147
SUPER_3	179449425	179448846	D1	289.9	-	https://v12-1.orthodb.org/?query=54856at7147
SUPER_3	85028864	85049988	D1	1121.0	+	https://v12-1.orthodb.org/?query=54880at7147
SUPER_2	336418390	336417412	D4	500.3	-	https://v12-1.orthodb.org/?query=54892at7147
SUPER_3	294461526	294460654	D3	451.1	-	https://v12-1.orthodb.org/?query=54903at7147
SUPER_3	3288339	3310184	D1	1083.4	+	https://v12-1.orthodb.org/?query=54905at7147
SUPER_1	337465804	337472957	D3	651.8	+	https://v12-1.orthodb.org/?query=54916at7147
SUPER_2	328572619	328573808	NA	762.7	+	https://v12-1.orthodb.org/?query=54922at7147
SUPER_2	1842793	1841932	D2	367.5	-	https://v12-1.orthodb.org/?query=54933at7147
SUPER_3	163499885	163496671	D1	246.6	-	https://v12-1.orthodb.org/?query=54941at7147
SUPER_2	308315406	308313526	NA	419.2	-	https://v12-1.orthodb.org/?query=54965at7147
SUPER_1	287376726	287381211	D3	269.8	+	https://v12-1.orthodb.org/?query=54967at7147
SUPER_1	52839034	52839717	D5	359.3	+	https://v12-1.orthodb.org/?query=54971at7147
SUPER_1	356644357	356648741	D2	1161.0	+	https://v12-1.orthodb.org/?query=54994at7147
SUPER_1	310092906	310091497	NA	460.6	-	https://v12-1.orthodb.org/?query=55009at7147
SUPER_3	110139379	110139852	NA	251.4	+	https://v12-1.orthodb.org/?query=55040at7147
SUPER_1	64955118	64955997	D5	428.4	+	https://v12-1.orthodb.org/?query=55085at7147
SUPER_2	76742203	76741587	NA	360.3	-	https://v12-1.orthodb.org/?query=55089at7147
SUPER_1	40463484	40462388	D5	583.5	-	https://v12-1.orthodb.org/?query=55091at7147
SUPER_1	213431905	213432903	D3	461.3	+	https://v12-1.orthodb.org/?query=55109at7147
SUPER_1	202615596	202614319	D3	436.6	-	https://v12-1.orthodb.org/?query=55110at7147
SUPER_3	188817029	188816000	D1	697.3	-	https://v12-1.orthodb.org/?query=55124at7147
SUPER_3	212560892	212560338	D6	260.3	-	https://v12-1.orthodb.org/?query=55132at7147
SUPER_3	129643576	129644983	D1	854.8	+	https://v12-1.orthodb.org/?query=55135at7147
SUPER_2	353197053	353198022	NA	293.6	+	https://v12-1.orthodb.org/?query=55161at7147
SUPER_3	202390372	202416586	D3	709.2	+	https://v12-1.orthodb.org/?query=55165at7147
SUPER_1	4264722	4266745	D5	615.6	+	https://v12-1.orthodb.org/?query=55167at7147
SUPER_2	356163758	356165907	D4	1451.1	+	https://v12-1.orthodb.org/?query=55219at7147
SUPER_2	356163758	356165907	D4	1451.1	+	https://v12-1.orthodb.org/?query=55219at7147
SUPER_1	225238969	225236700	D4	1375.6	-	https://v12-1.orthodb.org/?query=55219at7147
SUPER_1	225238969	225236700	D4	1375.6	-	https://v12-1.orthodb.org/?query=55219at7147
SUPER_2	11323837	11323107	D2	278.1	-	https://v12-1.orthodb.org/?query=55221at7147
SUPER_2	85698399	85697211	D2	604.9	-	https://v12-1.orthodb.org/?query=55227at7147
SUPER_3	125856300	125887113	D3	571.2	+	https://v12-1.orthodb.org/?query=55263at7147
SUPER_2	59686198	59687875	D2	832.8	+	https://v12-1.orthodb.org/?query=55277at7147
HAP1_SCAFFOLD_199	82471	67016	D3	875.3	-	https://v12-1.orthodb.org/?query=55290at7147
HAP1_SCAFFOLD_199	82471	67016	D3	875.3	-	https://v12-1.orthodb.org/?query=55290at7147
SUPER_1	343780236	343764513	D3	875.3	-	https://v12-1.orthodb.org/?query=55290at7147
SUPER_1	343780236	343764513	D3	875.3	-	https://v12-1.orthodb.org/?query=55290at7147
SUPER_3	246161059	246160646	NA	193.8	-	https://v12-1.orthodb.org/?query=55332at7147
SUPER_2	137875543	137876126	NA	173.1	+	https://v12-1.orthodb.org/?query=55336at7147
SUPER_3	63910524	63910169	D1	206.5	-	https://v12-1.orthodb.org/?query=55348at7147
SUPER_2	263526936	263516623	D1	287.1	-	https://v12-1.orthodb.org/?query=55349at7147
SUPER_1	266560797	266562703	NA	575.5	+	https://v12-1.orthodb.org/?query=55366at7147
SUPER_3	284918657	284888886	D3	441.5	-	https://v12-1.orthodb.org/?query=55391at7147
SUPER_3	252973913	252972584	D5	971.4	-	https://v12-1.orthodb.org/?query=55399at7147
SUPER_3	246557092	246551801	NA	174.3	-	https://v12-1.orthodb.org/?query=55423at7147
SUPER_2	59746699	59747785	NA	738.4	+	https://v12-1.orthodb.org/?query=55434at7147
SUPER_2	199373438	199374699	D4	878.0	+	https://v12-1.orthodb.org/?query=55436at7147
SUPER_3	210474835	210475325	D3	316.7	+	https://v12-1.orthodb.org/?query=55441at7147
SUPER_2	101583661	101584685	D2	297.3	+	https://v12-1.orthodb.org/?query=55446at7147
SUPER_3	166840970	166840097	D1	529.2	-	https://v12-1.orthodb.org/?query=55471at7147
SUPER_2	92104192	92101977	D3	1146.6	-	https://v12-1.orthodb.org/?query=55475at7147
SUPER_3	141004559	141003281	D1	566.0	-	https://v12-1.orthodb.org/?query=55494at7147
SUPER_2	285044030	285042755	NA	593.2	-	https://v12-1.orthodb.org/?query=55526at7147
SUPER_1	204164359	204163843	D3	202.0	-	https://v12-1.orthodb.org/?query=55543at7147
SUPER_2	272744307	272743123	D2	309.4	-	https://v12-1.orthodb.org/?query=55562at7147
SUPER_3	298359575	298360229	D3	427.2	+	https://v12-1.orthodb.org/?query=55577at7147
SUPER_3	286135332	286136493	D3	787.3	+	https://v12-1.orthodb.org/?query=55587at7147
SUPER_1	127009135	127021114	D3	446.8	+	https://v12-1.orthodb.org/?query=55608at7147
SUPER_2	10712352	10712832	NA	328.4	+	https://v12-1.orthodb.org/?query=55620at7147
SUPER_3	225351113	225350260	NA	341.5	-	https://v12-1.orthodb.org/?query=55637at7147
SUPER_3	225351113	225350260	NA	341.5	-	https://v12-1.orthodb.org/?query=55637at7147
SUPER_3	225353111	225352358	NA	325.2	-	https://v12-1.orthodb.org/?query=55637at7147
SUPER_3	225353111	225352358	NA	325.2	-	https://v12-1.orthodb.org/?query=55637at7147
SUPER_3	298279691	298274898	D3	750.8	-	https://v12-1.orthodb.org/?query=55641at7147
SUPER_1	40226804	40228102	D1	791.1	+	https://v12-1.orthodb.org/?query=55645at7147
SUPER_3	237679848	237680696	D3	372.8	+	https://v12-1.orthodb.org/?query=55659at7147
SUPER_1	57367577	57377499	D5	619.6	+	https://v12-1.orthodb.org/?query=55670at7147
SUPER_1	356653098	356652525	NA	295.8	-	https://v12-1.orthodb.org/?query=55683at7147
SUPER_3	190312112	190310756	D4	881.4	-	https://v12-1.orthodb.org/?query=55688at7147
SUPER_1	64851223	64848017	D1	2028.0	-	https://v12-1.orthodb.org/?query=55690at7147
SUPER_1	337309438	337303070	D3	283.5	-	https://v12-1.orthodb.org/?query=55702at7147
SUPER_1	118012513	118010422	NA	1183.5	-	https://v12-1.orthodb.org/?query=55723at7147
SUPER_2	90153258	90151906	D4	924.3	-	https://v12-1.orthodb.org/?query=55724at7147
SUPER_2	109671656	109735918	D4	440.7	+	https://v12-1.orthodb.org/?query=55728at7147
SUPER_2	340924456	340840288	D4	812.3	-	https://v12-1.orthodb.org/?query=55739at7147
SUPER_1	20264491	20268253	D5	78.4	+	https://v12-1.orthodb.org/?query=55749at7147
SUPER_1	39883873	39878709	D5	1329.3	-	https://v12-1.orthodb.org/?query=55751at7147
SUPER_1	7262289	7267101	D5	733.2	+	https://v12-1.orthodb.org/?query=55755at7147
SUPER_3	66454040	66437482	D1	442.9	-	https://v12-1.orthodb.org/?query=55771at7147
SUPER_1	46348847	46350770	D5	469.7	+	https://v12-1.orthodb.org/?query=55776at7147
SUPER_1	326885488	326883181	NA	1129.6	-	https://v12-1.orthodb.org/?query=55810at7147
SUPER_1	297330323	297329859	D3	252.9	-	https://v12-1.orthodb.org/?query=55818at7147
SUPER_2	391101	320352	D2	584.8	-	https://v12-1.orthodb.org/?query=55870at7147
SUPER_1	258033946	258033275	D3	396.6	-	https://v12-1.orthodb.org/?query=55886at7147
SUPER_3	74179299	74182368	NA	564.9	+	https://v12-1.orthodb.org/?query=55939at7147
SUPER_1	302647415	302646584	NA	391.7	-	https://v12-1.orthodb.org/?query=55949at7147
SUPER_3	60977055	60977713	D1	325.5	+	https://v12-1.orthodb.org/?query=55986at7147
SUPER_2	19482806	19476669	D2	2087.2	-	https://v12-1.orthodb.org/?query=56026at7147
SUPER_2	115959867	115959259	D2	354.2	-	https://v12-1.orthodb.org/?query=56033at7147
SUPER_2	116952652	116945102	NA	595.6	-	https://v12-1.orthodb.org/?query=56034at7147
SUPER_2	348273422	348274150	NA	304.4	+	https://v12-1.orthodb.org/?query=56037at7147
SUPER_3	128708960	128707666	D1	756.4	-	https://v12-1.orthodb.org/?query=56046at7147
SUPER_3	128708960	128707666	D1	756.4	-	https://v12-1.orthodb.org/?query=56046at7147
SUPER_3	128706702	128705428	D1	772.7	-	https://v12-1.orthodb.org/?query=56046at7147
SUPER_3	128706702	128705428	D1	772.7	-	https://v12-1.orthodb.org/?query=56046at7147
SUPER_3	46324710	46325366	D4	170.0	+	https://v12-1.orthodb.org/?query=56067at7147
SUPER_3	221762887	221764389	NA	524.5	+	https://v12-1.orthodb.org/?query=56081at7147
SUPER_2	202557559	202566821	D4	443.7	+	https://v12-1.orthodb.org/?query=56102at7147
SUPER_2	285412618	285413171	D4	259.5	+	https://v12-1.orthodb.org/?query=56132at7147
SUPER_3	284139618	284138348	NA	363.6	-	https://v12-1.orthodb.org/?query=56158at7147
SUPER_2	228281143	228279637	NA	889.2	-	https://v12-1.orthodb.org/?query=56165at7147
SUPER_1	90463944	90460774	D3	1725.3	-	https://v12-1.orthodb.org/?query=56167at7147
SUPER_1	250934359	250931901	D3	912.9	-	https://v12-1.orthodb.org/?query=56185at7147
SUPER_2	92165367	92133613	D4	999.0	-	https://v12-1.orthodb.org/?query=56193at7147
SUPER_1	103603738	103602366	D5	904.2	-	https://v12-1.orthodb.org/?query=56201at7147
SUPER_1	103603738	103602366	D5	904.2	-	https://v12-1.orthodb.org/?query=56201at7147
SUPER_1	103615135	103613772	D5	854.3	-	https://v12-1.orthodb.org/?query=56201at7147
SUPER_1	103615135	103613772	D5	854.3	-	https://v12-1.orthodb.org/?query=56201at7147
SUPER_3	63899019	63899829	D1	88.3	+	https://v12-1.orthodb.org/?query=56218at7147
SUPER_1	347912305	347914381	NA	1114.1	+	https://v12-1.orthodb.org/?query=56254at7147
HAP1_SCAFFOLD_357	69781	71443	NA	973.1	+	https://v12-1.orthodb.org/?query=56266at7147
HAP1_SCAFFOLD_357	69781	71443	NA	973.1	+	https://v12-1.orthodb.org/?query=56266at7147
SUPER_3	188504418	188506080	NA	973.1	+	https://v12-1.orthodb.org/?query=56266at7147
SUPER_3	188504418	188506080	NA	973.1	+	https://v12-1.orthodb.org/?query=56266at7147
SUPER_1	306788475	306787446	D3	757.4	-	https://v12-1.orthodb.org/?query=56271at7147
SUPER_1	312684319	312669910	D3	572.2	-	https://v12-1.orthodb.org/?query=56279at7147
SUPER_1	75973758	75972447	NA	648.6	-	https://v12-1.orthodb.org/?query=56298at7147
SUPER_3	3950526	3951198	D1	330.5	+	https://v12-1.orthodb.org/?query=56300at7147
SUPER_3	229922073	229922807	D4	217.8	+	https://v12-1.orthodb.org/?query=56303at7147
SUPER_1	204001607	204005300	D3	1806.6	+	https://v12-1.orthodb.org/?query=56314at7147
SUPER_1	352998855	352998351	D3	309.2	-	https://v12-1.orthodb.org/?query=56337at7147
SUPER_2	125168674	125170706	NA	1258.7	+	https://v12-1.orthodb.org/?query=56384at7147
SUPER_1	154915468	154918221	NA	659.8	+	https://v12-1.orthodb.org/?query=56416at7147
SUPER_3	164751107	164753485	D1	402.5	+	https://v12-1.orthodb.org/?query=56458at7147
SUPER_2	137176683	137178772	D2	672.0	+	https://v12-1.orthodb.org/?query=56466at7147
SUPER_2	233979180	233963062	NA	504.7	-	https://v12-1.orthodb.org/?query=56485at7147
SUPER_2	233979180	233963062	NA	504.7	-	https://v12-1.orthodb.org/?query=56485at7147
SUPER_X	62323	61558	NA	500.5	-	https://v12-1.orthodb.org/?query=56485at7147
SUPER_X	62323	61558	NA	500.5	-	https://v12-1.orthodb.org/?query=56485at7147
SUPER_1	351304618	351305566	D3	584.6	+	https://v12-1.orthodb.org/?query=56486at7147
SUPER_3	116522509	116520412	D1	897.5	-	https://v12-1.orthodb.org/?query=56488at7147
SUPER_2	108344604	108352820	NA	582.6	+	https://v12-1.orthodb.org/?query=56498at7147
SUPER_2	337918789	337931514	NA	713.0	+	https://v12-1.orthodb.org/?query=56506at7147
SUPER_2	341575066	341575820	D2	399.2	+	https://v12-1.orthodb.org/?query=56521at7147
SUPER_3	140461609	140463739	D1	1467.0	+	https://v12-1.orthodb.org/?query=56533at7147
SUPER_1	353526355	353536832	D3	661.8	+	https://v12-1.orthodb.org/?query=56534at7147
SUPER_3	56770186	56771231	D1	491.5	+	https://v12-1.orthodb.org/?query=56536at7147
SUPER_2	337658352	337653076	NA	589.8	-	https://v12-1.orthodb.org/?query=56549at7147
SUPER_2	350937654	350938570	NA	502.3	+	https://v12-1.orthodb.org/?query=56553at7147
SUPER_3	27316150	27329721	NA	2294.6	+	https://v12-1.orthodb.org/?query=56561at7147
SUPER_2	309924941	309926072	D4	328.6	+	https://v12-1.orthodb.org/?query=56566at7147
SUPER_2	10577952	10573847	D2	1148.1	-	https://v12-1.orthodb.org/?query=56580at7147
SUPER_2	67320881	67322530	D2	937.7	+	https://v12-1.orthodb.org/?query=56611at7147
SUPER_3	199943276	199897723	D3	482.5	-	https://v12-1.orthodb.org/?query=56617at7147
SUPER_1	130064064	130098966	D5	445.5	+	https://v12-1.orthodb.org/?query=56625at7147
SUPER_3	56767422	56766141	NA	694.3	-	https://v12-1.orthodb.org/?query=56636at7147
SUPER_2	277050611	277049844	NA	305.8	-	https://v12-1.orthodb.org/?query=56645at7147
SUPER_1	123726540	123725856	D3	373.5	-	https://v12-1.orthodb.org/?query=56662at7147
SUPER_3	116259914	116258533	D1	881.3	-	https://v12-1.orthodb.org/?query=56673at7147
SUPER_1	348856555	348857898	D3	591.2	+	https://v12-1.orthodb.org/?query=56706at7147
SUPER_1	348856555	348857898	D3	591.2	+	https://v12-1.orthodb.org/?query=56706at7147
SUPER_1	22892324	22893666	D3	585.8	+	https://v12-1.orthodb.org/?query=56706at7147
SUPER_1	22892324	22893666	D3	585.8	+	https://v12-1.orthodb.org/?query=56706at7147
SUPER_2	54103797	54102982	D4	489.8	-	https://v12-1.orthodb.org/?query=56708at7147
SUPER_2	284802227	284803837	D4	840.7	+	https://v12-1.orthodb.org/?query=56713at7147
SUPER_1	111896751	111897500	D5	381.7	+	https://v12-1.orthodb.org/?query=56767at7147
SUPER_1	83233277	83231880	D6	972.9	-	https://v12-1.orthodb.org/?query=56783at7147
SUPER_1	4557180	4558273	D5	444.4	+	https://v12-1.orthodb.org/?query=56788at7147
SUPER_1	132943355	132942974	D5	262.8	-	https://v12-1.orthodb.org/?query=56803at7147
SUPER_3	293974848	293976714	D3	737.3	+	https://v12-1.orthodb.org/?query=56809at7147
SUPER_3	314894	315302	D5	230.3	+	https://v12-1.orthodb.org/?query=56814at7147
SUPER_2	89614362	89613621	NA	308.7	-	https://v12-1.orthodb.org/?query=56815at7147
SUPER_2	254976896	254977387	D4	261.5	+	https://v12-1.orthodb.org/?query=56864at7147
SUPER_3	18143742	18129320	NA	424.1	-	https://v12-1.orthodb.org/?query=56871at7147
SUPER_1	166972786	166971978	D5	341.6	-	https://v12-1.orthodb.org/?query=56907at7147
SUPER_3	296556998	296558835	D3	1181.4	+	https://v12-1.orthodb.org/?query=56913at7147
SUPER_2	344747855	344746784	D4	512.6	-	https://v12-1.orthodb.org/?query=56927at7147
SUPER_1	118931946	118931169	D5	500.4	-	https://v12-1.orthodb.org/?query=56954at7147
SUPER_1	175956924	175956627	D5	126.7	-	https://v12-1.orthodb.org/?query=56974at7147
SUPER_3	17248384	17247292	D1	687.9	-	https://v12-1.orthodb.org/?query=57004at7147
SUPER_1	31585748	31587685	D5	392.4	+	https://v12-1.orthodb.org/?query=57025at7147
SUPER_1	135156275	135164162	D5	456.4	+	https://v12-1.orthodb.org/?query=57036at7147
SUPER_2	115372177	115374150	D2	699.4	+	https://v12-1.orthodb.org/?query=57040at7147
SUPER_2	201905129	201904517	D4	349.7	-	https://v12-1.orthodb.org/?query=57046at7147
SUPER_1	154918976	154918540	NA	190.1	-	https://v12-1.orthodb.org/?query=57057at7147
SUPER_2	153563152	153561883	D2	512.1	-	https://v12-1.orthodb.org/?query=57059at7147
SUPER_2	153563152	153561883	D2	512.1	-	https://v12-1.orthodb.org/?query=57059at7147
SUPER_2	153499579	153526872	D2	477.2	+	https://v12-1.orthodb.org/?query=57059at7147
SUPER_2	153499579	153526872	D2	477.2	+	https://v12-1.orthodb.org/?query=57059at7147
SUPER_1	266564505	266562905	NA	1131.5	-	https://v12-1.orthodb.org/?query=57071at7147
SUPER_3	295662055	295705806	D3	317.6	+	https://v12-1.orthodb.org/?query=57082at7147
SUPER_3	130202514	130201351	D1	640.4	-	https://v12-1.orthodb.org/?query=57083at7147
SUPER_3	119142325	119144884	D1	563.2	+	https://v12-1.orthodb.org/?query=57097at7147
SUPER_2	36525988	36506697	D2	536.8	-	https://v12-1.orthodb.org/?query=57127at7147
SUPER_3	53007204	53006055	D5	470.3	-	https://v12-1.orthodb.org/?query=57144at7147
SUPER_2	9431662	9435587	D4	2310.4	+	https://v12-1.orthodb.org/?query=57150at7147
SUPER_2	308380113	308379050	D4	508.8	-	https://v12-1.orthodb.org/?query=57156at7147
SUPER_1	44907983	44907291	NA	152.1	-	https://v12-1.orthodb.org/?query=57204at7147
SUPER_2	351256544	351324918	D4	986.9	+	https://v12-1.orthodb.org/?query=57233at7147
SUPER_2	356659943	356662178	D4	1393.5	+	https://v12-1.orthodb.org/?query=57237at7147
SUPER_3	168824237	168876553	D1	491.9	+	https://v12-1.orthodb.org/?query=57255at7147
SUPER_3	139700373	139701213	D1	551.8	+	https://v12-1.orthodb.org/?query=57264at7147
SUPER_2	71854630	71853555	D2	483.0	-	https://v12-1.orthodb.org/?query=57289at7147
SUPER_1	166060741	166099831	NA	1565.0	+	https://v12-1.orthodb.org/?query=57295at7147
SUPER_3	199147864	199205475	D1	808.0	+	https://v12-1.orthodb.org/?query=57304at7147
SUPER_1	302475876	302477237	NA	890.4	+	https://v12-1.orthodb.org/?query=57306at7147
SUPER_2	47590185	47589264	NA	300.5	-	https://v12-1.orthodb.org/?query=57311at7147
SUPER_1	242395944	242400433	D3	383.8	+	https://v12-1.orthodb.org/?query=57347at7147
SUPER_2	90077446	90076871	NA	297.6	-	https://v12-1.orthodb.org/?query=57360at7147
SUPER_3	100375953	100376500	NA	249.7	+	https://v12-1.orthodb.org/?query=57383at7147
SUPER_1	351957967	351951157	D3	907.2	-	https://v12-1.orthodb.org/?query=57426at7147
SUPER_1	25985836	25964642	D5	912.7	-	https://v12-1.orthodb.org/?query=57440at7147
SUPER_2	230826663	230824941	D4	559.5	-	https://v12-1.orthodb.org/?query=57441at7147
SUPER_2	71926825	71927399	D2	302.4	+	https://v12-1.orthodb.org/?query=57446at7147
SUPER_3	98458667	98459541	D1	342.6	+	https://v12-1.orthodb.org/?query=57453at7147
SUPER_3	98458667	98459541	D1	342.6	+	https://v12-1.orthodb.org/?query=57453at7147
SUPER_3	34339537	34338672	D1	314.3	-	https://v12-1.orthodb.org/?query=57453at7147
SUPER_3	34339537	34338672	D1	314.3	-	https://v12-1.orthodb.org/?query=57453at7147
SUPER_2	116346519	116345013	NA	499.5	-	https://v12-1.orthodb.org/?query=57454at7147
SUPER_2	356882860	356880632	D4	627.8	-	https://v12-1.orthodb.org/?query=57459at7147
SUPER_1	175705491	175707473	NA	877.5	+	https://v12-1.orthodb.org/?query=57466at7147
SUPER_2	16567243	16566540	D2	347.6	-	https://v12-1.orthodb.org/?query=57494at7147
SUPER_3	311441	310715	D5	261.6	-	https://v12-1.orthodb.org/?query=57504at7147
SUPER_2	116359012	116362781	D4	1209.5	+	https://v12-1.orthodb.org/?query=57508at7147
SUPER_1	717521	715229	NA	923.9	-	https://v12-1.orthodb.org/?query=57511at7147
SUPER_2	348983058	349071167	D4	1204.0	+	https://v12-1.orthodb.org/?query=57557at7147
SUPER_3	44823667	44831835	D1	311.0	+	https://v12-1.orthodb.org/?query=57561at7147
SUPER_3	105086019	105144508	D3	484.0	+	https://v12-1.orthodb.org/?query=57586at7147
SUPER_1	96058231	96059062	D5	480.4	+	https://v12-1.orthodb.org/?query=57591at7147
SUPER_2	346463494	346462637	D4	433.0	-	https://v12-1.orthodb.org/?query=57615at7147
SUPER_1	298115471	298114796	NA	427.0	-	https://v12-1.orthodb.org/?query=57635at7147
SUPER_1	8030170	8031354	D5	670.7	+	https://v12-1.orthodb.org/?query=57656at7147
SUPER_1	45577870	45574421	D5	1954.3	-	https://v12-1.orthodb.org/?query=57658at7147
SUPER_2	353251750	353246098	D4	3686.3	-	https://v12-1.orthodb.org/?query=57700at7147
SUPER_2	2856920	2858419	D2	776.1	+	https://v12-1.orthodb.org/?query=57737at7147
SUPER_1	134923424	134924609	D5	658.3	+	https://v12-1.orthodb.org/?query=57742at7147
SUPER_1	3904782	3903026	D5	1170.0	-	https://v12-1.orthodb.org/?query=57748at7147
SUPER_3	152417477	152417957	D5	132.3	+	https://v12-1.orthodb.org/?query=57772at7147
SUPER_2	177060499	177062585	NA	990.3	+	https://v12-1.orthodb.org/?query=57773at7147
SUPER_1	162003429	161999256	D5	2260.9	-	https://v12-1.orthodb.org/?query=57779at7147
SUPER_1	11585379	11584338	D5	445.0	-	https://v12-1.orthodb.org/?query=57791at7147
SUPER_2	35180663	35182622	NA	986.6	+	https://v12-1.orthodb.org/?query=57806at7147
SUPER_1	103510028	103511136	D3	513.4	+	https://v12-1.orthodb.org/?query=57847at7147
SUPER_3	35623234	35628098	D1	2441.0	+	https://v12-1.orthodb.org/?query=57855at7147
SUPER_3	251750848	251696097	D3	1068.7	-	https://v12-1.orthodb.org/?query=57868at7147
SUPER_3	52996443	52998088	D5	919.9	+	https://v12-1.orthodb.org/?query=57879at7147
SUPER_2	329188218	329195549	D4	819.8	+	https://v12-1.orthodb.org/?query=57890at7147
SUPER_1	42542473	42541060	D5	660.6	-	https://v12-1.orthodb.org/?query=57900at7147
SUPER_3	17843047	17841015	NA	1129.2	-	https://v12-1.orthodb.org/?query=57917at7147
SUPER_3	17843047	17841015	NA	1129.2	-	https://v12-1.orthodb.org/?query=57917at7147
SUPER_3	17857717	17855685	NA	1129.2	-	https://v12-1.orthodb.org/?query=57917at7147
SUPER_3	17857717	17855685	NA	1129.2	-	https://v12-1.orthodb.org/?query=57917at7147
SUPER_2	146922925	146921371	D2	757.2	-	https://v12-1.orthodb.org/?query=57924at7147
SUPER_2	324295521	324293701	NA	1103.3	-	https://v12-1.orthodb.org/?query=57929at7147
SUPER_2	80329125	80329605	D2	312.3	+	https://v12-1.orthodb.org/?query=57939at7147
SUPER_2	100062200	100060545	D2	755.6	-	https://v12-1.orthodb.org/?query=57990at7147
SUPER_1	8109142	8107312	D5	611.8	-	https://v12-1.orthodb.org/?query=57994at7147
SUPER_2	138826905	138824607	NA	1416.6	-	https://v12-1.orthodb.org/?query=58040at7147
SUPER_2	50279573	50277389	D2	625.8	-	https://v12-1.orthodb.org/?query=58041at7147
SUPER_2	214367186	214227353	D4	773.7	-	https://v12-1.orthodb.org/?query=58059at7147
SUPER_2	280744019	280743541	NA	200.8	-	https://v12-1.orthodb.org/?query=58061at7147
SUPER_1	43044638	43042732	D4	851.4	-	https://v12-1.orthodb.org/?query=58069at7147
SUPER_1	42654962	42656129	NA	808.9	+	https://v12-1.orthodb.org/?query=58103at7147
SUPER_2	31953238	31951366	D2	655.1	-	https://v12-1.orthodb.org/?query=58110at7147
SUPER_3	53669182	53670559	D1	661.0	+	https://v12-1.orthodb.org/?query=58118at7147
SUPER_1	323606095	323603602	NA	1367.8	-	https://v12-1.orthodb.org/?query=58177at7147
SUPER_1	305877080	305813587	D3	264.6	-	https://v12-1.orthodb.org/?query=58183at7147
SUPER_1	3504561	3505455	D5	317.0	+	https://v12-1.orthodb.org/?query=58188at7147
SUPER_3	169112642	169111834	NA	359.1	-	https://v12-1.orthodb.org/?query=58205at7147
SUPER_3	192430298	192432494	D1	1151.7	+	https://v12-1.orthodb.org/?query=58209at7147
SUPER_2	123937414	123927577	D2	370.6	-	https://v12-1.orthodb.org/?query=58228at7147
SUPER_1	183070814	183070371	NA	261.9	-	https://v12-1.orthodb.org/?query=58229at7147
SUPER_3	295072141	295073491	NA	645.6	+	https://v12-1.orthodb.org/?query=58248at7147
SUPER_2	353525147	353526392	D4	337.1	+	https://v12-1.orthodb.org/?query=58253at7147
SUPER_2	342287875	342287522	D4	163.1	-	https://v12-1.orthodb.org/?query=58266at7147
SUPER_3	141377437	141375649	NA	981.6	-	https://v12-1.orthodb.org/?query=58276at7147
SUPER_1	58590609	58609666	D5	699.9	+	https://v12-1.orthodb.org/?query=58277at7147
SUPER_2	269099988	269098070	D4	715.0	-	https://v12-1.orthodb.org/?query=58283at7147
SUPER_1	302328932	302361695	D3	555.4	+	https://v12-1.orthodb.org/?query=58362at7147
SUPER_3	42539272	42537976	D1	601.2	-	https://v12-1.orthodb.org/?query=58372at7147
SUPER_3	251324387	251325498	D3	459.3	+	https://v12-1.orthodb.org/?query=58382at7147
SUPER_3	69206490	69199611	D1	1224.5	-	https://v12-1.orthodb.org/?query=58385at7147
SUPER_2	350527864	350529512	NA	494.8	+	https://v12-1.orthodb.org/?query=58401at7147
SUPER_2	279480466	279432123	D4	1029.1	-	https://v12-1.orthodb.org/?query=58417at7147
SUPER_1	58805887	58809146	D5	925.5	+	https://v12-1.orthodb.org/?query=58419at7147
SUPER_2	10704423	10699917	D2	836.6	-	https://v12-1.orthodb.org/?query=58433at7147
SUPER_3	296835343	296837464	NA	999.2	+	https://v12-1.orthodb.org/?query=58438at7147
SUPER_X	2101232	2100573	D6	371.0	-	https://v12-1.orthodb.org/?query=58454at7147
SUPER_1	248135755	248134080	D3	734.9	-	https://v12-1.orthodb.org/?query=58562at7147
SUPER_1	152006144	152003316	D5	1931.0	-	https://v12-1.orthodb.org/?query=58570at7147
SUPER_1	247858276	247821367	D3	677.8	-	https://v12-1.orthodb.org/?query=58584at7147
SUPER_2	4831758	4831120	D2	343.8	-	https://v12-1.orthodb.org/?query=58613at7147
SUPER_3	106578	103240	D5	986.9	-	https://v12-1.orthodb.org/?query=58622at7147
SUPER_3	47433390	47434876	D1	847.3	+	https://v12-1.orthodb.org/?query=58647at7147
SUPER_1	66364296	66356321	D5	4213.8	-	https://v12-1.orthodb.org/?query=58656at7147
SUPER_3	187716333	187714198	NA	1158.2	-	https://v12-1.orthodb.org/?query=58664at7147
SUPER_1	167507014	167509439	NA	970.8	+	https://v12-1.orthodb.org/?query=58691at7147
SUPER_1	210423974	210437678	NA	1386.2	+	https://v12-1.orthodb.org/?query=58750at7147
SUPER_2	108831772	108829432	D4	426.6	-	https://v12-1.orthodb.org/?query=58753at7147
SUPER_1	221340247	221337745	NA	612.5	-	https://v12-1.orthodb.org/?query=58803at7147
SUPER_1	175478490	175479410	NA	549.5	+	https://v12-1.orthodb.org/?query=58824at7147
SUPER_1	123731858	123732697	D3	359.9	+	https://v12-1.orthodb.org/?query=58828at7147
SUPER_1	110936769	110938966	D4	826.5	+	https://v12-1.orthodb.org/?query=58829at7147
SUPER_1	103514258	103515937	D3	977.2	+	https://v12-1.orthodb.org/?query=58894at7147
SUPER_2	102239703	102266763	D2	2227.1	+	https://v12-1.orthodb.org/?query=58897at7147
SUPER_2	116352705	116353646	NA	561.4	+	https://v12-1.orthodb.org/?query=58932at7147
SUPER_2	323094337	323093425	D4	468.6	-	https://v12-1.orthodb.org/?query=58935at7147
SUPER_3	3963541	3962805	D1	295.6	-	https://v12-1.orthodb.org/?query=58968at7147
SUPER_2	5860819	5858930	D6	731.6	-	https://v12-1.orthodb.org/?query=58988at7147
SUPER_2	92087646	92089053	NA	538.2	+	https://v12-1.orthodb.org/?query=59009at7147
SUPER_1	315391770	315393558	D3	1058.8	+	https://v12-1.orthodb.org/?query=59021at7147
SUPER_2	298883920	298887012	D4	802.6	+	https://v12-1.orthodb.org/?query=59031at7147
SUPER_2	352391367	352390905	D4	261.5	-	https://v12-1.orthodb.org/?query=59034at7147
SUPER_1	246143236	246238571	D3	489.0	+	https://v12-1.orthodb.org/?query=59036at7147
SUPER_1	251173396	251162492	D3	812.9	-	https://v12-1.orthodb.org/?query=59056at7147
SUPER_3	216671084	216671498	D3	163.6	+	https://v12-1.orthodb.org/?query=59058at7147
SUPER_2	232000055	232001287	D2	371.0	+	https://v12-1.orthodb.org/?query=59095at7147
SUPER_1	317885008	317886181	NA	224.2	+	https://v12-1.orthodb.org/?query=59098at7147
SUPER_3	284042709	284006226	NA	1441.9	-	https://v12-1.orthodb.org/?query=59146at7147
SUPER_1	105602797	105603442	D5	388.6	+	https://v12-1.orthodb.org/?query=59159at7147
SUPER_3	285647128	285648507	D3	753.1	+	https://v12-1.orthodb.org/?query=59197at7147
SUPER_1	212591037	212527670	D3	1567.9	-	https://v12-1.orthodb.org/?query=59208at7147
SUPER_1	321457461	321453166	D3	460.0	-	https://v12-1.orthodb.org/?query=59214at7147
SUPER_1	293442067	293488627	NA	565.9	+	https://v12-1.orthodb.org/?query=59276at7147
SUPER_3	9651536	9655695	D4	985.3	+	https://v12-1.orthodb.org/?query=59288at7147
SUPER_3	12048208	12053929	D1	1564.9	+	https://v12-1.orthodb.org/?query=59290at7147
SUPER_2	354943953	354931386	D4	662.4	-	https://v12-1.orthodb.org/?query=59326at7147
SUPER_2	320883897	320882235	D4	433.2	-	https://v12-1.orthodb.org/?query=59353at7147
SUPER_2	329928109	329930938	D4	1400.4	+	https://v12-1.orthodb.org/?query=59366at7147
SUPER_2	272318212	272352525	NA	377.4	+	https://v12-1.orthodb.org/?query=59372at7147
SUPER_2	113561116	113510158	D2	1057.2	-	https://v12-1.orthodb.org/?query=59378at7147
SUPER_2	101889516	101909672	NA	610.2	+	https://v12-1.orthodb.org/?query=59427at7147
SUPER_2	245241308	245241943	NA	201.6	+	https://v12-1.orthodb.org/?query=59473at7147
SUPER_2	346498922	346502094	D3	1300.1	+	https://v12-1.orthodb.org/?query=59501at7147
SUPER_3	295539916	295542590	D3	550.2	+	https://v12-1.orthodb.org/?query=59513at7147
SUPER_1	3477626	3478517	D5	391.7	+	https://v12-1.orthodb.org/?query=59514at7147
SUPER_3	206295975	206285380	D3	1943.5	-	https://v12-1.orthodb.org/?query=59530at7147
SUPER_1	350959580	350959082	D3	245.3	-	https://v12-1.orthodb.org/?query=59540at7147
SUPER_1	42681517	42680341	D5	562.5	-	https://v12-1.orthodb.org/?query=59543at7147
SUPER_1	14388163	14418310	D5	811.7	+	https://v12-1.orthodb.org/?query=59594at7147
SUPER_1	309560521	309558235	D3	753.1	-	https://v12-1.orthodb.org/?query=59603at7147
SUPER_2	39399760	39398519	NA	768.8	-	https://v12-1.orthodb.org/?query=59621at7147
SUPER_2	345097737	345098754	D4	532.6	+	https://v12-1.orthodb.org/?query=59638at7147
SUPER_3	57510489	57501633	NA	5227.9	-	https://v12-1.orthodb.org/?query=59641at7147
SUPER_2	324299820	324302664	D4	1745.6	+	https://v12-1.orthodb.org/?query=59688at7147
SUPER_1	347840006	347804954	D3	1254.9	-	https://v12-1.orthodb.org/?query=59706at7147
SUPER_X	3726668	3730249	D6	1902.4	+	https://v12-1.orthodb.org/?query=59718at7147
SUPER_1	353655378	353654424	D3	339.2	-	https://v12-1.orthodb.org/?query=59758at7147
SUPER_1	111337431	111346158	D5	786.7	+	https://v12-1.orthodb.org/?query=59762at7147
SUPER_2	280967369	280969003	D5	803.0	+	https://v12-1.orthodb.org/?query=59805at7147
SUPER_1	45083308	45049940	D5	797.2	-	https://v12-1.orthodb.org/?query=59847at7147
SUPER_X	3797610	3796453	D6	724.7	-	https://v12-1.orthodb.org/?query=59858at7147
SUPER_1	58301622	58307370	D5	2167.2	+	https://v12-1.orthodb.org/?query=59867at7147
SUPER_1	94654448	94652550	D3	818.8	-	https://v12-1.orthodb.org/?query=59881at7147
SUPER_3	136117385	136116558	D1	327.9	-	https://v12-1.orthodb.org/?query=59885at7147
SUPER_1	221253527	221251701	NA	1286.3	-	https://v12-1.orthodb.org/?query=59897at7147
SUPER_1	207822419	207824137	D3	842.0	+	https://v12-1.orthodb.org/?query=59908at7147
SUPER_1	159886876	159887723	NA	429.7	+	https://v12-1.orthodb.org/?query=59917at7147
SUPER_1	29835144	29833712	NA	743.9	-	https://v12-1.orthodb.org/?query=59927at7147
SUPER_1	37448306	37449613	D5	483.4	+	https://v12-1.orthodb.org/?query=59932at7147
SUPER_1	106853696	106813441	D5	1964.7	-	https://v12-1.orthodb.org/?query=59934at7147
SUPER_2	353285603	353281149	NA	2208.0	-	https://v12-1.orthodb.org/?query=59954at7147
SUPER_3	73786497	73784959	D1	362.5	-	https://v12-1.orthodb.org/?query=59971at7147
SUPER_1	333899609	333914656	D3	1119.1	+	https://v12-1.orthodb.org/?query=59991at7147
SUPER_1	103501311	103502355	D5	669.8	+	https://v12-1.orthodb.org/?query=60030at7147
SUPER_3	116530930	116530300	D1	429.5	-	https://v12-1.orthodb.org/?query=60031at7147
SUPER_2	117980400	117982640	NA	581.4	+	https://v12-1.orthodb.org/?query=60048at7147
SUPER_2	37294584	37304906	NA	705.2	+	https://v12-1.orthodb.org/?query=60066at7147
SUPER_3	53494539	53404255	D1	829.3	-	https://v12-1.orthodb.org/?query=60086at7147
SUPER_2	342859836	342875058	D4	1008.4	+	https://v12-1.orthodb.org/?query=60114at7147
SUPER_2	88560370	88624255	D2	10312.5	+	https://v12-1.orthodb.org/?query=60133at7147
SUPER_2	352686151	352683475	NA	1054.1	-	https://v12-1.orthodb.org/?query=60134at7147
SUPER_3	262240863	262240374	D3	230.0	-	https://v12-1.orthodb.org/?query=60157at7147
SUPER_3	129627991	129630897	D1	1314.8	+	https://v12-1.orthodb.org/?query=60158at7147
SUPER_1	138298305	138127192	D5	2731.9	-	https://v12-1.orthodb.org/?query=60162at7147
SUPER_3	298206703	298210308	D3	779.6	+	https://v12-1.orthodb.org/?query=60174at7147
SUPER_2	245147502	245150836	D4	930.6	+	https://v12-1.orthodb.org/?query=60183at7147
SUPER_X	1194925	1190038	D6	1964.1	-	https://v12-1.orthodb.org/?query=60185at7147
SUPER_3	51133077	51131386	D1	1064.2	-	https://v12-1.orthodb.org/?query=60242at7147
SUPER_3	246161495	246169686	NA	589.5	+	https://v12-1.orthodb.org/?query=60271at7147
SUPER_1	186288258	186304502	D5	1850.7	+	https://v12-1.orthodb.org/?query=60284at7147
SUPER_3	276255861	276342022	D3	1530.6	+	https://v12-1.orthodb.org/?query=60303at7147
SUPER_1	123737796	123740780	D3	2103.7	+	https://v12-1.orthodb.org/?query=60315at7147
SUPER_2	3360504	3343496	D2	2124.1	-	https://v12-1.orthodb.org/?query=60331at7147
SUPER_2	201466937	201469184	NA	898.5	+	https://v12-1.orthodb.org/?query=60338at7147
SUPER_2	116347220	116348807	D4	773.3	+	https://v12-1.orthodb.org/?query=60353at7147
SUPER_1	8128347	8129894	D5	515.3	+	https://v12-1.orthodb.org/?query=60372at7147
SUPER_3	8546443	8553954	D1	720.5	+	https://v12-1.orthodb.org/?query=60375at7147
SUPER_1	345618660	345619178	D3	234.8	+	https://v12-1.orthodb.org/?query=60381at7147
SUPER_3	112957020	112948539	D1	588.3	-	https://v12-1.orthodb.org/?query=60394at7147
SUPER_2	51861774	51865617	D2	1020.1	+	https://v12-1.orthodb.org/?query=60410at7147
SUPER_3	95400831	95398726	D1	975.6	-	https://v12-1.orthodb.org/?query=60412at7147
SUPER_3	125141407	125143816	D1	1109.6	+	https://v12-1.orthodb.org/?query=60416at7147
SUPER_3	152501814	152549982	D5	1258.2	+	https://v12-1.orthodb.org/?query=60422at7147
SUPER_2	355597706	355596911	D4	287.6	-	https://v12-1.orthodb.org/?query=60427at7147
SUPER_1	349874094	349868298	D3	699.2	-	https://v12-1.orthodb.org/?query=60499at7147
SUPER_1	231730933	231731761	NA	302.0	+	https://v12-1.orthodb.org/?query=60501at7147
SUPER_1	302883270	302880969	D3	1508.6	-	https://v12-1.orthodb.org/?query=60504at7147
SUPER_3	270859963	270808687	D3	674.9	-	https://v12-1.orthodb.org/?query=60514at7147
SUPER_3	261926580	261925560	NA	553.5	-	https://v12-1.orthodb.org/?query=60545at7147
SUPER_3	176663808	176662757	D1	633.8	-	https://v12-1.orthodb.org/?query=60554at7147
SUPER_2	49947431	49949200	D2	812.2	+	https://v12-1.orthodb.org/?query=60563at7147
SUPER_2	283495861	283494566	NA	583.7	-	https://v12-1.orthodb.org/?query=60581at7147
SUPER_3	135448904	135452233	NA	1681.8	+	https://v12-1.orthodb.org/?query=60603at7147
SUPER_2	49736550	49674787	D2	563.7	-	https://v12-1.orthodb.org/?query=60611at7147
SUPER_1	242572545	242563580	D3	863.0	-	https://v12-1.orthodb.org/?query=60612at7147
SUPER_2	139186566	139185870	D2	367.2	-	https://v12-1.orthodb.org/?query=60628at7147
SUPER_1	37772192	37773115	D5	381.5	+	https://v12-1.orthodb.org/?query=60643at7147
SUPER_3	6165272	6164120	D1	411.3	-	https://v12-1.orthodb.org/?query=60650at7147
SUPER_1	136765830	136764702	D3	575.8	-	https://v12-1.orthodb.org/?query=60656at7147
SUPER_1	47390950	47367668	NA	111.8	-	https://v12-1.orthodb.org/?query=60688at7147
SUPER_1	195533443	195542580	D1	1669.1	+	https://v12-1.orthodb.org/?query=60701at7147
SUPER_1	271651626	271650638	D3	506.4	-	https://v12-1.orthodb.org/?query=60708at7147
SUPER_1	230896224	230895664	D3	261.1	-	https://v12-1.orthodb.org/?query=60719at7147
SUPER_2	352174610	352177046	NA	938.2	+	https://v12-1.orthodb.org/?query=60720at7147
SUPER_1	354197464	354186398	D3	2091.3	-	https://v12-1.orthodb.org/?query=60739at7147
SUPER_3	64220568	64221319	D1	321.4	+	https://v12-1.orthodb.org/?query=60759at7147
SUPER_3	80804800	80802983	D1	452.5	-	https://v12-1.orthodb.org/?query=60771at7147
SUPER_3	100492426	100493917	D1	311.2	+	https://v12-1.orthodb.org/?query=60815at7147
SUPER_1	350985287	350990382	NA	510.1	+	https://v12-1.orthodb.org/?query=60817at7147
SUPER_3	59235703	59234699	D1	236.2	-	https://v12-1.orthodb.org/?query=60819at7147
SUPER_1	351940702	351891046	D3	798.0	-	https://v12-1.orthodb.org/?query=60826at7147
SUPER_X	6485754	6487479	NA	1052.2	+	https://v12-1.orthodb.org/?query=60829at7147
SUPER_2	319596340	319595730	D4	330.3	-	https://v12-1.orthodb.org/?query=60849at7147
SUPER_1	309828491	309830029	D3	796.7	+	https://v12-1.orthodb.org/?query=60885at7147
SUPER_1	94785416	94753812	D5	859.4	-	https://v12-1.orthodb.org/?query=60911at7147
SUPER_1	48920464	48914172	D5	336.1	-	https://v12-1.orthodb.org/?query=60913at7147
SUPER_1	58802253	58804056	D5	632.9	+	https://v12-1.orthodb.org/?query=60915at7147
SUPER_3	237620480	237618620	D2	705.1	-	https://v12-1.orthodb.org/?query=60935at7147
SUPER_3	295082587	295085770	D3	1712.3	+	https://v12-1.orthodb.org/?query=60941at7147
SUPER_1	351158747	351157499	D3	699.7	-	https://v12-1.orthodb.org/?query=60947at7147
SUPER_1	213184258	213170136	NA	3323.3	-	https://v12-1.orthodb.org/?query=60973at7147
SUPER_3	2401709	2404064	NA	1470.8	+	https://v12-1.orthodb.org/?query=60994at7147
SUPER_1	100886382	100887500	NA	687.5	+	https://v12-1.orthodb.org/?query=61002at7147
SUPER_1	297231324	297207782	D3	969.2	-	https://v12-1.orthodb.org/?query=61024at7147
SUPER_3	195808359	195782027	D3	543.5	-	https://v12-1.orthodb.org/?query=61053at7147
SUPER_3	195808359	195782027	D3	543.5	-	https://v12-1.orthodb.org/?query=61053at7147
SUPER_3	196009695	195986960	D3	543.5	-	https://v12-1.orthodb.org/?query=61053at7147
SUPER_3	196009695	195986960	D3	543.5	-	https://v12-1.orthodb.org/?query=61053at7147
SUPER_3	412669	413037	D3	154.4	+	https://v12-1.orthodb.org/?query=61113at7147
SUPER_2	277068264	277068869	D2	233.0	+	https://v12-1.orthodb.org/?query=61116at7147
SUPER_2	345067848	345078813	D4	3288.6	+	https://v12-1.orthodb.org/?query=61138at7147
SUPER_2	50552547	50668442	NA	2057.8	+	https://v12-1.orthodb.org/?query=61143at7147
SUPER_2	292609361	292608468	D4	257.1	-	https://v12-1.orthodb.org/?query=61202at7147
SUPER_3	270982972	270982182	D5	387.8	-	https://v12-1.orthodb.org/?query=61222at7147
SUPER_1	195234880	195236944	D5	1051.4	+	https://v12-1.orthodb.org/?query=61232at7147
SUPER_1	316469187	316419248	D3	399.0	-	https://v12-1.orthodb.org/?query=61242at7147
SUPER_2	28911890	28918987	D4	1155.4	+	https://v12-1.orthodb.org/?query=61249at7147
SUPER_1	232515086	232517692	NA	938.3	+	https://v12-1.orthodb.org/?query=61255at7147
SUPER_2	299486733	299482938	D4	1035.4	-	https://v12-1.orthodb.org/?query=61276at7147
SUPER_3	276800149	276798445	D3	368.3	-	https://v12-1.orthodb.org/?query=61286at7147
SUPER_2	191895180	191948327	NA	628.8	+	https://v12-1.orthodb.org/?query=61299at7147
SUPER_1	324175983	324160160	D3	1219.3	-	https://v12-1.orthodb.org/?query=61306at7147
SUPER_2	342262210	342261664	NA	387.1	-	https://v12-1.orthodb.org/?query=61331at7147
SUPER_3	300737231	300735731	D3	476.2	-	https://v12-1.orthodb.org/?query=61340at7147
SUPER_2	209223035	209224523	D4	819.9	+	https://v12-1.orthodb.org/?query=61374at7147
SUPER_3	12237288	12188936	D1	2080.7	-	https://v12-1.orthodb.org/?query=61375at7147
SUPER_3	141158294	141173310	D1	782.9	+	https://v12-1.orthodb.org/?query=61379at7147
SUPER_X	10895626	10893369	D6	919.3	-	https://v12-1.orthodb.org/?query=61386at7147
SUPER_3	299820780	299819733	D3	315.6	-	https://v12-1.orthodb.org/?query=61388at7147
SUPER_3	122181288	122175446	D1	471.8	-	https://v12-1.orthodb.org/?query=61391at7147
SUPER_1	307800744	307799953	D3	336.1	-	https://v12-1.orthodb.org/?query=61398at7147
SUPER_1	166467702	166471686	D4	1653.3	+	https://v12-1.orthodb.org/?query=61410at7147
SUPER_2	46824172	46790533	D2	2024.7	-	https://v12-1.orthodb.org/?query=61443at7147
SUPER_3	193638042	193690738	D1	1677.3	+	https://v12-1.orthodb.org/?query=61444at7147
SUPER_2	309940450	309933861	D4	1169.3	-	https://v12-1.orthodb.org/?query=61469at7147
SUPER_3	213192403	213191946	D3	164.9	-	https://v12-1.orthodb.org/?query=61497at7147
SUPER_2	180520104	180522676	D1	919.4	+	https://v12-1.orthodb.org/?query=61498at7147
SUPER_1	247463308	247462401	D3	500.5	-	https://v12-1.orthodb.org/?query=61509at7147
SUPER_2	157360876	157385532	D2	849.1	+	https://v12-1.orthodb.org/?query=61543at7147
SUPER_1	351815778	351813536	D3	1081.4	-	https://v12-1.orthodb.org/?query=61559at7147
SUPER_3	119396420	119393034	D1	1470.9	-	https://v12-1.orthodb.org/?query=61562at7147
SUPER_2	104962205	104961688	D2	269.7	-	https://v12-1.orthodb.org/?query=61602at7147
SUPER_3	80267024	80267969	D1	547.1	+	https://v12-1.orthodb.org/?query=61663at7147
SUPER_3	80267024	80267969	D1	547.1	+	https://v12-1.orthodb.org/?query=61663at7147
SUPER_3	80286328	80287273	D1	547.1	+	https://v12-1.orthodb.org/?query=61663at7147
SUPER_3	80286328	80287273	D1	547.1	+	https://v12-1.orthodb.org/?query=61663at7147
SUPER_1	99934670	99935192	D5	279.2	+	https://v12-1.orthodb.org/?query=61683at7147
SUPER_3	8658007	8658344	D1	184.7	+	https://v12-1.orthodb.org/?query=61699at7147
SUPER_2	114333590	114399733	NA	705.7	+	https://v12-1.orthodb.org/?query=61709at7147
SUPER_1	204127603	204163649	D3	1639.8	+	https://v12-1.orthodb.org/?query=61710at7147
SUPER_1	352338410	352385534	D3	1147.5	+	https://v12-1.orthodb.org/?query=61713at7147
SUPER_2	242778998	242777352	D4	960.2	-	https://v12-1.orthodb.org/?query=61746at7147
SUPER_3	249732331	249734338	D3	1091.3	+	https://v12-1.orthodb.org/?query=61750at7147
SUPER_1	264417670	264419998	NA	1030.5	+	https://v12-1.orthodb.org/?query=61769at7147
SUPER_2	284598831	284596946	NA	489.1	-	https://v12-1.orthodb.org/?query=61774at7147
SUPER_3	97505801	97507516	D1	447.6	+	https://v12-1.orthodb.org/?query=61788at7147
SUPER_3	172858604	172857551	D3	426.2	-	https://v12-1.orthodb.org/?query=61797at7147
SUPER_3	116656866	116663874	D1	722.5	+	https://v12-1.orthodb.org/?query=61808at7147
SUPER_2	272742604	272733242	D4	5523.1	-	https://v12-1.orthodb.org/?query=61815at7147
SUPER_2	15871774	15873485	D2	908.9	+	https://v12-1.orthodb.org/?query=61817at7147
SUPER_1	243007050	243343343	D3	615.0	+	https://v12-1.orthodb.org/?query=61842at7147
SUPER_2	158245963	158244976	D2	401.5	-	https://v12-1.orthodb.org/?query=61844at7147
SUPER_1	32782418	32781043	D5	853.7	-	https://v12-1.orthodb.org/?query=61869at7147
SUPER_3	155102110	155399370	D1	357.1	+	https://v12-1.orthodb.org/?query=61874at7147
SUPER_1	353642135	353643761	D3	688.5	+	https://v12-1.orthodb.org/?query=61879at7147
SUPER_3	294968424	294966980	D3	841.3	-	https://v12-1.orthodb.org/?query=61890at7147
SUPER_2	319607792	319608918	NA	539.0	+	https://v12-1.orthodb.org/?query=61894at7147
SUPER_3	31782564	31779133	D1	642.9	-	https://v12-1.orthodb.org/?query=61922at7147
SUPER_1	262701047	262702647	NA	806.9	+	https://v12-1.orthodb.org/?query=61928at7147
SUPER_3	285638010	285637251	NA	395.1	-	https://v12-1.orthodb.org/?query=61938at7147
SUPER_1	251135398	251146172	D3	489.4	+	https://v12-1.orthodb.org/?query=61941at7147
SUPER_1	33973912	33897099	D5	387.3	-	https://v12-1.orthodb.org/?query=61966at7147
SUPER_3	188828519	188876455	D1	2105.6	+	https://v12-1.orthodb.org/?query=61968at7147
SUPER_1	302892521	302893621	D3	663.0	+	https://v12-1.orthodb.org/?query=61986at7147
SUPER_1	37824764	37826033	D5	700.3	+	https://v12-1.orthodb.org/?query=61992at7147
SUPER_2	41617306	41618110	NA	249.6	+	https://v12-1.orthodb.org/?query=61993at7147
SUPER_X	2084121	2076358	NA	1132.7	-	https://v12-1.orthodb.org/?query=61998at7147
SUPER_3	219066190	219047895	D3	1732.0	-	https://v12-1.orthodb.org/?query=62045at7147
SUPER_1	33603057	33601550	NA	291.2	-	https://v12-1.orthodb.org/?query=62048at7147
SUPER_3	137537240	137540816	D1	1633.5	+	https://v12-1.orthodb.org/?query=62055at7147
SUPER_1	331734183	331745278	D3	186.5	+	https://v12-1.orthodb.org/?query=62066at7147
SUPER_2	66375434	66373337	NA	1124.1	-	https://v12-1.orthodb.org/?query=62100at7147
SUPER_2	26552596	26551113	D2	790.2	-	https://v12-1.orthodb.org/?query=62107at7147
SUPER_3	76859953	76858812	D1	638.3	-	https://v12-1.orthodb.org/?query=62123at7147
SUPER_2	47591091	47590410	D2	397.2	-	https://v12-1.orthodb.org/?query=62130at7147
SUPER_1	353004489	353003793	NA	364.9	-	https://v12-1.orthodb.org/?query=62144at7147
SUPER_3	65032345	65033109	D1	382.1	+	https://v12-1.orthodb.org/?query=62147at7147
SUPER_X	6479291	6448379	D6	781.3	-	https://v12-1.orthodb.org/?query=62185at7147
SUPER_3	138154568	138152978	D1	620.2	-	https://v12-1.orthodb.org/?query=62191at7147
SUPER_2	224580076	224581155	D4	411.8	+	https://v12-1.orthodb.org/?query=62197at7147
SUPER_2	157651309	157726599	D2	992.2	+	https://v12-1.orthodb.org/?query=62213at7147
SUPER_2	310050644	310049904	D4	181.6	-	https://v12-1.orthodb.org/?query=62282at7147
SUPER_3	74187963	74188349	D1	186.5	+	https://v12-1.orthodb.org/?query=62295at7147
SUPER_2	355004507	355004954	D4	243.3	+	https://v12-1.orthodb.org/?query=62339at7147
SUPER_3	169525812	169527222	D4	862.2	+	https://v12-1.orthodb.org/?query=62349at7147
SUPER_3	175969526	175966770	D1	1667.7	-	https://v12-1.orthodb.org/?query=62350at7147
SUPER_1	96061950	96059148	D5	1259.4	-	https://v12-1.orthodb.org/?query=62366at7147
SUPER_1	7186749	7189233	D5	347.2	+	https://v12-1.orthodb.org/?query=62372at7147
SUPER_1	158896759	158970675	D5	589.9	+	https://v12-1.orthodb.org/?query=62407at7147
SUPER_2	263838370	263838827	D2	158.2	+	https://v12-1.orthodb.org/?query=62417at7147
SUPER_3	41814443	41812946	D1	588.1	-	https://v12-1.orthodb.org/?query=62423at7147
SUPER_2	320576672	320552242	D4	923.7	-	https://v12-1.orthodb.org/?query=62443at7147
SUPER_2	134544893	134543436	D3	783.0	-	https://v12-1.orthodb.org/?query=62451at7147
SUPER_2	29323362	29313204	NA	307.3	-	https://v12-1.orthodb.org/?query=62482at7147
SUPER_1	157849811	157849286	D5	178.9	-	https://v12-1.orthodb.org/?query=62502at7147
SUPER_3	285634225	285617904	NA	1965.5	-	https://v12-1.orthodb.org/?query=62503at7147
SUPER_2	153213176	153211880	NA	261.3	-	https://v12-1.orthodb.org/?query=62529at7147
SUPER_3	291331807	291327847	D3	1903.0	-	https://v12-1.orthodb.org/?query=62557at7147
SUPER_1	125832613	125830161	D3	1449.1	-	https://v12-1.orthodb.org/?query=62560at7147
SUPER_3	262265664	262261301	D3	1359.0	-	https://v12-1.orthodb.org/?query=62613at7147
SUPER_2	124009680	124011040	NA	553.1	+	https://v12-1.orthodb.org/?query=62631at7147
SUPER_1	111300111	111298129	D5	948.2	-	https://v12-1.orthodb.org/?query=62639at7147
SUPER_1	3831262	3830398	NA	292.6	-	https://v12-1.orthodb.org/?query=62656at7147
SUPER_1	66119867	66149140	D5	1666.9	+	https://v12-1.orthodb.org/?query=62660at7147
SUPER_2	168253419	168252453	D2	534.9	-	https://v12-1.orthodb.org/?query=62676at7147
SUPER_2	280721081	280718560	D4	898.7	-	https://v12-1.orthodb.org/?query=62681at7147
SUPER_3	179454579	179456109	D1	888.7	+	https://v12-1.orthodb.org/?query=62682at7147
SUPER_2	114368959	114370249	D2	387.6	+	https://v12-1.orthodb.org/?query=62696at7147
SUPER_2	4827040	4819222	D2	2436.3	-	https://v12-1.orthodb.org/?query=62725at7147
SUPER_1	157386004	157374982	D5	672.1	-	https://v12-1.orthodb.org/?query=62727at7147
SUPER_2	62885550	62883415	D2	286.3	-	https://v12-1.orthodb.org/?query=62737at7147
SUPER_2	104961106	104937527	D2	1321.3	-	https://v12-1.orthodb.org/?query=62751at7147
SUPER_1	18013740	18019225	NA	634.0	+	https://v12-1.orthodb.org/?query=62767at7147
SUPER_1	156986195	157058536	NA	392.9	+	https://v12-1.orthodb.org/?query=62792at7147
SUPER_1	96050862	96046458	D5	1181.2	-	https://v12-1.orthodb.org/?query=62799at7147
SUPER_1	42822070	42712655	NA	1179.8	-	https://v12-1.orthodb.org/?query=62818at7147
SUPER_3	12047161	12047878	NA	349.0	+	https://v12-1.orthodb.org/?query=62838at7147
SUPER_3	297978656	297978071	D3	316.0	-	https://v12-1.orthodb.org/?query=62860at7147
SUPER_2	148493815	148483577	D4	1423.5	-	https://v12-1.orthodb.org/?query=62879at7147
SUPER_2	318140695	318137737	D4	1688.3	-	https://v12-1.orthodb.org/?query=62907at7147
SUPER_1	90604395	90653881	D6	934.2	+	https://v12-1.orthodb.org/?query=62910at7147
SUPER_1	351451411	351449531	D3	513.5	-	https://v12-1.orthodb.org/?query=62912at7147
SUPER_2	328900536	328898512	D4	1073.8	-	https://v12-1.orthodb.org/?query=62916at7147
SUPER_1	199874050	199872676	D3	596.6	-	https://v12-1.orthodb.org/?query=62957at7147
SUPER_1	323802230	323805084	D1	1028.3	+	https://v12-1.orthodb.org/?query=62969at7147
SUPER_2	65477324	65478628	NA	800.8	+	https://v12-1.orthodb.org/?query=62991at7147
SUPER_1	177047249	177049244	NA	814.6	+	https://v12-1.orthodb.org/?query=63007at7147
SUPER_1	225061060	225062470	D3	763.7	+	https://v12-1.orthodb.org/?query=63014at7147
SUPER_2	332676696	332672994	D4	718.9	-	https://v12-1.orthodb.org/?query=63017at7147
SUPER_1	351846652	351848074	D3	489.2	+	https://v12-1.orthodb.org/?query=63030at7147
SUPER_1	125021952	125059064	D3	1310.7	+	https://v12-1.orthodb.org/?query=63036at7147
SUPER_2	118338145	118339110	D2	446.9	+	https://v12-1.orthodb.org/?query=63074at7147
SUPER_2	340830790	340832330	NA	780.4	+	https://v12-1.orthodb.org/?query=63096at7147
SUPER_1	65009905	65012117	D5	864.6	+	https://v12-1.orthodb.org/?query=63127at7147
SUPER_1	144235498	144230192	D5	3409.6	-	https://v12-1.orthodb.org/?query=63137at7147
SUPER_1	288038225	288003656	NA	844.1	-	https://v12-1.orthodb.org/?query=63138at7147
SUPER_1	125409443	125410455	D3	475.2	+	https://v12-1.orthodb.org/?query=63142at7147
SUPER_2	349462694	349434265	D5	553.4	-	https://v12-1.orthodb.org/?query=63148at7147
SUPER_3	210443172	210387110	NA	915.6	-	https://v12-1.orthodb.org/?query=63177at7147
SUPER_2	157804330	157789060	D4	336.0	-	https://v12-1.orthodb.org/?query=63187at7147
SUPER_1	150519787	150461006	D5	1066.9	-	https://v12-1.orthodb.org/?query=63203at7147
SUPER_1	174516978	174518085	D5	264.6	+	https://v12-1.orthodb.org/?query=63210at7147
SUPER_1	165776784	165778091	D5	589.6	+	https://v12-1.orthodb.org/?query=63215at7147
SUPER_3	113638268	113637790	D1	272.4	-	https://v12-1.orthodb.org/?query=63216at7147
SUPER_2	3429157	3427060	D2	1051.7	-	https://v12-1.orthodb.org/?query=63229at7147
SUPER_2	139248885	139208948	D2	572.0	-	https://v12-1.orthodb.org/?query=63235at7147
SUPER_3	175447199	175355311	D1	652.4	-	https://v12-1.orthodb.org/?query=63274at7147
SUPER_1	75419958	75492079	D5	590.5	+	https://v12-1.orthodb.org/?query=63282at7147
SUPER_2	32144882	32147077	NA	1306.7	+	https://v12-1.orthodb.org/?query=63287at7147
SUPER_1	171125945	171127324	NA	405.9	+	https://v12-1.orthodb.org/?query=63303at7147
SUPER_3	35724272	35666115	D1	863.5	-	https://v12-1.orthodb.org/?query=63321at7147
SUPER_3	19926196	19926721	NA	242.2	+	https://v12-1.orthodb.org/?query=63323at7147
SUPER_X	10406586	10382934	D6	1011.9	-	https://v12-1.orthodb.org/?query=63332at7147
SUPER_2	199954148	199958464	D4	321.6	+	https://v12-1.orthodb.org/?query=63341at7147
SUPER_2	210983553	210982566	D4	287.3	-	https://v12-1.orthodb.org/?query=63354at7147
SUPER_1	157803217	157806962	D5	2288.8	+	https://v12-1.orthodb.org/?query=63383at7147
SUPER_2	353424382	353422615	D4	880.5	-	https://v12-1.orthodb.org/?query=63388at7147
SUPER_1	264243972	264241975	NA	652.6	-	https://v12-1.orthodb.org/?query=63447at7147
SUPER_3	163512104	163539103	D1	384.7	+	https://v12-1.orthodb.org/?query=63462at7147
SUPER_2	336209501	336214051	NA	1870.0	+	https://v12-1.orthodb.org/?query=63476at7147
SUPER_1	289879573	289847950	D3	684.1	-	https://v12-1.orthodb.org/?query=63492at7147
SUPER_1	349476762	349478690	NA	617.6	+	https://v12-1.orthodb.org/?query=63508at7147
SUPER_3	176903418	176902721	D1	329.8	-	https://v12-1.orthodb.org/?query=63515at7147
SUPER_1	2825202	2820743	D5	1378.7	-	https://v12-1.orthodb.org/?query=63517at7147
SUPER_1	36422637	36423241	D5	270.5	+	https://v12-1.orthodb.org/?query=63536at7147
SUPER_1	351849344	351850204	D3	377.6	+	https://v12-1.orthodb.org/?query=63539at7147
SUPER_2	279415263	279413975	NA	444.0	-	https://v12-1.orthodb.org/?query=63540at7147
SUPER_3	54295518	54299961	NA	396.9	+	https://v12-1.orthodb.org/?query=63541at7147
SUPER_1	161574300	161631357	D5	1673.9	+	https://v12-1.orthodb.org/?query=63569at7147
SUPER_3	315442	316591	D5	255.6	+	https://v12-1.orthodb.org/?query=63580at7147
SUPER_1	245496090	245493686	NA	750.1	-	https://v12-1.orthodb.org/?query=63582at7147
SUPER_3	5923804	5912805	D1	472.1	-	https://v12-1.orthodb.org/?query=63583at7147
SUPER_2	137877282	137876168	D3	699.5	-	https://v12-1.orthodb.org/?query=63585at7147
SUPER_2	283679933	283900281	D4	439.5	+	https://v12-1.orthodb.org/?query=63597at7147
SUPER_2	348765129	348775023	D4	474.7	+	https://v12-1.orthodb.org/?query=63607at7147
SUPER_1	8668594	8669696	D5	619.4	+	https://v12-1.orthodb.org/?query=63633at7147
SUPER_3	50001858	50000746	NA	605.6	-	https://v12-1.orthodb.org/?query=63635at7147
SUPER_2	109065711	109169033	D4	1311.7	+	https://v12-1.orthodb.org/?query=63639at7147
SUPER_1	105172122	105104870	D5	1400.6	-	https://v12-1.orthodb.org/?query=63650at7147
SUPER_2	49943908	49942100	D2	943.9	-	https://v12-1.orthodb.org/?query=63652at7147
SUPER_3	7714883	7717201	D1	1392.5	+	https://v12-1.orthodb.org/?query=63658at7147
SUPER_3	7714883	7717201	D1	1392.5	+	https://v12-1.orthodb.org/?query=63658at7147
SUPER_3	7738017	7740335	D1	1389.5	+	https://v12-1.orthodb.org/?query=63658at7147
SUPER_3	7738017	7740335	D1	1389.5	+	https://v12-1.orthodb.org/?query=63658at7147
SUPER_2	108802441	108779640	D3	1175.6	-	https://v12-1.orthodb.org/?query=63670at7147
SUPER_1	351865876	351861816	D3	1031.4	-	https://v12-1.orthodb.org/?query=63673at7147
SUPER_1	62112148	62113005	D1	474.6	+	https://v12-1.orthodb.org/?query=63677at7147
SUPER_2	90625321	90632278	NA	1443.4	+	https://v12-1.orthodb.org/?query=63691at7147
SUPER_3	126603848	126601969	D1	887.1	-	https://v12-1.orthodb.org/?query=63704at7147
SUPER_1	27169626	27191425	D5	1023.7	+	https://v12-1.orthodb.org/?query=63716at7147
SUPER_3	52921562	52920482	NA	410.7	-	https://v12-1.orthodb.org/?query=63722at7147
SUPER_1	150545188	150545722	D1	249.1	+	https://v12-1.orthodb.org/?query=63723at7147
SUPER_1	310090150	310091237	NA	236.2	+	https://v12-1.orthodb.org/?query=63727at7147
SUPER_3	128886997	128885960	NA	473.0	-	https://v12-1.orthodb.org/?query=63748at7147
SUPER_1	232470440	232471483	NA	437.8	+	https://v12-1.orthodb.org/?query=63777at7147
SUPER_3	291654355	291653580	NA	437.1	-	https://v12-1.orthodb.org/?query=63804at7147
SUPER_1	100231520	100233977	NA	865.4	+	https://v12-1.orthodb.org/?query=63806at7147
SUPER_2	271274246	271275080	D4	386.6	+	https://v12-1.orthodb.org/?query=63808at7147
SUPER_1	194995289	194994959	NA	183.6	-	https://v12-1.orthodb.org/?query=63826at7147
SUPER_2	260591000	260588309	D4	679.5	-	https://v12-1.orthodb.org/?query=63829at7147
SUPER_3	6359395	6361748	D1	1080.0	+	https://v12-1.orthodb.org/?query=63836at7147
SUPER_2	137907603	137910648	D3	1281.9	+	https://v12-1.orthodb.org/?query=63838at7147
SUPER_3	130879777	130878081	D1	904.7	-	https://v12-1.orthodb.org/?query=63890at7147
SUPER_1	3899952	3902256	D5	1104.7	+	https://v12-1.orthodb.org/?query=63892at7147
SUPER_3	289712264	289603598	NA	426.9	-	https://v12-1.orthodb.org/?query=63904at7147
SUPER_2	323340466	323337785	D6	1397.7	-	https://v12-1.orthodb.org/?query=63905at7147
SUPER_2	180465599	180464860	D4	235.7	-	https://v12-1.orthodb.org/?query=63921at7147
SUPER_3	120827028	120859367	D2	1134.0	+	https://v12-1.orthodb.org/?query=63928at7147
SUPER_1	254731528	254727760	D5	1177.5	-	https://v12-1.orthodb.org/?query=63940at7147
SUPER_2	345239836	345230038	D4	2973.7	-	https://v12-1.orthodb.org/?query=63942at7147
SUPER_2	115565571	115569419	NA	1786.1	+	https://v12-1.orthodb.org/?query=63959at7147
SUPER_2	327947324	327945368	D4	1040.4	-	https://v12-1.orthodb.org/?query=64014at7147
SUPER_3	261704913	261687618	D3	1057.0	-	https://v12-1.orthodb.org/?query=64036at7147
SUPER_3	128800947	128801408	D1	224.9	+	https://v12-1.orthodb.org/?query=64043at7147
SUPER_1	298569765	298575527	D3	2735.1	+	https://v12-1.orthodb.org/?query=64050at7147
SUPER_2	350948788	350945181	D4	436.9	-	https://v12-1.orthodb.org/?query=64084at7147
SUPER_3	3193684	3200407	D1	358.9	+	https://v12-1.orthodb.org/?query=64129at7147
SUPER_1	324251157	324253726	D3	1418.4	+	https://v12-1.orthodb.org/?query=64130at7147
SUPER_3	295283963	295270146	NA	1052.2	-	https://v12-1.orthodb.org/?query=64158at7147
SUPER_1	37776264	37774042	D5	382.1	-	https://v12-1.orthodb.org/?query=64173at7147
SUPER_3	210943729	210946521	D3	1350.4	+	https://v12-1.orthodb.org/?query=64183at7147
SUPER_3	113217284	113255907	D1	607.5	+	https://v12-1.orthodb.org/?query=64192at7147
SUPER_3	298332130	298349187	D3	2085.6	+	https://v12-1.orthodb.org/?query=64195at7147
SUPER_1	74846916	74848072	D1	691.5	+	https://v12-1.orthodb.org/?query=64216at7147
SUPER_2	41611984	41613737	D2	947.3	+	https://v12-1.orthodb.org/?query=64272at7147
SUPER_1	300423682	300425912	D3	1261.4	+	https://v12-1.orthodb.org/?query=64274at7147
SUPER_2	244826751	244824180	D4	752.4	-	https://v12-1.orthodb.org/?query=64278at7147
SUPER_1	17834936	17877007	NA	4590.3	+	https://v12-1.orthodb.org/?query=64323at7147
SUPER_1	17834936	17877007	NA	4590.3	+	https://v12-1.orthodb.org/?query=64323at7147
SUPER_1	17909020	17920910	NA	4208.4	+	https://v12-1.orthodb.org/?query=64323at7147
SUPER_1	17909020	17920910	NA	4208.4	+	https://v12-1.orthodb.org/?query=64323at7147
SUPER_2	104035481	104036257	D3	323.3	+	https://v12-1.orthodb.org/?query=64333at7147
SUPER_1	348890028	348890487	NA	247.4	+	https://v12-1.orthodb.org/?query=64346at7147
SUPER_1	268129754	268122177	D3	212.9	-	https://v12-1.orthodb.org/?query=64351at7147
SUPER_2	111264152	111270414	D4	3448.3	+	https://v12-1.orthodb.org/?query=64374at7147
SUPER_3	54660048	54624303	D1	374.7	-	https://v12-1.orthodb.org/?query=64379at7147
SUPER_2	328829295	328830764	D4	379.8	+	https://v12-1.orthodb.org/?query=64380at7147
SUPER_1	275886312	275889243	D3	1914.0	+	https://v12-1.orthodb.org/?query=64411at7147
SUPER_1	323382882	323336219	D3	1070.4	-	https://v12-1.orthodb.org/?query=64413at7147
SUPER_2	336582440	336580430	D4	532.3	-	https://v12-1.orthodb.org/?query=64440at7147
SUPER_3	81221990	81223474	D6	636.6	+	https://v12-1.orthodb.org/?query=64472at7147
SUPER_3	81221990	81223474	D6	636.6	+	https://v12-1.orthodb.org/?query=64472at7147
SUPER_3	81221990	81223474	D6	636.6	+	https://v12-1.orthodb.org/?query=64472at7147
SUPER_3	81263753	81265175	D6	614.9	+	https://v12-1.orthodb.org/?query=64472at7147
SUPER_3	81263753	81265175	D6	614.9	+	https://v12-1.orthodb.org/?query=64472at7147
SUPER_3	81263753	81265175	D6	614.9	+	https://v12-1.orthodb.org/?query=64472at7147
SUPER_3	81293998	81295420	D6	597.7	+	https://v12-1.orthodb.org/?query=64472at7147
SUPER_3	81293998	81295420	D6	597.7	+	https://v12-1.orthodb.org/?query=64472at7147
SUPER_3	81293998	81295420	D6	597.7	+	https://v12-1.orthodb.org/?query=64472at7147
SUPER_3	237679598	237678597	D3	424.9	-	https://v12-1.orthodb.org/?query=64480at7147
SUPER_2	146968927	146972667	NA	1987.7	+	https://v12-1.orthodb.org/?query=64503at7147
SUPER_2	59721446	59722724	D2	787.5	+	https://v12-1.orthodb.org/?query=64516at7147
SUPER_1	231683114	231678598	D3	306.4	-	https://v12-1.orthodb.org/?query=64519at7147
SUPER_2	29241906	29255052	D4	836.9	+	https://v12-1.orthodb.org/?query=64630at7147
SUPER_2	237739971	237735661	NA	2195.1	-	https://v12-1.orthodb.org/?query=64636at7147
SUPER_2	296082173	296117892	D4	1049.6	+	https://v12-1.orthodb.org/?query=64639at7147
SUPER_1	347789234	347790716	D3	639.3	+	https://v12-1.orthodb.org/?query=64696at7147
SUPER_2	136983130	136984964	D2	642.6	+	https://v12-1.orthodb.org/?query=64707at7147
SUPER_3	3413335	3415148	D1	763.1	+	https://v12-1.orthodb.org/?query=64717at7147
SUPER_2	356676603	356699739	D4	520.6	+	https://v12-1.orthodb.org/?query=64757at7147
SUPER_2	244894084	244854143	D4	603.6	-	https://v12-1.orthodb.org/?query=64809at7147
SUPER_1	247485639	247486563	NA	514.8	+	https://v12-1.orthodb.org/?query=64810at7147
SUPER_1	37681350	37683333	D5	1037.1	+	https://v12-1.orthodb.org/?query=64833at7147
SUPER_3	8092914	8094228	D1	631.8	+	https://v12-1.orthodb.org/?query=64850at7147
SUPER_2	354828161	354829061	D4	350.1	+	https://v12-1.orthodb.org/?query=64887at7147
SUPER_2	285704010	285711761	NA	2519.3	+	https://v12-1.orthodb.org/?query=64935at7147
SUPER_3	113791786	113727416	D1	522.9	-	https://v12-1.orthodb.org/?query=64947at7147
SUPER_3	269175960	269174334	D3	1042.6	-	https://v12-1.orthodb.org/?query=64968at7147
SUPER_2	260483951	260487421	D4	2129.4	+	https://v12-1.orthodb.org/?query=64974at7147
SUPER_2	339011518	339007547	D4	266.5	-	https://v12-1.orthodb.org/?query=64993at7147
SUPER_2	9016055	9017267	D2	726.9	+	https://v12-1.orthodb.org/?query=65003at7147
SUPER_1	73906615	73896624	D5	2422.4	-	https://v12-1.orthodb.org/?query=65007at7147
SUPER_3	177144451	177144091	D1	153.2	-	https://v12-1.orthodb.org/?query=65008at7147
SUPER_3	182484479	182457200	NA	784.4	-	https://v12-1.orthodb.org/?query=65012at7147
SUPER_X	1457945	1459680	NA	791.2	+	https://v12-1.orthodb.org/?query=65038at7147
SUPER_1	123760880	123760145	NA	446.3	-	https://v12-1.orthodb.org/?query=65041at7147
SUPER_2	279382129	279387184	NA	365.3	+	https://v12-1.orthodb.org/?query=65054at7147
SUPER_3	295217652	295253127	D3	1565.0	+	https://v12-1.orthodb.org/?query=65076at7147
SUPER_1	130485370	130479175	NA	987.6	-	https://v12-1.orthodb.org/?query=65081at7147
SUPER_1	7066926	7077168	NA	737.6	+	https://v12-1.orthodb.org/?query=65131at7147
SUPER_3	246849998	246851448	D3	152.9	+	https://v12-1.orthodb.org/?query=65138at7147
SUPER_3	141018413	141019074	D3	365.7	+	https://v12-1.orthodb.org/?query=65151at7147
SUPER_3	34936398	34871093	D1	979.6	-	https://v12-1.orthodb.org/?query=65157at7147
SUPER_2	89650865	89651546	NA	422.8	+	https://v12-1.orthodb.org/?query=65169at7147
SUPER_3	63087920	63074726	D1	4772.8	-	https://v12-1.orthodb.org/?query=65184at7147
SUPER_1	49753038	49754451	D5	631.1	+	https://v12-1.orthodb.org/?query=65194at7147
SUPER_2	195466281	195527761	NA	826.9	+	https://v12-1.orthodb.org/?query=65195at7147
SUPER_3	291455959	291464117	D3	1421.0	+	https://v12-1.orthodb.org/?query=65217at7147
SUPER_3	280205285	280207548	D3	1033.8	+	https://v12-1.orthodb.org/?query=65232at7147
SUPER_2	9821614	9804777	D2	713.8	-	https://v12-1.orthodb.org/?query=65291at7147
SUPER_1	257432124	257432969	D3	488.4	+	https://v12-1.orthodb.org/?query=65323at7147
SUPER_3	163699265	163701173	NA	325.4	+	https://v12-1.orthodb.org/?query=65343at7147
SUPER_1	309846979	309849492	D3	1384.5	+	https://v12-1.orthodb.org/?query=65361at7147
SUPER_2	143080809	143088871	NA	700.4	+	https://v12-1.orthodb.org/?query=65369at7147
SUPER_1	213431317	213430283	D3	425.0	-	https://v12-1.orthodb.org/?query=65376at7147
SUPER_3	167875653	167876543	NA	445.5	+	https://v12-1.orthodb.org/?query=65377at7147
SUPER_1	148886494	148885560	D3	355.3	-	https://v12-1.orthodb.org/?query=65380at7147
SUPER_2	231639770	231639008	D4	398.5	-	https://v12-1.orthodb.org/?query=65385at7147
SUPER_1	95199615	95198393	D4	454.9	-	https://v12-1.orthodb.org/?query=65399at7147
SUPER_3	280235385	280236547	D3	568.8	+	https://v12-1.orthodb.org/?query=65433at7147
SUPER_3	130657924	130655391	D1	992.7	-	https://v12-1.orthodb.org/?query=65476at7147
SUPER_1	254699667	254701364	D1	702.2	+	https://v12-1.orthodb.org/?query=65478at7147
SUPER_2	205507087	205515623	D4	681.6	+	https://v12-1.orthodb.org/?query=65485at7147
SUPER_1	25948353	25949639	NA	672.0	+	https://v12-1.orthodb.org/?query=65490at7147
SUPER_2	5717279	5715161	NA	857.8	-	https://v12-1.orthodb.org/?query=65503at7147
SUPER_3	297447066	297449399	D3	976.5	+	https://v12-1.orthodb.org/?query=65523at7147
SUPER_1	8099225	8097174	D5	547.6	-	https://v12-1.orthodb.org/?query=65536at7147
SUPER_3	298009820	298020956	D3	521.2	+	https://v12-1.orthodb.org/?query=65537at7147
SUPER_3	65067895	65108819	D1	1202.1	+	https://v12-1.orthodb.org/?query=65550at7147
SUPER_1	697749	700096	D5	582.5	+	https://v12-1.orthodb.org/?query=65559at7147
SUPER_1	163043469	163040937	D5	618.6	-	https://v12-1.orthodb.org/?query=65561at7147
SUPER_1	29615825	29616857	D1	335.6	+	https://v12-1.orthodb.org/?query=65571at7147
SUPER_1	66728886	66719200	D5	994.5	-	https://v12-1.orthodb.org/?query=65599at7147
SUPER_2	133211612	133318226	NA	483.5	+	https://v12-1.orthodb.org/?query=65602at7147
SUPER_3	294608935	294607704	D3	690.3	-	https://v12-1.orthodb.org/?query=65643at7147
SUPER_3	294608935	294607704	D3	690.3	-	https://v12-1.orthodb.org/?query=65643at7147
SUPER_3	288992122	288990870	D3	713.0	-	https://v12-1.orthodb.org/?query=65643at7147
SUPER_3	288992122	288990870	D3	713.0	-	https://v12-1.orthodb.org/?query=65643at7147
SUPER_2	30965457	30966580	D2	639.1	+	https://v12-1.orthodb.org/?query=65654at7147
SUPER_1	5676499	5673566	D5	1919.5	-	https://v12-1.orthodb.org/?query=65656at7147
SUPER_3	17895628	17896836	D1	236.2	+	https://v12-1.orthodb.org/?query=65657at7147
SUPER_1	41273918	41397195	D5	1963.1	+	https://v12-1.orthodb.org/?query=65687at7147
SUPER_2	118332005	118334585	NA	644.2	+	https://v12-1.orthodb.org/?query=65727at7147
SUPER_1	122307465	122307894	NA	148.4	+	https://v12-1.orthodb.org/?query=65754at7147
SUPER_2	144189118	144190974	D2	345.3	+	https://v12-1.orthodb.org/?query=65766at7147
SUPER_1	96027630	96034491	D5	649.4	+	https://v12-1.orthodb.org/?query=65784at7147
SUPER_3	297424794	297426167	D3	600.5	+	https://v12-1.orthodb.org/?query=65801at7147
SUPER_2	152027523	152025567	D2	1184.8	-	https://v12-1.orthodb.org/?query=65808at7147
SUPER_1	160497315	160516285	D5	1028.5	+	https://v12-1.orthodb.org/?query=65830at7147
SUPER_2	133182262	133163908	NA	424.6	-	https://v12-1.orthodb.org/?query=65834at7147
SUPER_2	348204433	348205134	NA	357.7	+	https://v12-1.orthodb.org/?query=65844at7147
SUPER_3	106239834	106214450	D1	801.5	-	https://v12-1.orthodb.org/?query=65866at7147
SUPER_1	12081227	12082566	D5	627.4	+	https://v12-1.orthodb.org/?query=65892at7147
SUPER_3	113454294	113452235	D1	271.8	-	https://v12-1.orthodb.org/?query=65894at7147
SUPER_3	129490410	129489889	D1	263.8	-	https://v12-1.orthodb.org/?query=65934at7147
SUPER_3	297108518	297111578	D3	1496.8	+	https://v12-1.orthodb.org/?query=65939at7147
SUPER_1	93769154	93768463	D1	374.2	-	https://v12-1.orthodb.org/?query=65956at7147
SUPER_1	109212800	109235404	D4	8306.4	+	https://v12-1.orthodb.org/?query=65972at7147
SUPER_2	125164590	125159957	NA	1560.6	-	https://v12-1.orthodb.org/?query=65973at7147
SUPER_3	1754264	1756675	D1	1248.3	+	https://v12-1.orthodb.org/?query=65990at7147
SUPER_3	206205574	206216623	D3	539.8	+	https://v12-1.orthodb.org/?query=65992at7147
SUPER_2	177174776	177156264	D4	565.0	-	https://v12-1.orthodb.org/?query=66000at7147
SUPER_1	351168364	351170026	D3	516.6	+	https://v12-1.orthodb.org/?query=66007at7147
SUPER_2	298732453	298733702	D4	630.7	+	https://v12-1.orthodb.org/?query=66020at7147
SUPER_2	47289793	47290598	D2	294.9	+	https://v12-1.orthodb.org/?query=66030at7147
SUPER_3	177354090	177356499	NA	607.9	+	https://v12-1.orthodb.org/?query=66044at7147
SUPER_3	297115851	297119231	D3	895.4	+	https://v12-1.orthodb.org/?query=66048at7147
SUPER_2	353631310	353629576	D4	918.8	-	https://v12-1.orthodb.org/?query=66053at7147
SUPER_1	139372839	139371836	D5	360.4	-	https://v12-1.orthodb.org/?query=66055at7147
SUPER_1	25915609	25916192	NA	240.2	+	https://v12-1.orthodb.org/?query=66066at7147
SUPER_1	323792271	323790921	D3	651.8	-	https://v12-1.orthodb.org/?query=66069at7147
SUPER_3	8674284	8671866	NA	1225.1	-	https://v12-1.orthodb.org/?query=66070at7147
SUPER_2	18174450	18149962	D2	1083.0	-	https://v12-1.orthodb.org/?query=66108at7147
SUPER_3	62192001	62230094	D1	691.6	+	https://v12-1.orthodb.org/?query=66139at7147
SUPER_3	137738737	137736480	D1	532.8	-	https://v12-1.orthodb.org/?query=66177at7147
SUPER_1	46724532	46677848	D5	948.0	-	https://v12-1.orthodb.org/?query=66196at7147
SUPER_2	5725063	5723132	D2	645.6	-	https://v12-1.orthodb.org/?query=66209at7147
SUPER_3	181229700	181148365	NA	1828.1	-	https://v12-1.orthodb.org/?query=66213at7147
SUPER_2	18280376	18282250	NA	848.9	+	https://v12-1.orthodb.org/?query=66225at7147
SUPER_3	275758269	275786038	D3	755.5	+	https://v12-1.orthodb.org/?query=66228at7147
SUPER_2	116868985	116866587	NA	682.2	-	https://v12-1.orthodb.org/?query=66230at7147
SUPER_1	57459000	57457655	D5	551.9	-	https://v12-1.orthodb.org/?query=66243at7147
SUPER_3	108804134	108803318	NA	421.9	-	https://v12-1.orthodb.org/?query=66247at7147
SUPER_1	195503597	195504272	NA	173.3	+	https://v12-1.orthodb.org/?query=66302at7147
SUPER_2	11210362	11204726	D2	405.6	-	https://v12-1.orthodb.org/?query=66326at7147
SUPER_2	139384958	139386272	D2	531.5	+	https://v12-1.orthodb.org/?query=66330at7147
SUPER_3	107951062	107958678	NA	577.0	+	https://v12-1.orthodb.org/?query=66341at7147
SUPER_3	281352912	281353440	NA	171.1	+	https://v12-1.orthodb.org/?query=66348at7147
SUPER_3	290247103	290244686	D3	359.4	-	https://v12-1.orthodb.org/?query=66349at7147
SUPER_2	15635016	15637244	D1	1019.0	+	https://v12-1.orthodb.org/?query=66352at7147
SUPER_3	199873968	199873186	D3	424.0	-	https://v12-1.orthodb.org/?query=66361at7147
SUPER_1	327923504	327920821	D3	930.8	-	https://v12-1.orthodb.org/?query=66364at7147
SUPER_1	58781244	58782942	D5	485.5	+	https://v12-1.orthodb.org/?query=66373at7147
SUPER_2	321010110	321011307	D4	616.0	+	https://v12-1.orthodb.org/?query=66402at7147
SUPER_3	284362371	284369170	D3	1443.0	+	https://v12-1.orthodb.org/?query=66414at7147
SUPER_1	244370450	244367258	D3	1191.5	-	https://v12-1.orthodb.org/?query=66457at7147
SUPER_2	329186846	329185627	D4	589.6	-	https://v12-1.orthodb.org/?query=66475at7147
SUPER_2	14667748	14668789	D2	522.9	+	https://v12-1.orthodb.org/?query=66491at7147
SUPER_3	77007500	77006084	D5	717.2	-	https://v12-1.orthodb.org/?query=66510at7147
SUPER_1	286449985	286426178	D3	395.6	-	https://v12-1.orthodb.org/?query=66514at7147
SUPER_3	65640176	65642027	NA	802.3	+	https://v12-1.orthodb.org/?query=66515at7147
SUPER_2	320205824	320231846	D4	663.1	+	https://v12-1.orthodb.org/?query=66519at7147
SUPER_2	42553988	42551672	D2	1092.5	-	https://v12-1.orthodb.org/?query=66523at7147
SUPER_2	285682800	285686270	D1	1164.0	+	https://v12-1.orthodb.org/?query=66525at7147
SUPER_3	239508305	239501933	D3	612.8	-	https://v12-1.orthodb.org/?query=66538at7147
SUPER_1	112299431	112298402	D1	532.7	-	https://v12-1.orthodb.org/?query=66557at7147
SUPER_1	256017763	256020138	D3	1028.4	+	https://v12-1.orthodb.org/?query=66567at7147
SUPER_3	97662839	97664314	D1	698.3	+	https://v12-1.orthodb.org/?query=66590at7147
SUPER_1	103384445	103386416	D4	1039.7	+	https://v12-1.orthodb.org/?query=66606at7147
SUPER_2	85363989	85367829	D2	2042.4	+	https://v12-1.orthodb.org/?query=66607at7147
SUPER_3	4265980	4264858	D1	602.3	-	https://v12-1.orthodb.org/?query=66610at7147
SUPER_3	19922284	19923885	D1	620.7	+	https://v12-1.orthodb.org/?query=66632at7147
SUPER_1	110958113	110957396	D5	304.0	-	https://v12-1.orthodb.org/?query=66633at7147
SUPER_2	11161315	11163049	D2	516.4	+	https://v12-1.orthodb.org/?query=66640at7147
SUPER_2	18354036	18300691	NA	1501.2	-	https://v12-1.orthodb.org/?query=66649at7147
SUPER_1	122639515	122638107	NA	465.4	-	https://v12-1.orthodb.org/?query=66702at7147
SUPER_3	121157850	121156941	D1	533.7	-	https://v12-1.orthodb.org/?query=66704at7147
SUPER_3	160313552	160309494	D1	889.8	-	https://v12-1.orthodb.org/?query=66707at7147
SUPER_3	56803011	56804146	D1	557.2	+	https://v12-1.orthodb.org/?query=66722at7147
SUPER_3	57517043	57517380	D1	148.7	+	https://v12-1.orthodb.org/?query=66744at7147
SUPER_3	205700143	205683683	D3	1065.3	-	https://v12-1.orthodb.org/?query=66757at7147
SUPER_3	164676727	164677733	D1	352.4	+	https://v12-1.orthodb.org/?query=66761at7147
SUPER_3	2101307	2099028	D1	1357.1	-	https://v12-1.orthodb.org/?query=66787at7147
SUPER_3	47444958	47434958	D1	646.9	-	https://v12-1.orthodb.org/?query=66795at7147
SUPER_3	52996006	52994768	D1	673.4	-	https://v12-1.orthodb.org/?query=66810at7147
SUPER_1	93060878	93082095	D5	500.9	+	https://v12-1.orthodb.org/?query=66846at7147
SUPER_3	137690932	137693153	D5	1230.0	+	https://v12-1.orthodb.org/?query=66848at7147
SUPER_2	353434728	353436016	D4	381.2	+	https://v12-1.orthodb.org/?query=66869at7147
SUPER_2	265452416	265453661	D4	724.0	+	https://v12-1.orthodb.org/?query=66893at7147
SUPER_2	42714382	42714700	D3	209.6	+	https://v12-1.orthodb.org/?query=66927at7147
SUPER_2	112772946	112773422	D2	214.1	+	https://v12-1.orthodb.org/?query=66929at7147
SUPER_3	108711404	108710508	D1	193.1	-	https://v12-1.orthodb.org/?query=66948at7147
SUPER_2	341963871	341963021	NA	268.6	-	https://v12-1.orthodb.org/?query=66956at7147
SUPER_2	192844245	192986743	NA	1148.0	+	https://v12-1.orthodb.org/?query=66984at7147
SUPER_3	97528414	97536677	D1	3987.5	+	https://v12-1.orthodb.org/?query=66992at7147
SUPER_1	12120324	12121620	D5	840.0	+	https://v12-1.orthodb.org/?query=66994at7147
SUPER_3	180413627	180396148	D1	1585.3	-	https://v12-1.orthodb.org/?query=66998at7147
SUPER_1	25814697	25813057	D5	670.1	-	https://v12-1.orthodb.org/?query=66999at7147
SUPER_1	100887952	100891672	D5	1754.1	+	https://v12-1.orthodb.org/?query=67006at7147
SUPER_2	146918470	146921170	D3	1804.7	+	https://v12-1.orthodb.org/?query=67025at7147
SUPER_2	336186546	336185712	D4	190.2	-	https://v12-1.orthodb.org/?query=67026at7147
SUPER_1	230859949	230861281	D3	376.2	+	https://v12-1.orthodb.org/?query=67045at7147
SUPER_2	337938794	337937859	NA	446.6	-	https://v12-1.orthodb.org/?query=67052at7147
SUPER_3	168027564	167942992	NA	307.6	-	https://v12-1.orthodb.org/?query=67093at7147
SUPER_3	4746180	4515387	D1	1617.9	-	https://v12-1.orthodb.org/?query=67112at7147
SUPER_1	163371032	163370432	D5	331.4	-	https://v12-1.orthodb.org/?query=67114at7147
SUPER_1	111091636	111095481	D1	1337.4	+	https://v12-1.orthodb.org/?query=67133at7147
SUPER_3	291693763	291692861	NA	379.7	-	https://v12-1.orthodb.org/?query=67170at7147
SUPER_2	333267155	333266388	D4	356.5	-	https://v12-1.orthodb.org/?query=67176at7147
SUPER_3	298292720	298288799	D3	1457.3	-	https://v12-1.orthodb.org/?query=67195at7147
SUPER_2	351112939	351101717	D4	1001.1	-	https://v12-1.orthodb.org/?query=67222at7147
SUPER_3	8621833	8579396	D1	424.6	-	https://v12-1.orthodb.org/?query=67224at7147
SUPER_2	104587652	104589738	D2	605.5	+	https://v12-1.orthodb.org/?query=67233at7147
SUPER_1	109971039	109951435	D1	906.0	-	https://v12-1.orthodb.org/?query=67287at7147
SUPER_1	286801485	286743376	D3	522.0	-	https://v12-1.orthodb.org/?query=67335at7147
SUPER_2	354701353	354702768	D4	472.1	+	https://v12-1.orthodb.org/?query=67337at7147
SUPER_1	286252189	286251211	D3	193.6	-	https://v12-1.orthodb.org/?query=67347at7147
SUPER_3	6420656	6419889	D1	417.2	-	https://v12-1.orthodb.org/?query=67359at7147
SUPER_3	135761187	135757671	D1	308.4	-	https://v12-1.orthodb.org/?query=67366at7147
SUPER_2	211870056	211916842	D4	285.0	+	https://v12-1.orthodb.org/?query=67422at7147
HAP1_SCAFFOLD_357	66913	65461	NA	616.6	-	https://v12-1.orthodb.org/?query=67423at7147
HAP1_SCAFFOLD_357	66913	65461	NA	616.6	-	https://v12-1.orthodb.org/?query=67423at7147
SUPER_3	188501550	188500098	NA	616.6	-	https://v12-1.orthodb.org/?query=67423at7147
SUPER_3	188501550	188500098	NA	616.6	-	https://v12-1.orthodb.org/?query=67423at7147
SUPER_2	39513619	39579164	D2	1262.7	+	https://v12-1.orthodb.org/?query=67442at7147
SUPER_2	354744312	354746414	D4	533.4	+	https://v12-1.orthodb.org/?query=67451at7147
SUPER_2	5851368	5852579	D2	548.7	+	https://v12-1.orthodb.org/?query=67469at7147
SUPER_3	53120634	53117651	NA	1462.2	-	https://v12-1.orthodb.org/?query=67489at7147
SUPER_3	7755026	7757787	NA	398.5	+	https://v12-1.orthodb.org/?query=67498at7147
SUPER_2	9378832	9378251	D2	316.9	-	https://v12-1.orthodb.org/?query=67520at7147
SUPER_3	124472245	124470290	D1	878.4	-	https://v12-1.orthodb.org/?query=67523at7147
SUPER_3	1092562	1091572	D1	405.3	-	https://v12-1.orthodb.org/?query=67559at7147
SUPER_3	111994176	112000112	NA	615.0	+	https://v12-1.orthodb.org/?query=67592at7147
SUPER_1	35324030	35327610	D5	1621.8	+	https://v12-1.orthodb.org/?query=67622at7147
SUPER_1	18202562	18200106	D5	1010.2	-	https://v12-1.orthodb.org/?query=67636at7147
SUPER_3	164336332	164339333	NA	392.6	+	https://v12-1.orthodb.org/?query=67639at7147
SUPER_3	290193876	290184085	D3	673.0	-	https://v12-1.orthodb.org/?query=67641at7147
SUPER_2	285576488	285572949	NA	1714.9	-	https://v12-1.orthodb.org/?query=67644at7147
SUPER_2	346047253	346048111	NA	311.9	+	https://v12-1.orthodb.org/?query=67659at7147
SUPER_1	112940445	112940041	D1	159.8	-	https://v12-1.orthodb.org/?query=67705at7147
SUPER_1	105608001	105608424	NA	185.1	+	https://v12-1.orthodb.org/?query=67706at7147
SUPER_1	117635786	117637505	D5	768.3	+	https://v12-1.orthodb.org/?query=67770at7147
SUPER_2	333266025	333262334	D5	915.1	-	https://v12-1.orthodb.org/?query=67773at7147
SUPER_2	245243688	245244093	D4	192.9	+	https://v12-1.orthodb.org/?query=67779at7147
SUPER_3	98715645	98717971	D1	585.0	+	https://v12-1.orthodb.org/?query=67785at7147
SUPER_2	14671206	14669927	D4	645.9	-	https://v12-1.orthodb.org/?query=67830at7147
SUPER_2	329305569	329311345	NA	627.0	+	https://v12-1.orthodb.org/?query=67845at7147
SUPER_2	342895955	342896882	D4	460.9	+	https://v12-1.orthodb.org/?query=67858at7147
SUPER_1	203920414	203933185	D3	397.0	+	https://v12-1.orthodb.org/?query=67866at7147
SUPER_3	272363607	272362323	NA	672.7	-	https://v12-1.orthodb.org/?query=67875at7147
SUPER_1	253950703	253948538	D3	962.4	-	https://v12-1.orthodb.org/?query=67899at7147
SUPER_1	354860125	354857393	D3	393.1	-	https://v12-1.orthodb.org/?query=67901at7147
SUPER_3	61018055	61019245	D1	387.8	+	https://v12-1.orthodb.org/?query=67909at7147
SUPER_1	30251712	30250764	D5	225.8	-	https://v12-1.orthodb.org/?query=67940at7147
SUPER_1	56779028	56785094	D5	1722.2	+	https://v12-1.orthodb.org/?query=67941at7147
SUPER_3	295596151	295594701	D3	695.0	-	https://v12-1.orthodb.org/?query=67949at7147
SUPER_1	122757766	122759300	D3	890.2	+	https://v12-1.orthodb.org/?query=67989at7147
SUPER_1	286278979	286277527	D3	319.9	-	https://v12-1.orthodb.org/?query=68004at7147
SUPER_2	180452327	180424634	NA	334.7	-	https://v12-1.orthodb.org/?query=68008at7147
SUPER_3	107043191	107103016	NA	683.8	+	https://v12-1.orthodb.org/?query=68020at7147
SUPER_1	146605847	146592907	D5	1175.4	-	https://v12-1.orthodb.org/?query=68038at7147
SUPER_2	236296139	236296880	NA	263.9	+	https://v12-1.orthodb.org/?query=68052at7147
SUPER_3	136034015	136032477	NA	281.4	-	https://v12-1.orthodb.org/?query=68061at7147
SUPER_2	354977708	354975907	NA	968.9	-	https://v12-1.orthodb.org/?query=68075at7147
SUPER_2	205293593	205296576	NA	1530.8	+	https://v12-1.orthodb.org/?query=68082at7147
SUPER_2	66973562	66972760	NA	385.7	-	https://v12-1.orthodb.org/?query=68192at7147
SUPER_3	27581953	27582941	NA	415.1	+	https://v12-1.orthodb.org/?query=68207at7147
SUPER_3	178294727	178288505	NA	3073.4	-	https://v12-1.orthodb.org/?query=68209at7147
SUPER_2	68711756	68711357	NA	190.9	-	https://v12-1.orthodb.org/?query=68211at7147
SUPER_2	251462946	251509646	D4	413.4	+	https://v12-1.orthodb.org/?query=68224at7147
SUPER_2	346468018	346466669	D4	580.4	-	https://v12-1.orthodb.org/?query=68227at7147
SUPER_3	53031753	53028103	D1	1099.4	-	https://v12-1.orthodb.org/?query=68228at7147
SUPER_3	56923145	56912953	D1	727.6	-	https://v12-1.orthodb.org/?query=68238at7147
SUPER_3	27231521	27169990	NA	506.1	-	https://v12-1.orthodb.org/?query=68266at7147
SUPER_2	310047085	310046413	D4	287.1	-	https://v12-1.orthodb.org/?query=68267at7147
SUPER_3	63365284	63333895	D1	1003.5	-	https://v12-1.orthodb.org/?query=68270at7147
SUPER_2	342904794	342905250	D4	222.0	+	https://v12-1.orthodb.org/?query=68278at7147
SUPER_2	346818754	346826705	D4	136.3	+	https://v12-1.orthodb.org/?query=68288at7147
SUPER_2	348944297	348968474	D4	735.8	+	https://v12-1.orthodb.org/?query=68292at7147
SUPER_2	140529880	140537703	D4	576.6	+	https://v12-1.orthodb.org/?query=68362at7147
SUPER_2	323091235	323093335	D4	628.6	+	https://v12-1.orthodb.org/?query=68373at7147
SUPER_1	6200747	6198971	D5	717.8	-	https://v12-1.orthodb.org/?query=68398at7147
SUPER_2	283512553	283516560	NA	947.4	+	https://v12-1.orthodb.org/?query=68399at7147
SUPER_1	211113500	211007652	D3	2715.3	-	https://v12-1.orthodb.org/?query=68417at7147
SUPER_3	44767573	44766247	D1	827.9	-	https://v12-1.orthodb.org/?query=68421at7147
SUPER_3	188531164	188506425	D1	1076.4	-	https://v12-1.orthodb.org/?query=68422at7147
SUPER_2	284254662	284268198	D4	243.2	+	https://v12-1.orthodb.org/?query=68458at7147
SUPER_1	35320727	35323352	D5	1528.4	+	https://v12-1.orthodb.org/?query=68459at7147
SUPER_1	199885446	199887922	D3	1002.4	+	https://v12-1.orthodb.org/?query=68482at7147
SUPER_3	221758672	221754910	NA	919.5	-	https://v12-1.orthodb.org/?query=68528at7147
SUPER_1	259041091	259042062	D3	403.6	+	https://v12-1.orthodb.org/?query=68535at7147
SUPER_1	250943975	250946337	D3	407.3	+	https://v12-1.orthodb.org/?query=68567at7147
SUPER_2	17637091	17636632	NA	261.0	-	https://v12-1.orthodb.org/?query=68571at7147
SUPER_3	30498443	30496552	D1	930.4	-	https://v12-1.orthodb.org/?query=68596at7147
SUPER_3	296725278	296720010	NA	861.1	-	https://v12-1.orthodb.org/?query=68613at7147
SUPER_1	180111410	180112442	D5	574.1	+	https://v12-1.orthodb.org/?query=68623at7147
SUPER_3	111960697	111961740	NA	525.9	+	https://v12-1.orthodb.org/?query=68624at7147
SUPER_3	285541691	285527709	D3	1709.7	-	https://v12-1.orthodb.org/?query=68649at7147
SUPER_3	221863970	221861268	D3	1212.8	-	https://v12-1.orthodb.org/?query=68670at7147
SUPER_1	125309571	125084293	D3	1660.5	-	https://v12-1.orthodb.org/?query=68696at7147
SUPER_2	342900184	342903130	NA	1247.7	+	https://v12-1.orthodb.org/?query=68714at7147
SUPER_3	100357729	100356774	D1	470.2	-	https://v12-1.orthodb.org/?query=68717at7147
SUPER_1	202509198	202531777	NA	763.4	+	https://v12-1.orthodb.org/?query=68729at7147
SUPER_2	198489071	198539259	D4	610.0	+	https://v12-1.orthodb.org/?query=68762at7147
SUPER_3	6345273	6344160	NA	466.5	-	https://v12-1.orthodb.org/?query=68784at7147
SUPER_2	9380058	9380586	D2	257.5	+	https://v12-1.orthodb.org/?query=68803at7147
SUPER_1	44589319	44587804	NA	634.2	-	https://v12-1.orthodb.org/?query=68850at7147
SUPER_2	14246350	14246014	D2	141.8	-	https://v12-1.orthodb.org/?query=68865at7147
SUPER_3	51064531	51055563	D1	1639.9	-	https://v12-1.orthodb.org/?query=68886at7147
SUPER_2	299537406	299536599	D3	334.5	-	https://v12-1.orthodb.org/?query=68897at7147
SUPER_1	33046100	33043489	D5	443.7	-	https://v12-1.orthodb.org/?query=68959at7147
SUPER_2	15598175	15598979	D2	360.2	+	https://v12-1.orthodb.org/?query=68972at7147
SUPER_2	41452040	41451128	NA	422.8	-	https://v12-1.orthodb.org/?query=68995at7147
SUPER_3	257165582	257185928	D3	930.3	+	https://v12-1.orthodb.org/?query=69002at7147
SUPER_3	155651513	155649804	D1	660.9	-	https://v12-1.orthodb.org/?query=69007at7147
SUPER_2	250225904	250224227	D4	614.5	-	https://v12-1.orthodb.org/?query=69010at7147
SUPER_2	31885746	31899637	D2	2464.0	+	https://v12-1.orthodb.org/?query=69011at7147
SUPER_3	299581090	299638144	D3	686.9	+	https://v12-1.orthodb.org/?query=69017at7147
SUPER_2	248658412	248659651	NA	338.5	+	https://v12-1.orthodb.org/?query=69019at7147
SUPER_2	333267936	333269100	NA	332.3	+	https://v12-1.orthodb.org/?query=69053at7147
SUPER_1	233285765	233355831	D3	407.2	+	https://v12-1.orthodb.org/?query=69070at7147
SUPER_3	285808009	285809390	D3	389.2	+	https://v12-1.orthodb.org/?query=69073at7147
SUPER_2	353432171	353429125	NA	1841.6	-	https://v12-1.orthodb.org/?query=69074at7147
SUPER_3	62456775	62455710	D4	226.0	-	https://v12-1.orthodb.org/?query=69075at7147
SUPER_2	246536963	246535814	NA	458.7	-	https://v12-1.orthodb.org/?query=69079at7147
SUPER_2	283590883	283593840	D4	1113.2	+	https://v12-1.orthodb.org/?query=69085at7147
SUPER_3	206040309	206037771	D3	1458.7	-	https://v12-1.orthodb.org/?query=69092at7147
SUPER_1	35708293	35750362	D1	515.4	+	https://v12-1.orthodb.org/?query=69110at7147
SUPER_3	152991975	153003323	NA	942.1	+	https://v12-1.orthodb.org/?query=69132at7147
SUPER_2	9908438	9889138	D2	1414.4	-	https://v12-1.orthodb.org/?query=69149at7147
SUPER_1	2703971	2701426	NA	1066.9	-	https://v12-1.orthodb.org/?query=69164at7147
SUPER_3	190169601	190168544	D1	460.3	-	https://v12-1.orthodb.org/?query=69166at7147
SUPER_1	148892570	148905660	D3	606.8	+	https://v12-1.orthodb.org/?query=69182at7147
SUPER_1	148892570	148905660	D3	606.8	+	https://v12-1.orthodb.org/?query=69182at7147
SUPER_2	231213621	231198120	D3	578.6	-	https://v12-1.orthodb.org/?query=69182at7147
SUPER_2	231213621	231198120	D3	578.6	-	https://v12-1.orthodb.org/?query=69182at7147
SUPER_3	165516851	165519048	D1	958.3	+	https://v12-1.orthodb.org/?query=69184at7147
SUPER_3	65770917	65773393	D1	618.9	+	https://v12-1.orthodb.org/?query=69191at7147
SUPER_1	342956407	342902304	D3	1032.7	-	https://v12-1.orthodb.org/?query=69198at7147
SUPER_3	234201038	234201839	D3	295.2	+	https://v12-1.orthodb.org/?query=69219at7147
SUPER_1	18697868	18791538	D5	1803.9	+	https://v12-1.orthodb.org/?query=69243at7147
SUPER_1	347247236	347246378	D3	325.9	-	https://v12-1.orthodb.org/?query=69246at7147
SUPER_1	347247236	347246378	D3	325.9	-	https://v12-1.orthodb.org/?query=69246at7147
SUPER_3	173167520	173166672	D3	308.6	-	https://v12-1.orthodb.org/?query=69246at7147
SUPER_3	173167520	173166672	D3	308.6	-	https://v12-1.orthodb.org/?query=69246at7147
SUPER_2	188526436	188527716	NA	206.3	+	https://v12-1.orthodb.org/?query=69261at7147
SUPER_2	2952919	2953630	D2	291.7	+	https://v12-1.orthodb.org/?query=69265at7147
SUPER_1	348884421	348884946	D3	280.1	+	https://v12-1.orthodb.org/?query=69310at7147
SUPER_2	348278778	348277842	NA	498.9	-	https://v12-1.orthodb.org/?query=69313at7147
SUPER_3	115191071	115189715	NA	639.8	-	https://v12-1.orthodb.org/?query=69326at7147
SUPER_3	247260803	247339536	NA	1445.9	+	https://v12-1.orthodb.org/?query=69357at7147
SUPER_1	2410278	2409686	D5	179.9	-	https://v12-1.orthodb.org/?query=69362at7147
SUPER_1	133607408	133614988	D5	968.1	+	https://v12-1.orthodb.org/?query=69376at7147
SUPER_2	340817959	340818673	NA	258.2	+	https://v12-1.orthodb.org/?query=69379at7147
SUPER_3	8244944	8242117	D1	1418.0	-	https://v12-1.orthodb.org/?query=69384at7147
SUPER_1	227154898	227261928	D3	192.5	+	https://v12-1.orthodb.org/?query=69398at7147
SUPER_3	171020875	171022100	NA	387.7	+	https://v12-1.orthodb.org/?query=69404at7147
SUPER_1	251072490	251131488	D3	1410.1	+	https://v12-1.orthodb.org/?query=69478at7147
SUPER_2	9614161	9615106	D2	298.6	+	https://v12-1.orthodb.org/?query=69480at7147
SUPER_3	129632442	129633309	D1	410.2	+	https://v12-1.orthodb.org/?query=69502at7147
SUPER_3	30382203	30377606	NA	1032.8	-	https://v12-1.orthodb.org/?query=69547at7147
SUPER_3	8668718	8670191	D1	561.3	+	https://v12-1.orthodb.org/?query=69554at7147
SUPER_1	216463798	216468099	NA	535.2	+	https://v12-1.orthodb.org/?query=69556at7147
SUPER_3	262241278	262242770	D3	649.3	+	https://v12-1.orthodb.org/?query=69557at7147
SUPER_3	164220429	164219741	D1	189.3	-	https://v12-1.orthodb.org/?query=69560at7147
SUPER_3	108030503	107953201	D1	504.6	-	https://v12-1.orthodb.org/?query=69582at7147
SUPER_2	139315579	139313631	D2	989.7	-	https://v12-1.orthodb.org/?query=69590at7147
SUPER_2	345868060	345870001	NA	617.6	+	https://v12-1.orthodb.org/?query=69591at7147
SUPER_1	66767514	66769668	NA	866.1	+	https://v12-1.orthodb.org/?query=69602at7147
SUPER_2	42719835	42691758	NA	658.8	-	https://v12-1.orthodb.org/?query=69608at7147
SUPER_1	118867951	118865202	D5	853.5	-	https://v12-1.orthodb.org/?query=69617at7147
SUPER_1	140175695	140176923	D5	296.5	+	https://v12-1.orthodb.org/?query=69661at7147
SUPER_2	221919282	221921268	D4	638.9	+	https://v12-1.orthodb.org/?query=69668at7147
SUPER_3	8508288	8505590	D1	1519.4	-	https://v12-1.orthodb.org/?query=69674at7147
SUPER_3	246696394	246719659	D3	421.7	+	https://v12-1.orthodb.org/?query=69699at7147
SUPER_2	35205795	35206426	NA	221.6	+	https://v12-1.orthodb.org/?query=69706at7147
SUPER_2	336239130	336248855	D4	152.5	+	https://v12-1.orthodb.org/?query=69709at7147
SUPER_2	32154481	32152376	NA	854.6	-	https://v12-1.orthodb.org/?query=69712at7147
SUPER_2	126240489	126241407	NA	267.0	+	https://v12-1.orthodb.org/?query=69744at7147
SUPER_2	114951161	115001500	D2	515.4	+	https://v12-1.orthodb.org/?query=69759at7147
SUPER_3	128316961	128315655	D1	565.7	-	https://v12-1.orthodb.org/?query=69769at7147
SUPER_1	250400986	250398408	NA	456.6	-	https://v12-1.orthodb.org/?query=69823at7147
SUPER_1	250400986	250398408	NA	456.6	-	https://v12-1.orthodb.org/?query=69823at7147
SUPER_1	245499773	245502175	NA	405.5	+	https://v12-1.orthodb.org/?query=69823at7147
SUPER_1	245499773	245502175	NA	405.5	+	https://v12-1.orthodb.org/?query=69823at7147
SUPER_2	162869487	162869013	NA	181.8	-	https://v12-1.orthodb.org/?query=69898at7147
SUPER_3	285848157	285872458	D3	555.6	+	https://v12-1.orthodb.org/?query=69924at7147
SUPER_1	317850098	317852439	D3	485.2	+	https://v12-1.orthodb.org/?query=69925at7147
SUPER_3	296749324	296748119	D3	681.9	-	https://v12-1.orthodb.org/?query=69929at7147
SUPER_3	49827608	49828546	D3	386.3	+	https://v12-1.orthodb.org/?query=69950at7147
SUPER_3	51126118	51128086	D1	881.0	+	https://v12-1.orthodb.org/?query=69951at7147
SUPER_2	32441841	32440048	D2	157.3	-	https://v12-1.orthodb.org/?query=69972at7147
SUPER_2	114372413	114370394	D2	1073.6	-	https://v12-1.orthodb.org/?query=70035at7147
SUPER_2	108691314	108683102	D3	3007.7	-	https://v12-1.orthodb.org/?query=70036at7147
SUPER_2	271777463	271777015	D4	156.9	-	https://v12-1.orthodb.org/?query=70044at7147
SUPER_1	324162891	324160565	D2	1108.2	-	https://v12-1.orthodb.org/?query=70045at7147
SUPER_2	251396046	251399424	D4	1645.5	+	https://v12-1.orthodb.org/?query=70080at7147
SUPER_2	276886598	276888122	D4	462.4	+	https://v12-1.orthodb.org/?query=70106at7147
SUPER_3	63616090	63619608	D1	1699.6	+	https://v12-1.orthodb.org/?query=70107at7147
SUPER_2	9828463	9826671	D2	669.1	-	https://v12-1.orthodb.org/?query=70108at7147
SUPER_2	233099881	233096136	D4	1921.9	-	https://v12-1.orthodb.org/?query=70109at7147
SUPER_1	35219349	35221201	NA	746.6	+	https://v12-1.orthodb.org/?query=70110at7147
SUPER_1	289920200	289909302	D3	848.6	-	https://v12-1.orthodb.org/?query=70115at7147
SUPER_1	135372219	135239704	D5	1044.4	-	https://v12-1.orthodb.org/?query=70165at7147
SUPER_1	181427256	181448107	D1	737.8	+	https://v12-1.orthodb.org/?query=70188at7147
SUPER_2	239434442	239448602	NA	547.0	+	https://v12-1.orthodb.org/?query=70218at7147
SUPER_2	109972698	109973593	NA	385.0	+	https://v12-1.orthodb.org/?query=70225at7147
SUPER_2	51905389	51907415	D2	389.3	+	https://v12-1.orthodb.org/?query=70258at7147
SUPER_1	347580564	347577600	D3	1326.3	-	https://v12-1.orthodb.org/?query=70276at7147
SUPER_2	283490969	283488899	D4	743.0	-	https://v12-1.orthodb.org/?query=70302at7147
SUPER_3	51852621	51851725	NA	475.4	-	https://v12-1.orthodb.org/?query=70340at7147
SUPER_3	7140951	7143598	D1	1128.4	+	https://v12-1.orthodb.org/?query=70347at7147
SUPER_2	137915747	137914361	D3	434.4	-	https://v12-1.orthodb.org/?query=70366at7147
SUPER_3	289572687	289566117	D3	897.3	-	https://v12-1.orthodb.org/?query=70383at7147
SUPER_2	356010874	356008323	D4	1335.7	-	https://v12-1.orthodb.org/?query=70395at7147
SUPER_2	164866422	164872372	D2	3201.5	+	https://v12-1.orthodb.org/?query=70418at7147
SUPER_2	66195990	66193716	D2	952.6	-	https://v12-1.orthodb.org/?query=70430at7147
SUPER_1	56808133	56809370	NA	539.8	+	https://v12-1.orthodb.org/?query=70479at7147
SUPER_1	191736209	191708844	D5	464.5	-	https://v12-1.orthodb.org/?query=70490at7147
SUPER_1	174554163	174555293	D5	461.3	+	https://v12-1.orthodb.org/?query=70507at7147
SUPER_2	319611386	319608980	D4	1070.7	-	https://v12-1.orthodb.org/?query=70519at7147
SUPER_2	61476388	61472881	D2	460.1	-	https://v12-1.orthodb.org/?query=70523at7147
SUPER_1	354846257	354803325	D3	903.2	-	https://v12-1.orthodb.org/?query=70546at7147
SUPER_2	252295050	252371184	D4	634.9	+	https://v12-1.orthodb.org/?query=70552at7147
SUPER_2	10710468	10712069	D2	918.2	+	https://v12-1.orthodb.org/?query=70553at7147
SUPER_1	133254446	133148025	D5	552.8	-	https://v12-1.orthodb.org/?query=70554at7147
SUPER_1	37817064	37819320	NA	845.8	+	https://v12-1.orthodb.org/?query=70587at7147
SUPER_2	32273292	32275077	NA	591.5	+	https://v12-1.orthodb.org/?query=70594at7147
SUPER_2	28848766	28853524	D4	1610.4	+	https://v12-1.orthodb.org/?query=70607at7147
SUPER_2	228963531	228972413	NA	1078.4	+	https://v12-1.orthodb.org/?query=70608at7147
SUPER_2	336264222	336262103	NA	207.3	-	https://v12-1.orthodb.org/?query=70637at7147
SUPER_2	18184265	18189734	D2	1339.4	+	https://v12-1.orthodb.org/?query=70645at7147
SUPER_1	323389380	323390358	NA	507.1	+	https://v12-1.orthodb.org/?query=70680at7147
SUPER_3	261929931	261951984	NA	515.4	+	https://v12-1.orthodb.org/?query=70721at7147
SUPER_X	10214347	10204264	D6	2863.2	-	https://v12-1.orthodb.org/?query=70735at7147
SUPER_1	38146183	38142734	NA	284.6	-	https://v12-1.orthodb.org/?query=70737at7147
SUPER_1	65015498	65020631	D2	579.0	+	https://v12-1.orthodb.org/?query=70744at7147
SUPER_2	200062575	200063718	NA	252.4	+	https://v12-1.orthodb.org/?query=70776at7147
SUPER_2	201495401	201497189	NA	705.1	+	https://v12-1.orthodb.org/?query=70779at7147
SUPER_2	264915456	264914966	D4	128.7	-	https://v12-1.orthodb.org/?query=70827at7147
SUPER_1	70502839	70484895	D5	1331.3	-	https://v12-1.orthodb.org/?query=70840at7147
SUPER_2	310053005	310051285	NA	736.6	-	https://v12-1.orthodb.org/?query=70841at7147
SUPER_3	3191214	3190744	D1	264.1	-	https://v12-1.orthodb.org/?query=70846at7147
SUPER_2	320411215	320362192	D4	668.8	-	https://v12-1.orthodb.org/?query=70853at7147
SUPER_3	69281	63506	D5	520.0	-	https://v12-1.orthodb.org/?query=70877at7147
SUPER_2	179526447	179480475	NA	723.8	-	https://v12-1.orthodb.org/?query=70882at7147
SUPER_2	44837886	44832194	D2	272.2	-	https://v12-1.orthodb.org/?query=70886at7147
SUPER_1	117571037	117547700	D5	444.8	-	https://v12-1.orthodb.org/?query=70891at7147
SUPER_2	32245776	32241734	D2	1250.5	-	https://v12-1.orthodb.org/?query=70912at7147
SUPER_3	165377895	165382733	D1	911.5	+	https://v12-1.orthodb.org/?query=70937at7147
SUPER_2	29365293	29363855	NA	228.7	-	https://v12-1.orthodb.org/?query=70943at7147
SUPER_1	349504990	349503244	D3	755.1	-	https://v12-1.orthodb.org/?query=70976at7147
SUPER_2	332271501	332163099	D1	433.3	-	https://v12-1.orthodb.org/?query=70996at7147
SUPER_2	318127390	318129378	NA	1077.8	+	https://v12-1.orthodb.org/?query=71013at7147
SUPER_3	282165354	282167581	NA	1133.3	+	https://v12-1.orthodb.org/?query=71020at7147
SUPER_3	290685868	290682821	D3	889.8	-	https://v12-1.orthodb.org/?query=71034at7147
SUPER_3	295042229	295042942	NA	94.3	+	https://v12-1.orthodb.org/?query=71048at7147
SUPER_3	9782940	9791568	NA	409.3	+	https://v12-1.orthodb.org/?query=71060at7147
SUPER_3	98533270	98571000	D1	718.9	+	https://v12-1.orthodb.org/?query=71081at7147
SUPER_2	144164532	144163674	NA	406.6	-	https://v12-1.orthodb.org/?query=71088at7147
SUPER_1	47361637	47363347	D1	722.6	+	https://v12-1.orthodb.org/?query=71118at7147
SUPER_3	291808105	291815604	D3	596.4	+	https://v12-1.orthodb.org/?query=71129at7147
SUPER_1	332357153	332356388	D3	277.6	-	https://v12-1.orthodb.org/?query=71146at7147
SUPER_1	30467806	30466975	D4	304.4	-	https://v12-1.orthodb.org/?query=71152at7147
SUPER_1	52829025	52831877	D5	487.6	+	https://v12-1.orthodb.org/?query=71162at7147
SUPER_1	224974618	224971797	NA	1430.7	-	https://v12-1.orthodb.org/?query=71177at7147
SUPER_2	254583728	254571791	D4	1049.2	-	https://v12-1.orthodb.org/?query=71178at7147
SUPER_2	31787008	31787386	D2	182.7	+	https://v12-1.orthodb.org/?query=71179at7147
SUPER_1	126924109	126976895	D3	421.0	+	https://v12-1.orthodb.org/?query=71183at7147
SUPER_1	7988391	7992786	D5	766.5	+	https://v12-1.orthodb.org/?query=71211at7147
SUPER_2	354012374	354011174	NA	590.5	-	https://v12-1.orthodb.org/?query=71217at7147
SUPER_2	347882929	347870373	NA	953.8	-	https://v12-1.orthodb.org/?query=71223at7147
SUPER_3	176071343	176072280	D1	282.7	+	https://v12-1.orthodb.org/?query=71229at7147
SUPER_1	317842078	317842491	D3	180.1	+	https://v12-1.orthodb.org/?query=71239at7147
SUPER_1	336989970	336986654	D3	1051.2	-	https://v12-1.orthodb.org/?query=71282at7147
SUPER_1	112620132	112621605	D5	722.1	+	https://v12-1.orthodb.org/?query=71292at7147
SUPER_1	225077727	225081453	D3	339.3	+	https://v12-1.orthodb.org/?query=71309at7147
SUPER_2	172617814	172620224	NA	1160.5	+	https://v12-1.orthodb.org/?query=71324at7147
SUPER_1	1251652	1252435	NA	306.0	+	https://v12-1.orthodb.org/?query=71326at7147
SUPER_2	336180809	336180476	D4	203.3	-	https://v12-1.orthodb.org/?query=71353at7147
SUPER_1	94746975	94748637	D5	829.1	+	https://v12-1.orthodb.org/?query=71362at7147
SUPER_3	299876172	299849830	D3	1022.1	-	https://v12-1.orthodb.org/?query=71372at7147
SUPER_2	352189338	352190243	NA	327.5	+	https://v12-1.orthodb.org/?query=71374at7147
SUPER_3	154609041	154609864	D1	346.2	+	https://v12-1.orthodb.org/?query=71402at7147
SUPER_3	297956329	297969780	NA	850.6	+	https://v12-1.orthodb.org/?query=71443at7147
SUPER_2	183716855	183734919	D4	623.9	+	https://v12-1.orthodb.org/?query=71465at7147
SUPER_2	353534342	353538345	NA	1350.3	+	https://v12-1.orthodb.org/?query=71469at7147
SUPER_1	174814417	174865696	D5	5059.8	+	https://v12-1.orthodb.org/?query=71476at7147
SUPER_3	113406781	113405991	D1	326.8	-	https://v12-1.orthodb.org/?query=71479at7147
SUPER_3	297282940	297281092	D3	720.8	-	https://v12-1.orthodb.org/?query=71485at7147
SUPER_3	75979231	75978790	D1	128.6	-	https://v12-1.orthodb.org/?query=71503at7147
SUPER_1	4150196	4152774	D5	153.0	+	https://v12-1.orthodb.org/?query=71545at7147
SUPER_1	349932053	349934437	D3	911.5	+	https://v12-1.orthodb.org/?query=71549at7147
SUPER_1	134306032	134305087	D5	603.4	-	https://v12-1.orthodb.org/?query=71555at7147
SUPER_1	231734110	231731833	NA	970.7	-	https://v12-1.orthodb.org/?query=71559at7147
SUPER_1	35108644	35103837	D5	718.0	-	https://v12-1.orthodb.org/?query=71571at7147
SUPER_3	37709591	37707774	D1	627.4	-	https://v12-1.orthodb.org/?query=71572at7147
SUPER_2	11050429	11051525	D2	276.3	+	https://v12-1.orthodb.org/?query=71581at7147
SUPER_3	96656099	96625692	D1	330.2	-	https://v12-1.orthodb.org/?query=71583at7147
SUPER_3	247678740	247677602	D3	460.5	-	https://v12-1.orthodb.org/?query=71593at7147
SUPER_2	243430773	243432213	D3	360.2	+	https://v12-1.orthodb.org/?query=71612at7147
SUPER_2	221890028	221831846	D4	1222.5	-	https://v12-1.orthodb.org/?query=71635at7147
SUPER_3	188813195	188815435	D1	1060.5	+	https://v12-1.orthodb.org/?query=71640at7147
SUPER_3	20018937	20019893	D3	381.0	+	https://v12-1.orthodb.org/?query=71660at7147
SUPER_2	44690475	44682311	NA	567.0	-	https://v12-1.orthodb.org/?query=71675at7147
SUPER_1	332448227	332445469	D1	543.4	-	https://v12-1.orthodb.org/?query=71696at7147
SUPER_1	183166360	183167004	D1	246.9	+	https://v12-1.orthodb.org/?query=71780at7147
SUPER_2	14140901	14137921	NA	702.4	-	https://v12-1.orthodb.org/?query=71816at7147
SUPER_2	5820678	5825767	D2	2197.1	+	https://v12-1.orthodb.org/?query=71839at7147
SUPER_1	137899985	137894567	D5	1635.4	-	https://v12-1.orthodb.org/?query=71846at7147
SUPER_1	321434096	321433646	D3	253.8	-	https://v12-1.orthodb.org/?query=71851at7147
SUPER_2	317050424	317026573	D4	395.2	-	https://v12-1.orthodb.org/?query=71960at7147
SUPER_3	9873895	9893672	D1	814.8	+	https://v12-1.orthodb.org/?query=71992at7147
SUPER_2	112444404	112456499	D4	383.2	+	https://v12-1.orthodb.org/?query=72000at7147
SUPER_2	192765301	192758539	D4	723.1	-	https://v12-1.orthodb.org/?query=72026at7147
SUPER_3	176661810	176660498	NA	502.3	-	https://v12-1.orthodb.org/?query=72034at7147
SUPER_2	169343968	169128764	D2	572.9	-	https://v12-1.orthodb.org/?query=72039at7147
SUPER_3	284036843	284086812	D3	741.3	+	https://v12-1.orthodb.org/?query=72055at7147
SUPER_2	295964538	295969760	D3	1499.7	+	https://v12-1.orthodb.org/?query=72074at7147
SUPER_2	273834551	273833370	NA	458.3	-	https://v12-1.orthodb.org/?query=72076at7147
SUPER_1	46304847	46302521	D5	1042.3	-	https://v12-1.orthodb.org/?query=72078at7147
SUPER_3	116417327	116417663	D1	158.4	+	https://v12-1.orthodb.org/?query=72083at7147
SUPER_1	202507102	202508931	D3	534.9	+	https://v12-1.orthodb.org/?query=72148at7147
SUPER_1	230901360	230902504	D3	371.0	+	https://v12-1.orthodb.org/?query=72159at7147
SUPER_1	29666611	29661997	D5	493.4	-	https://v12-1.orthodb.org/?query=72170at7147
SUPER_3	33714760	33716696	D1	906.3	+	https://v12-1.orthodb.org/?query=72226at7147
SUPER_3	121013608	121025919	D1	355.6	+	https://v12-1.orthodb.org/?query=72228at7147
SUPER_3	2243965	2244986	D1	229.8	+	https://v12-1.orthodb.org/?query=72235at7147
SUPER_3	128716929	128717641	D1	357.4	+	https://v12-1.orthodb.org/?query=72241at7147
SUPER_3	56164595	56165050	D1	133.0	+	https://v12-1.orthodb.org/?query=72244at7147
SUPER_2	74043663	74059532	D2	550.8	+	https://v12-1.orthodb.org/?query=72252at7147
SUPER_2	102867532	102839967	D2	238.5	-	https://v12-1.orthodb.org/?query=72282at7147
SUPER_2	261401412	261302538	D4	462.4	-	https://v12-1.orthodb.org/?query=72338at7147
SUPER_2	244054623	244057159	D4	441.8	+	https://v12-1.orthodb.org/?query=72344at7147
SUPER_1	4936911	4935483	D5	743.3	-	https://v12-1.orthodb.org/?query=72354at7147
SUPER_3	299980441	299981781	D3	452.6	+	https://v12-1.orthodb.org/?query=72372at7147
SUPER_1	344215707	344217457	D3	636.9	+	https://v12-1.orthodb.org/?query=72386at7147
SUPER_3	251220583	251252306	D3	837.6	+	https://v12-1.orthodb.org/?query=72427at7147
SUPER_3	51672316	51671445	D1	241.4	-	https://v12-1.orthodb.org/?query=72437at7147
SUPER_2	65344670	65343247	D4	362.4	-	https://v12-1.orthodb.org/?query=72440at7147
SUPER_2	347888332	347886244	NA	606.2	-	https://v12-1.orthodb.org/?query=72443at7147
SUPER_1	352815651	352827487	D3	862.4	+	https://v12-1.orthodb.org/?query=72445at7147
SUPER_2	85775105	85773956	NA	437.9	-	https://v12-1.orthodb.org/?query=72447at7147
SUPER_3	175273638	175269557	NA	383.6	-	https://v12-1.orthodb.org/?query=72460at7147
SUPER_3	12279002	12277969	D1	417.3	-	https://v12-1.orthodb.org/?query=72465at7147
SUPER_1	130496546	130493571	NA	1313.2	-	https://v12-1.orthodb.org/?query=72481at7147
SUPER_3	7991740	7961791	D1	445.7	-	https://v12-1.orthodb.org/?query=72527at7147
SUPER_2	248099785	248101864	NA	336.4	+	https://v12-1.orthodb.org/?query=72599at7147
SUPER_2	134510757	134471209	NA	940.1	-	https://v12-1.orthodb.org/?query=72669at7147
SUPER_1	267342654	267344657	D3	836.6	+	https://v12-1.orthodb.org/?query=72683at7147
SUPER_3	110142112	110139943	D1	615.8	-	https://v12-1.orthodb.org/?query=72688at7147
SUPER_2	138798255	138795668	D2	896.7	-	https://v12-1.orthodb.org/?query=72700at7147
SUPER_2	298730803	298730386	D4	237.7	-	https://v12-1.orthodb.org/?query=72706at7147
SUPER_3	44762550	44744852	D1	5861.6	-	https://v12-1.orthodb.org/?query=72723at7147
SUPER_2	9000160	8994889	NA	685.2	-	https://v12-1.orthodb.org/?query=72727at7147
SUPER_2	228331324	228283224	D4	231.9	-	https://v12-1.orthodb.org/?query=72768at7147
SUPER_1	130618849	130664043	D5	1331.2	+	https://v12-1.orthodb.org/?query=72776at7147
SUPER_2	332586851	332586293	NA	344.6	-	https://v12-1.orthodb.org/?query=72786at7147
SUPER_2	351954288	352016488	D4	720.3	+	https://v12-1.orthodb.org/?query=72824at7147
SUPER_2	328900774	328901242	D4	198.0	+	https://v12-1.orthodb.org/?query=72836at7147
SUPER_1	154524641	154525352	NA	201.4	+	https://v12-1.orthodb.org/?query=72909at7147
SUPER_1	122737572	122736415	D3	546.3	-	https://v12-1.orthodb.org/?query=72911at7147
SUPER_3	62836164	62936819	NA	436.9	+	https://v12-1.orthodb.org/?query=72936at7147
SUPER_1	12086589	12088029	D5	688.7	+	https://v12-1.orthodb.org/?query=72938at7147
SUPER_2	353201354	353200160	NA	424.6	-	https://v12-1.orthodb.org/?query=72948at7147
SUPER_1	330380945	330381566	D3	300.1	+	https://v12-1.orthodb.org/?query=72959at7147
SUPER_1	112300566	112299936	NA	375.8	-	https://v12-1.orthodb.org/?query=72960at7147
SUPER_2	16248890	16255329	D2	1085.8	+	https://v12-1.orthodb.org/?query=72972at7147
SUPER_2	231636612	231638684	D4	958.8	+	https://v12-1.orthodb.org/?query=72989at7147
SUPER_1	183290304	183289221	NA	158.2	-	https://v12-1.orthodb.org/?query=73047at7147
SUPER_1	121049749	121043529	D3	1282.1	-	https://v12-1.orthodb.org/?query=73073at7147
SUPER_3	73434826	73507943	D1	107.8	+	https://v12-1.orthodb.org/?query=73077at7147
SUPER_3	5988094	5997375	D1	3836.6	+	https://v12-1.orthodb.org/?query=73088at7147
SUPER_1	138459857	138462334	D5	1083.9	+	https://v12-1.orthodb.org/?query=73091at7147
SUPER_3	130871922	130873932	D1	732.2	+	https://v12-1.orthodb.org/?query=73094at7147
SUPER_3	181438229	181437458	NA	303.2	-	https://v12-1.orthodb.org/?query=73113at7147
SUPER_1	33876582	33880886	D5	1138.2	+	https://v12-1.orthodb.org/?query=73142at7147
SUPER_1	83267169	83265898	D5	375.8	-	https://v12-1.orthodb.org/?query=73161at7147
SUPER_1	99852058	99861929	D5	637.0	+	https://v12-1.orthodb.org/?query=73186at7147
SUPER_3	92640769	92639743	D1	417.0	-	https://v12-1.orthodb.org/?query=73200at7147
SUPER_1	352990461	352992351	D3	683.3	+	https://v12-1.orthodb.org/?query=73202at7147
SUPER_1	339735247	339667273	D3	829.9	-	https://v12-1.orthodb.org/?query=73211at7147
SUPER_3	286047380	286050112	D3	1164.4	+	https://v12-1.orthodb.org/?query=73241at7147
SUPER_1	45946507	45944899	D5	797.3	-	https://v12-1.orthodb.org/?query=73249at7147
SUPER_2	22313912	22298715	D2	847.2	-	https://v12-1.orthodb.org/?query=73281at7147
SUPER_2	348304018	348279365	D4	639.1	-	https://v12-1.orthodb.org/?query=73290at7147
SUPER_2	41440196	41441761	D2	781.9	+	https://v12-1.orthodb.org/?query=73317at7147
SUPER_1	284105001	284101843	D3	948.8	-	https://v12-1.orthodb.org/?query=73318at7147
SUPER_3	108519218	108518830	D1	170.4	-	https://v12-1.orthodb.org/?query=73346at7147
SUPER_3	47438960	47438315	D1	406.6	-	https://v12-1.orthodb.org/?query=73360at7147
SUPER_3	276601937	276603988	D3	575.2	+	https://v12-1.orthodb.org/?query=73368at7147
SUPER_2	72436561	72437022	NA	167.3	+	https://v12-1.orthodb.org/?query=73379at7147
SUPER_3	97649946	97571891	D1	2624.7	-	https://v12-1.orthodb.org/?query=73409at7147
SUPER_1	45971114	45978804	NA	3386.8	+	https://v12-1.orthodb.org/?query=73422at7147
SUPER_3	49800462	49799349	NA	210.0	-	https://v12-1.orthodb.org/?query=73429at7147
SUPER_3	49581723	49583337	NA	497.7	+	https://v12-1.orthodb.org/?query=73435at7147
SUPER_3	135790583	135792263	NA	504.7	+	https://v12-1.orthodb.org/?query=73487at7147
SUPER_3	160696757	160694106	D1	708.5	-	https://v12-1.orthodb.org/?query=73491at7147
SUPER_2	71940215	71933281	D2	525.8	-	https://v12-1.orthodb.org/?query=73512at7147
SUPER_3	155405033	155402345	NA	913.6	-	https://v12-1.orthodb.org/?query=73517at7147
SUPER_3	229929187	229935557	D3	877.2	+	https://v12-1.orthodb.org/?query=73561at7147
SUPER_1	258022064	258019444	D3	1038.0	-	https://v12-1.orthodb.org/?query=73571at7147
SUPER_2	323312833	323321579	D4	2306.2	+	https://v12-1.orthodb.org/?query=73590at7147
SUPER_1	324722590	324723121	D3	326.9	+	https://v12-1.orthodb.org/?query=73599at7147
SUPER_2	76754430	76758979	D2	2426.0	+	https://v12-1.orthodb.org/?query=73625at7147
SUPER_2	16336423	16342497	D2	1395.4	+	https://v12-1.orthodb.org/?query=73632at7147
SUPER_3	204680202	204680905	D3	205.2	+	https://v12-1.orthodb.org/?query=73639at7147
SUPER_1	286205742	286204098	D3	107.4	-	https://v12-1.orthodb.org/?query=73648at7147
SUPER_2	53558093	53560714	D2	531.1	+	https://v12-1.orthodb.org/?query=73663at7147
SUPER_1	211645350	211642800	D3	705.3	-	https://v12-1.orthodb.org/?query=73667at7147
SUPER_X	6118817	6120862	D6	829.7	+	https://v12-1.orthodb.org/?query=73676at7147
SUPER_3	17839809	17855295	D1	308.7	+	https://v12-1.orthodb.org/?query=73681at7147
SUPER_3	131844922	131844370	NA	324.9	-	https://v12-1.orthodb.org/?query=73692at7147
SUPER_2	51242079	51228890	D2	641.1	-	https://v12-1.orthodb.org/?query=73704at7147
SUPER_3	169925767	169912773	NA	2048.3	-	https://v12-1.orthodb.org/?query=73709at7147
SUPER_3	128422445	128426012	D1	513.1	+	https://v12-1.orthodb.org/?query=73713at7147
SUPER_2	206445281	206458489	D4	1659.9	+	https://v12-1.orthodb.org/?query=73731at7147
SUPER_1	330375581	330374465	D3	561.3	-	https://v12-1.orthodb.org/?query=73758at7147
SUPER_2	115952335	115953765	D2	301.9	+	https://v12-1.orthodb.org/?query=73771at7147
SUPER_3	49830928	49833085	D1	532.8	+	https://v12-1.orthodb.org/?query=73781at7147
SUPER_2	354006821	354005823	NA	466.5	-	https://v12-1.orthodb.org/?query=73800at7147
SUPER_2	5718446	5722901	D2	1367.9	+	https://v12-1.orthodb.org/?query=73847at7147
SUPER_2	494184	495018	D2	350.5	+	https://v12-1.orthodb.org/?query=73869at7147
SUPER_1	11618866	11617263	D5	800.2	-	https://v12-1.orthodb.org/?query=73870at7147
SUPER_2	254713343	254714549	NA	562.2	+	https://v12-1.orthodb.org/?query=73888at7147
SUPER_3	175963396	175966645	D1	988.0	+	https://v12-1.orthodb.org/?query=73893at7147
SUPER_2	41803516	41880483	D2	1040.9	+	https://v12-1.orthodb.org/?query=73909at7147
SUPER_3	2090741	2092111	D1	370.3	+	https://v12-1.orthodb.org/?query=73913at7147
SUPER_2	21892927	21893962	D2	271.5	+	https://v12-1.orthodb.org/?query=73993at7147
SUPER_2	21892927	21893962	D2	271.5	+	https://v12-1.orthodb.org/?query=73993at7147
SUPER_3	119297907	119296877	D2	247.9	-	https://v12-1.orthodb.org/?query=73993at7147
SUPER_3	119297907	119296877	D2	247.9	-	https://v12-1.orthodb.org/?query=73993at7147
SUPER_2	109971995	109940658	NA	374.1	-	https://v12-1.orthodb.org/?query=73994at7147
SUPER_3	76844455	76844914	NA	163.4	+	https://v12-1.orthodb.org/?query=74012at7147
SUPER_3	201425046	201390104	D3	978.9	-	https://v12-1.orthodb.org/?query=74048at7147
SUPER_3	176297113	176247789	D1	1628.1	-	https://v12-1.orthodb.org/?query=74055at7147
SUPER_1	293531397	293531838	NA	187.0	+	https://v12-1.orthodb.org/?query=74076at7147
SUPER_1	123381039	123377501	D3	1100.1	-	https://v12-1.orthodb.org/?query=74082at7147
SUPER_2	5930280	5931294	D2	520.1	+	https://v12-1.orthodb.org/?query=74100at7147
SUPER_1	16774396	16757596	D5	1388.3	-	https://v12-1.orthodb.org/?query=74114at7147
SUPER_2	15576269	15575224	D2	555.3	-	https://v12-1.orthodb.org/?query=74200at7147
SUPER_2	90023649	90025755	NA	530.7	+	https://v12-1.orthodb.org/?query=74236at7147
SUPER_3	54309175	54312409	D1	755.6	+	https://v12-1.orthodb.org/?query=74259at7147
SUPER_2	42698352	42696933	D2	505.7	-	https://v12-1.orthodb.org/?query=74268at7147
SUPER_X	1915827	1911980	D6	841.2	-	https://v12-1.orthodb.org/?query=74288at7147
SUPER_2	101806073	101804987	D2	352.3	-	https://v12-1.orthodb.org/?query=74295at7147
SUPER_1	323506872	323520095	D3	683.1	+	https://v12-1.orthodb.org/?query=74302at7147
SUPER_3	298269794	298267691	D3	712.1	-	https://v12-1.orthodb.org/?query=74309at7147
SUPER_1	3698696	3697205	D5	569.9	-	https://v12-1.orthodb.org/?query=74323at7147
SUPER_3	273966837	273895996	D3	593.6	-	https://v12-1.orthodb.org/?query=74338at7147
SUPER_1	323710538	323708945	D3	223.7	-	https://v12-1.orthodb.org/?query=74373at7147
SUPER_1	137840707	137838517	D5	1037.1	-	https://v12-1.orthodb.org/?query=74388at7147
SUPER_2	126195501	126194121	D2	468.4	-	https://v12-1.orthodb.org/?query=74390at7147
SUPER_2	14734779	14672889	D1	974.1	-	https://v12-1.orthodb.org/?query=74406at7147
SUPER_3	96955834	96935312	D3	865.2	-	https://v12-1.orthodb.org/?query=74410at7147
SUPER_1	1781304	1745745	D5	806.8	-	https://v12-1.orthodb.org/?query=74430at7147
SUPER_2	318245053	318229061	D4	264.2	-	https://v12-1.orthodb.org/?query=74458at7147
SUPER_1	13402979	13401266	D1	650.6	-	https://v12-1.orthodb.org/?query=74464at7147
SUPER_3	287963905	287962800	D3	488.2	-	https://v12-1.orthodb.org/?query=74474at7147
SUPER_3	57519169	57517502	D1	515.9	-	https://v12-1.orthodb.org/?query=74476at7147
SUPER_2	261271165	261272719	D4	547.9	+	https://v12-1.orthodb.org/?query=74477at7147
SUPER_2	280769782	280771384	D4	722.4	+	https://v12-1.orthodb.org/?query=74492at7147
SUPER_2	353441048	353436417	D4	1436.2	-	https://v12-1.orthodb.org/?query=74496at7147
SUPER_1	317084516	317123837	D3	643.5	+	https://v12-1.orthodb.org/?query=74588at7147
SUPER_1	65094353	65092364	D5	437.5	-	https://v12-1.orthodb.org/?query=74611at7147
SUPER_1	328605552	328559620	D3	382.4	-	https://v12-1.orthodb.org/?query=74618at7147
SUPER_2	139354777	139356370	D2	462.9	+	https://v12-1.orthodb.org/?query=74620at7147
SUPER_2	209006722	208992201	D4	325.0	-	https://v12-1.orthodb.org/?query=74641at7147
SUPER_2	236516999	236434973	D4	513.5	-	https://v12-1.orthodb.org/?query=74664at7147
SUPER_2	244262612	244239229	D4	508.9	-	https://v12-1.orthodb.org/?query=74667at7147
SUPER_2	302803777	302800842	D3	346.2	-	https://v12-1.orthodb.org/?query=74668at7147
SUPER_2	186369898	186368539	D2	336.1	-	https://v12-1.orthodb.org/?query=74673at7147
SUPER_3	132037740	132035713	D1	223.6	-	https://v12-1.orthodb.org/?query=74677at7147
SUPER_1	143995807	143997286	D1	362.4	+	https://v12-1.orthodb.org/?query=74687at7147
SUPER_1	111680327	111682248	D5	452.8	+	https://v12-1.orthodb.org/?query=74714at7147
SUPER_2	320871447	320869743	NA	470.7	-	https://v12-1.orthodb.org/?query=74717at7147
SUPER_1	200414024	200413146	D3	245.6	-	https://v12-1.orthodb.org/?query=74763at7147
SUPER_3	61578616	61569499	NA	1375.9	-	https://v12-1.orthodb.org/?query=74769at7147
SUPER_2	348472323	348472926	D4	129.6	+	https://v12-1.orthodb.org/?query=74811at7147
SUPER_2	178929316	178930438	NA	432.7	+	https://v12-1.orthodb.org/?query=74813at7147
SUPER_1	302543089	302532489	NA	590.0	-	https://v12-1.orthodb.org/?query=74829at7147
SUPER_2	81630201	81630753	D2	117.5	+	https://v12-1.orthodb.org/?query=74832at7147
SUPER_2	21098880	21096703	D2	736.4	-	https://v12-1.orthodb.org/?query=74840at7147
SUPER_2	196283527	196283887	NA	99.0	+	https://v12-1.orthodb.org/?query=74847at7147
SUPER_X	6051452	6050395	D3	411.6	-	https://v12-1.orthodb.org/?query=74865at7147
SUPER_X	6051452	6050395	D3	411.6	-	https://v12-1.orthodb.org/?query=74865at7147
SUPER_X	6060868	6120811	D3	406.6	+	https://v12-1.orthodb.org/?query=74865at7147
SUPER_X	6060868	6120811	D3	406.6	+	https://v12-1.orthodb.org/?query=74865at7147
SUPER_1	254701686	254711119	D3	461.4	+	https://v12-1.orthodb.org/?query=74875at7147
SUPER_2	202189402	202193107	D4	1030.8	+	https://v12-1.orthodb.org/?query=74895at7147
SUPER_3	171242678	171063484	NA	419.5	-	https://v12-1.orthodb.org/?query=74907at7147
SUPER_1	65038176	65037499	D5	222.0	-	https://v12-1.orthodb.org/?query=74909at7147
SUPER_3	229899502	229916730	D3	679.7	+	https://v12-1.orthodb.org/?query=74916at7147
SUPER_3	252995108	252993785	D4	446.6	-	https://v12-1.orthodb.org/?query=74995at7147
SUPER_3	45206049	45216876	D1	236.2	+	https://v12-1.orthodb.org/?query=75011at7147
SUPER_2	35015585	35016750	D2	509.9	+	https://v12-1.orthodb.org/?query=75038at7147
SUPER_2	210983859	210986319	NA	960.1	+	https://v12-1.orthodb.org/?query=75040at7147
SUPER_1	13415712	13414947	D4	350.1	-	https://v12-1.orthodb.org/?query=75060at7147
SUPER_X	6410885	6412412	D6	413.5	+	https://v12-1.orthodb.org/?query=75109at7147
SUPER_1	352423313	352424300	D3	255.2	+	https://v12-1.orthodb.org/?query=75113at7147
SUPER_3	41815014	41828209	D1	388.6	+	https://v12-1.orthodb.org/?query=75137at7147
SUPER_3	145865034	145863628	D1	601.8	-	https://v12-1.orthodb.org/?query=75166at7147
SUPER_3	40344674	40343435	NA	321.1	-	https://v12-1.orthodb.org/?query=75173at7147
SUPER_2	5725524	5726207	NA	244.5	+	https://v12-1.orthodb.org/?query=75174at7147
SUPER_1	84413844	84422709	D5	465.5	+	https://v12-1.orthodb.org/?query=75178at7147
SUPER_1	20710508	20711123	NA	241.7	+	https://v12-1.orthodb.org/?query=75205at7147
SUPER_1	20710508	20711123	NA	241.7	+	https://v12-1.orthodb.org/?query=75205at7147
SUPER_1	20704692	20704074	NA	238.9	-	https://v12-1.orthodb.org/?query=75205at7147
SUPER_1	20704692	20704074	NA	238.9	-	https://v12-1.orthodb.org/?query=75205at7147
SUPER_1	352381700	352382662	D3	269.0	+	https://v12-1.orthodb.org/?query=75206at7147
SUPER_2	353426331	353426855	D4	164.5	+	https://v12-1.orthodb.org/?query=75250at7147
SUPER_3	151203264	151210943	D1	514.6	+	https://v12-1.orthodb.org/?query=75263at7147
SUPER_3	32661282	32669406	D1	479.0	+	https://v12-1.orthodb.org/?query=75282at7147
SUPER_3	121821415	121823326	D1	260.5	+	https://v12-1.orthodb.org/?query=75286at7147
SUPER_3	1020921	1022284	D1	321.9	+	https://v12-1.orthodb.org/?query=75288at7147
SUPER_3	203645356	203643937	D3	395.1	-	https://v12-1.orthodb.org/?query=75300at7147
SUPER_3	6895949	6874845	D1	203.5	-	https://v12-1.orthodb.org/?query=75302at7147
SUPER_1	123013883	123017118	D2	566.9	+	https://v12-1.orthodb.org/?query=75308at7147
SUPER_2	309290524	309123722	NA	742.9	-	https://v12-1.orthodb.org/?query=75316at7147
SUPER_1	36766998	36821419	D5	302.0	+	https://v12-1.orthodb.org/?query=75367at7147
SUPER_1	302386592	302386181	D3	124.3	-	https://v12-1.orthodb.org/?query=75376at7147
SUPER_2	45465322	45530097	D2	294.3	+	https://v12-1.orthodb.org/?query=75386at7147
SUPER_3	296615596	296599771	D3	423.0	-	https://v12-1.orthodb.org/?query=75400at7147
SUPER_3	297031863	297026646	D4	271.3	-	https://v12-1.orthodb.org/?query=75426at7147
SUPER_2	17647213	17646835	NA	162.0	-	https://v12-1.orthodb.org/?query=75433at7147
SUPER_1	75835960	75833986	D1	562.6	-	https://v12-1.orthodb.org/?query=75442at7147
SUPER_2	79140042	79133454	NA	354.1	-	https://v12-1.orthodb.org/?query=75455at7147
SUPER_3	273882483	273880492	NA	239.3	-	https://v12-1.orthodb.org/?query=75497at7147
SUPER_3	273882483	273880492	NA	239.3	-	https://v12-1.orthodb.org/?query=75497at7147
SUPER_2	151898791	151792694	NA	235.5	-	https://v12-1.orthodb.org/?query=75497at7147
SUPER_2	151898791	151792694	NA	235.5	-	https://v12-1.orthodb.org/?query=75497at7147
SUPER_X	1237331	1235573	D6	221.9	-	https://v12-1.orthodb.org/?query=75513at7147
SUPER_2	355101798	355081762	D4	864.7	-	https://v12-1.orthodb.org/?query=75525at7147
SUPER_2	356984419	356987034	NA	475.0	+	https://v12-1.orthodb.org/?query=75537at7147
SUPER_1	121619052	121619733	NA	285.7	+	https://v12-1.orthodb.org/?query=75538at7147
SUPER_2	109553735	109554614	D4	296.2	+	https://v12-1.orthodb.org/?query=75540at7147
SUPER_1	118022358	118026315	D5	959.2	+	https://v12-1.orthodb.org/?query=75560at7147
SUPER_2	285577254	285579040	D4	610.9	+	https://v12-1.orthodb.org/?query=75570at7147
SUPER_2	237382861	237379838	NA	295.1	-	https://v12-1.orthodb.org/?query=75647at7147
SUPER_3	44767894	44768656	D1	296.2	+	https://v12-1.orthodb.org/?query=75679at7147
SUPER_2	285133493	285131201	D4	535.2	-	https://v12-1.orthodb.org/?query=75691at7147
SUPER_3	2008290	2069652	D1	1330.7	+	https://v12-1.orthodb.org/?query=75710at7147
SUPER_1	172756440	172760124	D5	833.9	+	https://v12-1.orthodb.org/?query=75763at7147
SUPER_3	292198131	292184189	D3	1400.5	-	https://v12-1.orthodb.org/?query=75790at7147
SUPER_3	8698608	8703495	D1	538.5	+	https://v12-1.orthodb.org/?query=75810at7147
SUPER_2	356367989	356368593	D4	268.2	+	https://v12-1.orthodb.org/?query=75811at7147
SUPER_1	355617911	355622731	D3	211.0	+	https://v12-1.orthodb.org/?query=75814at7147
SUPER_1	251137535	251137027	D3	219.8	-	https://v12-1.orthodb.org/?query=75860at7147
SUPER_1	98687531	98672117	D5	180.0	-	https://v12-1.orthodb.org/?query=75863at7147
SUPER_1	214676200	214676629	D3	156.1	+	https://v12-1.orthodb.org/?query=75868at7147
SUPER_2	31786704	31783295	NA	644.3	-	https://v12-1.orthodb.org/?query=75872at7147
SUPER_1	334012107	334010881	D3	544.7	-	https://v12-1.orthodb.org/?query=75895at7147
SUPER_2	41561776	41604630	D2	679.8	+	https://v12-1.orthodb.org/?query=75907at7147
SUPER_2	41561776	41604630	D2	679.8	+	https://v12-1.orthodb.org/?query=75907at7147
SUPER_2	94219805	94222079	D2	677.3	+	https://v12-1.orthodb.org/?query=75907at7147
SUPER_2	94219805	94222079	D2	677.3	+	https://v12-1.orthodb.org/?query=75907at7147
SUPER_3	137931634	137908508	D1	272.0	-	https://v12-1.orthodb.org/?query=75919at7147
SUPER_1	109486633	109432021	D5	1071.0	-	https://v12-1.orthodb.org/?query=75933at7147
SUPER_1	348859263	348869853	D3	550.1	+	https://v12-1.orthodb.org/?query=75936at7147
SUPER_1	13013560	13015482	D5	451.5	+	https://v12-1.orthodb.org/?query=75937at7147
SUPER_1	210699945	210639363	D3	1016.2	-	https://v12-1.orthodb.org/?query=75947at7147
SUPER_X	9605798	9608562	NA	252.5	+	https://v12-1.orthodb.org/?query=75965at7147
SUPER_2	35205451	35203560	D2	402.3	-	https://v12-1.orthodb.org/?query=75970at7147
SUPER_2	8721091	8723817	D2	340.7	+	https://v12-1.orthodb.org/?query=75999at7147
SUPER_3	116309851	116267697	D1	263.8	-	https://v12-1.orthodb.org/?query=76014at7147
SUPER_X	10105193	10128161	NA	803.2	+	https://v12-1.orthodb.org/?query=76025at7147
SUPER_X	4231972	4340642	D6	274.4	+	https://v12-1.orthodb.org/?query=76140at7147
SUPER_3	100361649	100369878	NA	346.2	+	https://v12-1.orthodb.org/?query=76158at7147
SUPER_3	22306544	22124985	D1	528.8	-	https://v12-1.orthodb.org/?query=76164at7147
SUPER_2	346465669	346466632	D4	381.1	+	https://v12-1.orthodb.org/?query=76175at7147
SUPER_3	299975861	299977344	D3	343.9	+	https://v12-1.orthodb.org/?query=76179at7147
SUPER_2	153163890	153184363	NA	715.5	+	https://v12-1.orthodb.org/?query=76205at7147
SUPER_3	2074671	2076250	NA	314.0	+	https://v12-1.orthodb.org/?query=76235at7147
SUPER_2	205039242	205040287	D4	352.7	+	https://v12-1.orthodb.org/?query=76265at7147
SUPER_3	299577487	299579111	NA	550.2	+	https://v12-1.orthodb.org/?query=76308at7147
SUPER_1	22220543	22217324	D4	874.8	-	https://v12-1.orthodb.org/?query=76319at7147
SUPER_2	125212952	125210973	NA	315.7	-	https://v12-1.orthodb.org/?query=76321at7147
SUPER_2	67479300	67487965	NA	519.8	+	https://v12-1.orthodb.org/?query=76327at7147
SUPER_1	58318575	58325689	D5	244.7	+	https://v12-1.orthodb.org/?query=76358at7147
SUPER_2	3918948	3920562	D2	295.8	+	https://v12-1.orthodb.org/?query=76361at7147
SUPER_2	237118376	237121420	NA	127.5	+	https://v12-1.orthodb.org/?query=76375at7147
SUPER_2	140503278	140501289	D4	809.3	-	https://v12-1.orthodb.org/?query=76376at7147
SUPER_2	85242745	85188305	D2	214.7	-	https://v12-1.orthodb.org/?query=76416at7147
SUPER_3	298327311	298329211	D3	224.2	+	https://v12-1.orthodb.org/?query=76417at7147
SUPER_1	190192829	190223906	D5	321.7	+	https://v12-1.orthodb.org/?query=76453at7147
SUPER_2	198695067	198695589	D4	169.0	+	https://v12-1.orthodb.org/?query=76503at7147
SUPER_3	67590521	67592473	D1	580.7	+	https://v12-1.orthodb.org/?query=76547at7147
SUPER_2	283485685	283488709	D4	796.3	+	https://v12-1.orthodb.org/?query=76553at7147
SUPER_2	100032164	100033232	D2	78.4	+	https://v12-1.orthodb.org/?query=76554at7147
SUPER_2	248402072	248403928	D4	351.9	+	https://v12-1.orthodb.org/?query=76622at7147
SUPER_1	348809106	348810201	D3	166.1	+	https://v12-1.orthodb.org/?query=76625at7147
SUPER_2	184793894	184791203	D4	1118.6	-	https://v12-1.orthodb.org/?query=76630at7147
SUPER_3	178302158	178303349	NA	433.3	+	https://v12-1.orthodb.org/?query=76635at7147
SUPER_1	37724417	37688535	D5	83.7	-	https://v12-1.orthodb.org/?query=76648at7147
SUPER_2	353374545	353361487	D4	635.9	-	https://v12-1.orthodb.org/?query=76650at7147
SUPER_1	42669674	42680017	D5	806.8	+	https://v12-1.orthodb.org/?query=76678at7147
SUPER_3	292850842	292851861	D3	237.8	+	https://v12-1.orthodb.org/?query=76737at7147
SUPER_1	214692841	214693970	D3	213.6	+	https://v12-1.orthodb.org/?query=76807at7147
SUPER_3	107442123	107446110	D1	349.3	+	https://v12-1.orthodb.org/?query=76836at7147
SUPER_2	148506764	148461300	D4	580.5	-	https://v12-1.orthodb.org/?query=76860at7147
SUPER_3	288926200	288921305	NA	427.9	-	https://v12-1.orthodb.org/?query=76862at7147
SUPER_1	177007584	176841412	D4	183.4	-	https://v12-1.orthodb.org/?query=76880at7147
SUPER_2	177235342	177266196	D2	677.9	+	https://v12-1.orthodb.org/?query=76904at7147
SUPER_3	181545646	181582188	NA	692.3	+	https://v12-1.orthodb.org/?query=76913at7147
SUPER_1	46033714	46031276	D5	817.3	-	https://v12-1.orthodb.org/?query=76919at7147
SUPER_2	15630891	15630384	D2	109.0	-	https://v12-1.orthodb.org/?query=76920at7147
SUPER_2	237729766	237716098	NA	251.6	-	https://v12-1.orthodb.org/?query=76942at7147
SUPER_3	169437239	169436326	D3	163.5	-	https://v12-1.orthodb.org/?query=76952at7147
SUPER_1	255992749	255992329	D3	75.9	-	https://v12-1.orthodb.org/?query=76958at7147
SUPER_1	351118023	351134710	D3	735.6	+	https://v12-1.orthodb.org/?query=76959at7147
SUPER_1	138047041	138048008	D1	128.5	+	https://v12-1.orthodb.org/?query=76970at7147
SUPER_3	207300919	207578110	D3	555.4	+	https://v12-1.orthodb.org/?query=76978at7147
SUPER_3	139817660	139796477	D1	426.6	-	https://v12-1.orthodb.org/?query=76995at7147
SUPER_1	63417336	63418395	D3	264.2	+	https://v12-1.orthodb.org/?query=77031at7147
SUPER_3	65782943	65780733	D1	444.8	-	https://v12-1.orthodb.org/?query=77043at7147
SUPER_2	285410391	285408381	NA	324.0	-	https://v12-1.orthodb.org/?query=77047at7147
SUPER_1	111312473	111315669	D5	492.0	+	https://v12-1.orthodb.org/?query=77052at7147
SUPER_3	172516945	172520937	D1	325.7	+	https://v12-1.orthodb.org/?query=77075at7147
SUPER_2	309648329	309657974	D4	443.0	+	https://v12-1.orthodb.org/?query=77133at7147
SUPER_2	323095754	323097986	D4	234.5	+	https://v12-1.orthodb.org/?query=77167at7147
SUPER_2	15777830	15789824	D2	353.8	+	https://v12-1.orthodb.org/?query=77182at7147
SUPER_3	157861876	157907116	NA	117.8	+	https://v12-1.orthodb.org/?query=77185at7147
SUPER_3	289562598	289559400	D3	683.5	-	https://v12-1.orthodb.org/?query=77188at7147
SUPER_2	72084255	72094126	D2	349.1	+	https://v12-1.orthodb.org/?query=77199at7147
SUPER_1	316455029	316456172	D3	106.4	+	https://v12-1.orthodb.org/?query=77231at7147
SUPER_3	191378643	191381094	D2	630.0	+	https://v12-1.orthodb.org/?query=77242at7147
SUPER_2	29551081	29551590	D2	290.1	+	https://v12-1.orthodb.org/?query=87043at7147
SUPER_1	222352961	222324766	D3	294.1	-	https://v12-1.orthodb.org/?query=87230at7147
SUPER_2	84801809	84803084	D2	632.6	+	https://v12-1.orthodb.org/?query=87700at7147
SUPER_1	39586000	39584644	D5	842.5	-	https://v12-1.orthodb.org/?query=89210at7147
SUPER_2	291660575	291669654	D4	458.8	+	https://v12-1.orthodb.org/?query=89718at7147
SUPER_2	350842190	350843531	NA	906.6	+	https://v12-1.orthodb.org/?query=90783at7147
SUPER_2	232842271	232841347	D4	544.7	-	https://v12-1.orthodb.org/?query=90937at7147
SUPER_2	318285041	318283955	D4	502.4	-	https://v12-1.orthodb.org/?query=91028at7147
SUPER_2	77492638	77493385	D2	482.5	+	https://v12-1.orthodb.org/?query=91715at7147
SUPER_3	62407976	62407276	D4	486.3	-	https://v12-1.orthodb.org/?query=93012at7147
SUPER_3	229046645	229047575	D3	515.6	+	https://v12-1.orthodb.org/?query=94660at7147
SUPER_2	298862899	298859241	D4	1290.7	-	https://v12-1.orthodb.org/?query=95207at7147
SUPER_1	123510062	123406981	D3	1316.0	-	https://v12-1.orthodb.org/?query=96682at7147
SUPER_3	30678500	30681118	D1	960.2	+	https://v12-1.orthodb.org/?query=96920at7147
SUPER_3	139159660	139158742	D2	389.3	-	https://v12-1.orthodb.org/?query=97395at7147
SUPER_2	260587223	260588138	D4	403.5	+	https://v12-1.orthodb.org/?query=97765at7147
SUPER_1	348878662	348878101	NA	234.2	-	https://v12-1.orthodb.org/?query=98278at7147
SUPER_2	69759805	69763416	NA	1737.0	+	https://v12-1.orthodb.org/?query=98282at7147
SUPER_3	203899906	203900786	D3	413.7	+	https://v12-1.orthodb.org/?query=98712at7147
SUPER_3	106455437	106399003	D1	676.9	-	https://v12-1.orthodb.org/?query=98857at7147
SUPER_2	66594878	66589893	D2	2277.3	-	https://v12-1.orthodb.org/?query=99488at7147
SUPER_1	345615889	345614428	D3	982.4	-	https://v12-1.orthodb.org/?query=100019at7147
SUPER_3	20022198	20025048	D1	1262.6	+	https://v12-1.orthodb.org/?query=100497at7147
SUPER_2	172617276	172614583	NA	1429.9	-	https://v12-1.orthodb.org/?query=100567at7147
SUPER_3	134419875	134412342	D1	1168.4	-	https://v12-1.orthodb.org/?query=101192at7147
SUPER_3	156771465	156737948	D1	889.2	-	https://v12-1.orthodb.org/?query=101651at7147
SUPER_2	180508105	180507280	NA	493.9	-	https://v12-1.orthodb.org/?query=102356at7147
SUPER_2	206498913	206499780	NA	524.6	+	https://v12-1.orthodb.org/?query=103170at7147
SUPER_3	289017181	289018861	D3	351.4	+	https://v12-1.orthodb.org/?query=103449at7147
SUPER_2	136987667	136985577	D2	826.6	-	https://v12-1.orthodb.org/?query=105213at7147
SUPER_2	136987667	136985577	D2	826.6	-	https://v12-1.orthodb.org/?query=105213at7147
SUPER_2	145729929	145731680	D2	809.7	+	https://v12-1.orthodb.org/?query=105213at7147
SUPER_2	145729929	145731680	D2	809.7	+	https://v12-1.orthodb.org/?query=105213at7147
SUPER_1	333890513	333888087	D3	315.4	-	https://v12-1.orthodb.org/?query=105345at7147
SUPER_2	76747523	76746714	D2	180.0	-	https://v12-1.orthodb.org/?query=105665at7147
SUPER_3	80954738	80974354	D1	817.8	+	https://v12-1.orthodb.org/?query=107173at7147
SUPER_1	324325863	324321916	NA	1466.4	-	https://v12-1.orthodb.org/?query=107932at7147
SUPER_1	39574164	39579104	D5	1187.5	+	https://v12-1.orthodb.org/?query=108194at7147
SUPER_3	181146724	181147557	NA	392.8	+	https://v12-1.orthodb.org/?query=109478at7147
SUPER_2	229960427	229982538	D4	512.0	+	https://v12-1.orthodb.org/?query=110200at7147
SUPER_2	319607436	319607052	NA	193.6	-	https://v12-1.orthodb.org/?query=110288at7147
SUPER_2	15567269	15572528	D2	1571.8	+	https://v12-1.orthodb.org/?query=111315at7147
SUPER_3	44736161	44737508	D1	615.4	+	https://v12-1.orthodb.org/?query=111861at7147
SUPER_3	2320076	2326922	NA	735.8	+	https://v12-1.orthodb.org/?query=112161at7147
SUPER_2	342712103	342707357	NA	532.6	-	https://v12-1.orthodb.org/?query=113530at7147
SUPER_3	115191388	115192552	NA	358.0	+	https://v12-1.orthodb.org/?query=113611at7147
SUPER_3	134567022	134568780	D1	517.9	+	https://v12-1.orthodb.org/?query=114519at7147
SUPER_2	231948260	231941168	NA	1273.0	-	https://v12-1.orthodb.org/?query=114603at7147
SUPER_2	315502847	315492633	D4	1049.7	-	https://v12-1.orthodb.org/?query=114765at7147
SUPER_1	231589352	231585782	NA	1685.5	-	https://v12-1.orthodb.org/?query=116302at7147
SUPER_3	295093740	295092335	D3	701.5	-	https://v12-1.orthodb.org/?query=117164at7147
SUPER_1	92890250	92891809	D5	739.6	+	https://v12-1.orthodb.org/?query=117470at7147
SUPER_1	136892247	136880899	D5	799.5	-	https://v12-1.orthodb.org/?query=118121at7147
SUPER_2	299035551	299034422	NA	569.4	-	https://v12-1.orthodb.org/?query=118254at7147
SUPER_1	124901086	124898943	D3	930.2	-	https://v12-1.orthodb.org/?query=119237at7147
SUPER_2	137189567	137191582	NA	870.0	+	https://v12-1.orthodb.org/?query=119241at7147
SUPER_2	351407243	351444899	D4	1213.9	+	https://v12-1.orthodb.org/?query=119398at7147
SUPER_1	21608001	21606722	D6	627.2	-	https://v12-1.orthodb.org/?query=119940at7147
SUPER_2	44376007	44371345	D2	967.9	-	https://v12-1.orthodb.org/?query=121971at7147
SUPER_2	68738147	68732846	D2	1276.7	-	https://v12-1.orthodb.org/?query=122812at7147
SUPER_2	14089242	14090707	D2	484.1	+	https://v12-1.orthodb.org/?query=122970at7147
SUPER_3	196302335	196223114	D3	1940.0	-	https://v12-1.orthodb.org/?query=122994at7147
SUPER_2	1330551	1331865	NA	525.2	+	https://v12-1.orthodb.org/?query=123956at7147
SUPER_1	79987279	79984572	D5	557.4	-	https://v12-1.orthodb.org/?query=124132at7147
SUPER_1	172960932	172951686	D5	881.0	-	https://v12-1.orthodb.org/?query=125314at7147
SUPER_3	159875088	160013310	D1	588.6	+	https://v12-1.orthodb.org/?query=125860at7147
SUPER_3	44818722	44822557	D1	1973.7	+	https://v12-1.orthodb.org/?query=126196at7147
SUPER_3	291699803	291701450	D3	394.3	+	https://v12-1.orthodb.org/?query=126448at7147
SUPER_1	288871461	288900668	NA	588.8	+	https://v12-1.orthodb.org/?query=126571at7147
SUPER_2	245183583	245196392	NA	3233.4	+	https://v12-1.orthodb.org/?query=127327at7147
SUPER_3	204766308	204787406	D3	2480.9	+	https://v12-1.orthodb.org/?query=127852at7147
SUPER_2	237676907	237675596	D4	761.7	-	https://v12-1.orthodb.org/?query=128900at7147
SUPER_2	153239300	153262962	NA	1037.4	+	https://v12-1.orthodb.org/?query=132604at7147
SUPER_2	112793197	112788937	NA	1320.3	-	https://v12-1.orthodb.org/?query=133148at7147
SUPER_1	262700316	262698109	NA	634.8	-	https://v12-1.orthodb.org/?query=133728at7147
SUPER_3	165470893	165469111	D2	215.6	-	https://v12-1.orthodb.org/?query=133744at7147
SUPER_2	190394248	190460507	NA	1929.6	+	https://v12-1.orthodb.org/?query=133872at7147
SUPER_2	17813649	17811453	NA	706.1	-	https://v12-1.orthodb.org/?query=133939at7147
SUPER_2	356449442	356450603	D4	524.9	+	https://v12-1.orthodb.org/?query=134214at7147
SUPER_1	210084630	210063335	D3	887.8	-	https://v12-1.orthodb.org/?query=134526at7147
SUPER_1	123677755	123656461	D3	110.8	-	https://v12-1.orthodb.org/?query=135492at7147
SUPER_2	252877742	252973861	D4	1477.6	+	https://v12-1.orthodb.org/?query=135807at7147
SUPER_2	335836045	335815491	D4	1850.3	-	https://v12-1.orthodb.org/?query=137178at7147
SUPER_2	343444735	343613068	D4	128.8	+	https://v12-1.orthodb.org/?query=138312at7147
SUPER_2	308297778	308295955	D4	535.7	-	https://v12-1.orthodb.org/?query=139180at7147
SUPER_3	31788346	31789129	D1	149.6	+	https://v12-1.orthodb.org/?query=139373at7147
SUPER_3	294634452	294634961	NA	271.6	+	https://v12-1.orthodb.org/?query=140441at7147
SUPER_3	4953423	4936322	D1	996.4	-	https://v12-1.orthodb.org/?query=141501at7147
SUPER_3	4267136	4267995	D5	234.8	+	https://v12-1.orthodb.org/?query=141840at7147
SUPER_3	175957144	175955754	D1	423.8	-	https://v12-1.orthodb.org/?query=142376at7147
SUPER_1	9449859	9451417	D5	588.8	+	https://v12-1.orthodb.org/?query=142617at7147
SUPER_1	351869616	351878932	D3	1336.8	+	https://v12-1.orthodb.org/?query=142673at7147
SUPER_3	54291301	54291811	D1	170.1	+	https://v12-1.orthodb.org/?query=143579at7147
SUPER_3	177948677	177969989	D1	508.2	+	https://v12-1.orthodb.org/?query=143663at7147
SUPER_3	75824571	75855560	D1	1075.1	+	https://v12-1.orthodb.org/?query=143890at7147
SUPER_2	153328552	153407951	D2	119.5	+	https://v12-1.orthodb.org/?query=143893at7147
SUPER_2	4805546	4810985	D2	1135.1	+	https://v12-1.orthodb.org/?query=144236at7147
SUPER_1	225013091	225010397	NA	752.2	-	https://v12-1.orthodb.org/?query=145278at7147
SUPER_2	348531329	348536468	NA	1540.0	+	https://v12-1.orthodb.org/?query=145400at7147
SUPER_3	9701008	9712819	D1	306.6	+	https://v12-1.orthodb.org/?query=145710at7147
SUPER_2	45555635	45575303	D2	448.9	+	https://v12-1.orthodb.org/?query=146390at7147
SUPER_2	187224453	187304306	D2	629.0	+	https://v12-1.orthodb.org/?query=146574at7147
SUPER_3	107152024	107149491	D4	592.8	-	https://v12-1.orthodb.org/?query=147707at7147
SUPER_X	3837196	3845378	D6	2221.9	+	https://v12-1.orthodb.org/?query=147958at7147
SUPER_3	182763623	182817998	NA	408.3	+	https://v12-1.orthodb.org/?query=148238at7147
SUPER_2	345274527	345277635	D4	943.0	+	https://v12-1.orthodb.org/?query=148702at7147
SUPER_2	244653951	244805504	D4	567.9	+	https://v12-1.orthodb.org/?query=148771at7147
SUPER_1	306625942	306610158	D3	2541.7	-	https://v12-1.orthodb.org/?query=148910at7147
SUPER_2	113431619	113418636	NA	719.7	-	https://v12-1.orthodb.org/?query=149542at7147
SUPER_2	283478751	283494533	D4	202.5	+	https://v12-1.orthodb.org/?query=149629at7147
SUPER_2	353315054	353313386	D4	684.8	-	https://v12-1.orthodb.org/?query=149829at7147
SUPER_1	45767980	45784074	D5	1777.3	+	https://v12-1.orthodb.org/?query=149853at7147
SUPER_1	286055059	286053926	D3	258.3	-	https://v12-1.orthodb.org/?query=149858at7147
SUPER_2	310481191	310483273	D4	304.4	+	https://v12-1.orthodb.org/?query=150523at7147
SUPER_2	116045342	116046678	D2	225.9	+	https://v12-1.orthodb.org/?query=150963at7147
SUPER_3	176666315	176673780	D1	1691.0	+	https://v12-1.orthodb.org/?query=151105at7147
SUPER_1	231720155	231717197	D3	1533.9	-	https://v12-1.orthodb.org/?query=151630at7147
SUPER_3	168270936	168270565	D1	177.3	-	https://v12-1.orthodb.org/?query=152075at7147
SUPER_2	49949804	49949436	NA	137.6	-	https://v12-1.orthodb.org/?query=152146at7147
SUPER_2	354700005	354696383	D4	671.1	-	https://v12-1.orthodb.org/?query=152441at7147
SUPER_3	177077915	177126125	D1	640.5	+	https://v12-1.orthodb.org/?query=152457at7147
SUPER_2	17722641	17727418	NA	757.7	+	https://v12-1.orthodb.org/?query=153357at7147
SUPER_2	20365190	20450010	D2	678.2	+	https://v12-1.orthodb.org/?query=153799at7147
SUPER_2	231136873	231121078	NA	699.5	-	https://v12-1.orthodb.org/?query=153867at7147
SUPER_3	168213398	168211556	NA	468.2	-	https://v12-1.orthodb.org/?query=154221at7147
SUPER_2	249895036	249871784	D4	636.3	-	https://v12-1.orthodb.org/?query=154407at7147
SUPER_2	131839492	131838423	NA	298.4	-	https://v12-1.orthodb.org/?query=154496at7147
SUPER_3	63621478	63600307	D1	445.8	-	https://v12-1.orthodb.org/?query=154893at7147
SUPER_1	124961019	124928669	D3	237.6	-	https://v12-1.orthodb.org/?query=155301at7147
SUPER_1	324316146	324252983	D3	377.8	-	https://v12-1.orthodb.org/?query=156252at7147
SUPER_3	65996444	66138195	D1	389.2	+	https://v12-1.orthodb.org/?query=157102at7147
SUPER_2	299492898	299492466	D4	163.8	-	https://v12-1.orthodb.org/?query=157428at7147
SUPER_3	37970309	37940558	D4	165.5	-	https://v12-1.orthodb.org/?query=157896at7147
SUPER_3	7653038	7652279	NA	194.0	-	https://v12-1.orthodb.org/?query=157964at7147
SUPER_2	348560022	348548229	D4	409.0	-	https://v12-1.orthodb.org/?query=158087at7147
SUPER_2	353795507	353794366	D4	648.4	-	https://v12-1.orthodb.org/?query=161360at7147
SUPER_2	153565317	153564552	D2	491.8	-	https://v12-1.orthodb.org/?query=161437at7147
SUPER_2	345322753	345324148	D5	973.6	+	https://v12-1.orthodb.org/?query=161620at7147
SUPER_1	103518918	103516068	NA	1432.0	-	https://v12-1.orthodb.org/?query=161816at7147
SUPER_3	135731879	135733917	D1	1174.0	+	https://v12-1.orthodb.org/?query=161838at7147
SUPER_3	291817801	291820046	D3	1446.2	+	https://v12-1.orthodb.org/?query=161871at7147
SUPER_1	145026792	145022540	D5	2363.3	-	https://v12-1.orthodb.org/?query=161986at7147
SUPER_1	297392513	297350576	NA	966.8	-	https://v12-1.orthodb.org/?query=161996at7147
SUPER_2	42554377	42555559	D2	672.3	+	https://v12-1.orthodb.org/?query=162010at7147
SUPER_1	299237082	299235959	NA	428.1	-	https://v12-1.orthodb.org/?query=162125at7147
SUPER_2	345190051	345195447	D4	254.2	+	https://v12-1.orthodb.org/?query=162154at7147
SUPER_3	61014451	61015850	D1	561.9	+	https://v12-1.orthodb.org/?query=162166at7147
SUPER_2	153799536	153815050	NA	1895.9	+	https://v12-1.orthodb.org/?query=162217at7147
SUPER_3	292236072	292234615	D3	984.6	-	https://v12-1.orthodb.org/?query=162238at7147
SUPER_1	37451002	37449708	D5	815.5	-	https://v12-1.orthodb.org/?query=162279at7147
SUPER_2	175810349	175811836	NA	697.6	+	https://v12-1.orthodb.org/?query=162310at7147
SUPER_1	146684960	146685916	NA	508.8	+	https://v12-1.orthodb.org/?query=162402at7147
SUPER_1	342556150	342556999	NA	482.0	+	https://v12-1.orthodb.org/?query=162448at7147
SUPER_3	49986707	49999378	NA	719.3	+	https://v12-1.orthodb.org/?query=162519at7147
SUPER_1	165067845	165065241	NA	1259.7	-	https://v12-1.orthodb.org/?query=162523at7147
SUPER_3	105821576	105830049	D1	4519.9	+	https://v12-1.orthodb.org/?query=162532at7147
SUPER_3	31792348	31790702	D1	824.0	-	https://v12-1.orthodb.org/?query=162607at7147
SUPER_3	285810199	285809651	NA	277.6	-	https://v12-1.orthodb.org/?query=162661at7147
SUPER_3	162614146	162613465	D3	347.2	-	https://v12-1.orthodb.org/?query=162738at7147
SUPER_3	162614146	162613465	D3	347.2	-	https://v12-1.orthodb.org/?query=162738at7147
SUPER_2	285697540	285698218	D3	350.5	+	https://v12-1.orthodb.org/?query=162738at7147
SUPER_2	285697540	285698218	D3	350.5	+	https://v12-1.orthodb.org/?query=162738at7147
SUPER_1	321436535	321439288	D3	396.3	+	https://v12-1.orthodb.org/?query=162812at7147
SUPER_2	353258799	353259827	D4	389.8	+	https://v12-1.orthodb.org/?query=162861at7147
SUPER_2	353258799	353259827	D4	389.8	+	https://v12-1.orthodb.org/?query=162861at7147
HAP1_SCAFFOLD_911	19350	18322	D4	389.4	-	https://v12-1.orthodb.org/?query=162861at7147
HAP1_SCAFFOLD_911	19350	18322	D4	389.4	-	https://v12-1.orthodb.org/?query=162861at7147
SUPER_3	229050153	229047820	D3	992.7	-	https://v12-1.orthodb.org/?query=162863at7147
SUPER_1	284248041	284249630	D3	802.0	+	https://v12-1.orthodb.org/?query=162892at7147
SUPER_2	4493367	4494113	D2	389.3	+	https://v12-1.orthodb.org/?query=162907at7147
SUPER_X	4828631	4831251	NA	790.0	+	https://v12-1.orthodb.org/?query=162912at7147
SUPER_3	54918708	54913602	D4	678.3	-	https://v12-1.orthodb.org/?query=162967at7147
SUPER_3	204060949	204056636	D3	2333.7	-	https://v12-1.orthodb.org/?query=162997at7147
SUPER_3	296620219	296618773	NA	924.0	-	https://v12-1.orthodb.org/?query=163039at7147
SUPER_1	117591323	117592816	D5	761.3	+	https://v12-1.orthodb.org/?query=163083at7147
SUPER_3	56779338	56775237	D1	1037.9	-	https://v12-1.orthodb.org/?query=163134at7147
SUPER_3	231374160	231382460	NA	554.0	+	https://v12-1.orthodb.org/?query=163141at7147
SUPER_2	188578792	188528151	D4	2070.2	-	https://v12-1.orthodb.org/?query=163173at7147
SUPER_3	171016480	171014765	NA	1035.5	-	https://v12-1.orthodb.org/?query=163189at7147
SUPER_2	180421747	180424025	D4	680.8	+	https://v12-1.orthodb.org/?query=163225at7147
SUPER_2	271764586	271756874	NA	654.2	-	https://v12-1.orthodb.org/?query=163232at7147
SUPER_X	2048054	2024674	D6	5162.0	-	https://v12-1.orthodb.org/?query=163233at7147
SUPER_2	211102199	211102854	NA	251.8	+	https://v12-1.orthodb.org/?query=163245at7147
SUPER_3	80889320	80885396	D1	1990.8	-	https://v12-1.orthodb.org/?query=163251at7147
SUPER_1	178755458	178753285	NA	971.6	-	https://v12-1.orthodb.org/?query=163258at7147
SUPER_3	299605126	299603217	NA	658.5	-	https://v12-1.orthodb.org/?query=163264at7147
SUPER_3	56797156	56790434	D1	893.1	-	https://v12-1.orthodb.org/?query=163275at7147
SUPER_1	5543316	5542002	D5	427.3	-	https://v12-1.orthodb.org/?query=163316at7147
SUPER_3	154656406	154655387	NA	500.4	-	https://v12-1.orthodb.org/?query=163386at7147
SUPER_1	175971800	175965073	D5	502.5	-	https://v12-1.orthodb.org/?query=163391at7147
SUPER_3	164750815	164746740	D1	1849.1	-	https://v12-1.orthodb.org/?query=163408at7147
SUPER_1	300317550	300319410	D3	971.7	+	https://v12-1.orthodb.org/?query=163419at7147
SUPER_3	51857565	51858020	D1	177.7	+	https://v12-1.orthodb.org/?query=163466at7147
SUPER_1	127122901	127124236	D5	597.4	+	https://v12-1.orthodb.org/?query=163483at7147
SUPER_2	285733482	285731974	D4	516.2	-	https://v12-1.orthodb.org/?query=163506at7147
SUPER_1	139893429	139892508	D5	473.1	-	https://v12-1.orthodb.org/?query=163534at7147
SUPER_3	191228164	191266003	D1	1243.9	+	https://v12-1.orthodb.org/?query=163566at7147
SUPER_1	267341068	267342164	D1	503.2	+	https://v12-1.orthodb.org/?query=163621at7147
SUPER_3	62724082	62730721	NA	1892.3	+	https://v12-1.orthodb.org/?query=163635at7147
SUPER_2	141131233	141134406	D4	1542.2	+	https://v12-1.orthodb.org/?query=163641at7147
SUPER_3	292248567	292249705	D3	537.0	+	https://v12-1.orthodb.org/?query=163715at7147
SUPER_2	123920567	123921245	NA	326.9	+	https://v12-1.orthodb.org/?query=163725at7147
SUPER_3	293845849	293846744	D3	416.6	+	https://v12-1.orthodb.org/?query=163805at7147
SUPER_2	116062545	116060615	NA	847.6	-	https://v12-1.orthodb.org/?query=163838at7147
SUPER_2	345454866	345455415	NA	250.5	+	https://v12-1.orthodb.org/?query=163873at7147
SUPER_2	245240801	245237149	NA	1599.7	-	https://v12-1.orthodb.org/?query=163938at7147
SUPER_2	65481512	65482069	D2	271.5	+	https://v12-1.orthodb.org/?query=163957at7147
SUPER_2	345467193	345463991	NA	1467.0	-	https://v12-1.orthodb.org/?query=164012at7147
SUPER_2	112828353	112816718	D2	1039.2	-	https://v12-1.orthodb.org/?query=164044at7147
SUPER_3	171243601	171243081	NA	219.3	-	https://v12-1.orthodb.org/?query=164134at7147
SUPER_3	226391914	226390180	D3	703.3	-	https://v12-1.orthodb.org/?query=164175at7147
SUPER_3	299141469	299144496	D3	1446.6	+	https://v12-1.orthodb.org/?query=164185at7147
SUPER_3	33623931	33619461	D1	902.3	-	https://v12-1.orthodb.org/?query=164211at7147
SUPER_2	15865002	15866715	D2	1071.2	+	https://v12-1.orthodb.org/?query=164312at7147
SUPER_2	22328517	22328923	NA	202.4	+	https://v12-1.orthodb.org/?query=164323at7147
SUPER_3	294131788	294057318	D3	5824.8	-	https://v12-1.orthodb.org/?query=164342at7147
SUPER_3	74050030	74050594	NA	205.5	+	https://v12-1.orthodb.org/?query=164356at7147
SUPER_1	348962492	348967670	NA	2012.9	+	https://v12-1.orthodb.org/?query=164400at7147
SUPER_3	10314242	10186650	D1	2918.2	-	https://v12-1.orthodb.org/?query=164649at7147
SUPER_3	114628801	114638664	NA	605.2	+	https://v12-1.orthodb.org/?query=164695at7147
SUPER_2	232839146	232809298	NA	1754.2	-	https://v12-1.orthodb.org/?query=164702at7147
SUPER_2	15794523	15791889	D2	867.8	-	https://v12-1.orthodb.org/?query=164767at7147
SUPER_X	4958275	4955706	NA	1049.1	-	https://v12-1.orthodb.org/?query=164810at7147
SUPER_1	315394925	315394517	NA	184.8	-	https://v12-1.orthodb.org/?query=164861at7147
SUPER_1	39773090	39774474	NA	607.3	+	https://v12-1.orthodb.org/?query=164916at7147
SUPER_3	116263391	116262927	D1	199.2	-	https://v12-1.orthodb.org/?query=164929at7147
SUPER_3	160471586	160424673	D1	708.8	-	https://v12-1.orthodb.org/?query=164941at7147
SUPER_1	352879254	352893170	D3	775.1	+	https://v12-1.orthodb.org/?query=164964at7147
SUPER_2	309554825	309557321	NA	1028.1	+	https://v12-1.orthodb.org/?query=164972at7147
SUPER_3	151058947	151057388	D1	699.5	-	https://v12-1.orthodb.org/?query=165004at7147
SUPER_2	295012151	294982458	NA	210.2	-	https://v12-1.orthodb.org/?query=165032at7147
SUPER_1	40801938	40761645	D5	1060.0	-	https://v12-1.orthodb.org/?query=165055at7147
SUPER_2	342056197	342067453	D4	866.6	+	https://v12-1.orthodb.org/?query=165092at7147
SUPER_2	66475069	66559761	D2	840.7	+	https://v12-1.orthodb.org/?query=165107at7147
SUPER_1	4024421	4022652	D5	491.6	-	https://v12-1.orthodb.org/?query=165117at7147
SUPER_2	345096875	345089078	NA	1984.7	-	https://v12-1.orthodb.org/?query=165142at7147
SUPER_1	75976025	75973944	D2	1181.1	-	https://v12-1.orthodb.org/?query=165152at7147
SUPER_1	124712575	124697089	D3	409.0	-	https://v12-1.orthodb.org/?query=165155at7147
SUPER_3	119397376	119399459	NA	988.2	+	https://v12-1.orthodb.org/?query=165168at7147
SUPER_2	162826033	162849320	D2	1110.1	+	https://v12-1.orthodb.org/?query=165182at7147
SUPER_2	254906140	254878512	NA	460.0	-	https://v12-1.orthodb.org/?query=165189at7147
SUPER_2	161782641	161781857	D2	244.2	-	https://v12-1.orthodb.org/?query=165211at7147
SUPER_1	148876870	148878593	D3	872.5	+	https://v12-1.orthodb.org/?query=165235at7147
SUPER_2	354016720	354015242	D4	743.4	-	https://v12-1.orthodb.org/?query=165238at7147
SUPER_2	352357272	352353799	D4	1015.7	-	https://v12-1.orthodb.org/?query=165269at7147
SUPER_2	318330419	318331678	D4	461.8	+	https://v12-1.orthodb.org/?query=165282at7147
SUPER_1	35936260	35942099	D2	866.2	+	https://v12-1.orthodb.org/?query=165293at7147
SUPER_2	308276354	308283730	D4	460.9	+	https://v12-1.orthodb.org/?query=165302at7147
SUPER_2	284685499	284604671	D4	1218.6	-	https://v12-1.orthodb.org/?query=165341at7147
SUPER_3	30384774	30383232	D1	703.5	-	https://v12-1.orthodb.org/?query=165376at7147
SUPER_3	114589163	114641999	NA	1092.0	+	https://v12-1.orthodb.org/?query=165401at7147
SUPER_3	254927709	254928413	NA	305.9	+	https://v12-1.orthodb.org/?query=165507at7147
SUPER_1	319415525	319452796	D3	366.6	+	https://v12-1.orthodb.org/?query=165515at7147
SUPER_1	182666454	182665055	D3	639.2	-	https://v12-1.orthodb.org/?query=165522at7147
SUPER_1	309811863	309776367	D3	1217.7	-	https://v12-1.orthodb.org/?query=165541at7147
SUPER_1	293537605	293536426	D3	707.8	-	https://v12-1.orthodb.org/?query=165544at7147
SUPER_1	251338080	251331055	D3	2062.1	-	https://v12-1.orthodb.org/?query=165549at7147
SUPER_2	72438362	72437177	D2	538.0	-	https://v12-1.orthodb.org/?query=165554at7147
SUPER_3	299154323	299155921	D3	916.2	+	https://v12-1.orthodb.org/?query=165627at7147
SUPER_2	1343089	1344637	D2	714.0	+	https://v12-1.orthodb.org/?query=165654at7147
SUPER_3	226427600	226367974	NA	794.3	-	https://v12-1.orthodb.org/?query=165659at7147
SUPER_2	144191733	144193182	NA	518.1	+	https://v12-1.orthodb.org/?query=165666at7147
SUPER_1	331911232	331912846	D3	629.5	+	https://v12-1.orthodb.org/?query=165697at7147
SUPER_1	101005539	100999550	NA	2109.1	-	https://v12-1.orthodb.org/?query=165708at7147
SUPER_2	244030514	244031681	D4	586.8	+	https://v12-1.orthodb.org/?query=165755at7147
SUPER_1	62115546	62117014	D1	708.9	+	https://v12-1.orthodb.org/?query=165770at7147
SUPER_3	221873425	221872069	D3	627.5	-	https://v12-1.orthodb.org/?query=165800at7147
SUPER_1	7258517	7253857	D5	1968.0	-	https://v12-1.orthodb.org/?query=165814at7147
SUPER_1	33680373	33616836	NA	966.7	-	https://v12-1.orthodb.org/?query=165857at7147
SUPER_1	351163662	351164775	NA	178.3	+	https://v12-1.orthodb.org/?query=165864at7147
SUPER_3	141288021	141291079	D1	852.7	+	https://v12-1.orthodb.org/?query=165929at7147
SUPER_2	9284673	9308156	D4	1299.4	+	https://v12-1.orthodb.org/?query=165935at7147
SUPER_1	7237750	7238735	D5	492.7	+	https://v12-1.orthodb.org/?query=165944at7147
SUPER_2	263565690	263565168	D4	228.8	-	https://v12-1.orthodb.org/?query=165949at7147
SUPER_3	42297577	42293254	D1	1151.4	-	https://v12-1.orthodb.org/?query=165956at7147
SUPER_2	351473087	351471920	NA	159.0	-	https://v12-1.orthodb.org/?query=166048at7147
SUPER_1	10601797	10600785	NA	506.6	-	https://v12-1.orthodb.org/?query=166120at7147
SUPER_3	169063528	169060722	D1	1032.1	-	https://v12-1.orthodb.org/?query=166165at7147
SUPER_2	35486607	35477873	D2	431.7	-	https://v12-1.orthodb.org/?query=166172at7147
SUPER_2	89449926	89474689	NA	1010.7	+	https://v12-1.orthodb.org/?query=166186at7147
SUPER_2	243974622	244016749	NA	1304.9	+	https://v12-1.orthodb.org/?query=166235at7147
SUPER_1	6894930	6897834	D5	655.9	+	https://v12-1.orthodb.org/?query=166242at7147
SUPER_2	17640702	17646669	NA	2543.7	+	https://v12-1.orthodb.org/?query=166329at7147
SUPER_1	18233766	18310975	D5	806.8	+	https://v12-1.orthodb.org/?query=166427at7147
SUPER_1	244383904	244394739	D3	1235.0	+	https://v12-1.orthodb.org/?query=166453at7147
SUPER_3	229979297	229985914	D3	2654.4	+	https://v12-1.orthodb.org/?query=166470at7147
SUPER_3	97499636	97494053	D1	1142.3	-	https://v12-1.orthodb.org/?query=166496at7147
SUPER_1	159921593	159864633	D5	664.1	-	https://v12-1.orthodb.org/?query=166517at7147
SUPER_2	356372555	356376902	NA	369.0	+	https://v12-1.orthodb.org/?query=166570at7147
SUPER_1	163169123	163172452	D5	1269.4	+	https://v12-1.orthodb.org/?query=166641at7147
SUPER_2	125173924	125176058	NA	302.0	+	https://v12-1.orthodb.org/?query=166642at7147
SUPER_1	224967088	224968846	NA	669.0	+	https://v12-1.orthodb.org/?query=166675at7147
SUPER_1	250434767	250432967	D3	555.6	-	https://v12-1.orthodb.org/?query=166680at7147
SUPER_2	42718112	42718520	D1	224.8	+	https://v12-1.orthodb.org/?query=166700at7147
SUPER_2	295407563	295384778	NA	357.0	-	https://v12-1.orthodb.org/?query=166740at7147
SUPER_3	100354168	100352222	D1	819.9	-	https://v12-1.orthodb.org/?query=166761at7147
SUPER_3	300071030	300056710	D3	1655.3	-	https://v12-1.orthodb.org/?query=166809at7147
SUPER_3	299955754	299953970	D3	758.5	-	https://v12-1.orthodb.org/?query=166819at7147
SUPER_X	9181702	9191303	D6	2318.0	+	https://v12-1.orthodb.org/?query=166851at7147
SUPER_3	121169326	121168542	NA	316.1	-	https://v12-1.orthodb.org/?query=166880at7147
SUPER_2	118340246	118386383	D2	1388.5	+	https://v12-1.orthodb.org/?query=166881at7147
SUPER_1	10672499	10668628	D5	1328.2	-	https://v12-1.orthodb.org/?query=166882at7147
SUPER_2	260497815	260495902	D4	940.9	-	https://v12-1.orthodb.org/?query=166906at7147
SUPER_1	41404218	41407033	D5	963.7	+	https://v12-1.orthodb.org/?query=166924at7147
SUPER_1	266837625	266843119	D3	1789.7	+	https://v12-1.orthodb.org/?query=166932at7147
SUPER_3	226384896	226380169	NA	795.8	-	https://v12-1.orthodb.org/?query=166933at7147
SUPER_2	164600217	164601360	D1	229.0	+	https://v12-1.orthodb.org/?query=166974at7147
SUPER_3	35600495	35602647	D1	424.3	+	https://v12-1.orthodb.org/?query=167011at7147
SUPER_1	94100535	94095564	D5	466.6	-	https://v12-1.orthodb.org/?query=167029at7147
SUPER_1	126581481	126580146	D3	637.7	-	https://v12-1.orthodb.org/?query=167066at7147
SUPER_3	291353145	291350649	D3	1038.6	-	https://v12-1.orthodb.org/?query=167068at7147
SUPER_1	3535550	3531673	D5	1735.5	-	https://v12-1.orthodb.org/?query=167175at7147
SUPER_1	146698287	146701583	D1	1202.7	+	https://v12-1.orthodb.org/?query=167199at7147
SUPER_3	92590762	92589550	D1	380.2	-	https://v12-1.orthodb.org/?query=167257at7147
SUPER_2	72080403	72077862	NA	860.6	-	https://v12-1.orthodb.org/?query=167285at7147
SUPER_1	351160227	351162989	D3	897.0	+	https://v12-1.orthodb.org/?query=167369at7147
SUPER_2	344715503	344713601	D1	680.6	-	https://v12-1.orthodb.org/?query=167382at7147
SUPER_2	344715503	344713601	D1	680.6	-	https://v12-1.orthodb.org/?query=167382at7147
SUPER_2	344737211	344735309	D1	680.6	-	https://v12-1.orthodb.org/?query=167382at7147
SUPER_2	344737211	344735309	D1	680.6	-	https://v12-1.orthodb.org/?query=167382at7147
SUPER_1	299090735	299091377	NA	260.7	+	https://v12-1.orthodb.org/?query=167430at7147
SUPER_3	166878533	166872535	D1	374.8	-	https://v12-1.orthodb.org/?query=167499at7147
SUPER_3	175462863	175460891	D1	341.0	-	https://v12-1.orthodb.org/?query=167517at7147
SUPER_1	297438505	297431407	D3	838.4	-	https://v12-1.orthodb.org/?query=167536at7147
SUPER_2	323664321	323558764	D4	1226.4	-	https://v12-1.orthodb.org/?query=167579at7147
SUPER_2	202393714	202395092	D4	358.2	+	https://v12-1.orthodb.org/?query=167630at7147
SUPER_2	111252923	111252421	D4	230.4	-	https://v12-1.orthodb.org/?query=167748at7147
SUPER_1	101618281	101634427	D5	663.9	+	https://v12-1.orthodb.org/?query=167786at7147
SUPER_1	155485626	155511215	NA	1275.3	+	https://v12-1.orthodb.org/?query=167791at7147
SUPER_3	53204998	53191148	D1	1564.5	-	https://v12-1.orthodb.org/?query=167826at7147
SUPER_3	297994464	297993413	NA	172.2	-	https://v12-1.orthodb.org/?query=167851at7147
SUPER_3	91896029	92023950	D1	838.1	+	https://v12-1.orthodb.org/?query=167857at7147
SUPER_1	75640641	75632161	D1	1726.1	-	https://v12-1.orthodb.org/?query=167892at7147
SUPER_3	179828605	179791921	D1	750.9	-	https://v12-1.orthodb.org/?query=167970at7147
SUPER_1	149056143	149057460	D5	267.5	+	https://v12-1.orthodb.org/?query=167972at7147
SUPER_3	291670558	291666292	D3	479.4	-	https://v12-1.orthodb.org/?query=168032at7147
SUPER_1	187482043	187482740	D5	473.2	+	https://v12-1.orthodb.org/?query=168060at7147
SUPER_2	285038489	285037493	D2	569.6	-	https://v12-1.orthodb.org/?query=168077at7147
HAP1_SCAFFOLD_197	95678	94589	D2	418.8	-	https://v12-1.orthodb.org/?query=168081at7147
HAP1_SCAFFOLD_197	95678	94589	D2	418.8	-	https://v12-1.orthodb.org/?query=168081at7147
SUPER_2	103543831	103542742	D2	418.8	-	https://v12-1.orthodb.org/?query=168081at7147
SUPER_2	103543831	103542742	D2	418.8	-	https://v12-1.orthodb.org/?query=168081at7147
SUPER_3	192550714	192657650	D1	969.1	+	https://v12-1.orthodb.org/?query=168086at7147
SUPER_2	236984831	236983134	D5	575.0	-	https://v12-1.orthodb.org/?query=168090at7147
SUPER_2	19526027	19524731	NA	554.7	-	https://v12-1.orthodb.org/?query=168094at7147
SUPER_3	176961916	176991415	D1	480.2	+	https://v12-1.orthodb.org/?query=168098at7147
SUPER_1	349398862	349400785	NA	740.3	+	https://v12-1.orthodb.org/?query=168223at7147
SUPER_1	109535167	109532497	D5	1224.5	-	https://v12-1.orthodb.org/?query=168244at7147
SUPER_3	155622187	155624916	NA	305.4	+	https://v12-1.orthodb.org/?query=168247at7147
SUPER_2	214851683	214852376	D4	133.7	+	https://v12-1.orthodb.org/?query=168261at7147
SUPER_1	62839860	62837760	D1	651.5	-	https://v12-1.orthodb.org/?query=168291at7147
SUPER_3	270647256	270642585	D3	1222.8	-	https://v12-1.orthodb.org/?query=168362at7147
SUPER_3	106381347	106389070	D1	914.0	+	https://v12-1.orthodb.org/?query=168384at7147
SUPER_3	9797796	9796917	NA	327.2	-	https://v12-1.orthodb.org/?query=168393at7147
SUPER_2	3277683	3272440	D2	391.0	-	https://v12-1.orthodb.org/?query=168424at7147
SUPER_1	242379374	242389304	D2	648.6	+	https://v12-1.orthodb.org/?query=168465at7147
SUPER_2	347809041	347818615	NA	604.7	+	https://v12-1.orthodb.org/?query=168480at7147
SUPER_1	222360087	222375622	NA	490.5	+	https://v12-1.orthodb.org/?query=168538at7147
SUPER_3	80153974	80158539	D1	971.5	+	https://v12-1.orthodb.org/?query=168583at7147
SUPER_1	2474558	2498503	D5	512.3	+	https://v12-1.orthodb.org/?query=168588at7147
SUPER_1	331855388	331856874	D3	387.5	+	https://v12-1.orthodb.org/?query=168607at7147
SUPER_2	294884018	294881426	NA	134.2	-	https://v12-1.orthodb.org/?query=168613at7147
SUPER_1	173034660	173032601	D5	643.9	-	https://v12-1.orthodb.org/?query=168643at7147
SUPER_X	899936	914025	D6	753.1	+	https://v12-1.orthodb.org/?query=168660at7147
SUPER_1	26243648	26245620	D5	829.1	+	https://v12-1.orthodb.org/?query=168677at7147
SUPER_1	1172385	1150940	D5	648.1	-	https://v12-1.orthodb.org/?query=168682at7147
SUPER_2	112737645	112739123	D4	614.4	+	https://v12-1.orthodb.org/?query=168738at7147
SUPER_2	42740166	42744153	D3	850.4	+	https://v12-1.orthodb.org/?query=168795at7147
SUPER_2	295363797	295365569	NA	272.9	+	https://v12-1.orthodb.org/?query=168806at7147
SUPER_2	187394860	187393962	D2	294.6	-	https://v12-1.orthodb.org/?query=168829at7147
SUPER_1	333898545	333895580	D3	502.2	-	https://v12-1.orthodb.org/?query=168836at7147
SUPER_2	238677303	238697537	NA	308.5	+	https://v12-1.orthodb.org/?query=168846at7147
SUPER_2	251394281	251395489	D4	326.7	+	https://v12-1.orthodb.org/?query=168852at7147
SUPER_1	9069524	9065429	NA	969.1	-	https://v12-1.orthodb.org/?query=168883at7147
SUPER_2	131362256	131363369	NA	427.7	+	https://v12-1.orthodb.org/?query=168889at7147
SUPER_2	321655703	321623392	D4	895.8	-	https://v12-1.orthodb.org/?query=168895at7147
SUPER_1	48345325	48393238	D5	599.3	+	https://v12-1.orthodb.org/?query=168942at7147
SUPER_1	7260262	7259378	NA	111.6	-	https://v12-1.orthodb.org/?query=168959at7147
SUPER_3	201044083	201041087	D3	737.5	-	https://v12-1.orthodb.org/?query=168968at7147
SUPER_3	284021128	284017066	NA	308.9	-	https://v12-1.orthodb.org/?query=168969at7147
SUPER_2	72864738	72862628	NA	485.4	-	https://v12-1.orthodb.org/?query=168971at7147
SUPER_1	117522953	117522374	D5	217.6	-	https://v12-1.orthodb.org/?query=168975at7147
SUPER_2	90339100	90525741	D2	589.6	+	https://v12-1.orthodb.org/?query=168990at7147
SUPER_2	196567871	196488105	NA	707.5	-	https://v12-1.orthodb.org/?query=169033at7147
SUPER_2	9324223	9326236	NA	578.2	+	https://v12-1.orthodb.org/?query=169119at7147
SUPER_3	174175402	174181935	NA	527.3	+	https://v12-1.orthodb.org/?query=169134at7147
SUPER_2	224579378	224577548	D4	567.0	-	https://v12-1.orthodb.org/?query=169142at7147
SUPER_2	284519592	284514011	D2	383.8	-	https://v12-1.orthodb.org/?query=169165at7147
SUPER_2	100050691	100051300	D2	175.4	+	https://v12-1.orthodb.org/?query=169175at7147
SUPER_2	202253788	202252510	NA	424.7	-	https://v12-1.orthodb.org/?query=169184at7147
SUPER_3	1786454	1797531	D1	552.7	+	https://v12-1.orthodb.org/?query=169217at7147
SUPER_1	352204198	352192088	D3	358.0	-	https://v12-1.orthodb.org/?query=169297at7147
SUPER_1	84297519	84310005	NA	692.6	+	https://v12-1.orthodb.org/?query=169311at7147
SUPER_1	319461525	319464985	D3	653.1	+	https://v12-1.orthodb.org/?query=169345at7147
SUPER_2	9005083	9002828	D2	262.0	-	https://v12-1.orthodb.org/?query=169351at7147
SUPER_2	231877247	231877766	NA	289.9	+	https://v12-1.orthodb.org/?query=171356at7147
SUPER_1	39725214	39706491	D5	678.9	-	https://v12-1.orthodb.org/?query=171365at7147
SUPER_3	179267991	179267030	D4	536.2	-	https://v12-1.orthodb.org/?query=171492at7147
SUPER_3	44812274	44804961	D1	286.1	-	https://v12-1.orthodb.org/?query=171548at7147
SUPER_2	153569044	153577290	D2	408.3	+	https://v12-1.orthodb.org/?query=171662at7147
SUPER_3	246844784	246843687	D3	816.5	-	https://v12-1.orthodb.org/?query=171757at7147
SUPER_1	174026102	174026611	D5	264.8	+	https://v12-1.orthodb.org/?query=171855at7147
SUPER_2	350743402	350744769	D4	570.1	+	https://v12-1.orthodb.org/?query=172045at7147
SUPER_1	332331565	332332841	D3	749.7	+	https://v12-1.orthodb.org/?query=172172at7147
SUPER_3	177029561	177031268	D1	955.6	+	https://v12-1.orthodb.org/?query=172179at7147
SUPER_3	285654173	285651839	D3	1192.8	-	https://v12-1.orthodb.org/?query=172192at7147
SUPER_3	226393184	226397375	D3	448.3	+	https://v12-1.orthodb.org/?query=172210at7147
SUPER_1	35160603	35181868	D5	721.0	+	https://v12-1.orthodb.org/?query=172299at7147
SUPER_2	153095825	153096815	NA	709.6	+	https://v12-1.orthodb.org/?query=172317at7147
SUPER_2	31788742	31788280	D2	199.9	-	https://v12-1.orthodb.org/?query=172362at7147
SUPER_3	299946183	299946613	NA	229.7	+	https://v12-1.orthodb.org/?query=172493at7147
SUPER_2	263515834	263516501	D1	392.9	+	https://v12-1.orthodb.org/?query=172545at7147
SUPER_3	106389583	106391646	D1	1090.7	+	https://v12-1.orthodb.org/?query=172608at7147
SUPER_3	151215090	151215541	D1	262.4	+	https://v12-1.orthodb.org/?query=172610at7147
SUPER_3	156848662	156843736	D1	533.5	-	https://v12-1.orthodb.org/?query=172656at7147
SUPER_3	198395140	198394072	NA	574.4	-	https://v12-1.orthodb.org/?query=172688at7147
SUPER_2	168424543	168424236	NA	134.7	-	https://v12-1.orthodb.org/?query=172797at7147
SUPER_2	252034402	252033788	NA	350.8	-	https://v12-1.orthodb.org/?query=173146at7147
SUPER_1	149055599	149054877	NA	310.5	-	https://v12-1.orthodb.org/?query=173218at7147
SUPER_2	126349421	126371854	NA	773.9	+	https://v12-1.orthodb.org/?query=173520at7147
SUPER_3	157091126	157103152	NA	271.3	+	https://v12-1.orthodb.org/?query=173526at7147
SUPER_3	138990632	138983989	D1	495.7	-	https://v12-1.orthodb.org/?query=173527at7147
SUPER_2	89134769	89135264	NA	332.1	+	https://v12-1.orthodb.org/?query=173539at7147
SUPER_3	295300014	295299212	NA	442.8	-	https://v12-1.orthodb.org/?query=173667at7147
SUPER_2	242883403	242882687	D4	277.1	-	https://v12-1.orthodb.org/?query=173684at7147
SUPER_2	53802794	53810302	D2	305.3	+	https://v12-1.orthodb.org/?query=173828at7147
SUPER_3	114963970	115012717	D1	820.6	+	https://v12-1.orthodb.org/?query=173922at7147
SUPER_1	250970065	250971880	D3	1125.9	+	https://v12-1.orthodb.org/?query=174026at7147
SUPER_1	26034657	26033854	D5	239.5	-	https://v12-1.orthodb.org/?query=174040at7147
SUPER_3	95372571	95371857	NA	431.8	-	https://v12-1.orthodb.org/?query=174429at7147
SUPER_1	75842858	75840356	D5	544.9	-	https://v12-1.orthodb.org/?query=174436at7147
SUPER_1	350925086	350903401	D3	1336.0	-	https://v12-1.orthodb.org/?query=174522at7147
SUPER_3	4302967	4301639	NA	768.6	-	https://v12-1.orthodb.org/?query=174700at7147
SUPER_2	18596092	18587051	D2	1257.8	-	https://v12-1.orthodb.org/?query=174772at7147
SUPER_3	45096414	45095773	D1	286.4	-	https://v12-1.orthodb.org/?query=174920at7147
SUPER_1	351448239	351449357	D3	691.2	+	https://v12-1.orthodb.org/?query=174922at7147
SUPER_3	254411412	254404846	D3	627.3	-	https://v12-1.orthodb.org/?query=175088at7147
SUPER_2	37948195	37949282	D4	469.3	+	https://v12-1.orthodb.org/?query=175249at7147
SUPER_3	167851382	167852189	D1	505.8	+	https://v12-1.orthodb.org/?query=175325at7147
SUPER_1	271687602	271662402	D3	552.7	-	https://v12-1.orthodb.org/?query=175402at7147
SUPER_3	295076920	295074290	NA	465.4	-	https://v12-1.orthodb.org/?query=175405at7147
SUPER_1	3699833	3711507	D5	861.3	+	https://v12-1.orthodb.org/?query=175710at7147
SUPER_2	221893010	221894619	D4	806.8	+	https://v12-1.orthodb.org/?query=175715at7147
SUPER_3	177616531	177615156	D1	883.8	-	https://v12-1.orthodb.org/?query=175731at7147
SUPER_2	232846533	232847058	D4	315.2	+	https://v12-1.orthodb.org/?query=175770at7147
SUPER_3	164197161	164168616	D1	5438.9	-	https://v12-1.orthodb.org/?query=175870at7147
SUPER_3	289106852	289106108	D3	377.8	-	https://v12-1.orthodb.org/?query=175877at7147
SUPER_2	95834812	95747864	D2	1299.3	-	https://v12-1.orthodb.org/?query=175942at7147
SUPER_2	41619056	41618213	NA	444.1	-	https://v12-1.orthodb.org/?query=176148at7147
SUPER_3	54632651	54632300	NA	187.4	-	https://v12-1.orthodb.org/?query=176312at7147
SUPER_2	10648587	10642339	D2	1181.8	-	https://v12-1.orthodb.org/?query=176314at7147
SUPER_2	10648587	10642339	D2	1181.8	-	https://v12-1.orthodb.org/?query=176314at7147
SUPER_2	10679637	10675441	D2	1140.0	-	https://v12-1.orthodb.org/?query=176314at7147
SUPER_2	10679637	10675441	D2	1140.0	-	https://v12-1.orthodb.org/?query=176314at7147
SUPER_3	8095142	8094544	D1	332.0	-	https://v12-1.orthodb.org/?query=176414at7147
SUPER_3	122028858	122029899	D1	466.3	+	https://v12-1.orthodb.org/?query=176436at7147
SUPER_2	9825722	9822500	D2	2137.1	-	https://v12-1.orthodb.org/?query=176480at7147
SUPER_2	168397690	168390508	D3	471.2	-	https://v12-1.orthodb.org/?query=176483at7147
SUPER_1	165753342	165751586	NA	1031.2	-	https://v12-1.orthodb.org/?query=176507at7147
SUPER_1	310357851	310362730	D3	957.3	+	https://v12-1.orthodb.org/?query=176512at7147
SUPER_3	164218906	164218327	NA	373.3	-	https://v12-1.orthodb.org/?query=176583at7147
SUPER_2	92083949	92082416	NA	376.4	-	https://v12-1.orthodb.org/?query=176599at7147
SUPER_3	138674292	138675276	D2	556.5	+	https://v12-1.orthodb.org/?query=176618at7147
SUPER_2	265214969	265179937	D4	354.7	-	https://v12-1.orthodb.org/?query=176674at7147
SUPER_2	345392917	345378415	NA	982.9	-	https://v12-1.orthodb.org/?query=176776at7147
SUPER_1	139791143	139791872	NA	278.3	+	https://v12-1.orthodb.org/?query=176783at7147
SUPER_2	9790725	9793000	D2	1213.6	+	https://v12-1.orthodb.org/?query=177041at7147
SUPER_1	339902992	339901788	D3	604.3	-	https://v12-1.orthodb.org/?query=177120at7147
SUPER_1	308449056	308552152	D3	9614.7	+	https://v12-1.orthodb.org/?query=177434at7147
SUPER_3	169469478	169514104	NA	646.5	+	https://v12-1.orthodb.org/?query=177450at7147
SUPER_3	80205212	80246997	D1	723.3	+	https://v12-1.orthodb.org/?query=177507at7147
SUPER_1	43058035	43057069	D1	650.5	-	https://v12-1.orthodb.org/?query=177533at7147
SUPER_3	270792827	270792176	D3	220.9	-	https://v12-1.orthodb.org/?query=177608at7147
SUPER_3	291849531	291846589	D3	901.7	-	https://v12-1.orthodb.org/?query=177652at7147
SUPER_3	80281810	80254374	D1	1391.2	-	https://v12-1.orthodb.org/?query=177735at7147
SUPER_3	159674273	159675459	D1	616.5	+	https://v12-1.orthodb.org/?query=177818at7147
SUPER_1	317082694	317083947	D3	631.4	+	https://v12-1.orthodb.org/?query=177883at7147
SUPER_3	295039162	295038116	D3	408.3	-	https://v12-1.orthodb.org/?query=177913at7147
SUPER_1	224547457	224496750	NA	1097.2	-	https://v12-1.orthodb.org/?query=178178at7147
SUPER_3	176043627	176029174	NA	702.0	-	https://v12-1.orthodb.org/?query=178207at7147
SUPER_3	6236717	6191191	D1	1792.0	-	https://v12-1.orthodb.org/?query=178219at7147
SUPER_1	65452637	65453126	D5	259.0	+	https://v12-1.orthodb.org/?query=178237at7147
SUPER_3	157103799	157119236	D1	367.5	+	https://v12-1.orthodb.org/?query=178266at7147
SUPER_2	202332466	202338242	D4	1223.9	+	https://v12-1.orthodb.org/?query=178353at7147
SUPER_2	232028385	232016087	D5	807.6	-	https://v12-1.orthodb.org/?query=178354at7147
SUPER_3	175954382	175955535	D1	594.3	+	https://v12-1.orthodb.org/?query=178536at7147
SUPER_3	64118763	64117572	D3	733.6	-	https://v12-1.orthodb.org/?query=178759at7147
SUPER_2	15877214	15878385	D2	524.0	+	https://v12-1.orthodb.org/?query=178820at7147
SUPER_3	126609316	126610412	D1	712.7	+	https://v12-1.orthodb.org/?query=178822at7147
SUPER_3	297120397	297119302	D3	668.0	-	https://v12-1.orthodb.org/?query=178903at7147
SUPER_3	95475579	95585493	D2	354.2	+	https://v12-1.orthodb.org/?query=178910at7147
HAP1_SCAFFOLD_866	2289	3293	D5	415.8	+	https://v12-1.orthodb.org/?query=178987at7147
HAP1_SCAFFOLD_866	2289	3293	D5	415.8	+	https://v12-1.orthodb.org/?query=178987at7147
SUPER_1	119820422	119821426	D5	415.8	+	https://v12-1.orthodb.org/?query=178987at7147
SUPER_1	119820422	119821426	D5	415.8	+	https://v12-1.orthodb.org/?query=178987at7147
SUPER_3	75979783	75980301	NA	218.8	+	https://v12-1.orthodb.org/?query=178990at7147
SUPER_3	97482950	97479084	NA	2100.8	-	https://v12-1.orthodb.org/?query=179062at7147
SUPER_2	353193032	353194471	D2	683.7	+	https://v12-1.orthodb.org/?query=179198at7147
SUPER_1	35265229	35266621	D5	144.5	+	https://v12-1.orthodb.org/?query=179205at7147
SUPER_2	264867675	264865849	NA	1089.7	-	https://v12-1.orthodb.org/?query=179363at7147
SUPER_2	175867110	175868052	NA	336.7	+	https://v12-1.orthodb.org/?query=179461at7147
SUPER_2	263528262	263530835	NA	1551.6	+	https://v12-1.orthodb.org/?query=179741at7147
SUPER_3	53664740	53668814	D1	2400.3	+	https://v12-1.orthodb.org/?query=179778at7147
SUPER_3	177144901	177146484	NA	916.5	+	https://v12-1.orthodb.org/?query=179870at7147
SUPER_3	299945619	299944754	D3	255.7	-	https://v12-1.orthodb.org/?query=179947at7147
SUPER_2	350436916	350437927	D4	523.8	+	https://v12-1.orthodb.org/?query=180001at7147
SUPER_3	291655202	291655835	D3	240.7	+	https://v12-1.orthodb.org/?query=180122at7147
SUPER_2	340590555	340666738	D4	1372.3	+	https://v12-1.orthodb.org/?query=180254at7147
SUPER_3	105078365	105080165	NA	943.8	+	https://v12-1.orthodb.org/?query=180257at7147
SUPER_3	13109921	13109372	NA	300.8	-	https://v12-1.orthodb.org/?query=180262at7147
SUPER_3	37704951	37705693	D1	498.1	+	https://v12-1.orthodb.org/?query=180334at7147
SUPER_1	7242511	7247107	D5	1325.6	+	https://v12-1.orthodb.org/?query=180405at7147
SUPER_2	263845474	263846321	D4	333.5	+	https://v12-1.orthodb.org/?query=180421at7147
SUPER_1	299730049	299728944	NA	560.4	-	https://v12-1.orthodb.org/?query=180472at7147
SUPER_3	125460209	125459177	D1	647.4	-	https://v12-1.orthodb.org/?query=180476at7147
SUPER_1	111613185	111613982	D5	494.5	+	https://v12-1.orthodb.org/?query=180799at7147
SUPER_3	6491310	6492464	D1	557.9	+	https://v12-1.orthodb.org/?query=180813at7147
SUPER_1	64765911	64763097	NA	1706.8	-	https://v12-1.orthodb.org/?query=180822at7147
SUPER_3	7140069	7140652	D1	223.6	+	https://v12-1.orthodb.org/?query=180842at7147
SUPER_2	11444746	11443780	D2	344.0	-	https://v12-1.orthodb.org/?query=181020at7147
SUPER_3	988533	987156	D1	1017.9	-	https://v12-1.orthodb.org/?query=181073at7147
SUPER_3	254425173	254423596	NA	199.5	-	https://v12-1.orthodb.org/?query=181091at7147
SUPER_3	254425173	254423596	NA	199.5	-	https://v12-1.orthodb.org/?query=181091at7147
SUPER_3	254425173	254423596	NA	199.5	-	https://v12-1.orthodb.org/?query=181091at7147
SUPER_3	254425173	254423596	NA	199.5	-	https://v12-1.orthodb.org/?query=181091at7147
SUPER_3	254425173	254423596	NA	199.5	-	https://v12-1.orthodb.org/?query=181091at7147
SUPER_3	254425173	254423596	NA	199.5	-	https://v12-1.orthodb.org/?query=181091at7147
SUPER_3	254425173	254423596	NA	199.5	-	https://v12-1.orthodb.org/?query=181091at7147
SUPER_3	254425173	254423596	NA	199.5	-	https://v12-1.orthodb.org/?query=181091at7147
SUPER_3	254425173	254423596	NA	199.5	-	https://v12-1.orthodb.org/?query=181091at7147
SUPER_3	254425173	254423596	NA	199.5	-	https://v12-1.orthodb.org/?query=181091at7147
SUPER_3	254425173	254423596	NA	199.5	-	https://v12-1.orthodb.org/?query=181091at7147
SUPER_3	254425173	254423596	NA	199.5	-	https://v12-1.orthodb.org/?query=181091at7147
SUPER_3	254425173	254423596	NA	199.5	-	https://v12-1.orthodb.org/?query=181091at7147
SUPER_3	254425173	254423596	NA	199.5	-	https://v12-1.orthodb.org/?query=181091at7147
SUPER_3	254425173	254423596	NA	199.5	-	https://v12-1.orthodb.org/?query=181091at7147
SUPER_3	254425173	254423596	NA	199.5	-	https://v12-1.orthodb.org/?query=181091at7147
SUPER_3	254425173	254423596	NA	199.5	-	https://v12-1.orthodb.org/?query=181091at7147
SUPER_3	254425173	254423596	NA	199.5	-	https://v12-1.orthodb.org/?query=181091at7147
SUPER_3	254425173	254423596	NA	199.5	-	https://v12-1.orthodb.org/?query=181091at7147
SUPER_3	254425173	254423596	NA	199.5	-	https://v12-1.orthodb.org/?query=181091at7147
SUPER_3	254425173	254423596	NA	199.5	-	https://v12-1.orthodb.org/?query=181091at7147
SUPER_3	254425173	254423596	NA	199.5	-	https://v12-1.orthodb.org/?query=181091at7147
SUPER_3	254425173	254423596	NA	199.5	-	https://v12-1.orthodb.org/?query=181091at7147
SUPER_3	254425173	254423596	NA	199.5	-	https://v12-1.orthodb.org/?query=181091at7147
SUPER_3	254425173	254423596	NA	199.5	-	https://v12-1.orthodb.org/?query=181091at7147
SUPER_3	254425173	254423596	NA	199.5	-	https://v12-1.orthodb.org/?query=181091at7147
SUPER_3	254425173	254423596	NA	199.5	-	https://v12-1.orthodb.org/?query=181091at7147
SUPER_3	254425173	254423596	NA	199.5	-	https://v12-1.orthodb.org/?query=181091at7147
SUPER_3	254425173	254423596	NA	199.5	-	https://v12-1.orthodb.org/?query=181091at7147
SUPER_3	254425173	254423596	NA	199.5	-	https://v12-1.orthodb.org/?query=181091at7147
SUPER_3	254425173	254423596	NA	199.5	-	https://v12-1.orthodb.org/?query=181091at7147
SUPER_3	254425173	254423596	NA	199.5	-	https://v12-1.orthodb.org/?query=181091at7147
SUPER_3	254425173	254423596	NA	199.5	-	https://v12-1.orthodb.org/?query=181091at7147
SUPER_Y	3140305	3140584	NA	195.0	+	https://v12-1.orthodb.org/?query=181091at7147
SUPER_Y	3140305	3140584	NA	195.0	+	https://v12-1.orthodb.org/?query=181091at7147
SUPER_Y	3140305	3140584	NA	195.0	+	https://v12-1.orthodb.org/?query=181091at7147
SUPER_Y	3140305	3140584	NA	195.0	+	https://v12-1.orthodb.org/?query=181091at7147
SUPER_Y	3140305	3140584	NA	195.0	+	https://v12-1.orthodb.org/?query=181091at7147
SUPER_Y	3140305	3140584	NA	195.0	+	https://v12-1.orthodb.org/?query=181091at7147
SUPER_Y	3140305	3140584	NA	195.0	+	https://v12-1.orthodb.org/?query=181091at7147
SUPER_Y	3140305	3140584	NA	195.0	+	https://v12-1.orthodb.org/?query=181091at7147
SUPER_Y	3140305	3140584	NA	195.0	+	https://v12-1.orthodb.org/?query=181091at7147
SUPER_Y	3140305	3140584	NA	195.0	+	https://v12-1.orthodb.org/?query=181091at7147
SUPER_Y	3140305	3140584	NA	195.0	+	https://v12-1.orthodb.org/?query=181091at7147
SUPER_Y	3140305	3140584	NA	195.0	+	https://v12-1.orthodb.org/?query=181091at7147
SUPER_Y	3140305	3140584	NA	195.0	+	https://v12-1.orthodb.org/?query=181091at7147
SUPER_Y	3140305	3140584	NA	195.0	+	https://v12-1.orthodb.org/?query=181091at7147
SUPER_Y	3140305	3140584	NA	195.0	+	https://v12-1.orthodb.org/?query=181091at7147
SUPER_Y	3140305	3140584	NA	195.0	+	https://v12-1.orthodb.org/?query=181091at7147
SUPER_Y	3140305	3140584	NA	195.0	+	https://v12-1.orthodb.org/?query=181091at7147
SUPER_Y	3140305	3140584	NA	195.0	+	https://v12-1.orthodb.org/?query=181091at7147
SUPER_Y	3140305	3140584	NA	195.0	+	https://v12-1.orthodb.org/?query=181091at7147
SUPER_Y	3140305	3140584	NA	195.0	+	https://v12-1.orthodb.org/?query=181091at7147
SUPER_Y	3140305	3140584	NA	195.0	+	https://v12-1.orthodb.org/?query=181091at7147
SUPER_Y	3140305	3140584	NA	195.0	+	https://v12-1.orthodb.org/?query=181091at7147
SUPER_Y	3140305	3140584	NA	195.0	+	https://v12-1.orthodb.org/?query=181091at7147
SUPER_Y	3140305	3140584	NA	195.0	+	https://v12-1.orthodb.org/?query=181091at7147
SUPER_Y	3140305	3140584	NA	195.0	+	https://v12-1.orthodb.org/?query=181091at7147
SUPER_Y	3140305	3140584	NA	195.0	+	https://v12-1.orthodb.org/?query=181091at7147
SUPER_Y	3140305	3140584	NA	195.0	+	https://v12-1.orthodb.org/?query=181091at7147
SUPER_Y	3140305	3140584	NA	195.0	+	https://v12-1.orthodb.org/?query=181091at7147
SUPER_Y	3140305	3140584	NA	195.0	+	https://v12-1.orthodb.org/?query=181091at7147
SUPER_Y	3140305	3140584	NA	195.0	+	https://v12-1.orthodb.org/?query=181091at7147
SUPER_Y	3140305	3140584	NA	195.0	+	https://v12-1.orthodb.org/?query=181091at7147
SUPER_Y	3140305	3140584	NA	195.0	+	https://v12-1.orthodb.org/?query=181091at7147
SUPER_Y	3140305	3140584	NA	195.0	+	https://v12-1.orthodb.org/?query=181091at7147
SUPER_Y	8954597	8954318	NA	194.0	-	https://v12-1.orthodb.org/?query=181091at7147
SUPER_Y	8954597	8954318	NA	194.0	-	https://v12-1.orthodb.org/?query=181091at7147
SUPER_Y	8954597	8954318	NA	194.0	-	https://v12-1.orthodb.org/?query=181091at7147
SUPER_Y	8954597	8954318	NA	194.0	-	https://v12-1.orthodb.org/?query=181091at7147
SUPER_Y	8954597	8954318	NA	194.0	-	https://v12-1.orthodb.org/?query=181091at7147
SUPER_Y	8954597	8954318	NA	194.0	-	https://v12-1.orthodb.org/?query=181091at7147
SUPER_Y	8954597	8954318	NA	194.0	-	https://v12-1.orthodb.org/?query=181091at7147
SUPER_Y	8954597	8954318	NA	194.0	-	https://v12-1.orthodb.org/?query=181091at7147
SUPER_Y	8954597	8954318	NA	194.0	-	https://v12-1.orthodb.org/?query=181091at7147
SUPER_Y	8954597	8954318	NA	194.0	-	https://v12-1.orthodb.org/?query=181091at7147
SUPER_Y	8954597	8954318	NA	194.0	-	https://v12-1.orthodb.org/?query=181091at7147
SUPER_Y	8954597	8954318	NA	194.0	-	https://v12-1.orthodb.org/?query=181091at7147
SUPER_Y	8954597	8954318	NA	194.0	-	https://v12-1.orthodb.org/?query=181091at7147
SUPER_Y	8954597	8954318	NA	194.0	-	https://v12-1.orthodb.org/?query=181091at7147
SUPER_Y	8954597	8954318	NA	194.0	-	https://v12-1.orthodb.org/?query=181091at7147
SUPER_Y	8954597	8954318	NA	194.0	-	https://v12-1.orthodb.org/?query=181091at7147
SUPER_Y	8954597	8954318	NA	194.0	-	https://v12-1.orthodb.org/?query=181091at7147
SUPER_Y	8954597	8954318	NA	194.0	-	https://v12-1.orthodb.org/?query=181091at7147
SUPER_Y	8954597	8954318	NA	194.0	-	https://v12-1.orthodb.org/?query=181091at7147
SUPER_Y	8954597	8954318	NA	194.0	-	https://v12-1.orthodb.org/?query=181091at7147
SUPER_Y	8954597	8954318	NA	194.0	-	https://v12-1.orthodb.org/?query=181091at7147
SUPER_Y	8954597	8954318	NA	194.0	-	https://v12-1.orthodb.org/?query=181091at7147
SUPER_Y	8954597	8954318	NA	194.0	-	https://v12-1.orthodb.org/?query=181091at7147
SUPER_Y	8954597	8954318	NA	194.0	-	https://v12-1.orthodb.org/?query=181091at7147
SUPER_Y	8954597	8954318	NA	194.0	-	https://v12-1.orthodb.org/?query=181091at7147
SUPER_Y	8954597	8954318	NA	194.0	-	https://v12-1.orthodb.org/?query=181091at7147
SUPER_Y	8954597	8954318	NA	194.0	-	https://v12-1.orthodb.org/?query=181091at7147
SUPER_Y	8954597	8954318	NA	194.0	-	https://v12-1.orthodb.org/?query=181091at7147
SUPER_Y	8954597	8954318	NA	194.0	-	https://v12-1.orthodb.org/?query=181091at7147
SUPER_Y	8954597	8954318	NA	194.0	-	https://v12-1.orthodb.org/?query=181091at7147
SUPER_Y	8954597	8954318	NA	194.0	-	https://v12-1.orthodb.org/?query=181091at7147
SUPER_Y	8954597	8954318	NA	194.0	-	https://v12-1.orthodb.org/?query=181091at7147
SUPER_Y	8954597	8954318	NA	194.0	-	https://v12-1.orthodb.org/?query=181091at7147
SUPER_Y	9312681	9312960	NA	194.0	+	https://v12-1.orthodb.org/?query=181091at7147
SUPER_Y	9312681	9312960	NA	194.0	+	https://v12-1.orthodb.org/?query=181091at7147
SUPER_Y	9312681	9312960	NA	194.0	+	https://v12-1.orthodb.org/?query=181091at7147
SUPER_Y	9312681	9312960	NA	194.0	+	https://v12-1.orthodb.org/?query=181091at7147
SUPER_Y	9312681	9312960	NA	194.0	+	https://v12-1.orthodb.org/?query=181091at7147
SUPER_Y	9312681	9312960	NA	194.0	+	https://v12-1.orthodb.org/?query=181091at7147
SUPER_Y	9312681	9312960	NA	194.0	+	https://v12-1.orthodb.org/?query=181091at7147
SUPER_Y	9312681	9312960	NA	194.0	+	https://v12-1.orthodb.org/?query=181091at7147
SUPER_Y	9312681	9312960	NA	194.0	+	https://v12-1.orthodb.org/?query=181091at7147
SUPER_Y	9312681	9312960	NA	194.0	+	https://v12-1.orthodb.org/?query=181091at7147
SUPER_Y	9312681	9312960	NA	194.0	+	https://v12-1.orthodb.org/?query=181091at7147
SUPER_Y	9312681	9312960	NA	194.0	+	https://v12-1.orthodb.org/?query=181091at7147
SUPER_Y	9312681	9312960	NA	194.0	+	https://v12-1.orthodb.org/?query=181091at7147
SUPER_Y	9312681	9312960	NA	194.0	+	https://v12-1.orthodb.org/?query=181091at7147
SUPER_Y	9312681	9312960	NA	194.0	+	https://v12-1.orthodb.org/?query=181091at7147
SUPER_Y	9312681	9312960	NA	194.0	+	https://v12-1.orthodb.org/?query=181091at7147
SUPER_Y	9312681	9312960	NA	194.0	+	https://v12-1.orthodb.org/?query=181091at7147
SUPER_Y	9312681	9312960	NA	194.0	+	https://v12-1.orthodb.org/?query=181091at7147
SUPER_Y	9312681	9312960	NA	194.0	+	https://v12-1.orthodb.org/?query=181091at7147
SUPER_Y	9312681	9312960	NA	194.0	+	https://v12-1.orthodb.org/?query=181091at7147
SUPER_Y	9312681	9312960	NA	194.0	+	https://v12-1.orthodb.org/?query=181091at7147
SUPER_Y	9312681	9312960	NA	194.0	+	https://v12-1.orthodb.org/?query=181091at7147
SUPER_Y	9312681	9312960	NA	194.0	+	https://v12-1.orthodb.org/?query=181091at7147
SUPER_Y	9312681	9312960	NA	194.0	+	https://v12-1.orthodb.org/?query=181091at7147
SUPER_Y	9312681	9312960	NA	194.0	+	https://v12-1.orthodb.org/?query=181091at7147
SUPER_Y	9312681	9312960	NA	194.0	+	https://v12-1.orthodb.org/?query=181091at7147
SUPER_Y	9312681	9312960	NA	194.0	+	https://v12-1.orthodb.org/?query=181091at7147
SUPER_Y	9312681	9312960	NA	194.0	+	https://v12-1.orthodb.org/?query=181091at7147
SUPER_Y	9312681	9312960	NA	194.0	+	https://v12-1.orthodb.org/?query=181091at7147
SUPER_Y	9312681	9312960	NA	194.0	+	https://v12-1.orthodb.org/?query=181091at7147
SUPER_Y	9312681	9312960	NA	194.0	+	https://v12-1.orthodb.org/?query=181091at7147
SUPER_Y	9312681	9312960	NA	194.0	+	https://v12-1.orthodb.org/?query=181091at7147
SUPER_Y	9312681	9312960	NA	194.0	+	https://v12-1.orthodb.org/?query=181091at7147
SUPER_Y	8410319	8410598	NA	193.0	+	https://v12-1.orthodb.org/?query=181091at7147
SUPER_Y	8410319	8410598	NA	193.0	+	https://v12-1.orthodb.org/?query=181091at7147
SUPER_Y	8410319	8410598	NA	193.0	+	https://v12-1.orthodb.org/?query=181091at7147
SUPER_Y	8410319	8410598	NA	193.0	+	https://v12-1.orthodb.org/?query=181091at7147
SUPER_Y	8410319	8410598	NA	193.0	+	https://v12-1.orthodb.org/?query=181091at7147
SUPER_Y	8410319	8410598	NA	193.0	+	https://v12-1.orthodb.org/?query=181091at7147
SUPER_Y	8410319	8410598	NA	193.0	+	https://v12-1.orthodb.org/?query=181091at7147
SUPER_Y	8410319	8410598	NA	193.0	+	https://v12-1.orthodb.org/?query=181091at7147
SUPER_Y	8410319	8410598	NA	193.0	+	https://v12-1.orthodb.org/?query=181091at7147
SUPER_Y	8410319	8410598	NA	193.0	+	https://v12-1.orthodb.org/?query=181091at7147
SUPER_Y	8410319	8410598	NA	193.0	+	https://v12-1.orthodb.org/?query=181091at7147
SUPER_Y	8410319	8410598	NA	193.0	+	https://v12-1.orthodb.org/?query=181091at7147
SUPER_Y	8410319	8410598	NA	193.0	+	https://v12-1.orthodb.org/?query=181091at7147
SUPER_Y	8410319	8410598	NA	193.0	+	https://v12-1.orthodb.org/?query=181091at7147
SUPER_Y	8410319	8410598	NA	193.0	+	https://v12-1.orthodb.org/?query=181091at7147
SUPER_Y	8410319	8410598	NA	193.0	+	https://v12-1.orthodb.org/?query=181091at7147
SUPER_Y	8410319	8410598	NA	193.0	+	https://v12-1.orthodb.org/?query=181091at7147
SUPER_Y	8410319	8410598	NA	193.0	+	https://v12-1.orthodb.org/?query=181091at7147
SUPER_Y	8410319	8410598	NA	193.0	+	https://v12-1.orthodb.org/?query=181091at7147
SUPER_Y	8410319	8410598	NA	193.0	+	https://v12-1.orthodb.org/?query=181091at7147
SUPER_Y	8410319	8410598	NA	193.0	+	https://v12-1.orthodb.org/?query=181091at7147
SUPER_Y	8410319	8410598	NA	193.0	+	https://v12-1.orthodb.org/?query=181091at7147
SUPER_Y	8410319	8410598	NA	193.0	+	https://v12-1.orthodb.org/?query=181091at7147
SUPER_Y	8410319	8410598	NA	193.0	+	https://v12-1.orthodb.org/?query=181091at7147
SUPER_Y	8410319	8410598	NA	193.0	+	https://v12-1.orthodb.org/?query=181091at7147
SUPER_Y	8410319	8410598	NA	193.0	+	https://v12-1.orthodb.org/?query=181091at7147
SUPER_Y	8410319	8410598	NA	193.0	+	https://v12-1.orthodb.org/?query=181091at7147
SUPER_Y	8410319	8410598	NA	193.0	+	https://v12-1.orthodb.org/?query=181091at7147
SUPER_Y	8410319	8410598	NA	193.0	+	https://v12-1.orthodb.org/?query=181091at7147
SUPER_Y	8410319	8410598	NA	193.0	+	https://v12-1.orthodb.org/?query=181091at7147
SUPER_Y	8410319	8410598	NA	193.0	+	https://v12-1.orthodb.org/?query=181091at7147
SUPER_Y	8410319	8410598	NA	193.0	+	https://v12-1.orthodb.org/?query=181091at7147
SUPER_Y	8410319	8410598	NA	193.0	+	https://v12-1.orthodb.org/?query=181091at7147
SUPER_Y	6364325	6364604	NA	191.0	+	https://v12-1.orthodb.org/?query=181091at7147
SUPER_Y	6364325	6364604	NA	191.0	+	https://v12-1.orthodb.org/?query=181091at7147
SUPER_Y	6364325	6364604	NA	191.0	+	https://v12-1.orthodb.org/?query=181091at7147
SUPER_Y	6364325	6364604	NA	191.0	+	https://v12-1.orthodb.org/?query=181091at7147
SUPER_Y	6364325	6364604	NA	191.0	+	https://v12-1.orthodb.org/?query=181091at7147
SUPER_Y	6364325	6364604	NA	191.0	+	https://v12-1.orthodb.org/?query=181091at7147
SUPER_Y	6364325	6364604	NA	191.0	+	https://v12-1.orthodb.org/?query=181091at7147
SUPER_Y	6364325	6364604	NA	191.0	+	https://v12-1.orthodb.org/?query=181091at7147
SUPER_Y	6364325	6364604	NA	191.0	+	https://v12-1.orthodb.org/?query=181091at7147
SUPER_Y	6364325	6364604	NA	191.0	+	https://v12-1.orthodb.org/?query=181091at7147
SUPER_Y	6364325	6364604	NA	191.0	+	https://v12-1.orthodb.org/?query=181091at7147
SUPER_Y	6364325	6364604	NA	191.0	+	https://v12-1.orthodb.org/?query=181091at7147
SUPER_Y	6364325	6364604	NA	191.0	+	https://v12-1.orthodb.org/?query=181091at7147
SUPER_Y	6364325	6364604	NA	191.0	+	https://v12-1.orthodb.org/?query=181091at7147
SUPER_Y	6364325	6364604	NA	191.0	+	https://v12-1.orthodb.org/?query=181091at7147
SUPER_Y	6364325	6364604	NA	191.0	+	https://v12-1.orthodb.org/?query=181091at7147
SUPER_Y	6364325	6364604	NA	191.0	+	https://v12-1.orthodb.org/?query=181091at7147
SUPER_Y	6364325	6364604	NA	191.0	+	https://v12-1.orthodb.org/?query=181091at7147
SUPER_Y	6364325	6364604	NA	191.0	+	https://v12-1.orthodb.org/?query=181091at7147
SUPER_Y	6364325	6364604	NA	191.0	+	https://v12-1.orthodb.org/?query=181091at7147
SUPER_Y	6364325	6364604	NA	191.0	+	https://v12-1.orthodb.org/?query=181091at7147
SUPER_Y	6364325	6364604	NA	191.0	+	https://v12-1.orthodb.org/?query=181091at7147
SUPER_Y	6364325	6364604	NA	191.0	+	https://v12-1.orthodb.org/?query=181091at7147
SUPER_Y	6364325	6364604	NA	191.0	+	https://v12-1.orthodb.org/?query=181091at7147
SUPER_Y	6364325	6364604	NA	191.0	+	https://v12-1.orthodb.org/?query=181091at7147
SUPER_Y	6364325	6364604	NA	191.0	+	https://v12-1.orthodb.org/?query=181091at7147
SUPER_Y	6364325	6364604	NA	191.0	+	https://v12-1.orthodb.org/?query=181091at7147
SUPER_Y	6364325	6364604	NA	191.0	+	https://v12-1.orthodb.org/?query=181091at7147
SUPER_Y	6364325	6364604	NA	191.0	+	https://v12-1.orthodb.org/?query=181091at7147
SUPER_Y	6364325	6364604	NA	191.0	+	https://v12-1.orthodb.org/?query=181091at7147
SUPER_Y	6364325	6364604	NA	191.0	+	https://v12-1.orthodb.org/?query=181091at7147
SUPER_Y	6364325	6364604	NA	191.0	+	https://v12-1.orthodb.org/?query=181091at7147
SUPER_Y	6364325	6364604	NA	191.0	+	https://v12-1.orthodb.org/?query=181091at7147
HAP1_SCAFFOLD_101	62451	62730	NA	191.0	+	https://v12-1.orthodb.org/?query=181091at7147
HAP1_SCAFFOLD_101	62451	62730	NA	191.0	+	https://v12-1.orthodb.org/?query=181091at7147
HAP1_SCAFFOLD_101	62451	62730	NA	191.0	+	https://v12-1.orthodb.org/?query=181091at7147
HAP1_SCAFFOLD_101	62451	62730	NA	191.0	+	https://v12-1.orthodb.org/?query=181091at7147
HAP1_SCAFFOLD_101	62451	62730	NA	191.0	+	https://v12-1.orthodb.org/?query=181091at7147
HAP1_SCAFFOLD_101	62451	62730	NA	191.0	+	https://v12-1.orthodb.org/?query=181091at7147
HAP1_SCAFFOLD_101	62451	62730	NA	191.0	+	https://v12-1.orthodb.org/?query=181091at7147
HAP1_SCAFFOLD_101	62451	62730	NA	191.0	+	https://v12-1.orthodb.org/?query=181091at7147
HAP1_SCAFFOLD_101	62451	62730	NA	191.0	+	https://v12-1.orthodb.org/?query=181091at7147
HAP1_SCAFFOLD_101	62451	62730	NA	191.0	+	https://v12-1.orthodb.org/?query=181091at7147
HAP1_SCAFFOLD_101	62451	62730	NA	191.0	+	https://v12-1.orthodb.org/?query=181091at7147
HAP1_SCAFFOLD_101	62451	62730	NA	191.0	+	https://v12-1.orthodb.org/?query=181091at7147
HAP1_SCAFFOLD_101	62451	62730	NA	191.0	+	https://v12-1.orthodb.org/?query=181091at7147
HAP1_SCAFFOLD_101	62451	62730	NA	191.0	+	https://v12-1.orthodb.org/?query=181091at7147
HAP1_SCAFFOLD_101	62451	62730	NA	191.0	+	https://v12-1.orthodb.org/?query=181091at7147
HAP1_SCAFFOLD_101	62451	62730	NA	191.0	+	https://v12-1.orthodb.org/?query=181091at7147
HAP1_SCAFFOLD_101	62451	62730	NA	191.0	+	https://v12-1.orthodb.org/?query=181091at7147
HAP1_SCAFFOLD_101	62451	62730	NA	191.0	+	https://v12-1.orthodb.org/?query=181091at7147
HAP1_SCAFFOLD_101	62451	62730	NA	191.0	+	https://v12-1.orthodb.org/?query=181091at7147
HAP1_SCAFFOLD_101	62451	62730	NA	191.0	+	https://v12-1.orthodb.org/?query=181091at7147
HAP1_SCAFFOLD_101	62451	62730	NA	191.0	+	https://v12-1.orthodb.org/?query=181091at7147
HAP1_SCAFFOLD_101	62451	62730	NA	191.0	+	https://v12-1.orthodb.org/?query=181091at7147
HAP1_SCAFFOLD_101	62451	62730	NA	191.0	+	https://v12-1.orthodb.org/?query=181091at7147
HAP1_SCAFFOLD_101	62451	62730	NA	191.0	+	https://v12-1.orthodb.org/?query=181091at7147
HAP1_SCAFFOLD_101	62451	62730	NA	191.0	+	https://v12-1.orthodb.org/?query=181091at7147
HAP1_SCAFFOLD_101	62451	62730	NA	191.0	+	https://v12-1.orthodb.org/?query=181091at7147
HAP1_SCAFFOLD_101	62451	62730	NA	191.0	+	https://v12-1.orthodb.org/?query=181091at7147
HAP1_SCAFFOLD_101	62451	62730	NA	191.0	+	https://v12-1.orthodb.org/?query=181091at7147
HAP1_SCAFFOLD_101	62451	62730	NA	191.0	+	https://v12-1.orthodb.org/?query=181091at7147
HAP1_SCAFFOLD_101	62451	62730	NA	191.0	+	https://v12-1.orthodb.org/?query=181091at7147
HAP1_SCAFFOLD_101	62451	62730	NA	191.0	+	https://v12-1.orthodb.org/?query=181091at7147
HAP1_SCAFFOLD_101	62451	62730	NA	191.0	+	https://v12-1.orthodb.org/?query=181091at7147
HAP1_SCAFFOLD_101	62451	62730	NA	191.0	+	https://v12-1.orthodb.org/?query=181091at7147
SUPER_Y	7820195	7819916	NA	190.9	-	https://v12-1.orthodb.org/?query=181091at7147
SUPER_Y	7820195	7819916	NA	190.9	-	https://v12-1.orthodb.org/?query=181091at7147
SUPER_Y	7820195	7819916	NA	190.9	-	https://v12-1.orthodb.org/?query=181091at7147
SUPER_Y	7820195	7819916	NA	190.9	-	https://v12-1.orthodb.org/?query=181091at7147
SUPER_Y	7820195	7819916	NA	190.9	-	https://v12-1.orthodb.org/?query=181091at7147
SUPER_Y	7820195	7819916	NA	190.9	-	https://v12-1.orthodb.org/?query=181091at7147
SUPER_Y	7820195	7819916	NA	190.9	-	https://v12-1.orthodb.org/?query=181091at7147
SUPER_Y	7820195	7819916	NA	190.9	-	https://v12-1.orthodb.org/?query=181091at7147
SUPER_Y	7820195	7819916	NA	190.9	-	https://v12-1.orthodb.org/?query=181091at7147
SUPER_Y	7820195	7819916	NA	190.9	-	https://v12-1.orthodb.org/?query=181091at7147
SUPER_Y	7820195	7819916	NA	190.9	-	https://v12-1.orthodb.org/?query=181091at7147
SUPER_Y	7820195	7819916	NA	190.9	-	https://v12-1.orthodb.org/?query=181091at7147
SUPER_Y	7820195	7819916	NA	190.9	-	https://v12-1.orthodb.org/?query=181091at7147
SUPER_Y	7820195	7819916	NA	190.9	-	https://v12-1.orthodb.org/?query=181091at7147
SUPER_Y	7820195	7819916	NA	190.9	-	https://v12-1.orthodb.org/?query=181091at7147
SUPER_Y	7820195	7819916	NA	190.9	-	https://v12-1.orthodb.org/?query=181091at7147
SUPER_Y	7820195	7819916	NA	190.9	-	https://v12-1.orthodb.org/?query=181091at7147
SUPER_Y	7820195	7819916	NA	190.9	-	https://v12-1.orthodb.org/?query=181091at7147
SUPER_Y	7820195	7819916	NA	190.9	-	https://v12-1.orthodb.org/?query=181091at7147
SUPER_Y	7820195	7819916	NA	190.9	-	https://v12-1.orthodb.org/?query=181091at7147
SUPER_Y	7820195	7819916	NA	190.9	-	https://v12-1.orthodb.org/?query=181091at7147
SUPER_Y	7820195	7819916	NA	190.9	-	https://v12-1.orthodb.org/?query=181091at7147
SUPER_Y	7820195	7819916	NA	190.9	-	https://v12-1.orthodb.org/?query=181091at7147
SUPER_Y	7820195	7819916	NA	190.9	-	https://v12-1.orthodb.org/?query=181091at7147
SUPER_Y	7820195	7819916	NA	190.9	-	https://v12-1.orthodb.org/?query=181091at7147
SUPER_Y	7820195	7819916	NA	190.9	-	https://v12-1.orthodb.org/?query=181091at7147
SUPER_Y	7820195	7819916	NA	190.9	-	https://v12-1.orthodb.org/?query=181091at7147
SUPER_Y	7820195	7819916	NA	190.9	-	https://v12-1.orthodb.org/?query=181091at7147
SUPER_Y	7820195	7819916	NA	190.9	-	https://v12-1.orthodb.org/?query=181091at7147
SUPER_Y	7820195	7819916	NA	190.9	-	https://v12-1.orthodb.org/?query=181091at7147
SUPER_Y	7820195	7819916	NA	190.9	-	https://v12-1.orthodb.org/?query=181091at7147
SUPER_Y	7820195	7819916	NA	190.9	-	https://v12-1.orthodb.org/?query=181091at7147
SUPER_Y	7820195	7819916	NA	190.9	-	https://v12-1.orthodb.org/?query=181091at7147
SUPER_Y	7130715	7130997	NA	190.9	+	https://v12-1.orthodb.org/?query=181091at7147
SUPER_Y	7130715	7130997	NA	190.9	+	https://v12-1.orthodb.org/?query=181091at7147
SUPER_Y	7130715	7130997	NA	190.9	+	https://v12-1.orthodb.org/?query=181091at7147
SUPER_Y	7130715	7130997	NA	190.9	+	https://v12-1.orthodb.org/?query=181091at7147
SUPER_Y	7130715	7130997	NA	190.9	+	https://v12-1.orthodb.org/?query=181091at7147
SUPER_Y	7130715	7130997	NA	190.9	+	https://v12-1.orthodb.org/?query=181091at7147
SUPER_Y	7130715	7130997	NA	190.9	+	https://v12-1.orthodb.org/?query=181091at7147
SUPER_Y	7130715	7130997	NA	190.9	+	https://v12-1.orthodb.org/?query=181091at7147
SUPER_Y	7130715	7130997	NA	190.9	+	https://v12-1.orthodb.org/?query=181091at7147
SUPER_Y	7130715	7130997	NA	190.9	+	https://v12-1.orthodb.org/?query=181091at7147
SUPER_Y	7130715	7130997	NA	190.9	+	https://v12-1.orthodb.org/?query=181091at7147
SUPER_Y	7130715	7130997	NA	190.9	+	https://v12-1.orthodb.org/?query=181091at7147
SUPER_Y	7130715	7130997	NA	190.9	+	https://v12-1.orthodb.org/?query=181091at7147
SUPER_Y	7130715	7130997	NA	190.9	+	https://v12-1.orthodb.org/?query=181091at7147
SUPER_Y	7130715	7130997	NA	190.9	+	https://v12-1.orthodb.org/?query=181091at7147
SUPER_Y	7130715	7130997	NA	190.9	+	https://v12-1.orthodb.org/?query=181091at7147
SUPER_Y	7130715	7130997	NA	190.9	+	https://v12-1.orthodb.org/?query=181091at7147
SUPER_Y	7130715	7130997	NA	190.9	+	https://v12-1.orthodb.org/?query=181091at7147
SUPER_Y	7130715	7130997	NA	190.9	+	https://v12-1.orthodb.org/?query=181091at7147
SUPER_Y	7130715	7130997	NA	190.9	+	https://v12-1.orthodb.org/?query=181091at7147
SUPER_Y	7130715	7130997	NA	190.9	+	https://v12-1.orthodb.org/?query=181091at7147
SUPER_Y	7130715	7130997	NA	190.9	+	https://v12-1.orthodb.org/?query=181091at7147
SUPER_Y	7130715	7130997	NA	190.9	+	https://v12-1.orthodb.org/?query=181091at7147
SUPER_Y	7130715	7130997	NA	190.9	+	https://v12-1.orthodb.org/?query=181091at7147
SUPER_Y	7130715	7130997	NA	190.9	+	https://v12-1.orthodb.org/?query=181091at7147
SUPER_Y	7130715	7130997	NA	190.9	+	https://v12-1.orthodb.org/?query=181091at7147
SUPER_Y	7130715	7130997	NA	190.9	+	https://v12-1.orthodb.org/?query=181091at7147
SUPER_Y	7130715	7130997	NA	190.9	+	https://v12-1.orthodb.org/?query=181091at7147
SUPER_Y	7130715	7130997	NA	190.9	+	https://v12-1.orthodb.org/?query=181091at7147
SUPER_Y	7130715	7130997	NA	190.9	+	https://v12-1.orthodb.org/?query=181091at7147
SUPER_Y	7130715	7130997	NA	190.9	+	https://v12-1.orthodb.org/?query=181091at7147
SUPER_Y	7130715	7130997	NA	190.9	+	https://v12-1.orthodb.org/?query=181091at7147
SUPER_Y	7130715	7130997	NA	190.9	+	https://v12-1.orthodb.org/?query=181091at7147
SUPER_Y	8558848	8558566	NA	188.2	-	https://v12-1.orthodb.org/?query=181091at7147
SUPER_Y	8558848	8558566	NA	188.2	-	https://v12-1.orthodb.org/?query=181091at7147
SUPER_Y	8558848	8558566	NA	188.2	-	https://v12-1.orthodb.org/?query=181091at7147
SUPER_Y	8558848	8558566	NA	188.2	-	https://v12-1.orthodb.org/?query=181091at7147
SUPER_Y	8558848	8558566	NA	188.2	-	https://v12-1.orthodb.org/?query=181091at7147
SUPER_Y	8558848	8558566	NA	188.2	-	https://v12-1.orthodb.org/?query=181091at7147
SUPER_Y	8558848	8558566	NA	188.2	-	https://v12-1.orthodb.org/?query=181091at7147
SUPER_Y	8558848	8558566	NA	188.2	-	https://v12-1.orthodb.org/?query=181091at7147
SUPER_Y	8558848	8558566	NA	188.2	-	https://v12-1.orthodb.org/?query=181091at7147
SUPER_Y	8558848	8558566	NA	188.2	-	https://v12-1.orthodb.org/?query=181091at7147
SUPER_Y	8558848	8558566	NA	188.2	-	https://v12-1.orthodb.org/?query=181091at7147
SUPER_Y	8558848	8558566	NA	188.2	-	https://v12-1.orthodb.org/?query=181091at7147
SUPER_Y	8558848	8558566	NA	188.2	-	https://v12-1.orthodb.org/?query=181091at7147
SUPER_Y	8558848	8558566	NA	188.2	-	https://v12-1.orthodb.org/?query=181091at7147
SUPER_Y	8558848	8558566	NA	188.2	-	https://v12-1.orthodb.org/?query=181091at7147
SUPER_Y	8558848	8558566	NA	188.2	-	https://v12-1.orthodb.org/?query=181091at7147
SUPER_Y	8558848	8558566	NA	188.2	-	https://v12-1.orthodb.org/?query=181091at7147
SUPER_Y	8558848	8558566	NA	188.2	-	https://v12-1.orthodb.org/?query=181091at7147
SUPER_Y	8558848	8558566	NA	188.2	-	https://v12-1.orthodb.org/?query=181091at7147
SUPER_Y	8558848	8558566	NA	188.2	-	https://v12-1.orthodb.org/?query=181091at7147
SUPER_Y	8558848	8558566	NA	188.2	-	https://v12-1.orthodb.org/?query=181091at7147
SUPER_Y	8558848	8558566	NA	188.2	-	https://v12-1.orthodb.org/?query=181091at7147
SUPER_Y	8558848	8558566	NA	188.2	-	https://v12-1.orthodb.org/?query=181091at7147
SUPER_Y	8558848	8558566	NA	188.2	-	https://v12-1.orthodb.org/?query=181091at7147
SUPER_Y	8558848	8558566	NA	188.2	-	https://v12-1.orthodb.org/?query=181091at7147
SUPER_Y	8558848	8558566	NA	188.2	-	https://v12-1.orthodb.org/?query=181091at7147
SUPER_Y	8558848	8558566	NA	188.2	-	https://v12-1.orthodb.org/?query=181091at7147
SUPER_Y	8558848	8558566	NA	188.2	-	https://v12-1.orthodb.org/?query=181091at7147
SUPER_Y	8558848	8558566	NA	188.2	-	https://v12-1.orthodb.org/?query=181091at7147
SUPER_Y	8558848	8558566	NA	188.2	-	https://v12-1.orthodb.org/?query=181091at7147
SUPER_Y	8558848	8558566	NA	188.2	-	https://v12-1.orthodb.org/?query=181091at7147
SUPER_Y	8558848	8558566	NA	188.2	-	https://v12-1.orthodb.org/?query=181091at7147
SUPER_Y	8558848	8558566	NA	188.2	-	https://v12-1.orthodb.org/?query=181091at7147
SUPER_Y	3746408	3746687	NA	186.5	+	https://v12-1.orthodb.org/?query=181091at7147
SUPER_Y	3746408	3746687	NA	186.5	+	https://v12-1.orthodb.org/?query=181091at7147
SUPER_Y	3746408	3746687	NA	186.5	+	https://v12-1.orthodb.org/?query=181091at7147
SUPER_Y	3746408	3746687	NA	186.5	+	https://v12-1.orthodb.org/?query=181091at7147
SUPER_Y	3746408	3746687	NA	186.5	+	https://v12-1.orthodb.org/?query=181091at7147
SUPER_Y	3746408	3746687	NA	186.5	+	https://v12-1.orthodb.org/?query=181091at7147
SUPER_Y	3746408	3746687	NA	186.5	+	https://v12-1.orthodb.org/?query=181091at7147
SUPER_Y	3746408	3746687	NA	186.5	+	https://v12-1.orthodb.org/?query=181091at7147
SUPER_Y	3746408	3746687	NA	186.5	+	https://v12-1.orthodb.org/?query=181091at7147
SUPER_Y	3746408	3746687	NA	186.5	+	https://v12-1.orthodb.org/?query=181091at7147
SUPER_Y	3746408	3746687	NA	186.5	+	https://v12-1.orthodb.org/?query=181091at7147
SUPER_Y	3746408	3746687	NA	186.5	+	https://v12-1.orthodb.org/?query=181091at7147
SUPER_Y	3746408	3746687	NA	186.5	+	https://v12-1.orthodb.org/?query=181091at7147
SUPER_Y	3746408	3746687	NA	186.5	+	https://v12-1.orthodb.org/?query=181091at7147
SUPER_Y	3746408	3746687	NA	186.5	+	https://v12-1.orthodb.org/?query=181091at7147
SUPER_Y	3746408	3746687	NA	186.5	+	https://v12-1.orthodb.org/?query=181091at7147
SUPER_Y	3746408	3746687	NA	186.5	+	https://v12-1.orthodb.org/?query=181091at7147
SUPER_Y	3746408	3746687	NA	186.5	+	https://v12-1.orthodb.org/?query=181091at7147
SUPER_Y	3746408	3746687	NA	186.5	+	https://v12-1.orthodb.org/?query=181091at7147
SUPER_Y	3746408	3746687	NA	186.5	+	https://v12-1.orthodb.org/?query=181091at7147
SUPER_Y	3746408	3746687	NA	186.5	+	https://v12-1.orthodb.org/?query=181091at7147
SUPER_Y	3746408	3746687	NA	186.5	+	https://v12-1.orthodb.org/?query=181091at7147
SUPER_Y	3746408	3746687	NA	186.5	+	https://v12-1.orthodb.org/?query=181091at7147
SUPER_Y	3746408	3746687	NA	186.5	+	https://v12-1.orthodb.org/?query=181091at7147
SUPER_Y	3746408	3746687	NA	186.5	+	https://v12-1.orthodb.org/?query=181091at7147
SUPER_Y	3746408	3746687	NA	186.5	+	https://v12-1.orthodb.org/?query=181091at7147
SUPER_Y	3746408	3746687	NA	186.5	+	https://v12-1.orthodb.org/?query=181091at7147
SUPER_Y	3746408	3746687	NA	186.5	+	https://v12-1.orthodb.org/?query=181091at7147
SUPER_Y	3746408	3746687	NA	186.5	+	https://v12-1.orthodb.org/?query=181091at7147
SUPER_Y	3746408	3746687	NA	186.5	+	https://v12-1.orthodb.org/?query=181091at7147
SUPER_Y	3746408	3746687	NA	186.5	+	https://v12-1.orthodb.org/?query=181091at7147
SUPER_Y	3746408	3746687	NA	186.5	+	https://v12-1.orthodb.org/?query=181091at7147
SUPER_Y	3746408	3746687	NA	186.5	+	https://v12-1.orthodb.org/?query=181091at7147
SUPER_Y	8804992	8805274	NA	185.3	+	https://v12-1.orthodb.org/?query=181091at7147
SUPER_Y	8804992	8805274	NA	185.3	+	https://v12-1.orthodb.org/?query=181091at7147
SUPER_Y	8804992	8805274	NA	185.3	+	https://v12-1.orthodb.org/?query=181091at7147
SUPER_Y	8804992	8805274	NA	185.3	+	https://v12-1.orthodb.org/?query=181091at7147
SUPER_Y	8804992	8805274	NA	185.3	+	https://v12-1.orthodb.org/?query=181091at7147
SUPER_Y	8804992	8805274	NA	185.3	+	https://v12-1.orthodb.org/?query=181091at7147
SUPER_Y	8804992	8805274	NA	185.3	+	https://v12-1.orthodb.org/?query=181091at7147
SUPER_Y	8804992	8805274	NA	185.3	+	https://v12-1.orthodb.org/?query=181091at7147
SUPER_Y	8804992	8805274	NA	185.3	+	https://v12-1.orthodb.org/?query=181091at7147
SUPER_Y	8804992	8805274	NA	185.3	+	https://v12-1.orthodb.org/?query=181091at7147
SUPER_Y	8804992	8805274	NA	185.3	+	https://v12-1.orthodb.org/?query=181091at7147
SUPER_Y	8804992	8805274	NA	185.3	+	https://v12-1.orthodb.org/?query=181091at7147
SUPER_Y	8804992	8805274	NA	185.3	+	https://v12-1.orthodb.org/?query=181091at7147
SUPER_Y	8804992	8805274	NA	185.3	+	https://v12-1.orthodb.org/?query=181091at7147
SUPER_Y	8804992	8805274	NA	185.3	+	https://v12-1.orthodb.org/?query=181091at7147
SUPER_Y	8804992	8805274	NA	185.3	+	https://v12-1.orthodb.org/?query=181091at7147
SUPER_Y	8804992	8805274	NA	185.3	+	https://v12-1.orthodb.org/?query=181091at7147
SUPER_Y	8804992	8805274	NA	185.3	+	https://v12-1.orthodb.org/?query=181091at7147
SUPER_Y	8804992	8805274	NA	185.3	+	https://v12-1.orthodb.org/?query=181091at7147
SUPER_Y	8804992	8805274	NA	185.3	+	https://v12-1.orthodb.org/?query=181091at7147
SUPER_Y	8804992	8805274	NA	185.3	+	https://v12-1.orthodb.org/?query=181091at7147
SUPER_Y	8804992	8805274	NA	185.3	+	https://v12-1.orthodb.org/?query=181091at7147
SUPER_Y	8804992	8805274	NA	185.3	+	https://v12-1.orthodb.org/?query=181091at7147
SUPER_Y	8804992	8805274	NA	185.3	+	https://v12-1.orthodb.org/?query=181091at7147
SUPER_Y	8804992	8805274	NA	185.3	+	https://v12-1.orthodb.org/?query=181091at7147
SUPER_Y	8804992	8805274	NA	185.3	+	https://v12-1.orthodb.org/?query=181091at7147
SUPER_Y	8804992	8805274	NA	185.3	+	https://v12-1.orthodb.org/?query=181091at7147
SUPER_Y	8804992	8805274	NA	185.3	+	https://v12-1.orthodb.org/?query=181091at7147
SUPER_Y	8804992	8805274	NA	185.3	+	https://v12-1.orthodb.org/?query=181091at7147
SUPER_Y	8804992	8805274	NA	185.3	+	https://v12-1.orthodb.org/?query=181091at7147
SUPER_Y	8804992	8805274	NA	185.3	+	https://v12-1.orthodb.org/?query=181091at7147
SUPER_Y	8804992	8805274	NA	185.3	+	https://v12-1.orthodb.org/?query=181091at7147
SUPER_Y	8804992	8805274	NA	185.3	+	https://v12-1.orthodb.org/?query=181091at7147
SUPER_Y	9459314	9459032	NA	185.3	-	https://v12-1.orthodb.org/?query=181091at7147
SUPER_Y	9459314	9459032	NA	185.3	-	https://v12-1.orthodb.org/?query=181091at7147
SUPER_Y	9459314	9459032	NA	185.3	-	https://v12-1.orthodb.org/?query=181091at7147
SUPER_Y	9459314	9459032	NA	185.3	-	https://v12-1.orthodb.org/?query=181091at7147
SUPER_Y	9459314	9459032	NA	185.3	-	https://v12-1.orthodb.org/?query=181091at7147
SUPER_Y	9459314	9459032	NA	185.3	-	https://v12-1.orthodb.org/?query=181091at7147
SUPER_Y	9459314	9459032	NA	185.3	-	https://v12-1.orthodb.org/?query=181091at7147
SUPER_Y	9459314	9459032	NA	185.3	-	https://v12-1.orthodb.org/?query=181091at7147
SUPER_Y	9459314	9459032	NA	185.3	-	https://v12-1.orthodb.org/?query=181091at7147
SUPER_Y	9459314	9459032	NA	185.3	-	https://v12-1.orthodb.org/?query=181091at7147
SUPER_Y	9459314	9459032	NA	185.3	-	https://v12-1.orthodb.org/?query=181091at7147
SUPER_Y	9459314	9459032	NA	185.3	-	https://v12-1.orthodb.org/?query=181091at7147
SUPER_Y	9459314	9459032	NA	185.3	-	https://v12-1.orthodb.org/?query=181091at7147
SUPER_Y	9459314	9459032	NA	185.3	-	https://v12-1.orthodb.org/?query=181091at7147
SUPER_Y	9459314	9459032	NA	185.3	-	https://v12-1.orthodb.org/?query=181091at7147
SUPER_Y	9459314	9459032	NA	185.3	-	https://v12-1.orthodb.org/?query=181091at7147
SUPER_Y	9459314	9459032	NA	185.3	-	https://v12-1.orthodb.org/?query=181091at7147
SUPER_Y	9459314	9459032	NA	185.3	-	https://v12-1.orthodb.org/?query=181091at7147
SUPER_Y	9459314	9459032	NA	185.3	-	https://v12-1.orthodb.org/?query=181091at7147
SUPER_Y	9459314	9459032	NA	185.3	-	https://v12-1.orthodb.org/?query=181091at7147
SUPER_Y	9459314	9459032	NA	185.3	-	https://v12-1.orthodb.org/?query=181091at7147
SUPER_Y	9459314	9459032	NA	185.3	-	https://v12-1.orthodb.org/?query=181091at7147
SUPER_Y	9459314	9459032	NA	185.3	-	https://v12-1.orthodb.org/?query=181091at7147
SUPER_Y	9459314	9459032	NA	185.3	-	https://v12-1.orthodb.org/?query=181091at7147
SUPER_Y	9459314	9459032	NA	185.3	-	https://v12-1.orthodb.org/?query=181091at7147
SUPER_Y	9459314	9459032	NA	185.3	-	https://v12-1.orthodb.org/?query=181091at7147
SUPER_Y	9459314	9459032	NA	185.3	-	https://v12-1.orthodb.org/?query=181091at7147
SUPER_Y	9459314	9459032	NA	185.3	-	https://v12-1.orthodb.org/?query=181091at7147
SUPER_Y	9459314	9459032	NA	185.3	-	https://v12-1.orthodb.org/?query=181091at7147
SUPER_Y	9459314	9459032	NA	185.3	-	https://v12-1.orthodb.org/?query=181091at7147
SUPER_Y	9459314	9459032	NA	185.3	-	https://v12-1.orthodb.org/?query=181091at7147
SUPER_Y	9459314	9459032	NA	185.3	-	https://v12-1.orthodb.org/?query=181091at7147
SUPER_Y	9459314	9459032	NA	185.3	-	https://v12-1.orthodb.org/?query=181091at7147
SUPER_Y	4699936	4699666	NA	194.9	-	https://v12-1.orthodb.org/?query=181091at7147
SUPER_Y	4699936	4699666	NA	194.9	-	https://v12-1.orthodb.org/?query=181091at7147
SUPER_Y	4699936	4699666	NA	194.9	-	https://v12-1.orthodb.org/?query=181091at7147
SUPER_Y	4699936	4699666	NA	194.9	-	https://v12-1.orthodb.org/?query=181091at7147
SUPER_Y	4699936	4699666	NA	194.9	-	https://v12-1.orthodb.org/?query=181091at7147
SUPER_Y	4699936	4699666	NA	194.9	-	https://v12-1.orthodb.org/?query=181091at7147
SUPER_Y	4699936	4699666	NA	194.9	-	https://v12-1.orthodb.org/?query=181091at7147
SUPER_Y	4699936	4699666	NA	194.9	-	https://v12-1.orthodb.org/?query=181091at7147
SUPER_Y	4699936	4699666	NA	194.9	-	https://v12-1.orthodb.org/?query=181091at7147
SUPER_Y	4699936	4699666	NA	194.9	-	https://v12-1.orthodb.org/?query=181091at7147
SUPER_Y	4699936	4699666	NA	194.9	-	https://v12-1.orthodb.org/?query=181091at7147
SUPER_Y	4699936	4699666	NA	194.9	-	https://v12-1.orthodb.org/?query=181091at7147
SUPER_Y	4699936	4699666	NA	194.9	-	https://v12-1.orthodb.org/?query=181091at7147
SUPER_Y	4699936	4699666	NA	194.9	-	https://v12-1.orthodb.org/?query=181091at7147
SUPER_Y	4699936	4699666	NA	194.9	-	https://v12-1.orthodb.org/?query=181091at7147
SUPER_Y	4699936	4699666	NA	194.9	-	https://v12-1.orthodb.org/?query=181091at7147
SUPER_Y	4699936	4699666	NA	194.9	-	https://v12-1.orthodb.org/?query=181091at7147
SUPER_Y	4699936	4699666	NA	194.9	-	https://v12-1.orthodb.org/?query=181091at7147
SUPER_Y	4699936	4699666	NA	194.9	-	https://v12-1.orthodb.org/?query=181091at7147
SUPER_Y	4699936	4699666	NA	194.9	-	https://v12-1.orthodb.org/?query=181091at7147
SUPER_Y	4699936	4699666	NA	194.9	-	https://v12-1.orthodb.org/?query=181091at7147
SUPER_Y	4699936	4699666	NA	194.9	-	https://v12-1.orthodb.org/?query=181091at7147
SUPER_Y	4699936	4699666	NA	194.9	-	https://v12-1.orthodb.org/?query=181091at7147
SUPER_Y	4699936	4699666	NA	194.9	-	https://v12-1.orthodb.org/?query=181091at7147
SUPER_Y	4699936	4699666	NA	194.9	-	https://v12-1.orthodb.org/?query=181091at7147
SUPER_Y	4699936	4699666	NA	194.9	-	https://v12-1.orthodb.org/?query=181091at7147
SUPER_Y	4699936	4699666	NA	194.9	-	https://v12-1.orthodb.org/?query=181091at7147
SUPER_Y	4699936	4699666	NA	194.9	-	https://v12-1.orthodb.org/?query=181091at7147
SUPER_Y	4699936	4699666	NA	194.9	-	https://v12-1.orthodb.org/?query=181091at7147
SUPER_Y	4699936	4699666	NA	194.9	-	https://v12-1.orthodb.org/?query=181091at7147
SUPER_Y	4699936	4699666	NA	194.9	-	https://v12-1.orthodb.org/?query=181091at7147
SUPER_Y	4699936	4699666	NA	194.9	-	https://v12-1.orthodb.org/?query=181091at7147
SUPER_Y	4699936	4699666	NA	194.9	-	https://v12-1.orthodb.org/?query=181091at7147
SUPER_Y	1163843	1164113	NA	194.8	+	https://v12-1.orthodb.org/?query=181091at7147
SUPER_Y	1163843	1164113	NA	194.8	+	https://v12-1.orthodb.org/?query=181091at7147
SUPER_Y	1163843	1164113	NA	194.8	+	https://v12-1.orthodb.org/?query=181091at7147
SUPER_Y	1163843	1164113	NA	194.8	+	https://v12-1.orthodb.org/?query=181091at7147
SUPER_Y	1163843	1164113	NA	194.8	+	https://v12-1.orthodb.org/?query=181091at7147
SUPER_Y	1163843	1164113	NA	194.8	+	https://v12-1.orthodb.org/?query=181091at7147
SUPER_Y	1163843	1164113	NA	194.8	+	https://v12-1.orthodb.org/?query=181091at7147
SUPER_Y	1163843	1164113	NA	194.8	+	https://v12-1.orthodb.org/?query=181091at7147
SUPER_Y	1163843	1164113	NA	194.8	+	https://v12-1.orthodb.org/?query=181091at7147
SUPER_Y	1163843	1164113	NA	194.8	+	https://v12-1.orthodb.org/?query=181091at7147
SUPER_Y	1163843	1164113	NA	194.8	+	https://v12-1.orthodb.org/?query=181091at7147
SUPER_Y	1163843	1164113	NA	194.8	+	https://v12-1.orthodb.org/?query=181091at7147
SUPER_Y	1163843	1164113	NA	194.8	+	https://v12-1.orthodb.org/?query=181091at7147
SUPER_Y	1163843	1164113	NA	194.8	+	https://v12-1.orthodb.org/?query=181091at7147
SUPER_Y	1163843	1164113	NA	194.8	+	https://v12-1.orthodb.org/?query=181091at7147
SUPER_Y	1163843	1164113	NA	194.8	+	https://v12-1.orthodb.org/?query=181091at7147
SUPER_Y	1163843	1164113	NA	194.8	+	https://v12-1.orthodb.org/?query=181091at7147
SUPER_Y	1163843	1164113	NA	194.8	+	https://v12-1.orthodb.org/?query=181091at7147
SUPER_Y	1163843	1164113	NA	194.8	+	https://v12-1.orthodb.org/?query=181091at7147
SUPER_Y	1163843	1164113	NA	194.8	+	https://v12-1.orthodb.org/?query=181091at7147
SUPER_Y	1163843	1164113	NA	194.8	+	https://v12-1.orthodb.org/?query=181091at7147
SUPER_Y	1163843	1164113	NA	194.8	+	https://v12-1.orthodb.org/?query=181091at7147
SUPER_Y	1163843	1164113	NA	194.8	+	https://v12-1.orthodb.org/?query=181091at7147
SUPER_Y	1163843	1164113	NA	194.8	+	https://v12-1.orthodb.org/?query=181091at7147
SUPER_Y	1163843	1164113	NA	194.8	+	https://v12-1.orthodb.org/?query=181091at7147
SUPER_Y	1163843	1164113	NA	194.8	+	https://v12-1.orthodb.org/?query=181091at7147
SUPER_Y	1163843	1164113	NA	194.8	+	https://v12-1.orthodb.org/?query=181091at7147
SUPER_Y	1163843	1164113	NA	194.8	+	https://v12-1.orthodb.org/?query=181091at7147
SUPER_Y	1163843	1164113	NA	194.8	+	https://v12-1.orthodb.org/?query=181091at7147
SUPER_Y	1163843	1164113	NA	194.8	+	https://v12-1.orthodb.org/?query=181091at7147
SUPER_Y	1163843	1164113	NA	194.8	+	https://v12-1.orthodb.org/?query=181091at7147
SUPER_Y	1163843	1164113	NA	194.8	+	https://v12-1.orthodb.org/?query=181091at7147
SUPER_Y	1163843	1164113	NA	194.8	+	https://v12-1.orthodb.org/?query=181091at7147
SUPER_Y	1295142	1295412	NA	194.8	+	https://v12-1.orthodb.org/?query=181091at7147
SUPER_Y	1295142	1295412	NA	194.8	+	https://v12-1.orthodb.org/?query=181091at7147
SUPER_Y	1295142	1295412	NA	194.8	+	https://v12-1.orthodb.org/?query=181091at7147
SUPER_Y	1295142	1295412	NA	194.8	+	https://v12-1.orthodb.org/?query=181091at7147
SUPER_Y	1295142	1295412	NA	194.8	+	https://v12-1.orthodb.org/?query=181091at7147
SUPER_Y	1295142	1295412	NA	194.8	+	https://v12-1.orthodb.org/?query=181091at7147
SUPER_Y	1295142	1295412	NA	194.8	+	https://v12-1.orthodb.org/?query=181091at7147
SUPER_Y	1295142	1295412	NA	194.8	+	https://v12-1.orthodb.org/?query=181091at7147
SUPER_Y	1295142	1295412	NA	194.8	+	https://v12-1.orthodb.org/?query=181091at7147
SUPER_Y	1295142	1295412	NA	194.8	+	https://v12-1.orthodb.org/?query=181091at7147
SUPER_Y	1295142	1295412	NA	194.8	+	https://v12-1.orthodb.org/?query=181091at7147
SUPER_Y	1295142	1295412	NA	194.8	+	https://v12-1.orthodb.org/?query=181091at7147
SUPER_Y	1295142	1295412	NA	194.8	+	https://v12-1.orthodb.org/?query=181091at7147
SUPER_Y	1295142	1295412	NA	194.8	+	https://v12-1.orthodb.org/?query=181091at7147
SUPER_Y	1295142	1295412	NA	194.8	+	https://v12-1.orthodb.org/?query=181091at7147
SUPER_Y	1295142	1295412	NA	194.8	+	https://v12-1.orthodb.org/?query=181091at7147
SUPER_Y	1295142	1295412	NA	194.8	+	https://v12-1.orthodb.org/?query=181091at7147
SUPER_Y	1295142	1295412	NA	194.8	+	https://v12-1.orthodb.org/?query=181091at7147
SUPER_Y	1295142	1295412	NA	194.8	+	https://v12-1.orthodb.org/?query=181091at7147
SUPER_Y	1295142	1295412	NA	194.8	+	https://v12-1.orthodb.org/?query=181091at7147
SUPER_Y	1295142	1295412	NA	194.8	+	https://v12-1.orthodb.org/?query=181091at7147
SUPER_Y	1295142	1295412	NA	194.8	+	https://v12-1.orthodb.org/?query=181091at7147
SUPER_Y	1295142	1295412	NA	194.8	+	https://v12-1.orthodb.org/?query=181091at7147
SUPER_Y	1295142	1295412	NA	194.8	+	https://v12-1.orthodb.org/?query=181091at7147
SUPER_Y	1295142	1295412	NA	194.8	+	https://v12-1.orthodb.org/?query=181091at7147
SUPER_Y	1295142	1295412	NA	194.8	+	https://v12-1.orthodb.org/?query=181091at7147
SUPER_Y	1295142	1295412	NA	194.8	+	https://v12-1.orthodb.org/?query=181091at7147
SUPER_Y	1295142	1295412	NA	194.8	+	https://v12-1.orthodb.org/?query=181091at7147
SUPER_Y	1295142	1295412	NA	194.8	+	https://v12-1.orthodb.org/?query=181091at7147
SUPER_Y	1295142	1295412	NA	194.8	+	https://v12-1.orthodb.org/?query=181091at7147
SUPER_Y	1295142	1295412	NA	194.8	+	https://v12-1.orthodb.org/?query=181091at7147
SUPER_Y	1295142	1295412	NA	194.8	+	https://v12-1.orthodb.org/?query=181091at7147
SUPER_Y	1295142	1295412	NA	194.8	+	https://v12-1.orthodb.org/?query=181091at7147
SUPER_Y	3446957	3447227	NA	194.8	+	https://v12-1.orthodb.org/?query=181091at7147
SUPER_Y	3446957	3447227	NA	194.8	+	https://v12-1.orthodb.org/?query=181091at7147
SUPER_Y	3446957	3447227	NA	194.8	+	https://v12-1.orthodb.org/?query=181091at7147
SUPER_Y	3446957	3447227	NA	194.8	+	https://v12-1.orthodb.org/?query=181091at7147
SUPER_Y	3446957	3447227	NA	194.8	+	https://v12-1.orthodb.org/?query=181091at7147
SUPER_Y	3446957	3447227	NA	194.8	+	https://v12-1.orthodb.org/?query=181091at7147
SUPER_Y	3446957	3447227	NA	194.8	+	https://v12-1.orthodb.org/?query=181091at7147
SUPER_Y	3446957	3447227	NA	194.8	+	https://v12-1.orthodb.org/?query=181091at7147
SUPER_Y	3446957	3447227	NA	194.8	+	https://v12-1.orthodb.org/?query=181091at7147
SUPER_Y	3446957	3447227	NA	194.8	+	https://v12-1.orthodb.org/?query=181091at7147
SUPER_Y	3446957	3447227	NA	194.8	+	https://v12-1.orthodb.org/?query=181091at7147
SUPER_Y	3446957	3447227	NA	194.8	+	https://v12-1.orthodb.org/?query=181091at7147
SUPER_Y	3446957	3447227	NA	194.8	+	https://v12-1.orthodb.org/?query=181091at7147
SUPER_Y	3446957	3447227	NA	194.8	+	https://v12-1.orthodb.org/?query=181091at7147
SUPER_Y	3446957	3447227	NA	194.8	+	https://v12-1.orthodb.org/?query=181091at7147
SUPER_Y	3446957	3447227	NA	194.8	+	https://v12-1.orthodb.org/?query=181091at7147
SUPER_Y	3446957	3447227	NA	194.8	+	https://v12-1.orthodb.org/?query=181091at7147
SUPER_Y	3446957	3447227	NA	194.8	+	https://v12-1.orthodb.org/?query=181091at7147
SUPER_Y	3446957	3447227	NA	194.8	+	https://v12-1.orthodb.org/?query=181091at7147
SUPER_Y	3446957	3447227	NA	194.8	+	https://v12-1.orthodb.org/?query=181091at7147
SUPER_Y	3446957	3447227	NA	194.8	+	https://v12-1.orthodb.org/?query=181091at7147
SUPER_Y	3446957	3447227	NA	194.8	+	https://v12-1.orthodb.org/?query=181091at7147
SUPER_Y	3446957	3447227	NA	194.8	+	https://v12-1.orthodb.org/?query=181091at7147
SUPER_Y	3446957	3447227	NA	194.8	+	https://v12-1.orthodb.org/?query=181091at7147
SUPER_Y	3446957	3447227	NA	194.8	+	https://v12-1.orthodb.org/?query=181091at7147
SUPER_Y	3446957	3447227	NA	194.8	+	https://v12-1.orthodb.org/?query=181091at7147
SUPER_Y	3446957	3447227	NA	194.8	+	https://v12-1.orthodb.org/?query=181091at7147
SUPER_Y	3446957	3447227	NA	194.8	+	https://v12-1.orthodb.org/?query=181091at7147
SUPER_Y	3446957	3447227	NA	194.8	+	https://v12-1.orthodb.org/?query=181091at7147
SUPER_Y	3446957	3447227	NA	194.8	+	https://v12-1.orthodb.org/?query=181091at7147
SUPER_Y	3446957	3447227	NA	194.8	+	https://v12-1.orthodb.org/?query=181091at7147
SUPER_Y	3446957	3447227	NA	194.8	+	https://v12-1.orthodb.org/?query=181091at7147
SUPER_Y	3446957	3447227	NA	194.8	+	https://v12-1.orthodb.org/?query=181091at7147
SUPER_Y	3986974	3987244	NA	194.8	+	https://v12-1.orthodb.org/?query=181091at7147
SUPER_Y	3986974	3987244	NA	194.8	+	https://v12-1.orthodb.org/?query=181091at7147
SUPER_Y	3986974	3987244	NA	194.8	+	https://v12-1.orthodb.org/?query=181091at7147
SUPER_Y	3986974	3987244	NA	194.8	+	https://v12-1.orthodb.org/?query=181091at7147
SUPER_Y	3986974	3987244	NA	194.8	+	https://v12-1.orthodb.org/?query=181091at7147
SUPER_Y	3986974	3987244	NA	194.8	+	https://v12-1.orthodb.org/?query=181091at7147
SUPER_Y	3986974	3987244	NA	194.8	+	https://v12-1.orthodb.org/?query=181091at7147
SUPER_Y	3986974	3987244	NA	194.8	+	https://v12-1.orthodb.org/?query=181091at7147
SUPER_Y	3986974	3987244	NA	194.8	+	https://v12-1.orthodb.org/?query=181091at7147
SUPER_Y	3986974	3987244	NA	194.8	+	https://v12-1.orthodb.org/?query=181091at7147
SUPER_Y	3986974	3987244	NA	194.8	+	https://v12-1.orthodb.org/?query=181091at7147
SUPER_Y	3986974	3987244	NA	194.8	+	https://v12-1.orthodb.org/?query=181091at7147
SUPER_Y	3986974	3987244	NA	194.8	+	https://v12-1.orthodb.org/?query=181091at7147
SUPER_Y	3986974	3987244	NA	194.8	+	https://v12-1.orthodb.org/?query=181091at7147
SUPER_Y	3986974	3987244	NA	194.8	+	https://v12-1.orthodb.org/?query=181091at7147
SUPER_Y	3986974	3987244	NA	194.8	+	https://v12-1.orthodb.org/?query=181091at7147
SUPER_Y	3986974	3987244	NA	194.8	+	https://v12-1.orthodb.org/?query=181091at7147
SUPER_Y	3986974	3987244	NA	194.8	+	https://v12-1.orthodb.org/?query=181091at7147
SUPER_Y	3986974	3987244	NA	194.8	+	https://v12-1.orthodb.org/?query=181091at7147
SUPER_Y	3986974	3987244	NA	194.8	+	https://v12-1.orthodb.org/?query=181091at7147
SUPER_Y	3986974	3987244	NA	194.8	+	https://v12-1.orthodb.org/?query=181091at7147
SUPER_Y	3986974	3987244	NA	194.8	+	https://v12-1.orthodb.org/?query=181091at7147
SUPER_Y	3986974	3987244	NA	194.8	+	https://v12-1.orthodb.org/?query=181091at7147
SUPER_Y	3986974	3987244	NA	194.8	+	https://v12-1.orthodb.org/?query=181091at7147
SUPER_Y	3986974	3987244	NA	194.8	+	https://v12-1.orthodb.org/?query=181091at7147
SUPER_Y	3986974	3987244	NA	194.8	+	https://v12-1.orthodb.org/?query=181091at7147
SUPER_Y	3986974	3987244	NA	194.8	+	https://v12-1.orthodb.org/?query=181091at7147
SUPER_Y	3986974	3987244	NA	194.8	+	https://v12-1.orthodb.org/?query=181091at7147
SUPER_Y	3986974	3987244	NA	194.8	+	https://v12-1.orthodb.org/?query=181091at7147
SUPER_Y	3986974	3987244	NA	194.8	+	https://v12-1.orthodb.org/?query=181091at7147
SUPER_Y	3986974	3987244	NA	194.8	+	https://v12-1.orthodb.org/?query=181091at7147
SUPER_Y	3986974	3987244	NA	194.8	+	https://v12-1.orthodb.org/?query=181091at7147
SUPER_Y	3986974	3987244	NA	194.8	+	https://v12-1.orthodb.org/?query=181091at7147
SUPER_Y	4261874	4262144	NA	194.8	+	https://v12-1.orthodb.org/?query=181091at7147
SUPER_Y	4261874	4262144	NA	194.8	+	https://v12-1.orthodb.org/?query=181091at7147
SUPER_Y	4261874	4262144	NA	194.8	+	https://v12-1.orthodb.org/?query=181091at7147
SUPER_Y	4261874	4262144	NA	194.8	+	https://v12-1.orthodb.org/?query=181091at7147
SUPER_Y	4261874	4262144	NA	194.8	+	https://v12-1.orthodb.org/?query=181091at7147
SUPER_Y	4261874	4262144	NA	194.8	+	https://v12-1.orthodb.org/?query=181091at7147
SUPER_Y	4261874	4262144	NA	194.8	+	https://v12-1.orthodb.org/?query=181091at7147
SUPER_Y	4261874	4262144	NA	194.8	+	https://v12-1.orthodb.org/?query=181091at7147
SUPER_Y	4261874	4262144	NA	194.8	+	https://v12-1.orthodb.org/?query=181091at7147
SUPER_Y	4261874	4262144	NA	194.8	+	https://v12-1.orthodb.org/?query=181091at7147
SUPER_Y	4261874	4262144	NA	194.8	+	https://v12-1.orthodb.org/?query=181091at7147
SUPER_Y	4261874	4262144	NA	194.8	+	https://v12-1.orthodb.org/?query=181091at7147
SUPER_Y	4261874	4262144	NA	194.8	+	https://v12-1.orthodb.org/?query=181091at7147
SUPER_Y	4261874	4262144	NA	194.8	+	https://v12-1.orthodb.org/?query=181091at7147
SUPER_Y	4261874	4262144	NA	194.8	+	https://v12-1.orthodb.org/?query=181091at7147
SUPER_Y	4261874	4262144	NA	194.8	+	https://v12-1.orthodb.org/?query=181091at7147
SUPER_Y	4261874	4262144	NA	194.8	+	https://v12-1.orthodb.org/?query=181091at7147
SUPER_Y	4261874	4262144	NA	194.8	+	https://v12-1.orthodb.org/?query=181091at7147
SUPER_Y	4261874	4262144	NA	194.8	+	https://v12-1.orthodb.org/?query=181091at7147
SUPER_Y	4261874	4262144	NA	194.8	+	https://v12-1.orthodb.org/?query=181091at7147
SUPER_Y	4261874	4262144	NA	194.8	+	https://v12-1.orthodb.org/?query=181091at7147
SUPER_Y	4261874	4262144	NA	194.8	+	https://v12-1.orthodb.org/?query=181091at7147
SUPER_Y	4261874	4262144	NA	194.8	+	https://v12-1.orthodb.org/?query=181091at7147
SUPER_Y	4261874	4262144	NA	194.8	+	https://v12-1.orthodb.org/?query=181091at7147
SUPER_Y	4261874	4262144	NA	194.8	+	https://v12-1.orthodb.org/?query=181091at7147
SUPER_Y	4261874	4262144	NA	194.8	+	https://v12-1.orthodb.org/?query=181091at7147
SUPER_Y	4261874	4262144	NA	194.8	+	https://v12-1.orthodb.org/?query=181091at7147
SUPER_Y	4261874	4262144	NA	194.8	+	https://v12-1.orthodb.org/?query=181091at7147
SUPER_Y	4261874	4262144	NA	194.8	+	https://v12-1.orthodb.org/?query=181091at7147
SUPER_Y	4261874	4262144	NA	194.8	+	https://v12-1.orthodb.org/?query=181091at7147
SUPER_Y	4261874	4262144	NA	194.8	+	https://v12-1.orthodb.org/?query=181091at7147
SUPER_Y	4261874	4262144	NA	194.8	+	https://v12-1.orthodb.org/?query=181091at7147
SUPER_Y	4261874	4262144	NA	194.8	+	https://v12-1.orthodb.org/?query=181091at7147
SUPER_Y	4952362	4952092	NA	194.8	-	https://v12-1.orthodb.org/?query=181091at7147
SUPER_Y	4952362	4952092	NA	194.8	-	https://v12-1.orthodb.org/?query=181091at7147
SUPER_Y	4952362	4952092	NA	194.8	-	https://v12-1.orthodb.org/?query=181091at7147
SUPER_Y	4952362	4952092	NA	194.8	-	https://v12-1.orthodb.org/?query=181091at7147
SUPER_Y	4952362	4952092	NA	194.8	-	https://v12-1.orthodb.org/?query=181091at7147
SUPER_Y	4952362	4952092	NA	194.8	-	https://v12-1.orthodb.org/?query=181091at7147
SUPER_Y	4952362	4952092	NA	194.8	-	https://v12-1.orthodb.org/?query=181091at7147
SUPER_Y	4952362	4952092	NA	194.8	-	https://v12-1.orthodb.org/?query=181091at7147
SUPER_Y	4952362	4952092	NA	194.8	-	https://v12-1.orthodb.org/?query=181091at7147
SUPER_Y	4952362	4952092	NA	194.8	-	https://v12-1.orthodb.org/?query=181091at7147
SUPER_Y	4952362	4952092	NA	194.8	-	https://v12-1.orthodb.org/?query=181091at7147
SUPER_Y	4952362	4952092	NA	194.8	-	https://v12-1.orthodb.org/?query=181091at7147
SUPER_Y	4952362	4952092	NA	194.8	-	https://v12-1.orthodb.org/?query=181091at7147
SUPER_Y	4952362	4952092	NA	194.8	-	https://v12-1.orthodb.org/?query=181091at7147
SUPER_Y	4952362	4952092	NA	194.8	-	https://v12-1.orthodb.org/?query=181091at7147
SUPER_Y	4952362	4952092	NA	194.8	-	https://v12-1.orthodb.org/?query=181091at7147
SUPER_Y	4952362	4952092	NA	194.8	-	https://v12-1.orthodb.org/?query=181091at7147
SUPER_Y	4952362	4952092	NA	194.8	-	https://v12-1.orthodb.org/?query=181091at7147
SUPER_Y	4952362	4952092	NA	194.8	-	https://v12-1.orthodb.org/?query=181091at7147
SUPER_Y	4952362	4952092	NA	194.8	-	https://v12-1.orthodb.org/?query=181091at7147
SUPER_Y	4952362	4952092	NA	194.8	-	https://v12-1.orthodb.org/?query=181091at7147
SUPER_Y	4952362	4952092	NA	194.8	-	https://v12-1.orthodb.org/?query=181091at7147
SUPER_Y	4952362	4952092	NA	194.8	-	https://v12-1.orthodb.org/?query=181091at7147
SUPER_Y	4952362	4952092	NA	194.8	-	https://v12-1.orthodb.org/?query=181091at7147
SUPER_Y	4952362	4952092	NA	194.8	-	https://v12-1.orthodb.org/?query=181091at7147
SUPER_Y	4952362	4952092	NA	194.8	-	https://v12-1.orthodb.org/?query=181091at7147
SUPER_Y	4952362	4952092	NA	194.8	-	https://v12-1.orthodb.org/?query=181091at7147
SUPER_Y	4952362	4952092	NA	194.8	-	https://v12-1.orthodb.org/?query=181091at7147
SUPER_Y	4952362	4952092	NA	194.8	-	https://v12-1.orthodb.org/?query=181091at7147
SUPER_Y	4952362	4952092	NA	194.8	-	https://v12-1.orthodb.org/?query=181091at7147
SUPER_Y	4952362	4952092	NA	194.8	-	https://v12-1.orthodb.org/?query=181091at7147
SUPER_Y	4952362	4952092	NA	194.8	-	https://v12-1.orthodb.org/?query=181091at7147
SUPER_Y	4952362	4952092	NA	194.8	-	https://v12-1.orthodb.org/?query=181091at7147
SUPER_Y	5151050	5150780	NA	194.8	-	https://v12-1.orthodb.org/?query=181091at7147
SUPER_Y	5151050	5150780	NA	194.8	-	https://v12-1.orthodb.org/?query=181091at7147
SUPER_Y	5151050	5150780	NA	194.8	-	https://v12-1.orthodb.org/?query=181091at7147
SUPER_Y	5151050	5150780	NA	194.8	-	https://v12-1.orthodb.org/?query=181091at7147
SUPER_Y	5151050	5150780	NA	194.8	-	https://v12-1.orthodb.org/?query=181091at7147
SUPER_Y	5151050	5150780	NA	194.8	-	https://v12-1.orthodb.org/?query=181091at7147
SUPER_Y	5151050	5150780	NA	194.8	-	https://v12-1.orthodb.org/?query=181091at7147
SUPER_Y	5151050	5150780	NA	194.8	-	https://v12-1.orthodb.org/?query=181091at7147
SUPER_Y	5151050	5150780	NA	194.8	-	https://v12-1.orthodb.org/?query=181091at7147
SUPER_Y	5151050	5150780	NA	194.8	-	https://v12-1.orthodb.org/?query=181091at7147
SUPER_Y	5151050	5150780	NA	194.8	-	https://v12-1.orthodb.org/?query=181091at7147
SUPER_Y	5151050	5150780	NA	194.8	-	https://v12-1.orthodb.org/?query=181091at7147
SUPER_Y	5151050	5150780	NA	194.8	-	https://v12-1.orthodb.org/?query=181091at7147
SUPER_Y	5151050	5150780	NA	194.8	-	https://v12-1.orthodb.org/?query=181091at7147
SUPER_Y	5151050	5150780	NA	194.8	-	https://v12-1.orthodb.org/?query=181091at7147
SUPER_Y	5151050	5150780	NA	194.8	-	https://v12-1.orthodb.org/?query=181091at7147
SUPER_Y	5151050	5150780	NA	194.8	-	https://v12-1.orthodb.org/?query=181091at7147
SUPER_Y	5151050	5150780	NA	194.8	-	https://v12-1.orthodb.org/?query=181091at7147
SUPER_Y	5151050	5150780	NA	194.8	-	https://v12-1.orthodb.org/?query=181091at7147
SUPER_Y	5151050	5150780	NA	194.8	-	https://v12-1.orthodb.org/?query=181091at7147
SUPER_Y	5151050	5150780	NA	194.8	-	https://v12-1.orthodb.org/?query=181091at7147
SUPER_Y	5151050	5150780	NA	194.8	-	https://v12-1.orthodb.org/?query=181091at7147
SUPER_Y	5151050	5150780	NA	194.8	-	https://v12-1.orthodb.org/?query=181091at7147
SUPER_Y	5151050	5150780	NA	194.8	-	https://v12-1.orthodb.org/?query=181091at7147
SUPER_Y	5151050	5150780	NA	194.8	-	https://v12-1.orthodb.org/?query=181091at7147
SUPER_Y	5151050	5150780	NA	194.8	-	https://v12-1.orthodb.org/?query=181091at7147
SUPER_Y	5151050	5150780	NA	194.8	-	https://v12-1.orthodb.org/?query=181091at7147
SUPER_Y	5151050	5150780	NA	194.8	-	https://v12-1.orthodb.org/?query=181091at7147
SUPER_Y	5151050	5150780	NA	194.8	-	https://v12-1.orthodb.org/?query=181091at7147
SUPER_Y	5151050	5150780	NA	194.8	-	https://v12-1.orthodb.org/?query=181091at7147
SUPER_Y	5151050	5150780	NA	194.8	-	https://v12-1.orthodb.org/?query=181091at7147
SUPER_Y	5151050	5150780	NA	194.8	-	https://v12-1.orthodb.org/?query=181091at7147
SUPER_Y	5151050	5150780	NA	194.8	-	https://v12-1.orthodb.org/?query=181091at7147
SUPER_Y	846487	846757	NA	194.8	+	https://v12-1.orthodb.org/?query=181091at7147
SUPER_Y	846487	846757	NA	194.8	+	https://v12-1.orthodb.org/?query=181091at7147
SUPER_Y	846487	846757	NA	194.8	+	https://v12-1.orthodb.org/?query=181091at7147
SUPER_Y	846487	846757	NA	194.8	+	https://v12-1.orthodb.org/?query=181091at7147
SUPER_Y	846487	846757	NA	194.8	+	https://v12-1.orthodb.org/?query=181091at7147
SUPER_Y	846487	846757	NA	194.8	+	https://v12-1.orthodb.org/?query=181091at7147
SUPER_Y	846487	846757	NA	194.8	+	https://v12-1.orthodb.org/?query=181091at7147
SUPER_Y	846487	846757	NA	194.8	+	https://v12-1.orthodb.org/?query=181091at7147
SUPER_Y	846487	846757	NA	194.8	+	https://v12-1.orthodb.org/?query=181091at7147
SUPER_Y	846487	846757	NA	194.8	+	https://v12-1.orthodb.org/?query=181091at7147
SUPER_Y	846487	846757	NA	194.8	+	https://v12-1.orthodb.org/?query=181091at7147
SUPER_Y	846487	846757	NA	194.8	+	https://v12-1.orthodb.org/?query=181091at7147
SUPER_Y	846487	846757	NA	194.8	+	https://v12-1.orthodb.org/?query=181091at7147
SUPER_Y	846487	846757	NA	194.8	+	https://v12-1.orthodb.org/?query=181091at7147
SUPER_Y	846487	846757	NA	194.8	+	https://v12-1.orthodb.org/?query=181091at7147
SUPER_Y	846487	846757	NA	194.8	+	https://v12-1.orthodb.org/?query=181091at7147
SUPER_Y	846487	846757	NA	194.8	+	https://v12-1.orthodb.org/?query=181091at7147
SUPER_Y	846487	846757	NA	194.8	+	https://v12-1.orthodb.org/?query=181091at7147
SUPER_Y	846487	846757	NA	194.8	+	https://v12-1.orthodb.org/?query=181091at7147
SUPER_Y	846487	846757	NA	194.8	+	https://v12-1.orthodb.org/?query=181091at7147
SUPER_Y	846487	846757	NA	194.8	+	https://v12-1.orthodb.org/?query=181091at7147
SUPER_Y	846487	846757	NA	194.8	+	https://v12-1.orthodb.org/?query=181091at7147
SUPER_Y	846487	846757	NA	194.8	+	https://v12-1.orthodb.org/?query=181091at7147
SUPER_Y	846487	846757	NA	194.8	+	https://v12-1.orthodb.org/?query=181091at7147
SUPER_Y	846487	846757	NA	194.8	+	https://v12-1.orthodb.org/?query=181091at7147
SUPER_Y	846487	846757	NA	194.8	+	https://v12-1.orthodb.org/?query=181091at7147
SUPER_Y	846487	846757	NA	194.8	+	https://v12-1.orthodb.org/?query=181091at7147
SUPER_Y	846487	846757	NA	194.8	+	https://v12-1.orthodb.org/?query=181091at7147
SUPER_Y	846487	846757	NA	194.8	+	https://v12-1.orthodb.org/?query=181091at7147
SUPER_Y	846487	846757	NA	194.8	+	https://v12-1.orthodb.org/?query=181091at7147
SUPER_Y	846487	846757	NA	194.8	+	https://v12-1.orthodb.org/?query=181091at7147
SUPER_Y	846487	846757	NA	194.8	+	https://v12-1.orthodb.org/?query=181091at7147
SUPER_Y	846487	846757	NA	194.8	+	https://v12-1.orthodb.org/?query=181091at7147
SUPER_Y	969331	969601	NA	194.8	+	https://v12-1.orthodb.org/?query=181091at7147
SUPER_Y	969331	969601	NA	194.8	+	https://v12-1.orthodb.org/?query=181091at7147
SUPER_Y	969331	969601	NA	194.8	+	https://v12-1.orthodb.org/?query=181091at7147
SUPER_Y	969331	969601	NA	194.8	+	https://v12-1.orthodb.org/?query=181091at7147
SUPER_Y	969331	969601	NA	194.8	+	https://v12-1.orthodb.org/?query=181091at7147
SUPER_Y	969331	969601	NA	194.8	+	https://v12-1.orthodb.org/?query=181091at7147
SUPER_Y	969331	969601	NA	194.8	+	https://v12-1.orthodb.org/?query=181091at7147
SUPER_Y	969331	969601	NA	194.8	+	https://v12-1.orthodb.org/?query=181091at7147
SUPER_Y	969331	969601	NA	194.8	+	https://v12-1.orthodb.org/?query=181091at7147
SUPER_Y	969331	969601	NA	194.8	+	https://v12-1.orthodb.org/?query=181091at7147
SUPER_Y	969331	969601	NA	194.8	+	https://v12-1.orthodb.org/?query=181091at7147
SUPER_Y	969331	969601	NA	194.8	+	https://v12-1.orthodb.org/?query=181091at7147
SUPER_Y	969331	969601	NA	194.8	+	https://v12-1.orthodb.org/?query=181091at7147
SUPER_Y	969331	969601	NA	194.8	+	https://v12-1.orthodb.org/?query=181091at7147
SUPER_Y	969331	969601	NA	194.8	+	https://v12-1.orthodb.org/?query=181091at7147
SUPER_Y	969331	969601	NA	194.8	+	https://v12-1.orthodb.org/?query=181091at7147
SUPER_Y	969331	969601	NA	194.8	+	https://v12-1.orthodb.org/?query=181091at7147
SUPER_Y	969331	969601	NA	194.8	+	https://v12-1.orthodb.org/?query=181091at7147
SUPER_Y	969331	969601	NA	194.8	+	https://v12-1.orthodb.org/?query=181091at7147
SUPER_Y	969331	969601	NA	194.8	+	https://v12-1.orthodb.org/?query=181091at7147
SUPER_Y	969331	969601	NA	194.8	+	https://v12-1.orthodb.org/?query=181091at7147
SUPER_Y	969331	969601	NA	194.8	+	https://v12-1.orthodb.org/?query=181091at7147
SUPER_Y	969331	969601	NA	194.8	+	https://v12-1.orthodb.org/?query=181091at7147
SUPER_Y	969331	969601	NA	194.8	+	https://v12-1.orthodb.org/?query=181091at7147
SUPER_Y	969331	969601	NA	194.8	+	https://v12-1.orthodb.org/?query=181091at7147
SUPER_Y	969331	969601	NA	194.8	+	https://v12-1.orthodb.org/?query=181091at7147
SUPER_Y	969331	969601	NA	194.8	+	https://v12-1.orthodb.org/?query=181091at7147
SUPER_Y	969331	969601	NA	194.8	+	https://v12-1.orthodb.org/?query=181091at7147
SUPER_Y	969331	969601	NA	194.8	+	https://v12-1.orthodb.org/?query=181091at7147
SUPER_Y	969331	969601	NA	194.8	+	https://v12-1.orthodb.org/?query=181091at7147
SUPER_Y	969331	969601	NA	194.8	+	https://v12-1.orthodb.org/?query=181091at7147
SUPER_Y	969331	969601	NA	194.8	+	https://v12-1.orthodb.org/?query=181091at7147
SUPER_Y	969331	969601	NA	194.8	+	https://v12-1.orthodb.org/?query=181091at7147
SUPER_Y	12029586	12029316	NA	193.8	-	https://v12-1.orthodb.org/?query=181091at7147
SUPER_Y	12029586	12029316	NA	193.8	-	https://v12-1.orthodb.org/?query=181091at7147
SUPER_Y	12029586	12029316	NA	193.8	-	https://v12-1.orthodb.org/?query=181091at7147
SUPER_Y	12029586	12029316	NA	193.8	-	https://v12-1.orthodb.org/?query=181091at7147
SUPER_Y	12029586	12029316	NA	193.8	-	https://v12-1.orthodb.org/?query=181091at7147
SUPER_Y	12029586	12029316	NA	193.8	-	https://v12-1.orthodb.org/?query=181091at7147
SUPER_Y	12029586	12029316	NA	193.8	-	https://v12-1.orthodb.org/?query=181091at7147
SUPER_Y	12029586	12029316	NA	193.8	-	https://v12-1.orthodb.org/?query=181091at7147
SUPER_Y	12029586	12029316	NA	193.8	-	https://v12-1.orthodb.org/?query=181091at7147
SUPER_Y	12029586	12029316	NA	193.8	-	https://v12-1.orthodb.org/?query=181091at7147
SUPER_Y	12029586	12029316	NA	193.8	-	https://v12-1.orthodb.org/?query=181091at7147
SUPER_Y	12029586	12029316	NA	193.8	-	https://v12-1.orthodb.org/?query=181091at7147
SUPER_Y	12029586	12029316	NA	193.8	-	https://v12-1.orthodb.org/?query=181091at7147
SUPER_Y	12029586	12029316	NA	193.8	-	https://v12-1.orthodb.org/?query=181091at7147
SUPER_Y	12029586	12029316	NA	193.8	-	https://v12-1.orthodb.org/?query=181091at7147
SUPER_Y	12029586	12029316	NA	193.8	-	https://v12-1.orthodb.org/?query=181091at7147
SUPER_Y	12029586	12029316	NA	193.8	-	https://v12-1.orthodb.org/?query=181091at7147
SUPER_Y	12029586	12029316	NA	193.8	-	https://v12-1.orthodb.org/?query=181091at7147
SUPER_Y	12029586	12029316	NA	193.8	-	https://v12-1.orthodb.org/?query=181091at7147
SUPER_Y	12029586	12029316	NA	193.8	-	https://v12-1.orthodb.org/?query=181091at7147
SUPER_Y	12029586	12029316	NA	193.8	-	https://v12-1.orthodb.org/?query=181091at7147
SUPER_Y	12029586	12029316	NA	193.8	-	https://v12-1.orthodb.org/?query=181091at7147
SUPER_Y	12029586	12029316	NA	193.8	-	https://v12-1.orthodb.org/?query=181091at7147
SUPER_Y	12029586	12029316	NA	193.8	-	https://v12-1.orthodb.org/?query=181091at7147
SUPER_Y	12029586	12029316	NA	193.8	-	https://v12-1.orthodb.org/?query=181091at7147
SUPER_Y	12029586	12029316	NA	193.8	-	https://v12-1.orthodb.org/?query=181091at7147
SUPER_Y	12029586	12029316	NA	193.8	-	https://v12-1.orthodb.org/?query=181091at7147
SUPER_Y	12029586	12029316	NA	193.8	-	https://v12-1.orthodb.org/?query=181091at7147
SUPER_Y	12029586	12029316	NA	193.8	-	https://v12-1.orthodb.org/?query=181091at7147
SUPER_Y	12029586	12029316	NA	193.8	-	https://v12-1.orthodb.org/?query=181091at7147
SUPER_Y	12029586	12029316	NA	193.8	-	https://v12-1.orthodb.org/?query=181091at7147
SUPER_Y	12029586	12029316	NA	193.8	-	https://v12-1.orthodb.org/?query=181091at7147
SUPER_Y	12029586	12029316	NA	193.8	-	https://v12-1.orthodb.org/?query=181091at7147
SUPER_Y	5380111	5380381	NA	193.8	+	https://v12-1.orthodb.org/?query=181091at7147
SUPER_Y	5380111	5380381	NA	193.8	+	https://v12-1.orthodb.org/?query=181091at7147
SUPER_Y	5380111	5380381	NA	193.8	+	https://v12-1.orthodb.org/?query=181091at7147
SUPER_Y	5380111	5380381	NA	193.8	+	https://v12-1.orthodb.org/?query=181091at7147
SUPER_Y	5380111	5380381	NA	193.8	+	https://v12-1.orthodb.org/?query=181091at7147
SUPER_Y	5380111	5380381	NA	193.8	+	https://v12-1.orthodb.org/?query=181091at7147
SUPER_Y	5380111	5380381	NA	193.8	+	https://v12-1.orthodb.org/?query=181091at7147
SUPER_Y	5380111	5380381	NA	193.8	+	https://v12-1.orthodb.org/?query=181091at7147
SUPER_Y	5380111	5380381	NA	193.8	+	https://v12-1.orthodb.org/?query=181091at7147
SUPER_Y	5380111	5380381	NA	193.8	+	https://v12-1.orthodb.org/?query=181091at7147
SUPER_Y	5380111	5380381	NA	193.8	+	https://v12-1.orthodb.org/?query=181091at7147
SUPER_Y	5380111	5380381	NA	193.8	+	https://v12-1.orthodb.org/?query=181091at7147
SUPER_Y	5380111	5380381	NA	193.8	+	https://v12-1.orthodb.org/?query=181091at7147
SUPER_Y	5380111	5380381	NA	193.8	+	https://v12-1.orthodb.org/?query=181091at7147
SUPER_Y	5380111	5380381	NA	193.8	+	https://v12-1.orthodb.org/?query=181091at7147
SUPER_Y	5380111	5380381	NA	193.8	+	https://v12-1.orthodb.org/?query=181091at7147
SUPER_Y	5380111	5380381	NA	193.8	+	https://v12-1.orthodb.org/?query=181091at7147
SUPER_Y	5380111	5380381	NA	193.8	+	https://v12-1.orthodb.org/?query=181091at7147
SUPER_Y	5380111	5380381	NA	193.8	+	https://v12-1.orthodb.org/?query=181091at7147
SUPER_Y	5380111	5380381	NA	193.8	+	https://v12-1.orthodb.org/?query=181091at7147
SUPER_Y	5380111	5380381	NA	193.8	+	https://v12-1.orthodb.org/?query=181091at7147
SUPER_Y	5380111	5380381	NA	193.8	+	https://v12-1.orthodb.org/?query=181091at7147
SUPER_Y	5380111	5380381	NA	193.8	+	https://v12-1.orthodb.org/?query=181091at7147
SUPER_Y	5380111	5380381	NA	193.8	+	https://v12-1.orthodb.org/?query=181091at7147
SUPER_Y	5380111	5380381	NA	193.8	+	https://v12-1.orthodb.org/?query=181091at7147
SUPER_Y	5380111	5380381	NA	193.8	+	https://v12-1.orthodb.org/?query=181091at7147
SUPER_Y	5380111	5380381	NA	193.8	+	https://v12-1.orthodb.org/?query=181091at7147
SUPER_Y	5380111	5380381	NA	193.8	+	https://v12-1.orthodb.org/?query=181091at7147
SUPER_Y	5380111	5380381	NA	193.8	+	https://v12-1.orthodb.org/?query=181091at7147
SUPER_Y	5380111	5380381	NA	193.8	+	https://v12-1.orthodb.org/?query=181091at7147
SUPER_Y	5380111	5380381	NA	193.8	+	https://v12-1.orthodb.org/?query=181091at7147
SUPER_Y	5380111	5380381	NA	193.8	+	https://v12-1.orthodb.org/?query=181091at7147
SUPER_Y	5380111	5380381	NA	193.8	+	https://v12-1.orthodb.org/?query=181091at7147
SUPER_Y	5720866	5720596	NA	193.8	-	https://v12-1.orthodb.org/?query=181091at7147
SUPER_Y	5720866	5720596	NA	193.8	-	https://v12-1.orthodb.org/?query=181091at7147
SUPER_Y	5720866	5720596	NA	193.8	-	https://v12-1.orthodb.org/?query=181091at7147
SUPER_Y	5720866	5720596	NA	193.8	-	https://v12-1.orthodb.org/?query=181091at7147
SUPER_Y	5720866	5720596	NA	193.8	-	https://v12-1.orthodb.org/?query=181091at7147
SUPER_Y	5720866	5720596	NA	193.8	-	https://v12-1.orthodb.org/?query=181091at7147
SUPER_Y	5720866	5720596	NA	193.8	-	https://v12-1.orthodb.org/?query=181091at7147
SUPER_Y	5720866	5720596	NA	193.8	-	https://v12-1.orthodb.org/?query=181091at7147
SUPER_Y	5720866	5720596	NA	193.8	-	https://v12-1.orthodb.org/?query=181091at7147
SUPER_Y	5720866	5720596	NA	193.8	-	https://v12-1.orthodb.org/?query=181091at7147
SUPER_Y	5720866	5720596	NA	193.8	-	https://v12-1.orthodb.org/?query=181091at7147
SUPER_Y	5720866	5720596	NA	193.8	-	https://v12-1.orthodb.org/?query=181091at7147
SUPER_Y	5720866	5720596	NA	193.8	-	https://v12-1.orthodb.org/?query=181091at7147
SUPER_Y	5720866	5720596	NA	193.8	-	https://v12-1.orthodb.org/?query=181091at7147
SUPER_Y	5720866	5720596	NA	193.8	-	https://v12-1.orthodb.org/?query=181091at7147
SUPER_Y	5720866	5720596	NA	193.8	-	https://v12-1.orthodb.org/?query=181091at7147
SUPER_Y	5720866	5720596	NA	193.8	-	https://v12-1.orthodb.org/?query=181091at7147
SUPER_Y	5720866	5720596	NA	193.8	-	https://v12-1.orthodb.org/?query=181091at7147
SUPER_Y	5720866	5720596	NA	193.8	-	https://v12-1.orthodb.org/?query=181091at7147
SUPER_Y	5720866	5720596	NA	193.8	-	https://v12-1.orthodb.org/?query=181091at7147
SUPER_Y	5720866	5720596	NA	193.8	-	https://v12-1.orthodb.org/?query=181091at7147
SUPER_Y	5720866	5720596	NA	193.8	-	https://v12-1.orthodb.org/?query=181091at7147
SUPER_Y	5720866	5720596	NA	193.8	-	https://v12-1.orthodb.org/?query=181091at7147
SUPER_Y	5720866	5720596	NA	193.8	-	https://v12-1.orthodb.org/?query=181091at7147
SUPER_Y	5720866	5720596	NA	193.8	-	https://v12-1.orthodb.org/?query=181091at7147
SUPER_Y	5720866	5720596	NA	193.8	-	https://v12-1.orthodb.org/?query=181091at7147
SUPER_Y	5720866	5720596	NA	193.8	-	https://v12-1.orthodb.org/?query=181091at7147
SUPER_Y	5720866	5720596	NA	193.8	-	https://v12-1.orthodb.org/?query=181091at7147
SUPER_Y	5720866	5720596	NA	193.8	-	https://v12-1.orthodb.org/?query=181091at7147
SUPER_Y	5720866	5720596	NA	193.8	-	https://v12-1.orthodb.org/?query=181091at7147
SUPER_Y	5720866	5720596	NA	193.8	-	https://v12-1.orthodb.org/?query=181091at7147
SUPER_Y	5720866	5720596	NA	193.8	-	https://v12-1.orthodb.org/?query=181091at7147
SUPER_Y	5720866	5720596	NA	193.8	-	https://v12-1.orthodb.org/?query=181091at7147
SUPER_Y	6012802	6012532	NA	193.8	-	https://v12-1.orthodb.org/?query=181091at7147
SUPER_Y	6012802	6012532	NA	193.8	-	https://v12-1.orthodb.org/?query=181091at7147
SUPER_Y	6012802	6012532	NA	193.8	-	https://v12-1.orthodb.org/?query=181091at7147
SUPER_Y	6012802	6012532	NA	193.8	-	https://v12-1.orthodb.org/?query=181091at7147
SUPER_Y	6012802	6012532	NA	193.8	-	https://v12-1.orthodb.org/?query=181091at7147
SUPER_Y	6012802	6012532	NA	193.8	-	https://v12-1.orthodb.org/?query=181091at7147
SUPER_Y	6012802	6012532	NA	193.8	-	https://v12-1.orthodb.org/?query=181091at7147
SUPER_Y	6012802	6012532	NA	193.8	-	https://v12-1.orthodb.org/?query=181091at7147
SUPER_Y	6012802	6012532	NA	193.8	-	https://v12-1.orthodb.org/?query=181091at7147
SUPER_Y	6012802	6012532	NA	193.8	-	https://v12-1.orthodb.org/?query=181091at7147
SUPER_Y	6012802	6012532	NA	193.8	-	https://v12-1.orthodb.org/?query=181091at7147
SUPER_Y	6012802	6012532	NA	193.8	-	https://v12-1.orthodb.org/?query=181091at7147
SUPER_Y	6012802	6012532	NA	193.8	-	https://v12-1.orthodb.org/?query=181091at7147
SUPER_Y	6012802	6012532	NA	193.8	-	https://v12-1.orthodb.org/?query=181091at7147
SUPER_Y	6012802	6012532	NA	193.8	-	https://v12-1.orthodb.org/?query=181091at7147
SUPER_Y	6012802	6012532	NA	193.8	-	https://v12-1.orthodb.org/?query=181091at7147
SUPER_Y	6012802	6012532	NA	193.8	-	https://v12-1.orthodb.org/?query=181091at7147
SUPER_Y	6012802	6012532	NA	193.8	-	https://v12-1.orthodb.org/?query=181091at7147
SUPER_Y	6012802	6012532	NA	193.8	-	https://v12-1.orthodb.org/?query=181091at7147
SUPER_Y	6012802	6012532	NA	193.8	-	https://v12-1.orthodb.org/?query=181091at7147
SUPER_Y	6012802	6012532	NA	193.8	-	https://v12-1.orthodb.org/?query=181091at7147
SUPER_Y	6012802	6012532	NA	193.8	-	https://v12-1.orthodb.org/?query=181091at7147
SUPER_Y	6012802	6012532	NA	193.8	-	https://v12-1.orthodb.org/?query=181091at7147
SUPER_Y	6012802	6012532	NA	193.8	-	https://v12-1.orthodb.org/?query=181091at7147
SUPER_Y	6012802	6012532	NA	193.8	-	https://v12-1.orthodb.org/?query=181091at7147
SUPER_Y	6012802	6012532	NA	193.8	-	https://v12-1.orthodb.org/?query=181091at7147
SUPER_Y	6012802	6012532	NA	193.8	-	https://v12-1.orthodb.org/?query=181091at7147
SUPER_Y	6012802	6012532	NA	193.8	-	https://v12-1.orthodb.org/?query=181091at7147
SUPER_Y	6012802	6012532	NA	193.8	-	https://v12-1.orthodb.org/?query=181091at7147
SUPER_Y	6012802	6012532	NA	193.8	-	https://v12-1.orthodb.org/?query=181091at7147
SUPER_Y	6012802	6012532	NA	193.8	-	https://v12-1.orthodb.org/?query=181091at7147
SUPER_Y	6012802	6012532	NA	193.8	-	https://v12-1.orthodb.org/?query=181091at7147
SUPER_Y	6012802	6012532	NA	193.8	-	https://v12-1.orthodb.org/?query=181091at7147
SUPER_Y	7000188	6999918	NA	191.9	-	https://v12-1.orthodb.org/?query=181091at7147
SUPER_Y	7000188	6999918	NA	191.9	-	https://v12-1.orthodb.org/?query=181091at7147
SUPER_Y	7000188	6999918	NA	191.9	-	https://v12-1.orthodb.org/?query=181091at7147
SUPER_Y	7000188	6999918	NA	191.9	-	https://v12-1.orthodb.org/?query=181091at7147
SUPER_Y	7000188	6999918	NA	191.9	-	https://v12-1.orthodb.org/?query=181091at7147
SUPER_Y	7000188	6999918	NA	191.9	-	https://v12-1.orthodb.org/?query=181091at7147
SUPER_Y	7000188	6999918	NA	191.9	-	https://v12-1.orthodb.org/?query=181091at7147
SUPER_Y	7000188	6999918	NA	191.9	-	https://v12-1.orthodb.org/?query=181091at7147
SUPER_Y	7000188	6999918	NA	191.9	-	https://v12-1.orthodb.org/?query=181091at7147
SUPER_Y	7000188	6999918	NA	191.9	-	https://v12-1.orthodb.org/?query=181091at7147
SUPER_Y	7000188	6999918	NA	191.9	-	https://v12-1.orthodb.org/?query=181091at7147
SUPER_Y	7000188	6999918	NA	191.9	-	https://v12-1.orthodb.org/?query=181091at7147
SUPER_Y	7000188	6999918	NA	191.9	-	https://v12-1.orthodb.org/?query=181091at7147
SUPER_Y	7000188	6999918	NA	191.9	-	https://v12-1.orthodb.org/?query=181091at7147
SUPER_Y	7000188	6999918	NA	191.9	-	https://v12-1.orthodb.org/?query=181091at7147
SUPER_Y	7000188	6999918	NA	191.9	-	https://v12-1.orthodb.org/?query=181091at7147
SUPER_Y	7000188	6999918	NA	191.9	-	https://v12-1.orthodb.org/?query=181091at7147
SUPER_Y	7000188	6999918	NA	191.9	-	https://v12-1.orthodb.org/?query=181091at7147
SUPER_Y	7000188	6999918	NA	191.9	-	https://v12-1.orthodb.org/?query=181091at7147
SUPER_Y	7000188	6999918	NA	191.9	-	https://v12-1.orthodb.org/?query=181091at7147
SUPER_Y	7000188	6999918	NA	191.9	-	https://v12-1.orthodb.org/?query=181091at7147
SUPER_Y	7000188	6999918	NA	191.9	-	https://v12-1.orthodb.org/?query=181091at7147
SUPER_Y	7000188	6999918	NA	191.9	-	https://v12-1.orthodb.org/?query=181091at7147
SUPER_Y	7000188	6999918	NA	191.9	-	https://v12-1.orthodb.org/?query=181091at7147
SUPER_Y	7000188	6999918	NA	191.9	-	https://v12-1.orthodb.org/?query=181091at7147
SUPER_Y	7000188	6999918	NA	191.9	-	https://v12-1.orthodb.org/?query=181091at7147
SUPER_Y	7000188	6999918	NA	191.9	-	https://v12-1.orthodb.org/?query=181091at7147
SUPER_Y	7000188	6999918	NA	191.9	-	https://v12-1.orthodb.org/?query=181091at7147
SUPER_Y	7000188	6999918	NA	191.9	-	https://v12-1.orthodb.org/?query=181091at7147
SUPER_Y	7000188	6999918	NA	191.9	-	https://v12-1.orthodb.org/?query=181091at7147
SUPER_Y	7000188	6999918	NA	191.9	-	https://v12-1.orthodb.org/?query=181091at7147
SUPER_Y	7000188	6999918	NA	191.9	-	https://v12-1.orthodb.org/?query=181091at7147
SUPER_Y	7000188	6999918	NA	191.9	-	https://v12-1.orthodb.org/?query=181091at7147
SUPER_Y	7039788	7040058	NA	191.9	+	https://v12-1.orthodb.org/?query=181091at7147
SUPER_Y	7039788	7040058	NA	191.9	+	https://v12-1.orthodb.org/?query=181091at7147
SUPER_Y	7039788	7040058	NA	191.9	+	https://v12-1.orthodb.org/?query=181091at7147
SUPER_Y	7039788	7040058	NA	191.9	+	https://v12-1.orthodb.org/?query=181091at7147
SUPER_Y	7039788	7040058	NA	191.9	+	https://v12-1.orthodb.org/?query=181091at7147
SUPER_Y	7039788	7040058	NA	191.9	+	https://v12-1.orthodb.org/?query=181091at7147
SUPER_Y	7039788	7040058	NA	191.9	+	https://v12-1.orthodb.org/?query=181091at7147
SUPER_Y	7039788	7040058	NA	191.9	+	https://v12-1.orthodb.org/?query=181091at7147
SUPER_Y	7039788	7040058	NA	191.9	+	https://v12-1.orthodb.org/?query=181091at7147
SUPER_Y	7039788	7040058	NA	191.9	+	https://v12-1.orthodb.org/?query=181091at7147
SUPER_Y	7039788	7040058	NA	191.9	+	https://v12-1.orthodb.org/?query=181091at7147
SUPER_Y	7039788	7040058	NA	191.9	+	https://v12-1.orthodb.org/?query=181091at7147
SUPER_Y	7039788	7040058	NA	191.9	+	https://v12-1.orthodb.org/?query=181091at7147
SUPER_Y	7039788	7040058	NA	191.9	+	https://v12-1.orthodb.org/?query=181091at7147
SUPER_Y	7039788	7040058	NA	191.9	+	https://v12-1.orthodb.org/?query=181091at7147
SUPER_Y	7039788	7040058	NA	191.9	+	https://v12-1.orthodb.org/?query=181091at7147
SUPER_Y	7039788	7040058	NA	191.9	+	https://v12-1.orthodb.org/?query=181091at7147
SUPER_Y	7039788	7040058	NA	191.9	+	https://v12-1.orthodb.org/?query=181091at7147
SUPER_Y	7039788	7040058	NA	191.9	+	https://v12-1.orthodb.org/?query=181091at7147
SUPER_Y	7039788	7040058	NA	191.9	+	https://v12-1.orthodb.org/?query=181091at7147
SUPER_Y	7039788	7040058	NA	191.9	+	https://v12-1.orthodb.org/?query=181091at7147
SUPER_Y	7039788	7040058	NA	191.9	+	https://v12-1.orthodb.org/?query=181091at7147
SUPER_Y	7039788	7040058	NA	191.9	+	https://v12-1.orthodb.org/?query=181091at7147
SUPER_Y	7039788	7040058	NA	191.9	+	https://v12-1.orthodb.org/?query=181091at7147
SUPER_Y	7039788	7040058	NA	191.9	+	https://v12-1.orthodb.org/?query=181091at7147
SUPER_Y	7039788	7040058	NA	191.9	+	https://v12-1.orthodb.org/?query=181091at7147
SUPER_Y	7039788	7040058	NA	191.9	+	https://v12-1.orthodb.org/?query=181091at7147
SUPER_Y	7039788	7040058	NA	191.9	+	https://v12-1.orthodb.org/?query=181091at7147
SUPER_Y	7039788	7040058	NA	191.9	+	https://v12-1.orthodb.org/?query=181091at7147
SUPER_Y	7039788	7040058	NA	191.9	+	https://v12-1.orthodb.org/?query=181091at7147
SUPER_Y	7039788	7040058	NA	191.9	+	https://v12-1.orthodb.org/?query=181091at7147
SUPER_Y	7039788	7040058	NA	191.9	+	https://v12-1.orthodb.org/?query=181091at7147
SUPER_Y	7039788	7040058	NA	191.9	+	https://v12-1.orthodb.org/?query=181091at7147
SUPER_Y	7336688	7336418	NA	191.9	-	https://v12-1.orthodb.org/?query=181091at7147
SUPER_Y	7336688	7336418	NA	191.9	-	https://v12-1.orthodb.org/?query=181091at7147
SUPER_Y	7336688	7336418	NA	191.9	-	https://v12-1.orthodb.org/?query=181091at7147
SUPER_Y	7336688	7336418	NA	191.9	-	https://v12-1.orthodb.org/?query=181091at7147
SUPER_Y	7336688	7336418	NA	191.9	-	https://v12-1.orthodb.org/?query=181091at7147
SUPER_Y	7336688	7336418	NA	191.9	-	https://v12-1.orthodb.org/?query=181091at7147
SUPER_Y	7336688	7336418	NA	191.9	-	https://v12-1.orthodb.org/?query=181091at7147
SUPER_Y	7336688	7336418	NA	191.9	-	https://v12-1.orthodb.org/?query=181091at7147
SUPER_Y	7336688	7336418	NA	191.9	-	https://v12-1.orthodb.org/?query=181091at7147
SUPER_Y	7336688	7336418	NA	191.9	-	https://v12-1.orthodb.org/?query=181091at7147
SUPER_Y	7336688	7336418	NA	191.9	-	https://v12-1.orthodb.org/?query=181091at7147
SUPER_Y	7336688	7336418	NA	191.9	-	https://v12-1.orthodb.org/?query=181091at7147
SUPER_Y	7336688	7336418	NA	191.9	-	https://v12-1.orthodb.org/?query=181091at7147
SUPER_Y	7336688	7336418	NA	191.9	-	https://v12-1.orthodb.org/?query=181091at7147
SUPER_Y	7336688	7336418	NA	191.9	-	https://v12-1.orthodb.org/?query=181091at7147
SUPER_Y	7336688	7336418	NA	191.9	-	https://v12-1.orthodb.org/?query=181091at7147
SUPER_Y	7336688	7336418	NA	191.9	-	https://v12-1.orthodb.org/?query=181091at7147
SUPER_Y	7336688	7336418	NA	191.9	-	https://v12-1.orthodb.org/?query=181091at7147
SUPER_Y	7336688	7336418	NA	191.9	-	https://v12-1.orthodb.org/?query=181091at7147
SUPER_Y	7336688	7336418	NA	191.9	-	https://v12-1.orthodb.org/?query=181091at7147
SUPER_Y	7336688	7336418	NA	191.9	-	https://v12-1.orthodb.org/?query=181091at7147
SUPER_Y	7336688	7336418	NA	191.9	-	https://v12-1.orthodb.org/?query=181091at7147
SUPER_Y	7336688	7336418	NA	191.9	-	https://v12-1.orthodb.org/?query=181091at7147
SUPER_Y	7336688	7336418	NA	191.9	-	https://v12-1.orthodb.org/?query=181091at7147
SUPER_Y	7336688	7336418	NA	191.9	-	https://v12-1.orthodb.org/?query=181091at7147
SUPER_Y	7336688	7336418	NA	191.9	-	https://v12-1.orthodb.org/?query=181091at7147
SUPER_Y	7336688	7336418	NA	191.9	-	https://v12-1.orthodb.org/?query=181091at7147
SUPER_Y	7336688	7336418	NA	191.9	-	https://v12-1.orthodb.org/?query=181091at7147
SUPER_Y	7336688	7336418	NA	191.9	-	https://v12-1.orthodb.org/?query=181091at7147
SUPER_Y	7336688	7336418	NA	191.9	-	https://v12-1.orthodb.org/?query=181091at7147
SUPER_Y	7336688	7336418	NA	191.9	-	https://v12-1.orthodb.org/?query=181091at7147
SUPER_Y	7336688	7336418	NA	191.9	-	https://v12-1.orthodb.org/?query=181091at7147
SUPER_Y	7336688	7336418	NA	191.9	-	https://v12-1.orthodb.org/?query=181091at7147
SUPER_Y	7376238	7376508	NA	191.9	+	https://v12-1.orthodb.org/?query=181091at7147
SUPER_Y	7376238	7376508	NA	191.9	+	https://v12-1.orthodb.org/?query=181091at7147
SUPER_Y	7376238	7376508	NA	191.9	+	https://v12-1.orthodb.org/?query=181091at7147
SUPER_Y	7376238	7376508	NA	191.9	+	https://v12-1.orthodb.org/?query=181091at7147
SUPER_Y	7376238	7376508	NA	191.9	+	https://v12-1.orthodb.org/?query=181091at7147
SUPER_Y	7376238	7376508	NA	191.9	+	https://v12-1.orthodb.org/?query=181091at7147
SUPER_Y	7376238	7376508	NA	191.9	+	https://v12-1.orthodb.org/?query=181091at7147
SUPER_Y	7376238	7376508	NA	191.9	+	https://v12-1.orthodb.org/?query=181091at7147
SUPER_Y	7376238	7376508	NA	191.9	+	https://v12-1.orthodb.org/?query=181091at7147
SUPER_Y	7376238	7376508	NA	191.9	+	https://v12-1.orthodb.org/?query=181091at7147
SUPER_Y	7376238	7376508	NA	191.9	+	https://v12-1.orthodb.org/?query=181091at7147
SUPER_Y	7376238	7376508	NA	191.9	+	https://v12-1.orthodb.org/?query=181091at7147
SUPER_Y	7376238	7376508	NA	191.9	+	https://v12-1.orthodb.org/?query=181091at7147
SUPER_Y	7376238	7376508	NA	191.9	+	https://v12-1.orthodb.org/?query=181091at7147
SUPER_Y	7376238	7376508	NA	191.9	+	https://v12-1.orthodb.org/?query=181091at7147
SUPER_Y	7376238	7376508	NA	191.9	+	https://v12-1.orthodb.org/?query=181091at7147
SUPER_Y	7376238	7376508	NA	191.9	+	https://v12-1.orthodb.org/?query=181091at7147
SUPER_Y	7376238	7376508	NA	191.9	+	https://v12-1.orthodb.org/?query=181091at7147
SUPER_Y	7376238	7376508	NA	191.9	+	https://v12-1.orthodb.org/?query=181091at7147
SUPER_Y	7376238	7376508	NA	191.9	+	https://v12-1.orthodb.org/?query=181091at7147
SUPER_Y	7376238	7376508	NA	191.9	+	https://v12-1.orthodb.org/?query=181091at7147
SUPER_Y	7376238	7376508	NA	191.9	+	https://v12-1.orthodb.org/?query=181091at7147
SUPER_Y	7376238	7376508	NA	191.9	+	https://v12-1.orthodb.org/?query=181091at7147
SUPER_Y	7376238	7376508	NA	191.9	+	https://v12-1.orthodb.org/?query=181091at7147
SUPER_Y	7376238	7376508	NA	191.9	+	https://v12-1.orthodb.org/?query=181091at7147
SUPER_Y	7376238	7376508	NA	191.9	+	https://v12-1.orthodb.org/?query=181091at7147
SUPER_Y	7376238	7376508	NA	191.9	+	https://v12-1.orthodb.org/?query=181091at7147
SUPER_Y	7376238	7376508	NA	191.9	+	https://v12-1.orthodb.org/?query=181091at7147
SUPER_Y	7376238	7376508	NA	191.9	+	https://v12-1.orthodb.org/?query=181091at7147
SUPER_Y	7376238	7376508	NA	191.9	+	https://v12-1.orthodb.org/?query=181091at7147
SUPER_Y	7376238	7376508	NA	191.9	+	https://v12-1.orthodb.org/?query=181091at7147
SUPER_Y	7376238	7376508	NA	191.9	+	https://v12-1.orthodb.org/?query=181091at7147
SUPER_Y	7376238	7376508	NA	191.9	+	https://v12-1.orthodb.org/?query=181091at7147
HAP1_SCAFFOLD_173	114271	114541	NA	190.5	+	https://v12-1.orthodb.org/?query=181091at7147
HAP1_SCAFFOLD_173	114271	114541	NA	190.5	+	https://v12-1.orthodb.org/?query=181091at7147
HAP1_SCAFFOLD_173	114271	114541	NA	190.5	+	https://v12-1.orthodb.org/?query=181091at7147
HAP1_SCAFFOLD_173	114271	114541	NA	190.5	+	https://v12-1.orthodb.org/?query=181091at7147
HAP1_SCAFFOLD_173	114271	114541	NA	190.5	+	https://v12-1.orthodb.org/?query=181091at7147
HAP1_SCAFFOLD_173	114271	114541	NA	190.5	+	https://v12-1.orthodb.org/?query=181091at7147
HAP1_SCAFFOLD_173	114271	114541	NA	190.5	+	https://v12-1.orthodb.org/?query=181091at7147
HAP1_SCAFFOLD_173	114271	114541	NA	190.5	+	https://v12-1.orthodb.org/?query=181091at7147
HAP1_SCAFFOLD_173	114271	114541	NA	190.5	+	https://v12-1.orthodb.org/?query=181091at7147
HAP1_SCAFFOLD_173	114271	114541	NA	190.5	+	https://v12-1.orthodb.org/?query=181091at7147
HAP1_SCAFFOLD_173	114271	114541	NA	190.5	+	https://v12-1.orthodb.org/?query=181091at7147
HAP1_SCAFFOLD_173	114271	114541	NA	190.5	+	https://v12-1.orthodb.org/?query=181091at7147
HAP1_SCAFFOLD_173	114271	114541	NA	190.5	+	https://v12-1.orthodb.org/?query=181091at7147
HAP1_SCAFFOLD_173	114271	114541	NA	190.5	+	https://v12-1.orthodb.org/?query=181091at7147
HAP1_SCAFFOLD_173	114271	114541	NA	190.5	+	https://v12-1.orthodb.org/?query=181091at7147
HAP1_SCAFFOLD_173	114271	114541	NA	190.5	+	https://v12-1.orthodb.org/?query=181091at7147
HAP1_SCAFFOLD_173	114271	114541	NA	190.5	+	https://v12-1.orthodb.org/?query=181091at7147
HAP1_SCAFFOLD_173	114271	114541	NA	190.5	+	https://v12-1.orthodb.org/?query=181091at7147
HAP1_SCAFFOLD_173	114271	114541	NA	190.5	+	https://v12-1.orthodb.org/?query=181091at7147
HAP1_SCAFFOLD_173	114271	114541	NA	190.5	+	https://v12-1.orthodb.org/?query=181091at7147
HAP1_SCAFFOLD_173	114271	114541	NA	190.5	+	https://v12-1.orthodb.org/?query=181091at7147
HAP1_SCAFFOLD_173	114271	114541	NA	190.5	+	https://v12-1.orthodb.org/?query=181091at7147
HAP1_SCAFFOLD_173	114271	114541	NA	190.5	+	https://v12-1.orthodb.org/?query=181091at7147
HAP1_SCAFFOLD_173	114271	114541	NA	190.5	+	https://v12-1.orthodb.org/?query=181091at7147
HAP1_SCAFFOLD_173	114271	114541	NA	190.5	+	https://v12-1.orthodb.org/?query=181091at7147
HAP1_SCAFFOLD_173	114271	114541	NA	190.5	+	https://v12-1.orthodb.org/?query=181091at7147
HAP1_SCAFFOLD_173	114271	114541	NA	190.5	+	https://v12-1.orthodb.org/?query=181091at7147
HAP1_SCAFFOLD_173	114271	114541	NA	190.5	+	https://v12-1.orthodb.org/?query=181091at7147
HAP1_SCAFFOLD_173	114271	114541	NA	190.5	+	https://v12-1.orthodb.org/?query=181091at7147
HAP1_SCAFFOLD_173	114271	114541	NA	190.5	+	https://v12-1.orthodb.org/?query=181091at7147
HAP1_SCAFFOLD_173	114271	114541	NA	190.5	+	https://v12-1.orthodb.org/?query=181091at7147
HAP1_SCAFFOLD_173	114271	114541	NA	190.5	+	https://v12-1.orthodb.org/?query=181091at7147
HAP1_SCAFFOLD_173	114271	114541	NA	190.5	+	https://v12-1.orthodb.org/?query=181091at7147
SUPER_Y	6789875	6790145	NA	189.8	+	https://v12-1.orthodb.org/?query=181091at7147
SUPER_Y	6789875	6790145	NA	189.8	+	https://v12-1.orthodb.org/?query=181091at7147
SUPER_Y	6789875	6790145	NA	189.8	+	https://v12-1.orthodb.org/?query=181091at7147
SUPER_Y	6789875	6790145	NA	189.8	+	https://v12-1.orthodb.org/?query=181091at7147
SUPER_Y	6789875	6790145	NA	189.8	+	https://v12-1.orthodb.org/?query=181091at7147
SUPER_Y	6789875	6790145	NA	189.8	+	https://v12-1.orthodb.org/?query=181091at7147
SUPER_Y	6789875	6790145	NA	189.8	+	https://v12-1.orthodb.org/?query=181091at7147
SUPER_Y	6789875	6790145	NA	189.8	+	https://v12-1.orthodb.org/?query=181091at7147
SUPER_Y	6789875	6790145	NA	189.8	+	https://v12-1.orthodb.org/?query=181091at7147
SUPER_Y	6789875	6790145	NA	189.8	+	https://v12-1.orthodb.org/?query=181091at7147
SUPER_Y	6789875	6790145	NA	189.8	+	https://v12-1.orthodb.org/?query=181091at7147
SUPER_Y	6789875	6790145	NA	189.8	+	https://v12-1.orthodb.org/?query=181091at7147
SUPER_Y	6789875	6790145	NA	189.8	+	https://v12-1.orthodb.org/?query=181091at7147
SUPER_Y	6789875	6790145	NA	189.8	+	https://v12-1.orthodb.org/?query=181091at7147
SUPER_Y	6789875	6790145	NA	189.8	+	https://v12-1.orthodb.org/?query=181091at7147
SUPER_Y	6789875	6790145	NA	189.8	+	https://v12-1.orthodb.org/?query=181091at7147
SUPER_Y	6789875	6790145	NA	189.8	+	https://v12-1.orthodb.org/?query=181091at7147
SUPER_Y	6789875	6790145	NA	189.8	+	https://v12-1.orthodb.org/?query=181091at7147
SUPER_Y	6789875	6790145	NA	189.8	+	https://v12-1.orthodb.org/?query=181091at7147
SUPER_Y	6789875	6790145	NA	189.8	+	https://v12-1.orthodb.org/?query=181091at7147
SUPER_Y	6789875	6790145	NA	189.8	+	https://v12-1.orthodb.org/?query=181091at7147
SUPER_Y	6789875	6790145	NA	189.8	+	https://v12-1.orthodb.org/?query=181091at7147
SUPER_Y	6789875	6790145	NA	189.8	+	https://v12-1.orthodb.org/?query=181091at7147
SUPER_Y	6789875	6790145	NA	189.8	+	https://v12-1.orthodb.org/?query=181091at7147
SUPER_Y	6789875	6790145	NA	189.8	+	https://v12-1.orthodb.org/?query=181091at7147
SUPER_Y	6789875	6790145	NA	189.8	+	https://v12-1.orthodb.org/?query=181091at7147
SUPER_Y	6789875	6790145	NA	189.8	+	https://v12-1.orthodb.org/?query=181091at7147
SUPER_Y	6789875	6790145	NA	189.8	+	https://v12-1.orthodb.org/?query=181091at7147
SUPER_Y	6789875	6790145	NA	189.8	+	https://v12-1.orthodb.org/?query=181091at7147
SUPER_Y	6789875	6790145	NA	189.8	+	https://v12-1.orthodb.org/?query=181091at7147
SUPER_Y	6789875	6790145	NA	189.8	+	https://v12-1.orthodb.org/?query=181091at7147
SUPER_Y	6789875	6790145	NA	189.8	+	https://v12-1.orthodb.org/?query=181091at7147
SUPER_Y	6789875	6790145	NA	189.8	+	https://v12-1.orthodb.org/?query=181091at7147
SUPER_3	229893354	229891064	D3	1357.4	-	https://v12-1.orthodb.org/?query=181105at7147
SUPER_2	347888818	347889402	NA	297.5	+	https://v12-1.orthodb.org/?query=181338at7147
SUPER_1	323886209	323930272	NA	337.1	+	https://v12-1.orthodb.org/?query=181362at7147
SUPER_2	233998336	233995940	D4	1034.0	-	https://v12-1.orthodb.org/?query=181433at7147
SUPER_3	271432037	271430401	NA	925.9	-	https://v12-1.orthodb.org/?query=181571at7147
SUPER_3	171303069	171324814	D1	2844.2	+	https://v12-1.orthodb.org/?query=181624at7147
SUPER_3	78055840	78056614	D3	305.5	+	https://v12-1.orthodb.org/?query=181802at7147
SUPER_2	140626163	140622980	D4	327.3	-	https://v12-1.orthodb.org/?query=181851at7147
SUPER_2	341701902	341682002	NA	385.1	-	https://v12-1.orthodb.org/?query=181903at7147
SUPER_1	189213811	189333035	D5	1782.4	+	https://v12-1.orthodb.org/?query=181909at7147
SUPER_3	119234169	119242284	D1	360.1	+	https://v12-1.orthodb.org/?query=182092at7147
SUPER_3	35399591	35398993	D1	284.4	-	https://v12-1.orthodb.org/?query=182096at7147
SUPER_1	29661410	29660572	D3	284.0	-	https://v12-1.orthodb.org/?query=182157at7147
SUPER_3	292156460	292160388	D3	426.7	+	https://v12-1.orthodb.org/?query=182238at7147
SUPER_3	284195604	284181302	D3	2021.6	-	https://v12-1.orthodb.org/?query=182257at7147
SUPER_3	47521297	47526209	D1	2656.3	+	https://v12-1.orthodb.org/?query=182448at7147
SUPER_3	4002765	3995320	D1	283.5	-	https://v12-1.orthodb.org/?query=182746at7147
SUPER_2	356227586	356228647	D4	344.6	+	https://v12-1.orthodb.org/?query=182777at7147
SUPER_3	37714935	37717740	NA	1254.4	+	https://v12-1.orthodb.org/?query=182927at7147
SUPER_3	131842704	131844297	NA	726.5	+	https://v12-1.orthodb.org/?query=182952at7147
SUPER_3	167891768	167891472	NA	160.7	-	https://v12-1.orthodb.org/?query=183133at7147
SUPER_3	80486833	80328199	D1	1572.2	-	https://v12-1.orthodb.org/?query=183135at7147
SUPER_1	340037162	340036230	NA	453.3	-	https://v12-1.orthodb.org/?query=183177at7147
SUPER_3	108262311	108264045	D1	1185.6	+	https://v12-1.orthodb.org/?query=183298at7147
SUPER_1	1716307	1723194	D5	1821.7	+	https://v12-1.orthodb.org/?query=183317at7147
SUPER_3	131846466	131847199	D1	431.2	+	https://v12-1.orthodb.org/?query=183493at7147
SUPER_1	324238073	324241586	D3	2812.1	+	https://v12-1.orthodb.org/?query=183624at7147
SUPER_1	337299677	337300247	D3	296.9	+	https://v12-1.orthodb.org/?query=183669at7147
SUPER_1	29667412	29668123	D5	428.9	+	https://v12-1.orthodb.org/?query=183738at7147
SUPER_1	351455889	351451886	D3	2887.5	-	https://v12-1.orthodb.org/?query=183899at7147
SUPER_1	189571025	189569078	D5	906.2	-	https://v12-1.orthodb.org/?query=184064at7147
SUPER_1	337409828	337409057	D3	279.1	-	https://v12-1.orthodb.org/?query=184147at7147
SUPER_3	77032027	77029665	D1	288.3	-	https://v12-1.orthodb.org/?query=184186at7147
SUPER_2	15565128	15563564	NA	329.4	-	https://v12-1.orthodb.org/?query=184187at7147
SUPER_3	3244329	3242905	D1	771.6	-	https://v12-1.orthodb.org/?query=184229at7147
SUPER_3	201070619	201122739	D3	438.8	+	https://v12-1.orthodb.org/?query=184401at7147
SUPER_1	5268408	5269927	NA	759.5	+	https://v12-1.orthodb.org/?query=184426at7147
SUPER_3	151216763	151217314	D1	228.9	+	https://v12-1.orthodb.org/?query=184445at7147
SUPER_1	145866069	145863409	D5	1126.7	-	https://v12-1.orthodb.org/?query=184526at7147
SUPER_1	353764738	353763274	D3	813.7	-	https://v12-1.orthodb.org/?query=184601at7147
SUPER_3	205221180	205217652	D4	1785.3	-	https://v12-1.orthodb.org/?query=184633at7147
SUPER_3	294976392	294981953	D3	2569.8	+	https://v12-1.orthodb.org/?query=184640at7147
SUPER_1	226308513	226307968	NA	279.5	-	https://v12-1.orthodb.org/?query=184647at7147
SUPER_3	141005308	140992072	D1	1894.4	-	https://v12-1.orthodb.org/?query=184965at7147
SUPER_2	321022824	321015253	D5	4261.8	-	https://v12-1.orthodb.org/?query=185066at7147
SUPER_3	255752022	255753342	D3	919.8	+	https://v12-1.orthodb.org/?query=185073at7147
SUPER_2	309645428	309638149	D2	4011.5	-	https://v12-1.orthodb.org/?query=185176at7147
SUPER_1	121335520	121369557	D3	1939.1	+	https://v12-1.orthodb.org/?query=185245at7147
SUPER_3	134562681	134563194	D1	282.4	+	https://v12-1.orthodb.org/?query=185268at7147
SUPER_1	63429238	63430708	D5	1007.0	+	https://v12-1.orthodb.org/?query=185345at7147
SUPER_1	67065562	67067030	D5	623.5	+	https://v12-1.orthodb.org/?query=185360at7147
SUPER_2	109337118	109335389	D4	1100.9	-	https://v12-1.orthodb.org/?query=185368at7147
SUPER_2	354009951	354008056	D4	1355.6	-	https://v12-1.orthodb.org/?query=185471at7147
SUPER_3	278114641	278115945	NA	803.7	+	https://v12-1.orthodb.org/?query=185704at7147
SUPER_1	251146582	251143234	D3	1971.4	-	https://v12-1.orthodb.org/?query=185722at7147
SUPER_2	263585034	263584405	D4	292.4	-	https://v12-1.orthodb.org/?query=185824at7147
SUPER_3	177349404	177347902	D4	765.7	-	https://v12-1.orthodb.org/?query=185832at7147
SUPER_1	204107748	204039427	D3	994.3	-	https://v12-1.orthodb.org/?query=185835at7147
SUPER_3	62800333	62804653	NA	2418.5	+	https://v12-1.orthodb.org/?query=185954at7147
SUPER_3	62800333	62804653	NA	2418.5	+	https://v12-1.orthodb.org/?query=185954at7147
SUPER_3	62824984	62829187	NA	2400.9	+	https://v12-1.orthodb.org/?query=185954at7147
SUPER_3	62824984	62829187	NA	2400.9	+	https://v12-1.orthodb.org/?query=185954at7147
SUPER_2	84794422	84793196	D2	780.3	-	https://v12-1.orthodb.org/?query=186042at7147
SUPER_2	84794422	84793196	D2	780.3	-	https://v12-1.orthodb.org/?query=186042at7147
SUPER_2	84801570	84800363	D2	755.1	-	https://v12-1.orthodb.org/?query=186042at7147
SUPER_2	84801570	84800363	D2	755.1	-	https://v12-1.orthodb.org/?query=186042at7147
SUPER_2	149190224	149196354	D2	844.5	+	https://v12-1.orthodb.org/?query=186069at7147
SUPER_1	58040125	58038622	D5	843.3	-	https://v12-1.orthodb.org/?query=186132at7147
SUPER_3	291349096	291350199	D3	433.0	+	https://v12-1.orthodb.org/?query=186197at7147
SUPER_1	64421664	64422710	NA	407.9	+	https://v12-1.orthodb.org/?query=186220at7147
SUPER_1	275882990	275884621	D3	754.2	+	https://v12-1.orthodb.org/?query=186300at7147
SUPER_2	312604263	312606061	D4	754.1	+	https://v12-1.orthodb.org/?query=186332at7147
SUPER_1	282944387	282942585	D3	1065.6	-	https://v12-1.orthodb.org/?query=186358at7147
SUPER_2	285885525	285876206	D4	712.2	-	https://v12-1.orthodb.org/?query=186586at7147
SUPER_1	191604149	191603177	D5	445.9	-	https://v12-1.orthodb.org/?query=186601at7147
SUPER_3	291340667	291341287	D3	275.4	+	https://v12-1.orthodb.org/?query=186650at7147
SUPER_2	104023371	104020627	NA	1530.5	-	https://v12-1.orthodb.org/?query=186698at7147
SUPER_3	80269354	80268269	D1	291.7	-	https://v12-1.orthodb.org/?query=186856at7147
SUPER_3	80269354	80268269	D1	291.7	-	https://v12-1.orthodb.org/?query=186856at7147
SUPER_3	80288658	80287573	D1	291.7	-	https://v12-1.orthodb.org/?query=186856at7147
SUPER_3	80288658	80287573	D1	291.7	-	https://v12-1.orthodb.org/?query=186856at7147
SUPER_1	137845261	137843659	NA	942.2	-	https://v12-1.orthodb.org/?query=186862at7147
SUPER_3	269179902	269179464	D3	303.5	-	https://v12-1.orthodb.org/?query=186970at7147
SUPER_2	5216304	5220124	D2	2075.7	+	https://v12-1.orthodb.org/?query=187010at7147
SUPER_1	355035584	355040403	NA	517.8	+	https://v12-1.orthodb.org/?query=187313at7147
SUPER_2	15604255	15602443	NA	1359.2	-	https://v12-1.orthodb.org/?query=187437at7147
SUPER_1	226365874	226365199	NA	342.9	-	https://v12-1.orthodb.org/?query=187453at7147
SUPER_1	195705205	195704200	NA	687.6	-	https://v12-1.orthodb.org/?query=187558at7147
SUPER_3	7145169	7146881	D1	831.8	+	https://v12-1.orthodb.org/?query=187585at7147
SUPER_1	124683586	124682845	D3	483.3	-	https://v12-1.orthodb.org/?query=187621at7147
SUPER_3	3953296	3951579	D1	797.1	-	https://v12-1.orthodb.org/?query=187777at7147
SUPER_1	29621824	29619199	D5	1159.9	-	https://v12-1.orthodb.org/?query=187806at7147
SUPER_3	115226514	115255875	D1	1243.7	+	https://v12-1.orthodb.org/?query=187864at7147
SUPER_1	109212435	109210080	NA	1067.9	-	https://v12-1.orthodb.org/?query=187993at7147
SUPER_1	339884628	339884976	NA	180.2	+	https://v12-1.orthodb.org/?query=188173at7147
SUPER_2	354826230	354827949	D4	835.4	+	https://v12-1.orthodb.org/?query=188541at7147
SUPER_3	285747398	285730826	D3	1107.2	-	https://v12-1.orthodb.org/?query=188746at7147
SUPER_2	125203581	125195771	D2	278.0	-	https://v12-1.orthodb.org/?query=188824at7147
SUPER_3	107892257	107893563	NA	880.5	+	https://v12-1.orthodb.org/?query=188966at7147
SUPER_1	89113700	89112838	NA	383.7	-	https://v12-1.orthodb.org/?query=189185at7147
SUPER_2	308275728	308273081	NA	1147.6	-	https://v12-1.orthodb.org/?query=189269at7147
SUPER_1	63597045	63599967	NA	1516.6	+	https://v12-1.orthodb.org/?query=189418at7147
SUPER_1	145009199	145014543	D5	2790.0	+	https://v12-1.orthodb.org/?query=189615at7147
SUPER_1	166990698	167017882	D5	429.4	+	https://v12-1.orthodb.org/?query=189702at7147
SUPER_2	41614366	41616253	NA	924.5	+	https://v12-1.orthodb.org/?query=189709at7147
SUPER_2	137895350	137893904	D3	792.3	-	https://v12-1.orthodb.org/?query=189734at7147
SUPER_2	137895350	137893904	D3	792.3	-	https://v12-1.orthodb.org/?query=189734at7147
SUPER_2	19520280	19518852	D3	807.4	-	https://v12-1.orthodb.org/?query=189734at7147
SUPER_2	19520280	19518852	D3	807.4	-	https://v12-1.orthodb.org/?query=189734at7147
SUPER_3	152426499	152431198	D1	312.3	+	https://v12-1.orthodb.org/?query=189871at7147
SUPER_2	148490593	148491577	NA	360.8	+	https://v12-1.orthodb.org/?query=189891at7147
SUPER_1	351301969	351300167	D3	1219.9	-	https://v12-1.orthodb.org/?query=190022at7147
SUPER_1	189208685	189207902	D2	387.5	-	https://v12-1.orthodb.org/?query=190060at7147
SUPER_1	67068338	67070159	D5	970.2	+	https://v12-1.orthodb.org/?query=190063at7147
SUPER_2	254065034	254063948	D4	490.0	-	https://v12-1.orthodb.org/?query=190114at7147
SUPER_2	16570536	16567955	D2	636.4	-	https://v12-1.orthodb.org/?query=190150at7147
SUPER_3	51850871	51851655	NA	346.4	+	https://v12-1.orthodb.org/?query=190176at7147
SUPER_1	171000778	171001640	NA	349.8	+	https://v12-1.orthodb.org/?query=190195at7147
SUPER_1	312724050	312696423	D3	611.1	-	https://v12-1.orthodb.org/?query=190305at7147
SUPER_2	4207588	4206856	D2	338.2	-	https://v12-1.orthodb.org/?query=190309at7147
SUPER_2	356722773	356724538	D4	1124.8	+	https://v12-1.orthodb.org/?query=190340at7147
SUPER_2	243818821	243836498	NA	350.1	+	https://v12-1.orthodb.org/?query=190351at7147
SUPER_1	20741120	20774638	D5	4564.2	+	https://v12-1.orthodb.org/?query=190773at7147
SUPER_3	297111811	297112464	D1	181.2	+	https://v12-1.orthodb.org/?query=190806at7147
SUPER_2	236272341	236274961	NA	641.2	+	https://v12-1.orthodb.org/?query=190815at7147
SUPER_2	356001863	356000877	D4	600.0	-	https://v12-1.orthodb.org/?query=190820at7147
SUPER_1	125418611	125410491	D3	1287.9	-	https://v12-1.orthodb.org/?query=190896at7147
SUPER_3	139205065	139192256	D2	605.5	-	https://v12-1.orthodb.org/?query=191072at7147
SUPER_3	47278	46337	D5	483.4	-	https://v12-1.orthodb.org/?query=191118at7147
SUPER_1	7943739	7950622	NA	3507.9	+	https://v12-1.orthodb.org/?query=191233at7147
SUPER_1	351856102	351855340	D3	383.6	-	https://v12-1.orthodb.org/?query=191269at7147
SUPER_1	125934122	125915641	D3	2929.0	-	https://v12-1.orthodb.org/?query=191342at7147
SUPER_2	343045398	343045902	D4	361.9	+	https://v12-1.orthodb.org/?query=191396at7147
SUPER_2	53403969	53402304	D2	553.2	-	https://v12-1.orthodb.org/?query=191479at7147
SUPER_3	57968013	57970578	NA	1267.0	+	https://v12-1.orthodb.org/?query=191822at7147
SUPER_3	106629209	106608403	NA	1147.2	-	https://v12-1.orthodb.org/?query=191851at7147
SUPER_2	92078862	92075623	D4	1689.8	-	https://v12-1.orthodb.org/?query=191941at7147
SUPER_1	245655062	245675562	D3	1009.0	+	https://v12-1.orthodb.org/?query=191962at7147
SUPER_2	345100930	345098884	D4	717.7	-	https://v12-1.orthodb.org/?query=191968at7147
SUPER_2	17640077	17637826	D2	1296.0	-	https://v12-1.orthodb.org/?query=191981at7147
SUPER_3	64400554	64309091	D1	766.4	-	https://v12-1.orthodb.org/?query=192144at7147
SUPER_1	332333722	332335843	D3	749.7	+	https://v12-1.orthodb.org/?query=192217at7147
SUPER_3	276776887	276778186	D3	480.9	+	https://v12-1.orthodb.org/?query=192253at7147
SUPER_1	330373486	330374389	D3	462.9	+	https://v12-1.orthodb.org/?query=192335at7147
SUPER_3	61308739	61324212	NA	711.1	+	https://v12-1.orthodb.org/?query=192402at7147
SUPER_2	45553665	45554090	D2	253.9	+	https://v12-1.orthodb.org/?query=192411at7147
SUPER_2	263580867	263584221	D4	1781.9	+	https://v12-1.orthodb.org/?query=192487at7147
SUPER_2	201911939	201912887	NA	295.8	+	https://v12-1.orthodb.org/?query=192573at7147
SUPER_1	125416693	125418970	D3	1317.1	+	https://v12-1.orthodb.org/?query=192597at7147
SUPER_3	159653456	159666619	NA	1027.8	+	https://v12-1.orthodb.org/?query=192665at7147
SUPER_3	66585411	66579251	D6	599.7	-	https://v12-1.orthodb.org/?query=192691at7147
SUPER_3	66585411	66579251	D6	599.7	-	https://v12-1.orthodb.org/?query=192691at7147
SUPER_3	66616313	66605079	D6	597.3	-	https://v12-1.orthodb.org/?query=192691at7147
SUPER_3	66616313	66605079	D6	597.3	-	https://v12-1.orthodb.org/?query=192691at7147
SUPER_1	62110184	62110834	D5	225.2	+	https://v12-1.orthodb.org/?query=192868at7147
SUPER_3	172755224	172751401	D1	1926.6	-	https://v12-1.orthodb.org/?query=192881at7147
SUPER_2	348584225	348585217	D4	387.1	+	https://v12-1.orthodb.org/?query=192958at7147
SUPER_1	353000151	353001321	D3	297.3	+	https://v12-1.orthodb.org/?query=193077at7147
SUPER_1	58302330	58303614	D3	955.5	+	https://v12-1.orthodb.org/?query=193108at7147
SUPER_2	336387360	336382650	D4	491.3	-	https://v12-1.orthodb.org/?query=193127at7147
SUPER_3	17895447	17895051	NA	155.4	-	https://v12-1.orthodb.org/?query=193196at7147
SUPER_2	236349741	236352096	NA	1292.1	+	https://v12-1.orthodb.org/?query=193405at7147
SUPER_1	161522549	161523939	D5	472.7	+	https://v12-1.orthodb.org/?query=193528at7147
SUPER_1	7980214	7978626	D5	1012.8	-	https://v12-1.orthodb.org/?query=193600at7147
SUPER_1	75857391	75856722	D5	377.0	-	https://v12-1.orthodb.org/?query=193617at7147
SUPER_1	75857391	75856722	D5	377.0	-	https://v12-1.orthodb.org/?query=193617at7147
SUPER_1	75846170	75845501	D5	366.7	-	https://v12-1.orthodb.org/?query=193617at7147
SUPER_1	75846170	75845501	D5	366.7	-	https://v12-1.orthodb.org/?query=193617at7147
SUPER_3	294305882	294308217	D3	1386.1	+	https://v12-1.orthodb.org/?query=193652at7147
SUPER_3	206070046	206071135	D3	512.2	+	https://v12-1.orthodb.org/?query=193698at7147
SUPER_3	290240157	290210819	NA	1824.7	-	https://v12-1.orthodb.org/?query=193727at7147
SUPER_3	294649635	294651039	D3	877.9	+	https://v12-1.orthodb.org/?query=193757at7147
SUPER_1	180298198	180184809	D5	1033.6	-	https://v12-1.orthodb.org/?query=193781at7147
SUPER_2	84561671	84560768	NA	566.7	-	https://v12-1.orthodb.org/?query=193917at7147
SUPER_2	231965834	231966482	NA	315.6	+	https://v12-1.orthodb.org/?query=193941at7147
SUPER_2	148373782	148400425	D4	1973.3	+	https://v12-1.orthodb.org/?query=193947at7147
SUPER_2	104002415	103999480	D2	1181.8	-	https://v12-1.orthodb.org/?query=193949at7147
SUPER_1	271726644	271731041	D3	2161.8	+	https://v12-1.orthodb.org/?query=194155at7147
SUPER_3	3990684	3993846	D1	682.3	+	https://v12-1.orthodb.org/?query=194212at7147
SUPER_2	254943990	254942889	D4	406.5	-	https://v12-1.orthodb.org/?query=194287at7147
SUPER_2	14384173	14399681	D2	6207.6	+	https://v12-1.orthodb.org/?query=194345at7147
SUPER_1	26258046	26260182	D5	1519.0	+	https://v12-1.orthodb.org/?query=194370at7147
SUPER_3	298079801	298077497	D3	1147.3	-	https://v12-1.orthodb.org/?query=194578at7147
SUPER_2	163669070	163498382	NA	1161.3	-	https://v12-1.orthodb.org/?query=194600at7147
SUPER_1	58315785	58315050	NA	372.9	-	https://v12-1.orthodb.org/?query=194613at7147
SUPER_2	145201965	145198775	D2	1459.9	-	https://v12-1.orthodb.org/?query=194811at7147
SUPER_3	252971634	252969302	D3	1333.0	-	https://v12-1.orthodb.org/?query=194890at7147
SUPER_3	291392402	291400722	D3	1665.1	+	https://v12-1.orthodb.org/?query=195027at7147
SUPER_1	328511640	328510281	D4	485.8	-	https://v12-1.orthodb.org/?query=195060at7147
SUPER_3	203815331	203816074	D3	411.5	+	https://v12-1.orthodb.org/?query=195214at7147
SUPER_1	332567715	332566182	D3	726.3	-	https://v12-1.orthodb.org/?query=195218at7147
SUPER_1	332567715	332566182	D3	726.3	-	https://v12-1.orthodb.org/?query=195218at7147
SUPER_3	262985415	262982661	D3	820.7	-	https://v12-1.orthodb.org/?query=195218at7147
SUPER_3	262985415	262982661	D3	820.7	-	https://v12-1.orthodb.org/?query=195218at7147
SUPER_2	252968245	252966874	D4	465.8	-	https://v12-1.orthodb.org/?query=195384at7147
SUPER_3	273458880	273480370	D3	911.4	+	https://v12-1.orthodb.org/?query=195477at7147
SUPER_3	135433819	135430486	D4	2428.2	-	https://v12-1.orthodb.org/?query=195495at7147
SUPER_1	323393081	323394581	D3	702.9	+	https://v12-1.orthodb.org/?query=195531at7147
SUPER_1	163331077	163354084	D5	745.0	+	https://v12-1.orthodb.org/?query=195925at7147
SUPER_1	302326023	302323628	D3	1451.3	-	https://v12-1.orthodb.org/?query=195977at7147
SUPER_3	138991937	138991086	D1	257.8	-	https://v12-1.orthodb.org/?query=196109at7147
SUPER_2	117996873	117994205	NA	1427.9	-	https://v12-1.orthodb.org/?query=196120at7147
SUPER_1	4241927	4253809	D5	1430.4	+	https://v12-1.orthodb.org/?query=196145at7147
SUPER_2	338229499	338246738	D4	1283.5	+	https://v12-1.orthodb.org/?query=196429at7147
SUPER_3	178493461	178492230	NA	648.9	-	https://v12-1.orthodb.org/?query=196431at7147
SUPER_3	56802367	56802846	NA	174.8	+	https://v12-1.orthodb.org/?query=196501at7147
SUPER_3	369523	370931	D1	791.9	+	https://v12-1.orthodb.org/?query=196881at7147
SUPER_2	232130085	232131314	D4	688.9	+	https://v12-1.orthodb.org/?query=196974at7147
SUPER_2	3828748	3830089	NA	783.4	+	https://v12-1.orthodb.org/?query=196989at7147
SUPER_3	252064949	252071146	D3	445.7	+	https://v12-1.orthodb.org/?query=197070at7147
SUPER_2	118002910	118003183	D4	145.7	+	https://v12-1.orthodb.org/?query=197135at7147
SUPER_2	309356927	309366830	NA	962.9	+	https://v12-1.orthodb.org/?query=197152at7147
SUPER_2	173051442	173052118	NA	332.4	+	https://v12-1.orthodb.org/?query=197174at7147
SUPER_3	255751754	255751157	D3	224.7	-	https://v12-1.orthodb.org/?query=197196at7147
SUPER_3	275789768	275787026	D3	968.9	-	https://v12-1.orthodb.org/?query=197207at7147
SUPER_2	350939019	350938698	NA	202.4	-	https://v12-1.orthodb.org/?query=197278at7147
SUPER_1	7353781	7359808	NA	1837.1	+	https://v12-1.orthodb.org/?query=197370at7147
SUPER_1	333757726	333760089	D3	969.6	+	https://v12-1.orthodb.org/?query=197375at7147
SUPER_2	17736031	17733951	D2	919.5	-	https://v12-1.orthodb.org/?query=197411at7147
SUPER_2	280752778	280751013	D4	804.3	-	https://v12-1.orthodb.org/?query=197434at7147
SUPER_1	37946422	37941772	D5	614.6	-	https://v12-1.orthodb.org/?query=197467at7147
SUPER_1	83596044	83607728	D5	1222.9	+	https://v12-1.orthodb.org/?query=197512at7147
SUPER_3	160281030	160282983	D1	1010.7	+	https://v12-1.orthodb.org/?query=197548at7147
SUPER_2	51868155	51865714	D2	553.6	-	https://v12-1.orthodb.org/?query=197569at7147
SUPER_1	348889268	348885140	NA	2316.9	-	https://v12-1.orthodb.org/?query=197632at7147
SUPER_3	42522398	42521237	NA	631.9	-	https://v12-1.orthodb.org/?query=197691at7147
SUPER_1	109240870	109236431	D4	1322.2	-	https://v12-1.orthodb.org/?query=197783at7147
SUPER_1	16748583	16749694	NA	553.0	+	https://v12-1.orthodb.org/?query=197875at7147
SUPER_1	63419196	63418474	D3	392.7	-	https://v12-1.orthodb.org/?query=197894at7147
SUPER_3	62790159	62777334	D1	1043.7	-	https://v12-1.orthodb.org/?query=197948at7147
SUPER_3	19892996	19892141	D1	581.3	-	https://v12-1.orthodb.org/?query=197958at7147
SUPER_2	89026039	89024665	D2	321.2	-	https://v12-1.orthodb.org/?query=198148at7147
SUPER_1	7967078	7970797	D5	1471.1	+	https://v12-1.orthodb.org/?query=198185at7147
SUPER_2	50401783	50409462	D2	1079.5	+	https://v12-1.orthodb.org/?query=198230at7147
SUPER_2	307221034	307226431	D4	2175.1	+	https://v12-1.orthodb.org/?query=198277at7147
SUPER_3	26910585	26911182	NA	242.3	+	https://v12-1.orthodb.org/?query=198415at7147
SUPER_1	146256769	146258947	D5	1338.7	+	https://v12-1.orthodb.org/?query=198499at7147
SUPER_2	279440697	279437164	D4	273.9	-	https://v12-1.orthodb.org/?query=198673at7147
SUPER_2	285051506	285052519	NA	641.9	+	https://v12-1.orthodb.org/?query=198742at7147
SUPER_1	189909210	189908099	NA	672.1	-	https://v12-1.orthodb.org/?query=199143at7147
SUPER_2	252511433	252512607	NA	454.0	+	https://v12-1.orthodb.org/?query=199405at7147
SUPER_3	297044247	297043833	D3	167.8	-	https://v12-1.orthodb.org/?query=199444at7147
SUPER_3	54589543	54592782	D1	1524.8	+	https://v12-1.orthodb.org/?query=199473at7147
SUPER_2	285887615	285885779	D4	1023.6	-	https://v12-1.orthodb.org/?query=199531at7147
SUPER_1	130722806	130717603	D5	2933.3	-	https://v12-1.orthodb.org/?query=199566at7147
SUPER_1	13023563	13021231	D5	596.8	-	https://v12-1.orthodb.org/?query=199581at7147
SUPER_3	285663053	285660218	D3	1503.0	-	https://v12-1.orthodb.org/?query=199691at7147
SUPER_3	185774399	185771973	NA	1290.3	-	https://v12-1.orthodb.org/?query=199717at7147
SUPER_2	29360696	29363731	D2	1612.6	+	https://v12-1.orthodb.org/?query=199997at7147
SUPER_2	299414840	299417056	NA	441.0	+	https://v12-1.orthodb.org/?query=200062at7147
SUPER_3	271342304	271333885	D3	1910.2	-	https://v12-1.orthodb.org/?query=200390at7147
SUPER_2	28751510	28729139	NA	2118.9	-	https://v12-1.orthodb.org/?query=200445at7147
SUPER_2	35050519	35044918	D2	882.2	-	https://v12-1.orthodb.org/?query=200486at7147
SUPER_2	30263809	30272438	NA	911.3	+	https://v12-1.orthodb.org/?query=200550at7147
SUPER_1	309735591	309736930	D3	733.1	+	https://v12-1.orthodb.org/?query=200590at7147
SUPER_2	85360455	85359447	D2	420.5	-	https://v12-1.orthodb.org/?query=200668at7147
SUPER_1	221375046	221371469	NA	1729.8	-	https://v12-1.orthodb.org/?query=200695at7147
SUPER_2	37954615	37949361	NA	401.9	-	https://v12-1.orthodb.org/?query=200880at7147
SUPER_3	175975176	176028819	NA	986.3	+	https://v12-1.orthodb.org/?query=200996at7147
SUPER_1	287585727	287405992	D3	1637.1	-	https://v12-1.orthodb.org/?query=201178at7147
SUPER_2	335320106	335321441	D4	769.7	+	https://v12-1.orthodb.org/?query=201194at7147
SUPER_1	93818824	93820927	NA	726.2	+	https://v12-1.orthodb.org/?query=201214at7147
SUPER_1	251718736	251657884	D3	1305.4	-	https://v12-1.orthodb.org/?query=201450at7147
SUPER_2	16834208	16836687	D1	1570.0	+	https://v12-1.orthodb.org/?query=201478at7147
SUPER_2	198814292	198738770	D4	2918.6	-	https://v12-1.orthodb.org/?query=201709at7147
SUPER_2	53404394	53406439	NA	1158.0	+	https://v12-1.orthodb.org/?query=201766at7147
SUPER_1	49073483	49079646	D5	2782.1	+	https://v12-1.orthodb.org/?query=201808at7147
SUPER_3	182413405	182415382	NA	940.9	+	https://v12-1.orthodb.org/?query=201825at7147
SUPER_1	46307883	46306946	D5	500.8	-	https://v12-1.orthodb.org/?query=201874at7147
SUPER_2	9320056	9319179	D1	392.6	-	https://v12-1.orthodb.org/?query=201937at7147
SUPER_1	100795458	100794793	D5	274.8	-	https://v12-1.orthodb.org/?query=202022at7147
SUPER_1	3573674	3571710	NA	1012.8	-	https://v12-1.orthodb.org/?query=202071at7147
SUPER_2	110455171	110456737	D4	747.6	+	https://v12-1.orthodb.org/?query=202134at7147
SUPER_1	30249075	30246451	D5	1558.8	-	https://v12-1.orthodb.org/?query=202191at7147
SUPER_3	20826502	20828288	D1	985.9	+	https://v12-1.orthodb.org/?query=202222at7147
SUPER_2	233914614	233916588	D4	1146.6	+	https://v12-1.orthodb.org/?query=202373at7147
SUPER_1	332230179	332221690	D3	941.2	-	https://v12-1.orthodb.org/?query=202441at7147
SUPER_3	19856411	19857379	NA	589.4	+	https://v12-1.orthodb.org/?query=202451at7147
SUPER_2	45550367	45543575	D2	959.9	-	https://v12-1.orthodb.org/?query=202479at7147
SUPER_3	156879230	156879846	D1	260.6	+	https://v12-1.orthodb.org/?query=202522at7147
SUPER_2	49623790	49626663	NA	2016.9	+	https://v12-1.orthodb.org/?query=202525at7147
SUPER_2	179146482	179144758	D4	344.2	-	https://v12-1.orthodb.org/?query=202603at7147
SUPER_3	52666142	52665511	NA	143.9	-	https://v12-1.orthodb.org/?query=202622at7147
SUPER_1	139350404	139348969	D5	727.5	-	https://v12-1.orthodb.org/?query=202637at7147
SUPER_2	347863791	347865201	NA	627.1	+	https://v12-1.orthodb.org/?query=202679at7147
SUPER_1	69981963	69984242	NA	1337.2	+	https://v12-1.orthodb.org/?query=202692at7147
SUPER_1	123743517	123740914	D3	1113.4	-	https://v12-1.orthodb.org/?query=202862at7147
SUPER_2	232847334	232848083	D4	424.7	+	https://v12-1.orthodb.org/?query=202948at7147
SUPER_3	60991475	60989246	D1	939.6	-	https://v12-1.orthodb.org/?query=202954at7147
SUPER_1	197361769	197363929	D3	1186.1	+	https://v12-1.orthodb.org/?query=202970at7147
SUPER_1	161837754	161844983	D5	3325.7	+	https://v12-1.orthodb.org/?query=203027at7147
SUPER_2	50672775	50671264	D2	561.9	-	https://v12-1.orthodb.org/?query=203057at7147
SUPER_3	185805046	185877612	NA	798.7	+	https://v12-1.orthodb.org/?query=203388at7147
SUPER_3	254403608	254404494	D3	397.2	+	https://v12-1.orthodb.org/?query=203403at7147
SUPER_3	42298279	42300171	D1	912.4	+	https://v12-1.orthodb.org/?query=203444at7147
SUPER_1	166250751	166190797	D5	941.5	-	https://v12-1.orthodb.org/?query=203551at7147
SUPER_1	248483080	248497007	D3	2167.2	+	https://v12-1.orthodb.org/?query=203569at7147
SUPER_2	116048872	116046949	D2	922.5	-	https://v12-1.orthodb.org/?query=203576at7147
SUPER_2	36972893	36978636	D2	2904.1	+	https://v12-1.orthodb.org/?query=203671at7147
SUPER_3	53503845	53500296	D1	2007.7	-	https://v12-1.orthodb.org/?query=203695at7147
SUPER_1	75621918	75623549	D1	1106.3	+	https://v12-1.orthodb.org/?query=203733at7147
SUPER_1	1706425	1707398	D5	608.1	+	https://v12-1.orthodb.org/?query=203893at7147
SUPER_3	49704746	49719910	D1	1009.3	+	https://v12-1.orthodb.org/?query=203903at7147
SUPER_3	2090495	2097996	D1	1050.8	+	https://v12-1.orthodb.org/?query=203937at7147
SUPER_1	13013049	13011554	D5	478.5	-	https://v12-1.orthodb.org/?query=204032at7147
SUPER_1	297328830	297329760	D3	528.7	+	https://v12-1.orthodb.org/?query=204035at7147
SUPER_3	276460303	276461771	D3	924.1	+	https://v12-1.orthodb.org/?query=204057at7147
SUPER_3	44739959	44738257	D1	936.0	-	https://v12-1.orthodb.org/?query=204218at7147
SUPER_3	94662268	94660952	D1	496.0	-	https://v12-1.orthodb.org/?query=204245at7147
SUPER_1	100806788	100804418	D5	820.8	-	https://v12-1.orthodb.org/?query=204329at7147
SUPER_2	116130258	116134141	D2	1902.1	+	https://v12-1.orthodb.org/?query=204348at7147
SUPER_2	342510718	342519231	D4	1253.5	+	https://v12-1.orthodb.org/?query=204383at7147
SUPER_1	323555064	323553354	D3	701.2	-	https://v12-1.orthodb.org/?query=204426at7147
SUPER_1	134403910	134402149	D3	376.5	-	https://v12-1.orthodb.org/?query=204476at7147
SUPER_3	106602398	106601062	NA	794.6	-	https://v12-1.orthodb.org/?query=204530at7147
SUPER_2	4476018	4473009	D2	356.4	-	https://v12-1.orthodb.org/?query=204542at7147
SUPER_3	57774637	57713331	D1	967.9	-	https://v12-1.orthodb.org/?query=204566at7147
SUPER_1	7298903	7297143	D5	1001.9	-	https://v12-1.orthodb.org/?query=204581at7147
SUPER_2	285053895	285052766	D4	758.3	-	https://v12-1.orthodb.org/?query=204616at7147
SUPER_2	354808015	354809510	D4	876.4	+	https://v12-1.orthodb.org/?query=204706at7147
SUPER_3	291346210	291344621	D3	493.7	-	https://v12-1.orthodb.org/?query=204754at7147
SUPER_2	353301902	353303017	D4	670.2	+	https://v12-1.orthodb.org/?query=205197at7147
SUPER_1	155521504	155522227	NA	430.5	+	https://v12-1.orthodb.org/?query=205199at7147
SUPER_1	147082522	147034849	D5	1406.3	-	https://v12-1.orthodb.org/?query=205264at7147
SUPER_1	96101428	96099077	D5	1218.4	-	https://v12-1.orthodb.org/?query=205381at7147
SUPER_2	37209856	37208539	NA	532.1	-	https://v12-1.orthodb.org/?query=205395at7147
SUPER_2	37209856	37208539	NA	532.1	-	https://v12-1.orthodb.org/?query=205395at7147
SUPER_2	108905383	108904063	NA	526.3	-	https://v12-1.orthodb.org/?query=205395at7147
SUPER_2	108905383	108904063	NA	526.3	-	https://v12-1.orthodb.org/?query=205395at7147
SUPER_2	345458631	345456649	NA	1167.3	-	https://v12-1.orthodb.org/?query=205421at7147
SUPER_1	126468705	126467813	D3	200.3	-	https://v12-1.orthodb.org/?query=205542at7147
SUPER_2	352410677	352410390	D4	144.4	-	https://v12-1.orthodb.org/?query=205547at7147
SUPER_3	100402704	100392787	NA	733.5	-	https://v12-1.orthodb.org/?query=205559at7147
SUPER_3	45095501	45094763	D1	380.8	-	https://v12-1.orthodb.org/?query=205575at7147
SUPER_1	178848726	178845154	D5	674.7	-	https://v12-1.orthodb.org/?query=205624at7147
SUPER_3	8142230	8162997	D1	615.3	+	https://v12-1.orthodb.org/?query=205708at7147
SUPER_1	122559077	122593668	D3	1497.7	+	https://v12-1.orthodb.org/?query=205742at7147
SUPER_3	9728754	9726693	D1	839.3	-	https://v12-1.orthodb.org/?query=205813at7147
SUPER_2	89378682	89380092	D2	574.9	+	https://v12-1.orthodb.org/?query=206125at7147
SUPER_X	6081850	6083239	D6	690.2	+	https://v12-1.orthodb.org/?query=206246at7147
SUPER_3	95347760	95346363	D1	648.8	-	https://v12-1.orthodb.org/?query=206281at7147
SUPER_1	317543412	317537113	D3	3270.6	-	https://v12-1.orthodb.org/?query=206361at7147
SUPER_2	292883144	292884050	D4	568.5	+	https://v12-1.orthodb.org/?query=206372at7147
SUPER_3	4299261	4297884	D1	873.6	-	https://v12-1.orthodb.org/?query=206399at7147
SUPER_2	348254102	348264795	NA	707.3	+	https://v12-1.orthodb.org/?query=206632at7147
SUPER_2	246511737	246521935	NA	844.4	+	https://v12-1.orthodb.org/?query=206669at7147
SUPER_2	248450124	248412869	D4	799.5	-	https://v12-1.orthodb.org/?query=206736at7147
SUPER_1	44349760	44271426	D5	623.3	-	https://v12-1.orthodb.org/?query=206750at7147
SUPER_3	54330937	54333154	D1	1201.5	+	https://v12-1.orthodb.org/?query=206872at7147
SUPER_1	84410216	84409157	D5	818.8	-	https://v12-1.orthodb.org/?query=206914at7147
SUPER_1	31520907	31521996	D5	580.9	+	https://v12-1.orthodb.org/?query=206928at7147
SUPER_3	74174402	74168731	D1	2402.9	-	https://v12-1.orthodb.org/?query=206995at7147
SUPER_1	25914590	25912655	NA	1064.7	-	https://v12-1.orthodb.org/?query=207042at7147
SUPER_3	35270322	35272004	D1	866.9	+	https://v12-1.orthodb.org/?query=207078at7147
SUPER_3	98862434	98861317	D1	518.6	-	https://v12-1.orthodb.org/?query=207122at7147
SUPER_2	172608860	172614358	NA	366.1	+	https://v12-1.orthodb.org/?query=207163at7147
SUPER_2	338981894	338981297	D4	221.4	-	https://v12-1.orthodb.org/?query=207316at7147
SUPER_3	101493	102989	NA	242.7	+	https://v12-1.orthodb.org/?query=207337at7147
SUPER_2	185476371	185542948	D2	591.6	+	https://v12-1.orthodb.org/?query=207348at7147
SUPER_1	324924058	324925131	D3	511.6	+	https://v12-1.orthodb.org/?query=207353at7147
SUPER_2	352358222	352358726	NA	306.4	+	https://v12-1.orthodb.org/?query=207465at7147
SUPER_2	351154019	351137619	D4	2307.1	-	https://v12-1.orthodb.org/?query=207472at7147
SUPER_3	299264297	299261875	D3	1548.8	-	https://v12-1.orthodb.org/?query=207537at7147
SUPER_3	291673068	291674118	NA	453.3	+	https://v12-1.orthodb.org/?query=207748at7147
SUPER_1	312101674	312100051	D3	946.3	-	https://v12-1.orthodb.org/?query=207803at7147
SUPER_1	352995703	352997802	D3	704.6	+	https://v12-1.orthodb.org/?query=207901at7147
SUPER_2	118028729	118035114	D4	678.0	+	https://v12-1.orthodb.org/?query=208352at7147
SUPER_1	103512430	103511235	NA	543.7	-	https://v12-1.orthodb.org/?query=208373at7147
SUPER_2	44806158	44810516	NA	2358.5	+	https://v12-1.orthodb.org/?query=208522at7147
SUPER_1	297446374	297448441	D3	1014.8	+	https://v12-1.orthodb.org/?query=208542at7147
SUPER_1	33604212	33603396	D5	461.2	-	https://v12-1.orthodb.org/?query=208604at7147
SUPER_3	261100051	261101329	D3	516.4	+	https://v12-1.orthodb.org/?query=208964at7147
SUPER_3	261100051	261101329	D3	516.4	+	https://v12-1.orthodb.org/?query=208964at7147
SUPER_3	261098497	261099765	D3	472.8	+	https://v12-1.orthodb.org/?query=208964at7147
SUPER_3	261098497	261099765	D3	472.8	+	https://v12-1.orthodb.org/?query=208964at7147
SUPER_1	4161654	4161155	NA	216.2	-	https://v12-1.orthodb.org/?query=209049at7147
SUPER_1	7965526	7963459	D5	750.0	-	https://v12-1.orthodb.org/?query=209274at7147
SUPER_3	164230850	164229617	D1	452.9	-	https://v12-1.orthodb.org/?query=209312at7147
SUPER_2	37947600	37945288	D2	1424.1	-	https://v12-1.orthodb.org/?query=209356at7147
SUPER_1	227827491	227853732	D3	1730.6	+	https://v12-1.orthodb.org/?query=209369at7147
SUPER_2	157889043	157894416	D4	722.2	+	https://v12-1.orthodb.org/?query=209407at7147
SUPER_1	355699649	355698617	NA	468.4	-	https://v12-1.orthodb.org/?query=209540at7147
SUPER_3	124789084	124744203	D1	1064.9	-	https://v12-1.orthodb.org/?query=209603at7147
SUPER_2	231880640	231878033	D4	711.7	-	https://v12-1.orthodb.org/?query=209639at7147
SUPER_1	339674190	339646744	NA	555.2	-	https://v12-1.orthodb.org/?query=209679at7147
SUPER_1	10333978	10324840	D5	831.4	-	https://v12-1.orthodb.org/?query=209900at7147
SUPER_3	141175174	141173569	D1	696.9	-	https://v12-1.orthodb.org/?query=209924at7147
SUPER_3	42300442	42301126	D1	314.9	+	https://v12-1.orthodb.org/?query=209963at7147
SUPER_3	52999212	52998135	D5	658.0	-	https://v12-1.orthodb.org/?query=210040at7147
SUPER_3	291823984	291845571	D3	2475.1	+	https://v12-1.orthodb.org/?query=210072at7147
SUPER_1	8459947	8438510	D5	3248.5	-	https://v12-1.orthodb.org/?query=210074at7147
SUPER_2	231143222	231173008	NA	854.6	+	https://v12-1.orthodb.org/?query=210106at7147
SUPER_3	271435979	271439371	NA	1978.2	+	https://v12-1.orthodb.org/?query=210122at7147
SUPER_1	84889321	84890958	NA	789.6	+	https://v12-1.orthodb.org/?query=210188at7147
SUPER_3	97311288	97310616	D1	390.7	-	https://v12-1.orthodb.org/?query=210193at7147
SUPER_3	184763367	184766806	NA	989.2	+	https://v12-1.orthodb.org/?query=210318at7147
SUPER_3	61071048	61095248	D1	482.7	+	https://v12-1.orthodb.org/?query=210564at7147
SUPER_1	40234502	40236072	D5	770.4	+	https://v12-1.orthodb.org/?query=210598at7147
SUPER_2	284783262	284782418	D4	427.9	-	https://v12-1.orthodb.org/?query=210628at7147
SUPER_1	10455297	10454235	D5	393.7	-	https://v12-1.orthodb.org/?query=210782at7147
SUPER_2	336182726	336185131	D4	1543.5	+	https://v12-1.orthodb.org/?query=210867at7147
SUPER_X	2287303	2283110	D6	1658.4	-	https://v12-1.orthodb.org/?query=211171at7147
SUPER_1	163371289	163371970	D5	291.8	+	https://v12-1.orthodb.org/?query=211293at7147
SUPER_1	132911734	132910646	D5	665.6	-	https://v12-1.orthodb.org/?query=211325at7147
SUPER_1	141764613	141768272	NA	1289.6	+	https://v12-1.orthodb.org/?query=211337at7147
SUPER_2	254077526	254078788	NA	699.3	+	https://v12-1.orthodb.org/?query=211390at7147
SUPER_3	295775799	295810323	D3	464.6	+	https://v12-1.orthodb.org/?query=211427at7147
SUPER_2	338702163	338700773	D1	612.1	-	https://v12-1.orthodb.org/?query=211486at7147
SUPER_3	288935124	288928632	D3	1483.7	-	https://v12-1.orthodb.org/?query=211619at7147
SUPER_2	109589313	109572446	D4	395.0	-	https://v12-1.orthodb.org/?query=211637at7147
SUPER_3	294602028	294603813	D3	825.1	+	https://v12-1.orthodb.org/?query=211705at7147
SUPER_1	352547498	352537404	D3	1323.9	-	https://v12-1.orthodb.org/?query=211758at7147
SUPER_3	237617990	237618569	NA	255.0	+	https://v12-1.orthodb.org/?query=211769at7147
SUPER_3	130633664	130644603	D1	1433.8	+	https://v12-1.orthodb.org/?query=211833at7147
SUPER_2	90535139	90535913	D4	376.1	+	https://v12-1.orthodb.org/?query=211840at7147
SUPER_1	95158670	95155924	D5	1635.4	-	https://v12-1.orthodb.org/?query=211848at7147
SUPER_2	3767759	3698587	D2	6545.8	-	https://v12-1.orthodb.org/?query=211944at7147
SUPER_1	351459239	351461031	D3	811.3	+	https://v12-1.orthodb.org/?query=211985at7147
SUPER_3	49728931	49724042	D1	1677.6	-	https://v12-1.orthodb.org/?query=212046at7147
SUPER_2	9879616	9880161	D2	281.9	+	https://v12-1.orthodb.org/?query=212066at7147
SUPER_1	139563251	139602836	D5	407.2	+	https://v12-1.orthodb.org/?query=212151at7147
SUPER_2	30978672	30977825	NA	474.6	-	https://v12-1.orthodb.org/?query=212446at7147
SUPER_1	153941561	153943051	D5	712.1	+	https://v12-1.orthodb.org/?query=212459at7147
SUPER_2	345469249	345471924	NA	1282.3	+	https://v12-1.orthodb.org/?query=212485at7147
SUPER_2	50673906	50673189	NA	320.3	-	https://v12-1.orthodb.org/?query=212660at7147
SUPER_3	206454466	206477178	D1	557.1	+	https://v12-1.orthodb.org/?query=212769at7147
SUPER_1	226023741	226024896	D3	665.8	+	https://v12-1.orthodb.org/?query=212800at7147
SUPER_2	9264718	9263224	NA	348.6	-	https://v12-1.orthodb.org/?query=213045at7147
SUPER_3	152381412	152381020	D5	159.9	-	https://v12-1.orthodb.org/?query=213130at7147
SUPER_1	310098157	310100222	NA	618.6	+	https://v12-1.orthodb.org/?query=213316at7147
SUPER_2	272304251	272307067	D4	1716.2	+	https://v12-1.orthodb.org/?query=213406at7147
SUPER_2	68651722	68701859	D2	2375.1	+	https://v12-1.orthodb.org/?query=213523at7147
SUPER_3	192115937	192038761	D1	645.1	-	https://v12-1.orthodb.org/?query=213540at7147
SUPER_2	84893051	84897525	D2	2566.5	+	https://v12-1.orthodb.org/?query=213638at7147
SUPER_3	7656587	7657531	NA	372.3	+	https://v12-1.orthodb.org/?query=213774at7147
SUPER_2	292889079	292895512	D4	1268.8	+	https://v12-1.orthodb.org/?query=213839at7147
SUPER_1	348879100	348881390	D3	1461.1	+	https://v12-1.orthodb.org/?query=214054at7147
SUPER_3	78053388	78054541	NA	577.5	+	https://v12-1.orthodb.org/?query=214256at7147
SUPER_3	182522245	182521112	D1	525.8	-	https://v12-1.orthodb.org/?query=214308at7147
SUPER_1	309749541	309737624	D3	361.6	-	https://v12-1.orthodb.org/?query=214315at7147
SUPER_1	309749541	309737624	D3	361.6	-	https://v12-1.orthodb.org/?query=214315at7147
SUPER_2	237259445	237258641	D3	368.7	-	https://v12-1.orthodb.org/?query=214315at7147
SUPER_2	237259445	237258641	D3	368.7	-	https://v12-1.orthodb.org/?query=214315at7147
SUPER_2	41439085	41437976	D2	727.1	-	https://v12-1.orthodb.org/?query=214371at7147
SUPER_2	199295586	199292937	D4	1756.8	-	https://v12-1.orthodb.org/?query=214452at7147
SUPER_3	289047914	289046287	D3	1135.9	-	https://v12-1.orthodb.org/?query=214518at7147
SUPER_3	285728952	285728262	D3	237.7	-	https://v12-1.orthodb.org/?query=214546at7147
SUPER_2	279442112	279444083	D4	1442.3	+	https://v12-1.orthodb.org/?query=214607at7147
SUPER_2	115182657	115181790	D2	420.8	-	https://v12-1.orthodb.org/?query=214620at7147
SUPER_1	62107037	62107404	D5	184.3	+	https://v12-1.orthodb.org/?query=214635at7147
SUPER_2	201972949	201974528	D4	1053.9	+	https://v12-1.orthodb.org/?query=214644at7147
SUPER_2	350423111	350424278	D4	626.7	+	https://v12-1.orthodb.org/?query=214663at7147
SUPER_2	353799341	353796217	NA	1405.0	-	https://v12-1.orthodb.org/?query=214703at7147
SUPER_3	295292122	295289639	D3	746.5	-	https://v12-1.orthodb.org/?query=214763at7147
SUPER_2	202530199	202491217	NA	7686.8	-	https://v12-1.orthodb.org/?query=214843at7147
SUPER_1	351947962	351946293	NA	560.5	-	https://v12-1.orthodb.org/?query=214894at7147
SUPER_3	153127999	153126565	D1	401.4	-	https://v12-1.orthodb.org/?query=214968at7147
SUPER_3	57646622	57652336	D1	1255.9	+	https://v12-1.orthodb.org/?query=215117at7147
SUPER_1	163374949	163373569	D5	759.1	-	https://v12-1.orthodb.org/?query=215197at7147
SUPER_2	19530281	19533866	D2	1651.9	+	https://v12-1.orthodb.org/?query=215373at7147
SUPER_2	109563533	109564260	NA	338.5	+	https://v12-1.orthodb.org/?query=215410at7147
SUPER_3	175459258	175460411	D1	552.4	+	https://v12-1.orthodb.org/?query=215452at7147
SUPER_3	37707303	37706034	D1	931.0	-	https://v12-1.orthodb.org/?query=215518at7147
SUPER_1	199670502	199715457	D3	739.6	+	https://v12-1.orthodb.org/?query=215748at7147
SUPER_1	199670502	199715457	D3	739.6	+	https://v12-1.orthodb.org/?query=215748at7147
SUPER_1	199570775	199597879	D3	694.7	+	https://v12-1.orthodb.org/?query=215748at7147
SUPER_1	199570775	199597879	D3	694.7	+	https://v12-1.orthodb.org/?query=215748at7147
SUPER_1	347764506	347762477	D3	964.2	-	https://v12-1.orthodb.org/?query=215814at7147
SUPER_3	51228948	51150541	D1	1046.1	-	https://v12-1.orthodb.org/?query=215847at7147
SUPER_3	67374133	67377736	D1	1083.5	+	https://v12-1.orthodb.org/?query=215856at7147
SUPER_2	2971224	2974057	D2	982.7	+	https://v12-1.orthodb.org/?query=215874at7147
SUPER_3	137605892	137649366	NA	450.2	+	https://v12-1.orthodb.org/?query=215907at7147
SUPER_2	298918043	298915683	D4	1072.3	-	https://v12-1.orthodb.org/?query=216182at7147
SUPER_1	194460578	194459110	D5	470.5	-	https://v12-1.orthodb.org/?query=216212at7147
SUPER_3	258988430	259065677	D3	1688.3	+	https://v12-1.orthodb.org/?query=216533at7147
SUPER_3	296902647	296876824	D3	411.3	-	https://v12-1.orthodb.org/?query=216744at7147
SUPER_1	214541188	214544259	D3	1028.9	+	https://v12-1.orthodb.org/?query=216747at7147
SUPER_1	323594742	323595560	NA	369.2	+	https://v12-1.orthodb.org/?query=216784at7147
SUPER_1	172967549	172981725	D5	398.9	+	https://v12-1.orthodb.org/?query=216792at7147
SUPER_1	307623821	307622404	D3	499.8	-	https://v12-1.orthodb.org/?query=216811at7147
SUPER_1	157848902	157848025	D5	241.2	-	https://v12-1.orthodb.org/?query=216894at7147
SUPER_1	224772548	224638607	D3	1592.5	-	https://v12-1.orthodb.org/?query=216919at7147
SUPER_3	284322006	284324954	NA	1272.3	+	https://v12-1.orthodb.org/?query=217194at7147
SUPER_1	271417720	271409897	D3	486.0	-	https://v12-1.orthodb.org/?query=217300at7147
SUPER_2	296197615	296195032	D4	466.3	-	https://v12-1.orthodb.org/?query=217331at7147
SUPER_3	135713323	135711750	D4	387.6	-	https://v12-1.orthodb.org/?query=217495at7147
SUPER_1	7977006	7978324	D3	779.8	+	https://v12-1.orthodb.org/?query=217498at7147
SUPER_2	152102234	152103647	D4	847.9	+	https://v12-1.orthodb.org/?query=217553at7147
SUPER_3	98656971	98678801	D1	351.0	+	https://v12-1.orthodb.org/?query=217739at7147
SUPER_2	42705375	42702959	D2	929.7	-	https://v12-1.orthodb.org/?query=217749at7147
SUPER_3	271439697	271440392	D3	328.3	+	https://v12-1.orthodb.org/?query=217863at7147
SUPER_2	251981088	251983291	NA	1223.5	+	https://v12-1.orthodb.org/?query=217885at7147
SUPER_1	83323753	83320029	D5	351.6	-	https://v12-1.orthodb.org/?query=217926at7147
SUPER_2	9478740	9475805	NA	1585.3	-	https://v12-1.orthodb.org/?query=217997at7147
SUPER_1	122153631	122158932	D3	1572.3	+	https://v12-1.orthodb.org/?query=217999at7147
SUPER_3	172903018	172873146	NA	802.2	-	https://v12-1.orthodb.org/?query=218025at7147
SUPER_X	1561247	1565561	D6	1294.7	+	https://v12-1.orthodb.org/?query=218090at7147
SUPER_3	95352240	95353059	D1	408.1	+	https://v12-1.orthodb.org/?query=218216at7147
SUPER_2	342728100	342727653	D4	162.6	-	https://v12-1.orthodb.org/?query=218232at7147
SUPER_3	119080807	119082696	D4	950.0	+	https://v12-1.orthodb.org/?query=218238at7147
SUPER_2	205218281	205258420	NA	947.7	+	https://v12-1.orthodb.org/?query=218305at7147
SUPER_2	190328337	190358622	D4	1091.6	+	https://v12-1.orthodb.org/?query=218314at7147
SUPER_3	130880751	130880179	D1	297.4	-	https://v12-1.orthodb.org/?query=218373at7147
SUPER_1	29683035	29691447	D5	4350.7	+	https://v12-1.orthodb.org/?query=218465at7147
SUPER_3	172867256	172868258	D3	679.0	+	https://v12-1.orthodb.org/?query=218652at7147
SUPER_2	254908856	254906760	D4	813.4	-	https://v12-1.orthodb.org/?query=218662at7147
SUPER_2	232004508	232006163	D4	831.7	+	https://v12-1.orthodb.org/?query=218702at7147
SUPER_2	183016464	183015196	D4	746.8	-	https://v12-1.orthodb.org/?query=218834at7147
SUPER_3	272361252	272362251	D3	602.8	+	https://v12-1.orthodb.org/?query=218877at7147
SUPER_3	285821937	285835125	D3	728.8	+	https://v12-1.orthodb.org/?query=218974at7147
SUPER_2	1076403	1076952	NA	302.6	+	https://v12-1.orthodb.org/?query=219080at7147
SUPER_3	198962088	198905703	D1	366.1	-	https://v12-1.orthodb.org/?query=219089at7147
SUPER_2	165043228	165076730	D2	501.0	+	https://v12-1.orthodb.org/?query=219217at7147
SUPER_1	112301013	112302717	NA	776.4	+	https://v12-1.orthodb.org/?query=219266at7147
SUPER_3	285293964	285292666	D3	212.4	-	https://v12-1.orthodb.org/?query=219340at7147
SUPER_2	234015067	234015918	D4	547.1	+	https://v12-1.orthodb.org/?query=219502at7147
SUPER_2	234015067	234015918	D4	547.1	+	https://v12-1.orthodb.org/?query=219502at7147
SUPER_2	234016322	234017185	D4	534.6	+	https://v12-1.orthodb.org/?query=219502at7147
SUPER_2	234016322	234017185	D4	534.6	+	https://v12-1.orthodb.org/?query=219502at7147
SUPER_1	8563059	8565836	D5	1188.9	+	https://v12-1.orthodb.org/?query=219582at7147
SUPER_1	351882482	351883553	D3	369.0	+	https://v12-1.orthodb.org/?query=219621at7147
SUPER_3	294159357	294157116	D3	1236.3	-	https://v12-1.orthodb.org/?query=219671at7147
SUPER_2	277065823	277066562	NA	358.8	+	https://v12-1.orthodb.org/?query=219689at7147
SUPER_3	156446881	156450675	D1	1695.3	+	https://v12-1.orthodb.org/?query=219709at7147
SUPER_2	164388402	164387738	D2	237.1	-	https://v12-1.orthodb.org/?query=219748at7147
SUPER_1	166819688	166808239	D5	399.4	-	https://v12-1.orthodb.org/?query=219749at7147
SUPER_2	205299250	205298170	D4	510.6	-	https://v12-1.orthodb.org/?query=219782at7147
SUPER_2	352535920	352537102	NA	612.5	+	https://v12-1.orthodb.org/?query=219819at7147
SUPER_2	103996304	103998762	D2	1580.2	+	https://v12-1.orthodb.org/?query=219976at7147
SUPER_2	47468794	47464773	D2	1990.1	-	https://v12-1.orthodb.org/?query=219991at7147
SUPER_2	153565804	153566859	NA	334.2	+	https://v12-1.orthodb.org/?query=220058at7147
SUPER_1	149943760	149944560	D5	489.0	+	https://v12-1.orthodb.org/?query=220196at7147
SUPER_2	295948479	295945706	D4	1432.1	-	https://v12-1.orthodb.org/?query=220279at7147
SUPER_2	32436181	32437411	D2	623.7	+	https://v12-1.orthodb.org/?query=220289at7147
SUPER_2	11376567	11377980	NA	848.7	+	https://v12-1.orthodb.org/?query=220377at7147
SUPER_2	276716676	276714643	D4	937.5	-	https://v12-1.orthodb.org/?query=220528at7147
SUPER_3	3189078	3190656	D1	600.2	+	https://v12-1.orthodb.org/?query=220544at7147
SUPER_3	108503593	108504990	D1	607.2	+	https://v12-1.orthodb.org/?query=220551at7147
SUPER_1	67072469	67072139	NA	178.5	-	https://v12-1.orthodb.org/?query=220756at7147
SUPER_1	139159377	139158344	D5	457.1	-	https://v12-1.orthodb.org/?query=220802at7147
SUPER_3	152956075	152954798	D1	460.4	-	https://v12-1.orthodb.org/?query=220877at7147
SUPER_1	100225592	100228387	D5	501.7	+	https://v12-1.orthodb.org/?query=220933at7147
SUPER_1	27391877	27392908	NA	620.5	+	https://v12-1.orthodb.org/?query=220949at7147
SUPER_3	125193411	125255261	D1	654.0	+	https://v12-1.orthodb.org/?query=221120at7147
SUPER_1	37445675	37234767	D5	1020.9	-	https://v12-1.orthodb.org/?query=221190at7147
SUPER_3	117917882	117924956	D1	953.9	+	https://v12-1.orthodb.org/?query=221229at7147
SUPER_2	9271513	9270537	D6	410.4	-	https://v12-1.orthodb.org/?query=221352at7147
SUPER_1	251844584	251840397	D3	1697.8	-	https://v12-1.orthodb.org/?query=221587at7147
SUPER_1	333997186	333998273	D3	581.2	+	https://v12-1.orthodb.org/?query=221712at7147
SUPER_3	3341508	3401258	NA	627.0	+	https://v12-1.orthodb.org/?query=221767at7147
SUPER_1	217804565	217803824	D1	314.7	-	https://v12-1.orthodb.org/?query=221772at7147
SUPER_3	284009271	284014133	NA	1930.8	+	https://v12-1.orthodb.org/?query=221779at7147
SUPER_3	18935234	18933020	D1	1053.5	-	https://v12-1.orthodb.org/?query=221865at7147
SUPER_3	299818800	299819530	D3	274.0	+	https://v12-1.orthodb.org/?query=221947at7147
SUPER_2	353529042	353527134	NA	1070.8	-	https://v12-1.orthodb.org/?query=221955at7147
SUPER_3	308898	310488	D5	311.0	+	https://v12-1.orthodb.org/?query=221957at7147
SUPER_1	112590435	112586560	D1	2302.1	-	https://v12-1.orthodb.org/?query=222038at7147
SUPER_3	271316757	271315351	D3	746.8	-	https://v12-1.orthodb.org/?query=222040at7147
SUPER_1	26848045	26957442	D5	871.3	+	https://v12-1.orthodb.org/?query=222109at7147
SUPER_1	20229302	20230744	D4	912.8	+	https://v12-1.orthodb.org/?query=222145at7147
SUPER_1	267509682	267511092	D3	708.6	+	https://v12-1.orthodb.org/?query=222175at7147
SUPER_2	319629514	319630201	D4	240.7	+	https://v12-1.orthodb.org/?query=222228at7147
SUPER_3	54298302	54289172	NA	636.6	-	https://v12-1.orthodb.org/?query=222283at7147
SUPER_2	22316887	22319304	D1	1064.7	+	https://v12-1.orthodb.org/?query=222421at7147
SUPER_2	104005845	104006834	D3	645.9	+	https://v12-1.orthodb.org/?query=222425at7147
SUPER_1	227814604	227722544	D3	410.9	-	https://v12-1.orthodb.org/?query=222458at7147
SUPER_X	9857326	9847445	D6	653.9	-	https://v12-1.orthodb.org/?query=222652at7147
SUPER_1	111896299	111889775	D5	3840.0	-	https://v12-1.orthodb.org/?query=222703at7147
SUPER_1	152405199	152351092	D5	546.1	-	https://v12-1.orthodb.org/?query=222783at7147
SUPER_1	3897933	3896872	NA	402.1	-	https://v12-1.orthodb.org/?query=222790at7147
SUPER_1	183209314	183208618	D5	248.3	-	https://v12-1.orthodb.org/?query=222834at7147
SUPER_2	277029557	277031851	NA	1090.7	+	https://v12-1.orthodb.org/?query=222873at7147
SUPER_2	126193755	126192200	D2	842.3	-	https://v12-1.orthodb.org/?query=222906at7147
SUPER_3	295179269	295177340	D3	793.7	-	https://v12-1.orthodb.org/?query=222932at7147
SUPER_1	305973510	305981272	NA	774.1	+	https://v12-1.orthodb.org/?query=223201at7147
SUPER_1	69930727	69972501	NA	1066.8	+	https://v12-1.orthodb.org/?query=223263at7147
SUPER_1	133407089	133411035	D5	1649.6	+	https://v12-1.orthodb.org/?query=223496at7147
SUPER_1	332358762	332433069	D3	646.3	+	https://v12-1.orthodb.org/?query=223623at7147
SUPER_2	190309210	190220998	NA	517.1	-	https://v12-1.orthodb.org/?query=223645at7147
SUPER_2	284385988	284283063	D4	589.2	-	https://v12-1.orthodb.org/?query=223744at7147
SUPER_X	1423823	1422595	D6	620.9	-	https://v12-1.orthodb.org/?query=223772at7147
SUPER_3	66641232	66673593	D1	1396.2	+	https://v12-1.orthodb.org/?query=223792at7147
SUPER_2	9346841	9349489	NA	1019.7	+	https://v12-1.orthodb.org/?query=223865at7147
SUPER_1	11107297	11104108	D5	560.7	-	https://v12-1.orthodb.org/?query=223877at7147
SUPER_2	114288829	114289785	NA	586.2	+	https://v12-1.orthodb.org/?query=223939at7147
SUPER_2	345492021	345489730	D4	874.0	-	https://v12-1.orthodb.org/?query=223992at7147
SUPER_3	63606540	63603363	D1	987.3	-	https://v12-1.orthodb.org/?query=224130at7147
SUPER_2	159374787	159469573	D2	515.6	+	https://v12-1.orthodb.org/?query=224146at7147
SUPER_3	280237417	280236636	D3	405.0	-	https://v12-1.orthodb.org/?query=224266at7147
SUPER_1	29445936	29443164	D5	1225.4	-	https://v12-1.orthodb.org/?query=224392at7147
SUPER_2	342084705	342083851	D4	326.5	-	https://v12-1.orthodb.org/?query=224410at7147
SUPER_3	168991473	168992046	NA	172.6	+	https://v12-1.orthodb.org/?query=224411at7147
SUPER_1	247091956	247433664	D3	1950.3	+	https://v12-1.orthodb.org/?query=224474at7147
SUPER_1	197758800	197767389	D3	366.1	+	https://v12-1.orthodb.org/?query=224516at7147
SUPER_1	305590896	305535709	NA	971.6	-	https://v12-1.orthodb.org/?query=224606at7147
SUPER_1	93207027	93394529	D5	1205.0	+	https://v12-1.orthodb.org/?query=224754at7147
SUPER_3	30681523	30682075	D1	184.1	+	https://v12-1.orthodb.org/?query=224781at7147
SUPER_3	42523083	42524727	D1	1044.4	+	https://v12-1.orthodb.org/?query=224801at7147
SUPER_3	184756196	184755296	NA	360.9	-	https://v12-1.orthodb.org/?query=224872at7147
SUPER_3	270671047	270675026	D3	819.5	+	https://v12-1.orthodb.org/?query=224916at7147
SUPER_1	282953600	282957758	D6	1968.4	+	https://v12-1.orthodb.org/?query=224956at7147
SUPER_1	64424674	64423027	D5	857.8	-	https://v12-1.orthodb.org/?query=224995at7147
SUPER_1	99002724	99010442	D5	631.3	+	https://v12-1.orthodb.org/?query=225053at7147
SUPER_3	51859996	51859473	NA	196.8	-	https://v12-1.orthodb.org/?query=225082at7147
SUPER_2	71998340	71970784	D2	769.1	-	https://v12-1.orthodb.org/?query=225239at7147
SUPER_3	1063565	1078614	D1	2654.3	+	https://v12-1.orthodb.org/?query=225425at7147
SUPER_1	324396706	324399540	NA	1235.3	+	https://v12-1.orthodb.org/?query=225427at7147
SUPER_2	280976059	280977353	D4	563.3	+	https://v12-1.orthodb.org/?query=225447at7147
SUPER_3	204450643	204163162	D3	1079.6	-	https://v12-1.orthodb.org/?query=225536at7147
SUPER_3	270649740	270648467	D3	563.3	-	https://v12-1.orthodb.org/?query=225581at7147
SUPER_2	261268550	261267466	D4	676.4	-	https://v12-1.orthodb.org/?query=225633at7147
SUPER_1	22214395	22215819	D1	799.9	+	https://v12-1.orthodb.org/?query=225812at7147
SUPER_1	39768513	39767859	D5	271.1	-	https://v12-1.orthodb.org/?query=225854at7147
SUPER_3	119088099	119085775	D1	832.4	-	https://v12-1.orthodb.org/?query=225861at7147
SUPER_2	332569929	332563795	NA	519.9	-	https://v12-1.orthodb.org/?query=226095at7147
SUPER_3	116526877	116526044	NA	369.1	-	https://v12-1.orthodb.org/?query=226105at7147
SUPER_1	44690536	44691552	NA	698.8	+	https://v12-1.orthodb.org/?query=226119at7147
SUPER_1	73918643	73919837	D5	662.6	+	https://v12-1.orthodb.org/?query=226451at7147
SUPER_1	259039181	259033324	D3	1935.8	-	https://v12-1.orthodb.org/?query=226641at7147
SUPER_1	29811707	29824636	D5	1263.2	+	https://v12-1.orthodb.org/?query=226656at7147
SUPER_2	346078360	346074788	D4	1592.9	-	https://v12-1.orthodb.org/?query=226661at7147
SUPER_2	354923342	354922339	NA	367.2	-	https://v12-1.orthodb.org/?query=226671at7147
SUPER_2	206086580	206049220	NA	1158.8	-	https://v12-1.orthodb.org/?query=226747at7147
SUPER_2	5729156	5726679	NA	1110.9	-	https://v12-1.orthodb.org/?query=226750at7147
SUPER_2	19522917	19524116	D3	492.1	+	https://v12-1.orthodb.org/?query=226752at7147
SUPER_2	96021119	96018956	D2	754.7	-	https://v12-1.orthodb.org/?query=226864at7147
SUPER_3	299796845	299791624	D3	714.1	-	https://v12-1.orthodb.org/?query=226878at7147
SUPER_2	228282273	228282987	D4	420.6	+	https://v12-1.orthodb.org/?query=227055at7147
SUPER_2	265050334	265041413	NA	4605.8	-	https://v12-1.orthodb.org/?query=227061at7147
SUPER_1	62108098	62107518	D5	244.5	-	https://v12-1.orthodb.org/?query=227250at7147
SUPER_2	205645129	205615727	D4	814.4	-	https://v12-1.orthodb.org/?query=227327at7147
SUPER_1	330345425	330365512	D3	2616.5	+	https://v12-1.orthodb.org/?query=227369at7147
SUPER_2	118011510	118010145	D4	581.7	-	https://v12-1.orthodb.org/?query=227395at7147
SUPER_3	97305623	97309687	D1	719.6	+	https://v12-1.orthodb.org/?query=227440at7147
SUPER_3	45093720	45084421	D1	1495.7	-	https://v12-1.orthodb.org/?query=227465at7147
SUPER_3	293990546	293987961	NA	411.7	-	https://v12-1.orthodb.org/?query=227473at7147
SUPER_1	17281785	17347828	NA	868.1	+	https://v12-1.orthodb.org/?query=227680at7147
SUPER_1	111355669	111433909	D5	3979.8	+	https://v12-1.orthodb.org/?query=227682at7147
SUPER_3	30533066	30531557	D1	891.8	-	https://v12-1.orthodb.org/?query=227814at7147
SUPER_1	125835586	125842630	D3	635.1	+	https://v12-1.orthodb.org/?query=227847at7147
SUPER_3	106367970	106369650	D1	788.6	+	https://v12-1.orthodb.org/?query=227886at7147
SUPER_3	110221270	110264481	NA	859.3	+	https://v12-1.orthodb.org/?query=227899at7147
SUPER_2	72125771	72129105	D2	1215.3	+	https://v12-1.orthodb.org/?query=228058at7147
SUPER_3	294472544	294466103	D3	470.0	-	https://v12-1.orthodb.org/?query=228410at7147
SUPER_1	262183325	262181601	D3	658.2	-	https://v12-1.orthodb.org/?query=228439at7147
SUPER_3	273789684	273810377	D3	944.8	+	https://v12-1.orthodb.org/?query=228587at7147
SUPER_2	14171953	14170038	NA	526.0	-	https://v12-1.orthodb.org/?query=228725at7147
SUPER_X	9892080	9891062	D6	392.5	-	https://v12-1.orthodb.org/?query=228740at7147
SUPER_1	165049347	165048257	D5	580.3	-	https://v12-1.orthodb.org/?query=228997at7147
SUPER_2	164745644	164751230	D2	1538.1	+	https://v12-1.orthodb.org/?query=229026at7147
SUPER_3	165371001	165372082	D1	511.0	+	https://v12-1.orthodb.org/?query=229091at7147
SUPER_2	280881756	280886134	D4	660.5	+	https://v12-1.orthodb.org/?query=229094at7147
SUPER_1	83316707	83295639	D5	539.4	-	https://v12-1.orthodb.org/?query=229124at7147
SUPER_1	32576445	32574424	D1	1147.5	-	https://v12-1.orthodb.org/?query=229132at7147
SUPER_2	77494537	77493445	D2	504.6	-	https://v12-1.orthodb.org/?query=229153at7147
SUPER_1	154036382	154029420	D5	1740.2	-	https://v12-1.orthodb.org/?query=229217at7147
SUPER_1	154036382	154029420	D5	1740.2	-	https://v12-1.orthodb.org/?query=229217at7147
SUPER_1	153974764	153963702	D5	1735.6	-	https://v12-1.orthodb.org/?query=229217at7147
SUPER_1	153974764	153963702	D5	1735.6	-	https://v12-1.orthodb.org/?query=229217at7147
SUPER_1	175225404	175224004	D5	826.3	-	https://v12-1.orthodb.org/?query=229334at7147
SUPER_3	96253351	96242492	D3	787.0	-	https://v12-1.orthodb.org/?query=229391at7147
SUPER_3	169024800	169003688	D1	985.7	-	https://v12-1.orthodb.org/?query=229432at7147
SUPER_2	354755787	354794125	D4	730.8	+	https://v12-1.orthodb.org/?query=229492at7147
SUPER_1	199741361	199739519	D3	1274.2	-	https://v12-1.orthodb.org/?query=229672at7147
SUPER_1	134283274	134285282	D5	595.2	+	https://v12-1.orthodb.org/?query=229756at7147
SUPER_3	297218472	297216656	D3	1047.3	-	https://v12-1.orthodb.org/?query=229769at7147
SUPER_3	191116530	191130717	D1	426.7	+	https://v12-1.orthodb.org/?query=229817at7147
SUPER_2	61361771	61128971	D2	407.4	-	https://v12-1.orthodb.org/?query=229842at7147
SUPER_1	7375249	7374670	D1	228.9	-	https://v12-1.orthodb.org/?query=229985at7147
SUPER_2	244835215	244830055	NA	446.9	-	https://v12-1.orthodb.org/?query=230011at7147
SUPER_2	162756416	162755856	D2	331.3	-	https://v12-1.orthodb.org/?query=230093at7147
SUPER_3	45000513	45059372	D1	2056.0	+	https://v12-1.orthodb.org/?query=230100at7147
SUPER_1	268109174	268111708	D3	1660.4	+	https://v12-1.orthodb.org/?query=230103at7147
SUPER_2	336379477	336354128	NA	1067.3	-	https://v12-1.orthodb.org/?query=230158at7147
SUPER_3	179746958	179745436	D1	349.5	-	https://v12-1.orthodb.org/?query=230190at7147
SUPER_1	95976391	95968169	D5	724.0	-	https://v12-1.orthodb.org/?query=230195at7147
SUPER_1	39793070	39783761	D5	394.4	-	https://v12-1.orthodb.org/?query=230202at7147
SUPER_1	10399505	10401299	D5	1036.6	+	https://v12-1.orthodb.org/?query=230211at7147
SUPER_2	295937425	295937152	D4	149.1	-	https://v12-1.orthodb.org/?query=230372at7147
SUPER_1	196447553	196442518	NA	647.8	-	https://v12-1.orthodb.org/?query=230403at7147
SUPER_1	47338191	47305548	NA	754.6	-	https://v12-1.orthodb.org/?query=230416at7147
SUPER_3	116519184	116520068	D1	192.7	+	https://v12-1.orthodb.org/?query=230420at7147
SUPER_3	64397792	64414483	D1	1035.8	+	https://v12-1.orthodb.org/?query=230721at7147
SUPER_2	14735694	14738150	NA	421.7	+	https://v12-1.orthodb.org/?query=230730at7147
SUPER_2	14735694	14738150	NA	421.7	+	https://v12-1.orthodb.org/?query=230730at7147
SUPER_2	204555747	204556458	NA	383.7	+	https://v12-1.orthodb.org/?query=230730at7147
SUPER_2	204555747	204556458	NA	383.7	+	https://v12-1.orthodb.org/?query=230730at7147
SUPER_2	252044173	252041918	NA	833.6	-	https://v12-1.orthodb.org/?query=230733at7147
SUPER_2	31367434	31364858	D2	1396.1	-	https://v12-1.orthodb.org/?query=230735at7147
SUPER_2	238452762	238482974	NA	406.3	+	https://v12-1.orthodb.org/?query=230877at7147
SUPER_2	9479121	9481207	D2	952.0	+	https://v12-1.orthodb.org/?query=230928at7147
SUPER_3	140513185	140497578	D5	2634.5	-	https://v12-1.orthodb.org/?query=231005at7147
SUPER_2	41605648	41604762	D2	487.6	-	https://v12-1.orthodb.org/?query=231038at7147
SUPER_3	179449659	179450215	D2	273.3	+	https://v12-1.orthodb.org/?query=231059at7147
SUPER_1	221296588	221263494	NA	416.7	-	https://v12-1.orthodb.org/?query=231117at7147
SUPER_3	37425455	37321435	D1	575.6	-	https://v12-1.orthodb.org/?query=231185at7147
SUPER_1	44966098	44967391	D5	637.4	+	https://v12-1.orthodb.org/?query=231212at7147
SUPER_2	261091064	261089387	D4	662.2	-	https://v12-1.orthodb.org/?query=231288at7147
SUPER_1	4652967	4657542	D5	1025.6	+	https://v12-1.orthodb.org/?query=231315at7147
SUPER_1	45543809	45540920	D5	1403.9	-	https://v12-1.orthodb.org/?query=231446at7147
SUPER_2	29359877	29358701	NA	601.0	-	https://v12-1.orthodb.org/?query=231500at7147
SUPER_2	284809482	284828481	D4	1982.4	+	https://v12-1.orthodb.org/?query=231519at7147
SUPER_2	298913189	298913701	NA	218.3	+	https://v12-1.orthodb.org/?query=231607at7147
SUPER_2	108692230	108697560	D3	1265.0	+	https://v12-1.orthodb.org/?query=231675at7147
SUPER_3	19858911	19857426	D4	562.7	-	https://v12-1.orthodb.org/?query=231846at7147
SUPER_2	336417086	336416642	D2	200.5	-	https://v12-1.orthodb.org/?query=231889at7147
SUPER_2	115354867	115357613	D2	865.3	+	https://v12-1.orthodb.org/?query=231937at7147
SUPER_3	284252419	284250065	D3	1051.2	-	https://v12-1.orthodb.org/?query=232030at7147
SUPER_2	36202763	36153364	D2	744.7	-	https://v12-1.orthodb.org/?query=232153at7147
SUPER_2	327699537	327700598	D4	437.3	+	https://v12-1.orthodb.org/?query=232174at7147
SUPER_3	37908073	37910010	D1	742.2	+	https://v12-1.orthodb.org/?query=232297at7147
SUPER_3	41292450	41293138	NA	360.1	+	https://v12-1.orthodb.org/?query=232366at7147
SUPER_3	221877820	221879182	D3	596.1	+	https://v12-1.orthodb.org/?query=232528at7147
SUPER_2	280743099	280741928	NA	800.0	-	https://v12-1.orthodb.org/?query=232531at7147
SUPER_1	357064923	357057992	NA	2056.6	-	https://v12-1.orthodb.org/?query=232552at7147
SUPER_2	353303530	353304556	D4	520.8	+	https://v12-1.orthodb.org/?query=232624at7147
SUPER_3	104632153	104642044	NA	734.8	+	https://v12-1.orthodb.org/?query=232669at7147
SUPER_2	352196405	352212208	D4	1243.7	+	https://v12-1.orthodb.org/?query=232701at7147
SUPER_1	159887898	159888530	D5	342.7	+	https://v12-1.orthodb.org/?query=232800at7147
SUPER_3	299580167	299579509	D3	225.1	-	https://v12-1.orthodb.org/?query=232822at7147
SUPER_2	341060063	341061057	D4	274.3	+	https://v12-1.orthodb.org/?query=232835at7147
SUPER_1	309845894	309846747	D3	464.6	+	https://v12-1.orthodb.org/?query=232952at7147
SUPER_2	17635628	17634168	NA	619.4	-	https://v12-1.orthodb.org/?query=232966at7147
SUPER_3	300178535	300189178	D3	920.5	+	https://v12-1.orthodb.org/?query=232996at7147
SUPER_3	46311746	46315773	NA	2103.0	+	https://v12-1.orthodb.org/?query=233135at7147
SUPER_3	205075394	205077052	D3	1084.6	+	https://v12-1.orthodb.org/?query=233185at7147
SUPER_1	172912332	172779602	D5	745.2	-	https://v12-1.orthodb.org/?query=233260at7147
SUPER_3	100453848	100440364	D1	1621.9	-	https://v12-1.orthodb.org/?query=233263at7147
SUPER_1	80008176	80025901	D5	338.6	+	https://v12-1.orthodb.org/?query=233318at7147
SUPER_3	67587119	67588195	NA	414.9	+	https://v12-1.orthodb.org/?query=233474at7147
SUPER_2	182856688	182840106	NA	1112.6	-	https://v12-1.orthodb.org/?query=233694at7147
SUPER_1	353035243	353036273	D3	534.5	+	https://v12-1.orthodb.org/?query=233751at7147
SUPER_2	201388895	201396511	D3	733.1	+	https://v12-1.orthodb.org/?query=233816at7147
SUPER_2	16482359	16551465	NA	1290.5	+	https://v12-1.orthodb.org/?query=233903at7147
SUPER_2	328972107	328962649	D4	550.0	-	https://v12-1.orthodb.org/?query=233984at7147
SUPER_1	84454784	84453860	D5	424.3	-	https://v12-1.orthodb.org/?query=234002at7147
SUPER_1	308585661	308567657	D3	471.3	-	https://v12-1.orthodb.org/?query=234306at7147
SUPER_1	209967457	209966143	D3	1015.6	-	https://v12-1.orthodb.org/?query=234367at7147
SUPER_1	354160664	354163573	D3	373.5	+	https://v12-1.orthodb.org/?query=234585at7147
SUPER_3	44773045	44778535	D1	1984.0	+	https://v12-1.orthodb.org/?query=234666at7147
SUPER_1	194340375	194329178	D5	1455.2	-	https://v12-1.orthodb.org/?query=234671at7147
SUPER_3	176299063	176298042	D1	327.4	-	https://v12-1.orthodb.org/?query=234677at7147
SUPER_3	108157036	108155355	D1	821.6	-	https://v12-1.orthodb.org/?query=234740at7147
SUPER_3	231276979	231282284	D3	433.9	+	https://v12-1.orthodb.org/?query=234759at7147
SUPER_1	8665885	8666710	NA	331.2	+	https://v12-1.orthodb.org/?query=234805at7147
SUPER_2	220615478	220622752	D4	2948.1	+	https://v12-1.orthodb.org/?query=234808at7147
SUPER_2	114290999	114293761	D2	1374.0	+	https://v12-1.orthodb.org/?query=234994at7147
SUPER_2	353209000	353206726	NA	533.2	-	https://v12-1.orthodb.org/?query=235153at7147
SUPER_2	114166108	114028849	D2	1116.7	-	https://v12-1.orthodb.org/?query=235193at7147
SUPER_1	130707259	130706447	D5	422.2	-	https://v12-1.orthodb.org/?query=235260at7147
SUPER_1	328451300	328440464	D3	597.7	-	https://v12-1.orthodb.org/?query=235280at7147
SUPER_2	151936842	151939730	D2	1472.4	+	https://v12-1.orthodb.org/?query=235326at7147
SUPER_2	71915748	71910994	D2	939.3	-	https://v12-1.orthodb.org/?query=235351at7147
SUPER_2	50851184	50697628	NA	1063.8	-	https://v12-1.orthodb.org/?query=235403at7147
SUPER_3	35726321	35727243	D1	397.6	+	https://v12-1.orthodb.org/?query=235410at7147
SUPER_3	26351771	26354088	NA	581.9	+	https://v12-1.orthodb.org/?query=235423at7147
SUPER_3	108675329	108674629	NA	310.8	-	https://v12-1.orthodb.org/?query=235431at7147
SUPER_1	196592617	196590916	D4	1118.7	-	https://v12-1.orthodb.org/?query=235435at7147
SUPER_1	7187162	7181754	D5	488.7	-	https://v12-1.orthodb.org/?query=235448at7147
SUPER_1	298567045	298563321	D3	2118.0	-	https://v12-1.orthodb.org/?query=235467at7147
SUPER_1	1305067	1307434	NA	1018.5	+	https://v12-1.orthodb.org/?query=235503at7147
SUPER_2	346468309	346469356	D4	458.5	+	https://v12-1.orthodb.org/?query=235509at7147
SUPER_3	228740785	228817261	D3	1461.5	+	https://v12-1.orthodb.org/?query=235545at7147
SUPER_3	113376933	113383972	D1	1018.6	+	https://v12-1.orthodb.org/?query=235602at7147
SUPER_3	106494051	106473574	D1	845.3	-	https://v12-1.orthodb.org/?query=235656at7147
SUPER_3	30375729	30377006	NA	768.3	+	https://v12-1.orthodb.org/?query=235673at7147
SUPER_3	30375729	30377006	NA	768.3	+	https://v12-1.orthodb.org/?query=235673at7147
SUPER_3	30374116	30375434	NA	760.8	+	https://v12-1.orthodb.org/?query=235673at7147
SUPER_3	30374116	30375434	NA	760.8	+	https://v12-1.orthodb.org/?query=235673at7147
SUPER_1	58035148	58036462	D5	603.8	+	https://v12-1.orthodb.org/?query=235700at7147
SUPER_1	289380779	289374738	D3	2914.9	-	https://v12-1.orthodb.org/?query=235715at7147
SUPER_3	296828543	296829137	D3	273.9	+	https://v12-1.orthodb.org/?query=235831at7147
SUPER_3	76576437	76535561	D1	754.7	-	https://v12-1.orthodb.org/?query=235960at7147
SUPER_3	176144236	176147260	D1	432.8	+	https://v12-1.orthodb.org/?query=235988at7147
SUPER_3	6657428	6578321	D1	356.6	-	https://v12-1.orthodb.org/?query=236052at7147
SUPER_2	4637097	4638357	D2	792.5	+	https://v12-1.orthodb.org/?query=236124at7147
SUPER_2	66181662	66184749	D2	1303.7	+	https://v12-1.orthodb.org/?query=236125at7147
SUPER_1	8590083	8591919	NA	562.9	+	https://v12-1.orthodb.org/?query=236272at7147
SUPER_3	190440583	190434639	D1	1802.9	-	https://v12-1.orthodb.org/?query=236334at7147
SUPER_1	66779234	66781567	D5	505.1	+	https://v12-1.orthodb.org/?query=236368at7147
SUPER_3	72925	79587	D5	679.2	+	https://v12-1.orthodb.org/?query=236395at7147
SUPER_2	196062547	196059922	NA	1013.5	-	https://v12-1.orthodb.org/?query=236451at7147
SUPER_2	208840806	208831896	D4	864.3	-	https://v12-1.orthodb.org/?query=236464at7147
SUPER_1	7232673	7210846	NA	392.7	-	https://v12-1.orthodb.org/?query=236591at7147
SUPER_3	295335217	295344499	D3	2554.0	+	https://v12-1.orthodb.org/?query=236620at7147
SUPER_2	310515495	310514118	D4	716.6	-	https://v12-1.orthodb.org/?query=237014at7147
SUPER_2	271277240	271278118	D4	410.0	+	https://v12-1.orthodb.org/?query=237068at7147
SUPER_3	252961549	252962646	D3	561.5	+	https://v12-1.orthodb.org/?query=237167at7147
SUPER_3	139154868	139157307	D2	1005.7	+	https://v12-1.orthodb.org/?query=237178at7147
SUPER_2	2929900	2928510	D2	725.6	-	https://v12-1.orthodb.org/?query=237217at7147
SUPER_3	286050609	286051466	D3	402.8	+	https://v12-1.orthodb.org/?query=237248at7147
SUPER_2	353793359	353780662	D4	1743.6	-	https://v12-1.orthodb.org/?query=237270at7147
SUPER_2	31957128	31959270	NA	944.3	+	https://v12-1.orthodb.org/?query=237417at7147
SUPER_3	296733607	296731923	D3	591.4	-	https://v12-1.orthodb.org/?query=237431at7147
SUPER_2	319601670	319600526	D4	492.6	-	https://v12-1.orthodb.org/?query=237608at7147
SUPER_3	293000833	292997284	D3	1043.0	-	https://v12-1.orthodb.org/?query=237752at7147
SUPER_2	118401344	118402473	D2	512.5	+	https://v12-1.orthodb.org/?query=237768at7147
SUPER_2	90178691	90159963	D4	391.7	-	https://v12-1.orthodb.org/?query=237829at7147
SUPER_1	139281008	139266842	D5	1034.8	-	https://v12-1.orthodb.org/?query=237862at7147
SUPER_3	31699311	31697695	D1	698.5	-	https://v12-1.orthodb.org/?query=237923at7147
SUPER_2	1866532	1867722	D2	516.8	+	https://v12-1.orthodb.org/?query=238006at7147
SUPER_1	100288911	100283243	NA	962.1	-	https://v12-1.orthodb.org/?query=238019at7147
SUPER_1	354699313	354709982	D3	840.3	+	https://v12-1.orthodb.org/?query=238031at7147
SUPER_2	11300520	11301809	D2	504.2	+	https://v12-1.orthodb.org/?query=238303at7147
SUPER_3	56771607	56771990	D1	221.7	+	https://v12-1.orthodb.org/?query=238331at7147
SUPER_3	8057342	8054320	D1	642.0	-	https://v12-1.orthodb.org/?query=238345at7147
SUPER_2	328961280	328962592	D4	686.0	+	https://v12-1.orthodb.org/?query=238372at7147
SUPER_3	159436091	159429851	D4	2185.6	-	https://v12-1.orthodb.org/?query=238389at7147
SUPER_2	344613181	344614227	D3	453.8	+	https://v12-1.orthodb.org/?query=238394at7147
SUPER_2	276718493	276723209	D4	1584.1	+	https://v12-1.orthodb.org/?query=238428at7147
SUPER_3	298147756	298149124	D3	509.1	+	https://v12-1.orthodb.org/?query=238586at7147
SUPER_2	173059890	173061309	NA	727.9	+	https://v12-1.orthodb.org/?query=238635at7147
SUPER_2	183013306	183014323	D4	390.5	+	https://v12-1.orthodb.org/?query=238757at7147
SUPER_1	3776230	3720533	D5	1055.0	-	https://v12-1.orthodb.org/?query=238841at7147
SUPER_1	208574248	208572514	D3	1054.0	-	https://v12-1.orthodb.org/?query=238915at7147
SUPER_1	191108946	190985102	D5	1708.2	-	https://v12-1.orthodb.org/?query=238923at7147
SUPER_1	141770102	141769560	D5	269.5	-	https://v12-1.orthodb.org/?query=239017at7147
SUPER_2	4644428	4642840	D2	436.0	-	https://v12-1.orthodb.org/?query=239086at7147
SUPER_2	89001028	89020109	NA	569.0	+	https://v12-1.orthodb.org/?query=239201at7147
SUPER_1	197166937	197095549	D3	357.6	-	https://v12-1.orthodb.org/?query=239210at7147
SUPER_1	245491154	245493528	D3	920.4	+	https://v12-1.orthodb.org/?query=239240at7147
SUPER_2	109559447	109561597	D4	1082.0	+	https://v12-1.orthodb.org/?query=239407at7147
SUPER_2	345875227	345875926	D4	242.1	+	https://v12-1.orthodb.org/?query=239763at7147
SUPER_3	296623835	296622792	NA	442.4	-	https://v12-1.orthodb.org/?query=239782at7147
SUPER_2	49904728	49905835	NA	571.3	+	https://v12-1.orthodb.org/?query=239790at7147
SUPER_1	17798659	17801116	NA	1172.4	+	https://v12-1.orthodb.org/?query=239878at7147
SUPER_3	60543358	60604047	D1	3596.2	+	https://v12-1.orthodb.org/?query=239932at7147
SUPER_3	55880436	55883616	D1	1733.2	+	https://v12-1.orthodb.org/?query=240204at7147
SUPER_1	75832308	75829479	D1	1134.6	-	https://v12-1.orthodb.org/?query=240343at7147
SUPER_1	44694873	44692056	D5	1184.7	-	https://v12-1.orthodb.org/?query=240367at7147
SUPER_2	1073440	1072397	NA	519.0	-	https://v12-1.orthodb.org/?query=240382at7147
SUPER_3	30671584	30672977	D1	497.2	+	https://v12-1.orthodb.org/?query=240412at7147
SUPER_2	35199128	35202950	NA	1237.9	+	https://v12-1.orthodb.org/?query=240430at7147
SUPER_3	180526958	180529298	D1	877.7	+	https://v12-1.orthodb.org/?query=240445at7147
SUPER_3	44740494	44744735	D1	2190.0	+	https://v12-1.orthodb.org/?query=240448at7147
SUPER_2	295963953	295962830	D3	250.8	-	https://v12-1.orthodb.org/?query=240493at7147
SUPER_3	8072383	8076921	D1	585.4	+	https://v12-1.orthodb.org/?query=240602at7147
SUPER_2	68718092	68718442	D2	180.7	+	https://v12-1.orthodb.org/?query=240652at7147
SUPER_2	111287152	111280203	NA	679.8	-	https://v12-1.orthodb.org/?query=240774at7147
SUPER_2	277033732	277036547	NA	500.5	+	https://v12-1.orthodb.org/?query=240886at7147
SUPER_1	37482294	37472516	D5	2065.6	-	https://v12-1.orthodb.org/?query=241047at7147
SUPER_3	130202879	130203522	D1	191.5	+	https://v12-1.orthodb.org/?query=241109at7147
SUPER_1	35766454	35765388	D1	541.5	-	https://v12-1.orthodb.org/?query=241233at7147
SUPER_1	26035161	26036519	NA	662.8	+	https://v12-1.orthodb.org/?query=241245at7147
SUPER_3	297095011	297090846	D3	1635.5	-	https://v12-1.orthodb.org/?query=241406at7147
SUPER_2	327638378	327637118	D4	457.1	-	https://v12-1.orthodb.org/?query=241605at7147
SUPER_3	273889884	273891763	D3	403.4	+	https://v12-1.orthodb.org/?query=241665at7147
SUPER_3	126505491	126495863	D1	280.1	-	https://v12-1.orthodb.org/?query=241783at7147
SUPER_1	349357832	349349204	D3	1227.3	-	https://v12-1.orthodb.org/?query=241788at7147
SUPER_1	109879925	109875507	D2	823.8	-	https://v12-1.orthodb.org/?query=241789at7147
SUPER_1	138819059	138791899	D5	410.4	-	https://v12-1.orthodb.org/?query=241904at7147
SUPER_3	115193087	115192648	NA	246.1	-	https://v12-1.orthodb.org/?query=241984at7147
SUPER_1	138609645	138610427	NA	344.5	+	https://v12-1.orthodb.org/?query=242055at7147
SUPER_1	307542378	307774941	D3	2236.4	+	https://v12-1.orthodb.org/?query=242106at7147
SUPER_3	155826993	155826071	D1	524.0	-	https://v12-1.orthodb.org/?query=242116at7147
SUPER_2	244842156	244842575	D4	224.0	+	https://v12-1.orthodb.org/?query=242120at7147
SUPER_1	324284082	324288739	D3	1406.5	+	https://v12-1.orthodb.org/?query=242124at7147
SUPER_1	165750522	165750962	NA	200.5	+	https://v12-1.orthodb.org/?query=242228at7147
SUPER_1	32785632	32786394	D5	359.1	+	https://v12-1.orthodb.org/?query=242314at7147
SUPER_2	92079310	92082324	NA	930.4	+	https://v12-1.orthodb.org/?query=242339at7147
SUPER_2	29272152	29366770	D2	199.0	+	https://v12-1.orthodb.org/?query=242359at7147
SUPER_1	248549513	248551076	NA	773.3	+	https://v12-1.orthodb.org/?query=242385at7147
SUPER_2	124246578	124251584	D2	1912.6	+	https://v12-1.orthodb.org/?query=242397at7147
SUPER_1	230866222	230864663	D3	616.5	-	https://v12-1.orthodb.org/?query=242460at7147
SUPER_3	27486846	27501203	NA	240.4	+	https://v12-1.orthodb.org/?query=242514at7147
SUPER_3	136031562	136029218	D1	761.4	-	https://v12-1.orthodb.org/?query=242564at7147
SUPER_3	228911193	228910479	D3	450.3	-	https://v12-1.orthodb.org/?query=242686at7147
SUPER_2	11051829	11054912	D2	1310.6	+	https://v12-1.orthodb.org/?query=242811at7147
SUPER_2	168914992	168916630	NA	943.0	+	https://v12-1.orthodb.org/?query=242925at7147
SUPER_2	254913709	254916463	D4	810.9	+	https://v12-1.orthodb.org/?query=243046at7147
SUPER_2	47585266	47587257	NA	949.8	+	https://v12-1.orthodb.org/?query=243105at7147
SUPER_3	179265296	179266730	D1	817.1	+	https://v12-1.orthodb.org/?query=243117at7147
SUPER_3	136041893	136044554	D1	1594.0	+	https://v12-1.orthodb.org/?query=243122at7147
SUPER_3	96867840	96869710	D1	703.0	+	https://v12-1.orthodb.org/?query=243289at7147
SUPER_1	152018066	152017242	NA	453.0	-	https://v12-1.orthodb.org/?query=243458at7147
SUPER_2	285452680	285451444	NA	502.2	-	https://v12-1.orthodb.org/?query=243486at7147
SUPER_3	110159769	110152467	D1	441.9	-	https://v12-1.orthodb.org/?query=243513at7147
SUPER_2	354806232	354807186	D4	534.4	+	https://v12-1.orthodb.org/?query=243541at7147
SUPER_2	251497403	251494259	D4	605.8	-	https://v12-1.orthodb.org/?query=243617at7147
SUPER_3	110154510	110157710	D1	1246.3	+	https://v12-1.orthodb.org/?query=243722at7147
SUPER_3	274004275	274002790	D3	774.8	-	https://v12-1.orthodb.org/?query=243777at7147
SUPER_3	3340222	3338302	D1	773.4	-	https://v12-1.orthodb.org/?query=243843at7147
SUPER_3	3414526	3410477	NA	516.5	-	https://v12-1.orthodb.org/?query=243992at7147
SUPER_2	157887797	157888522	D4	249.5	+	https://v12-1.orthodb.org/?query=244151at7147
SUPER_2	59893584	59893907	NA	150.0	+	https://v12-1.orthodb.org/?query=244169at7147
SUPER_2	59893584	59893907	NA	150.0	+	https://v12-1.orthodb.org/?query=244169at7147
SUPER_2	1091291	1091647	NA	146.5	+	https://v12-1.orthodb.org/?query=244169at7147
SUPER_2	1091291	1091647	NA	146.5	+	https://v12-1.orthodb.org/?query=244169at7147
SUPER_1	95956745	95954779	D5	926.4	-	https://v12-1.orthodb.org/?query=244310at7147
SUPER_2	9314963	9311814	NA	825.0	-	https://v12-1.orthodb.org/?query=244396at7147
SUPER_2	32810695	32804748	D2	210.4	-	https://v12-1.orthodb.org/?query=244473at7147
SUPER_2	329305020	329303611	NA	407.0	-	https://v12-1.orthodb.org/?query=244550at7147
SUPER_X	9481219	9489600	D6	1357.2	+	https://v12-1.orthodb.org/?query=244585at7147
SUPER_2	168415683	168414750	NA	550.1	-	https://v12-1.orthodb.org/?query=244662at7147
SUPER_2	115477584	115476191	NA	839.0	-	https://v12-1.orthodb.org/?query=244913at7147
SUPER_2	285057406	285055038	D3	1132.4	-	https://v12-1.orthodb.org/?query=244942at7147
SUPER_1	37061881	37054269	NA	1474.1	-	https://v12-1.orthodb.org/?query=245009at7147
SUPER_1	56742022	56738863	D5	1109.1	-	https://v12-1.orthodb.org/?query=245053at7147
SUPER_3	291353548	291365366	D3	691.0	+	https://v12-1.orthodb.org/?query=245107at7147
SUPER_1	337646825	337639246	D3	539.3	-	https://v12-1.orthodb.org/?query=245191at7147
SUPER_2	16326211	16324114	D5	1370.6	-	https://v12-1.orthodb.org/?query=245398at7147
SUPER_2	71732341	71650242	D2	512.8	-	https://v12-1.orthodb.org/?query=245415at7147
SUPER_3	64112987	64101143	D1	873.2	-	https://v12-1.orthodb.org/?query=245428at7147
SUPER_3	179290578	179290086	NA	145.8	-	https://v12-1.orthodb.org/?query=245598at7147
SUPER_2	350781258	350784982	NA	1588.3	+	https://v12-1.orthodb.org/?query=245660at7147
SUPER_3	38083371	38083893	NA	301.3	+	https://v12-1.orthodb.org/?query=245796at7147
SUPER_1	161683087	161683868	D5	412.9	+	https://v12-1.orthodb.org/?query=245898at7147
SUPER_3	156017079	156016189	NA	540.0	-	https://v12-1.orthodb.org/?query=246220at7147
SUPER_3	171325624	171327211	D2	734.8	+	https://v12-1.orthodb.org/?query=246352at7147
SUPER_3	275533690	275536200	D3	1132.3	+	https://v12-1.orthodb.org/?query=246361at7147
SUPER_1	351156631	351157450	NA	412.2	+	https://v12-1.orthodb.org/?query=246384at7147
SUPER_3	90005295	90006435	D1	725.9	+	https://v12-1.orthodb.org/?query=246425at7147
SUPER_2	265282177	265283548	D4	704.2	+	https://v12-1.orthodb.org/?query=246460at7147
SUPER_1	309841192	309835444	NA	841.2	-	https://v12-1.orthodb.org/?query=246477at7147
SUPER_2	169452696	169447575	NA	1357.7	-	https://v12-1.orthodb.org/?query=246773at7147
SUPER_3	294160827	294160044	NA	479.1	-	https://v12-1.orthodb.org/?query=246788at7147
SUPER_3	253947002	253941204	D3	240.7	-	https://v12-1.orthodb.org/?query=246807at7147
SUPER_1	100785729	100771334	D5	540.3	-	https://v12-1.orthodb.org/?query=246813at7147
SUPER_2	342890980	342888029	D4	898.6	-	https://v12-1.orthodb.org/?query=246946at7147
SUPER_1	3581754	3583919	D5	1270.4	+	https://v12-1.orthodb.org/?query=247074at7147
SUPER_3	130652846	130653837	D1	472.9	+	https://v12-1.orthodb.org/?query=247122at7147
SUPER_3	175446668	175535451	D1	733.2	+	https://v12-1.orthodb.org/?query=247149at7147
SUPER_1	65978315	65780222	D5	3216.7	-	https://v12-1.orthodb.org/?query=247235at7147
SUPER_3	113202961	113153308	D1	583.2	-	https://v12-1.orthodb.org/?query=247288at7147
SUPER_2	309566416	309565710	D4	366.0	-	https://v12-1.orthodb.org/?query=247289at7147
SUPER_2	66902416	66950062	NA	695.0	+	https://v12-1.orthodb.org/?query=247353at7147
SUPER_3	78055644	78054655	D4	508.0	-	https://v12-1.orthodb.org/?query=247389at7147
SUPER_1	66354200	66352184	NA	678.7	-	https://v12-1.orthodb.org/?query=247393at7147
SUPER_3	182089992	182186982	NA	689.6	+	https://v12-1.orthodb.org/?query=247421at7147
SUPER_1	355696568	355697001	D3	210.7	+	https://v12-1.orthodb.org/?query=247442at7147
SUPER_3	291705447	291704192	D3	926.0	-	https://v12-1.orthodb.org/?query=247544at7147
SUPER_2	17748726	17743725	D2	2487.2	-	https://v12-1.orthodb.org/?query=247614at7147
SUPER_1	58040786	58041862	D5	251.0	+	https://v12-1.orthodb.org/?query=247755at7147
SUPER_X	11936131	11935159	D6	283.1	-	https://v12-1.orthodb.org/?query=247793at7147
SUPER_2	345474555	345485850	NA	1170.0	+	https://v12-1.orthodb.org/?query=247798at7147
SUPER_1	350959849	350961190	D3	546.2	+	https://v12-1.orthodb.org/?query=247859at7147
SUPER_3	296756968	296768827	D3	508.6	+	https://v12-1.orthodb.org/?query=247961at7147
SUPER_2	263590045	263606504	D4	1488.0	+	https://v12-1.orthodb.org/?query=248030at7147
SUPER_2	145398759	145399122	NA	265.0	+	https://v12-1.orthodb.org/?query=248087at7147
SUPER_3	287975451	287967542	D3	2078.9	-	https://v12-1.orthodb.org/?query=248179at7147
SUPER_1	97859023	97943186	D5	1803.2	+	https://v12-1.orthodb.org/?query=248245at7147
SUPER_3	271313861	271312864	D3	281.0	-	https://v12-1.orthodb.org/?query=248256at7147
SUPER_1	317265639	317269234	D3	1789.2	+	https://v12-1.orthodb.org/?query=248354at7147
SUPER_2	237767964	237769949	NA	937.3	+	https://v12-1.orthodb.org/?query=248412at7147
SUPER_2	319593364	319595365	D4	931.3	+	https://v12-1.orthodb.org/?query=248528at7147
SUPER_3	115978508	116014549	D6	671.5	+	https://v12-1.orthodb.org/?query=248530at7147
SUPER_3	196886054	196940879	D3	1281.4	+	https://v12-1.orthodb.org/?query=248569at7147
SUPER_2	45215275	45217795	NA	1411.2	+	https://v12-1.orthodb.org/?query=248591at7147
SUPER_2	110524527	110526422	D4	318.9	+	https://v12-1.orthodb.org/?query=248599at7147
SUPER_1	45381661	45361977	D5	1180.3	-	https://v12-1.orthodb.org/?query=248623at7147
SUPER_3	65850693	65842140	D1	362.9	-	https://v12-1.orthodb.org/?query=248755at7147
SUPER_2	5230174	5229024	D5	421.0	-	https://v12-1.orthodb.org/?query=248858at7147
SUPER_2	214515505	214489531	D4	332.8	-	https://v12-1.orthodb.org/?query=248914at7147
SUPER_1	264398605	264399530	D3	364.5	+	https://v12-1.orthodb.org/?query=248932at7147
SUPER_1	136717761	136770856	D5	2129.2	+	https://v12-1.orthodb.org/?query=248981at7147
SUPER_2	10705163	10706082	D2	438.8	+	https://v12-1.orthodb.org/?query=249036at7147
SUPER_2	118331715	118327351	D2	711.1	-	https://v12-1.orthodb.org/?query=249041at7147
SUPER_2	328693484	328692075	D4	633.3	-	https://v12-1.orthodb.org/?query=249087at7147
SUPER_2	319492125	319491558	D1	184.0	-	https://v12-1.orthodb.org/?query=249262at7147
SUPER_1	4034986	4035363	D5	217.5	+	https://v12-1.orthodb.org/?query=249263at7147
SUPER_2	337152401	337018945	D4	280.8	-	https://v12-1.orthodb.org/?query=249317at7147
SUPER_3	227765940	227769625	D3	1696.2	+	https://v12-1.orthodb.org/?query=249380at7147
SUPER_1	12392136	12469723	D5	1101.0	+	https://v12-1.orthodb.org/?query=249383at7147
SUPER_2	134533731	134532951	D2	231.7	-	https://v12-1.orthodb.org/?query=249446at7147
SUPER_1	139892058	139890593	NA	696.6	-	https://v12-1.orthodb.org/?query=249460at7147
SUPER_1	225371405	225373682	D3	569.2	+	https://v12-1.orthodb.org/?query=249524at7147
SUPER_2	226283158	226265805	D4	1551.5	-	https://v12-1.orthodb.org/?query=249556at7147
SUPER_3	9507588	9608299	D1	1037.3	+	https://v12-1.orthodb.org/?query=249582at7147
SUPER_3	51134596	51135148	D1	291.5	+	https://v12-1.orthodb.org/?query=249592at7147
SUPER_3	164645851	164646435	D1	241.6	+	https://v12-1.orthodb.org/?query=249654at7147
SUPER_2	223068327	223027538	NA	701.1	-	https://v12-1.orthodb.org/?query=249677at7147
SUPER_1	171117124	171115648	NA	607.6	-	https://v12-1.orthodb.org/?query=249737at7147
SUPER_1	66753082	66749151	D5	496.9	-	https://v12-1.orthodb.org/?query=249779at7147
SUPER_1	66753082	66749151	D5	496.9	-	https://v12-1.orthodb.org/?query=249779at7147
SUPER_1	66753082	66749151	D5	496.9	-	https://v12-1.orthodb.org/?query=249779at7147
SUPER_1	66753082	66749151	D5	496.9	-	https://v12-1.orthodb.org/?query=249779at7147
SUPER_1	66753082	66749151	D5	496.9	-	https://v12-1.orthodb.org/?query=249779at7147
SUPER_1	66753082	66749151	D5	496.9	-	https://v12-1.orthodb.org/?query=249779at7147
SUPER_1	66753082	66749151	D5	496.9	-	https://v12-1.orthodb.org/?query=249779at7147
SUPER_1	66765243	66764388	D5	464.0	-	https://v12-1.orthodb.org/?query=249779at7147
SUPER_1	66765243	66764388	D5	464.0	-	https://v12-1.orthodb.org/?query=249779at7147
SUPER_1	66765243	66764388	D5	464.0	-	https://v12-1.orthodb.org/?query=249779at7147
SUPER_1	66765243	66764388	D5	464.0	-	https://v12-1.orthodb.org/?query=249779at7147
SUPER_1	66765243	66764388	D5	464.0	-	https://v12-1.orthodb.org/?query=249779at7147
SUPER_1	66765243	66764388	D5	464.0	-	https://v12-1.orthodb.org/?query=249779at7147
SUPER_1	66765243	66764388	D5	464.0	-	https://v12-1.orthodb.org/?query=249779at7147
SUPER_1	66756050	66755255	D5	455.4	-	https://v12-1.orthodb.org/?query=249779at7147
SUPER_1	66756050	66755255	D5	455.4	-	https://v12-1.orthodb.org/?query=249779at7147
SUPER_1	66756050	66755255	D5	455.4	-	https://v12-1.orthodb.org/?query=249779at7147
SUPER_1	66756050	66755255	D5	455.4	-	https://v12-1.orthodb.org/?query=249779at7147
SUPER_1	66756050	66755255	D5	455.4	-	https://v12-1.orthodb.org/?query=249779at7147
SUPER_1	66756050	66755255	D5	455.4	-	https://v12-1.orthodb.org/?query=249779at7147
SUPER_1	66756050	66755255	D5	455.4	-	https://v12-1.orthodb.org/?query=249779at7147
SUPER_1	66743888	66743093	D5	453.1	-	https://v12-1.orthodb.org/?query=249779at7147
SUPER_1	66743888	66743093	D5	453.1	-	https://v12-1.orthodb.org/?query=249779at7147
SUPER_1	66743888	66743093	D5	453.1	-	https://v12-1.orthodb.org/?query=249779at7147
SUPER_1	66743888	66743093	D5	453.1	-	https://v12-1.orthodb.org/?query=249779at7147
SUPER_1	66743888	66743093	D5	453.1	-	https://v12-1.orthodb.org/?query=249779at7147
SUPER_1	66743888	66743093	D5	453.1	-	https://v12-1.orthodb.org/?query=249779at7147
SUPER_1	66743888	66743093	D5	453.1	-	https://v12-1.orthodb.org/?query=249779at7147
SUPER_1	66746917	66746122	D5	453.1	-	https://v12-1.orthodb.org/?query=249779at7147
SUPER_1	66746917	66746122	D5	453.1	-	https://v12-1.orthodb.org/?query=249779at7147
SUPER_1	66746917	66746122	D5	453.1	-	https://v12-1.orthodb.org/?query=249779at7147
SUPER_1	66746917	66746122	D5	453.1	-	https://v12-1.orthodb.org/?query=249779at7147
SUPER_1	66746917	66746122	D5	453.1	-	https://v12-1.orthodb.org/?query=249779at7147
SUPER_1	66746917	66746122	D5	453.1	-	https://v12-1.orthodb.org/?query=249779at7147
SUPER_1	66746917	66746122	D5	453.1	-	https://v12-1.orthodb.org/?query=249779at7147
SUPER_1	66759079	66758284	D5	453.1	-	https://v12-1.orthodb.org/?query=249779at7147
SUPER_1	66759079	66758284	D5	453.1	-	https://v12-1.orthodb.org/?query=249779at7147
SUPER_1	66759079	66758284	D5	453.1	-	https://v12-1.orthodb.org/?query=249779at7147
SUPER_1	66759079	66758284	D5	453.1	-	https://v12-1.orthodb.org/?query=249779at7147
SUPER_1	66759079	66758284	D5	453.1	-	https://v12-1.orthodb.org/?query=249779at7147
SUPER_1	66759079	66758284	D5	453.1	-	https://v12-1.orthodb.org/?query=249779at7147
SUPER_1	66759079	66758284	D5	453.1	-	https://v12-1.orthodb.org/?query=249779at7147
SUPER_1	66762131	66761336	D5	449.3	-	https://v12-1.orthodb.org/?query=249779at7147
SUPER_1	66762131	66761336	D5	449.3	-	https://v12-1.orthodb.org/?query=249779at7147
SUPER_1	66762131	66761336	D5	449.3	-	https://v12-1.orthodb.org/?query=249779at7147
SUPER_1	66762131	66761336	D5	449.3	-	https://v12-1.orthodb.org/?query=249779at7147
SUPER_1	66762131	66761336	D5	449.3	-	https://v12-1.orthodb.org/?query=249779at7147
SUPER_1	66762131	66761336	D5	449.3	-	https://v12-1.orthodb.org/?query=249779at7147
SUPER_1	66762131	66761336	D5	449.3	-	https://v12-1.orthodb.org/?query=249779at7147
SUPER_2	345365578	345366250	NA	393.7	+	https://v12-1.orthodb.org/?query=249799at7147
SUPER_1	210297558	210303502	NA	2342.9	+	https://v12-1.orthodb.org/?query=250006at7147
SUPER_1	205243746	205242648	D1	628.4	-	https://v12-1.orthodb.org/?query=250017at7147
SUPER_3	49838643	49839175	D1	202.8	+	https://v12-1.orthodb.org/?query=250167at7147
SUPER_2	76734258	76733665	D3	180.0	-	https://v12-1.orthodb.org/?query=250262at7147
SUPER_1	321646536	321645172	D3	184.2	-	https://v12-1.orthodb.org/?query=250340at7147
SUPER_3	98551077	98571887	D1	996.3	+	https://v12-1.orthodb.org/?query=250348at7147
SUPER_2	338251121	338251721	D4	186.2	+	https://v12-1.orthodb.org/?query=250425at7147
SUPER_2	42707246	42710082	D3	1013.5	+	https://v12-1.orthodb.org/?query=250473at7147
SUPER_3	298568951	298569781	D6	174.8	+	https://v12-1.orthodb.org/?query=250477at7147
SUPER_3	51403677	51405582	NA	912.3	+	https://v12-1.orthodb.org/?query=250539at7147
SUPER_2	310311343	310309502	D4	1083.1	-	https://v12-1.orthodb.org/?query=250601at7147
SUPER_2	251547422	251545736	D3	516.8	-	https://v12-1.orthodb.org/?query=250603at7147
SUPER_1	40238374	40236164	D5	842.5	-	https://v12-1.orthodb.org/?query=250604at7147
SUPER_1	174084240	174083259	D5	535.7	-	https://v12-1.orthodb.org/?query=250611at7147
SUPER_2	344746442	344745179	D4	816.4	-	https://v12-1.orthodb.org/?query=250679at7147
SUPER_1	171032712	171029430	D5	1695.5	-	https://v12-1.orthodb.org/?query=250868at7147
SUPER_1	232293450	232267286	NA	350.5	-	https://v12-1.orthodb.org/?query=250915at7147
SUPER_2	279378660	279373924	NA	842.6	-	https://v12-1.orthodb.org/?query=250949at7147
SUPER_2	204833644	204836153	D4	536.4	+	https://v12-1.orthodb.org/?query=251004at7147
SUPER_2	323341006	323341731	NA	402.3	+	https://v12-1.orthodb.org/?query=251010at7147
SUPER_2	285403506	285405180	D4	955.2	+	https://v12-1.orthodb.org/?query=251050at7147
SUPER_1	44721429	44722672	D4	219.2	+	https://v12-1.orthodb.org/?query=251108at7147
SUPER_3	125140563	125139927	D1	348.2	-	https://v12-1.orthodb.org/?query=251252at7147
SUPER_1	78062937	78114715	D1	539.4	+	https://v12-1.orthodb.org/?query=251255at7147
SUPER_1	78062937	78114715	D1	539.4	+	https://v12-1.orthodb.org/?query=251255at7147
SUPER_1	76264705	76558344	D1	571.2	+	https://v12-1.orthodb.org/?query=251255at7147
SUPER_1	76264705	76558344	D1	571.2	+	https://v12-1.orthodb.org/?query=251255at7147
SUPER_2	118403718	118402674	D2	238.5	-	https://v12-1.orthodb.org/?query=251353at7147
SUPER_3	48542	53472	D1	747.7	+	https://v12-1.orthodb.org/?query=251467at7147
SUPER_3	294156291	294157038	NA	324.7	+	https://v12-1.orthodb.org/?query=251730at7147
SUPER_3	98528834	98532952	D1	234.6	+	https://v12-1.orthodb.org/?query=251776at7147
SUPER_3	189187858	189189843	D1	314.6	+	https://v12-1.orthodb.org/?query=251908at7147
SUPER_1	353344598	353343401	D3	679.8	-	https://v12-1.orthodb.org/?query=252042at7147
SUPER_1	8671447	8666725	NA	273.1	-	https://v12-1.orthodb.org/?query=252061at7147
SUPER_2	308375248	308372445	NA	811.9	-	https://v12-1.orthodb.org/?query=252068at7147
SUPER_1	324279693	324257236	D3	577.7	-	https://v12-1.orthodb.org/?query=252099at7147
SUPER_3	179175869	179175285	D4	316.6	-	https://v12-1.orthodb.org/?query=252141at7147
SUPER_2	196328135	196292447	D4	1959.8	-	https://v12-1.orthodb.org/?query=252158at7147
SUPER_1	119065947	118956245	NA	1772.8	-	https://v12-1.orthodb.org/?query=252159at7147
SUPER_3	270504109	270502644	NA	329.5	-	https://v12-1.orthodb.org/?query=252191at7147
SUPER_2	253728730	253794425	D4	2110.2	+	https://v12-1.orthodb.org/?query=252292at7147
SUPER_3	59782	60272	D1	241.3	+	https://v12-1.orthodb.org/?query=252301at7147
SUPER_3	175862121	175860175	D1	640.2	-	https://v12-1.orthodb.org/?query=252361at7147
SUPER_3	17276845	17264519	D1	2278.6	-	https://v12-1.orthodb.org/?query=252544at7147
SUPER_3	231386012	231392263	D3	402.4	+	https://v12-1.orthodb.org/?query=252557at7147
SUPER_1	20680299	20682301	D5	1253.1	+	https://v12-1.orthodb.org/?query=252597at7147
SUPER_1	105610517	105608786	D5	823.4	-	https://v12-1.orthodb.org/?query=252614at7147
SUPER_1	9848952	9843890	D5	589.2	-	https://v12-1.orthodb.org/?query=252642at7147
SUPER_2	117789994	117790705	NA	306.6	+	https://v12-1.orthodb.org/?query=252660at7147
SUPER_1	133529373	133528592	D5	423.6	-	https://v12-1.orthodb.org/?query=252684at7147
SUPER_3	51668232	51666120	D1	524.9	-	https://v12-1.orthodb.org/?query=252793at7147
SUPER_1	308847238	308852485	D3	629.5	+	https://v12-1.orthodb.org/?query=252815at7147
SUPER_1	356985916	356978727	D3	409.1	-	https://v12-1.orthodb.org/?query=252823at7147
SUPER_2	340834065	340832443	D4	531.8	-	https://v12-1.orthodb.org/?query=252835at7147
SUPER_2	229983365	229993624	D4	1274.5	+	https://v12-1.orthodb.org/?query=252939at7147
SUPER_3	35047940	35049840	D1	915.7	+	https://v12-1.orthodb.org/?query=252968at7147
SUPER_2	147226195	147223582	NA	1033.6	-	https://v12-1.orthodb.org/?query=252971at7147
SUPER_2	280962294	280958767	D4	1837.5	-	https://v12-1.orthodb.org/?query=252979at7147
SUPER_3	104541459	104539028	NA	1271.8	-	https://v12-1.orthodb.org/?query=253065at7147
SUPER_3	293749637	293751156	D3	447.6	+	https://v12-1.orthodb.org/?query=253068at7147
SUPER_3	49489999	49452645	D1	754.2	-	https://v12-1.orthodb.org/?query=253148at7147
SUPER_3	30470399	30468346	NA	1055.6	-	https://v12-1.orthodb.org/?query=253255at7147
SUPER_2	350724612	350729160	D4	778.3	+	https://v12-1.orthodb.org/?query=253335at7147
SUPER_1	255769231	255770177	D3	488.3	+	https://v12-1.orthodb.org/?query=253357at7147
SUPER_2	177587056	177587929	NA	487.2	+	https://v12-1.orthodb.org/?query=253421at7147
SUPER_3	293845512	293844638	NA	365.6	-	https://v12-1.orthodb.org/?query=253521at7147
SUPER_1	22176673	22175879	D5	304.6	-	https://v12-1.orthodb.org/?query=253582at7147
SUPER_1	39758988	39755737	NA	972.7	-	https://v12-1.orthodb.org/?query=253584at7147
SUPER_1	95197708	95196219	D5	485.1	-	https://v12-1.orthodb.org/?query=253625at7147
SUPER_3	10946524	10948084	D1	429.2	+	https://v12-1.orthodb.org/?query=253719at7147
SUPER_2	333271983	333275860	D2	892.9	+	https://v12-1.orthodb.org/?query=253768at7147
SUPER_2	309578669	309581514	D5	1749.3	+	https://v12-1.orthodb.org/?query=253807at7147
SUPER_1	248132849	248131841	NA	418.4	-	https://v12-1.orthodb.org/?query=253912at7147
SUPER_2	345502869	345494286	NA	732.3	-	https://v12-1.orthodb.org/?query=253961at7147
SUPER_2	353459463	353418393	D4	236.1	-	https://v12-1.orthodb.org/?query=253970at7147
SUPER_1	117521830	117522257	D5	188.9	+	https://v12-1.orthodb.org/?query=254013at7147
SUPER_3	20147099	20140879	D1	1905.0	-	https://v12-1.orthodb.org/?query=254077at7147
SUPER_2	268358375	268356639	D3	947.9	-	https://v12-1.orthodb.org/?query=254081at7147
SUPER_3	178504897	178515469	NA	276.0	+	https://v12-1.orthodb.org/?query=254130at7147
SUPER_3	128713740	128714592	D1	344.6	+	https://v12-1.orthodb.org/?query=254236at7147
SUPER_3	10001732	9994171	D1	527.7	-	https://v12-1.orthodb.org/?query=254294at7147
SUPER_1	284227185	284226639	NA	261.9	-	https://v12-1.orthodb.org/?query=254308at7147
SUPER_1	222643889	222642494	D3	635.1	-	https://v12-1.orthodb.org/?query=254340at7147
SUPER_1	134279096	134279711	D2	372.4	+	https://v12-1.orthodb.org/?query=254384at7147
SUPER_1	27206528	27205693	NA	437.3	-	https://v12-1.orthodb.org/?query=254505at7147
SUPER_1	153912493	153934850	D5	1391.9	+	https://v12-1.orthodb.org/?query=254558at7147
SUPER_2	89169598	89136165	D2	639.3	-	https://v12-1.orthodb.org/?query=254635at7147
SUPER_3	132713842	132713290	D1	312.7	-	https://v12-1.orthodb.org/?query=254729at7147
SUPER_2	284018093	284019618	D4	552.9	+	https://v12-1.orthodb.org/?query=254745at7147
SUPER_2	212423623	212434279	D4	1516.6	+	https://v12-1.orthodb.org/?query=254776at7147
SUPER_1	5545169	5544161	D5	665.7	-	https://v12-1.orthodb.org/?query=254826at7147
SUPER_1	35634243	35633218	NA	608.6	-	https://v12-1.orthodb.org/?query=254866at7147
SUPER_2	196362253	196363411	D6	683.6	+	https://v12-1.orthodb.org/?query=254929at7147
SUPER_3	78052137	78051492	D1	359.1	-	https://v12-1.orthodb.org/?query=255198at7147
SUPER_3	52968067	52968878	D1	369.8	+	https://v12-1.orthodb.org/?query=255232at7147
SUPER_1	66608098	66594175	D5	956.7	-	https://v12-1.orthodb.org/?query=255269at7147
SUPER_3	284312601	284303989	NA	2153.7	-	https://v12-1.orthodb.org/?query=255443at7147
SUPER_2	124304588	124267588	NA	2321.6	-	https://v12-1.orthodb.org/?query=255496at7147
SUPER_2	337884473	337883315	D2	657.4	-	https://v12-1.orthodb.org/?query=255500at7147
SUPER_1	5262316	5263266	D5	362.0	+	https://v12-1.orthodb.org/?query=255721at7147
SUPER_2	277052654	277055984	NA	1270.0	+	https://v12-1.orthodb.org/?query=255778at7147
SUPER_1	126189477	126229688	D3	789.5	+	https://v12-1.orthodb.org/?query=255795at7147
SUPER_3	64420403	64424866	D1	1669.6	+	https://v12-1.orthodb.org/?query=255800at7147
SUPER_3	271063011	271062315	NA	418.1	-	https://v12-1.orthodb.org/?query=255927at7147
SUPER_3	98685618	98687500	NA	350.4	+	https://v12-1.orthodb.org/?query=255951at7147
SUPER_1	299802529	299792904	D3	2692.8	-	https://v12-1.orthodb.org/?query=255991at7147
SUPER_2	115342322	115302493	D2	598.3	-	https://v12-1.orthodb.org/?query=256046at7147
SUPER_3	286016243	286070831	D3	858.5	+	https://v12-1.orthodb.org/?query=256107at7147
SUPER_2	338982386	338983906	D4	405.2	+	https://v12-1.orthodb.org/?query=256150at7147
SUPER_3	139007093	138999335	D2	941.8	-	https://v12-1.orthodb.org/?query=256359at7147
SUPER_2	188708068	188789586	D4	1026.6	+	https://v12-1.orthodb.org/?query=256446at7147
SUPER_1	135010148	135008294	NA	629.7	-	https://v12-1.orthodb.org/?query=256470at7147
SUPER_1	123055776	123054543	D3	423.9	-	https://v12-1.orthodb.org/?query=256493at7147
SUPER_2	246518816	246515613	D4	741.0	-	https://v12-1.orthodb.org/?query=256533at7147
SUPER_1	3932150	3932686	D5	271.5	+	https://v12-1.orthodb.org/?query=256579at7147
SUPER_1	122618669	122609207	D3	907.6	-	https://v12-1.orthodb.org/?query=256647at7147
SUPER_1	126993837	126986249	D3	1499.9	-	https://v12-1.orthodb.org/?query=256756at7147
SUPER_3	74838497	74840900	NA	1250.0	+	https://v12-1.orthodb.org/?query=256773at7147
SUPER_1	6251568	6252843	NA	327.3	+	https://v12-1.orthodb.org/?query=256785at7147
SUPER_1	58316120	58317605	D5	915.3	+	https://v12-1.orthodb.org/?query=256852at7147
SUPER_3	51706796	51825203	D1	903.3	+	https://v12-1.orthodb.org/?query=257034at7147
SUPER_1	247695504	247683883	D3	769.1	-	https://v12-1.orthodb.org/?query=257063at7147
SUPER_2	338252321	338255489	D4	315.8	+	https://v12-1.orthodb.org/?query=257074at7147
SUPER_2	164914538	164939763	D2	365.6	+	https://v12-1.orthodb.org/?query=257149at7147
SUPER_3	118166132	118164167	D1	384.7	-	https://v12-1.orthodb.org/?query=257205at7147
SUPER_3	163399459	163397434	D1	1052.9	-	https://v12-1.orthodb.org/?query=257513at7147
SUPER_3	229967856	229969275	D3	633.6	+	https://v12-1.orthodb.org/?query=257558at7147
SUPER_1	133525974	133523653	D5	1191.5	-	https://v12-1.orthodb.org/?query=257562at7147
SUPER_2	18412683	18414374	D1	647.6	+	https://v12-1.orthodb.org/?query=257716at7147
SUPER_3	49788367	49793447	D1	920.9	+	https://v12-1.orthodb.org/?query=257724at7147
SUPER_1	355013513	355009699	NA	1004.7	-	https://v12-1.orthodb.org/?query=257726at7147
SUPER_2	260604828	260608286	D4	1818.2	+	https://v12-1.orthodb.org/?query=257774at7147
SUPER_2	352172034	352170225	NA	904.7	-	https://v12-1.orthodb.org/?query=257791at7147
SUPER_2	5730493	5732890	NA	983.8	+	https://v12-1.orthodb.org/?query=257837at7147
SUPER_2	289377805	289386109	NA	791.1	+	https://v12-1.orthodb.org/?query=257845at7147
SUPER_2	5783937	5785131	D2	290.4	+	https://v12-1.orthodb.org/?query=257854at7147
SUPER_1	315393913	315394462	D3	332.3	+	https://v12-1.orthodb.org/?query=257859at7147
SUPER_2	14035767	14051729	D2	286.9	+	https://v12-1.orthodb.org/?query=257907at7147
SUPER_3	201751811	201745607	NA	2374.0	-	https://v12-1.orthodb.org/?query=257968at7147
SUPER_2	2945595	2950084	D2	581.6	+	https://v12-1.orthodb.org/?query=258008at7147
SUPER_1	231482492	231480718	D3	627.0	-	https://v12-1.orthodb.org/?query=258018at7147
SUPER_1	7936293	7938299	D5	799.1	+	https://v12-1.orthodb.org/?query=258056at7147
SUPER_1	212443858	212419803	D3	976.0	-	https://v12-1.orthodb.org/?query=258259at7147
SUPER_2	154001535	153998394	NA	1128.0	-	https://v12-1.orthodb.org/?query=258363at7147
SUPER_3	204098222	204131659	D3	1475.8	+	https://v12-1.orthodb.org/?query=258537at7147
SUPER_1	257826612	257824684	D3	606.2	-	https://v12-1.orthodb.org/?query=258591at7147
SUPER_1	4036124	4035581	NA	172.8	-	https://v12-1.orthodb.org/?query=258667at7147
SUPER_2	14866069	14869081	D2	1886.7	+	https://v12-1.orthodb.org/?query=258674at7147
SUPER_X	6070001	6068771	D6	317.2	-	https://v12-1.orthodb.org/?query=258841at7147
SUPER_3	278116606	278118085	D6	359.7	+	https://v12-1.orthodb.org/?query=258862at7147
SUPER_3	128772429	128727339	D1	570.4	-	https://v12-1.orthodb.org/?query=258940at7147
SUPER_3	5929795	5928674	NA	450.1	-	https://v12-1.orthodb.org/?query=258962at7147
SUPER_1	122123965	122137741	D3	592.7	+	https://v12-1.orthodb.org/?query=259008at7147
SUPER_2	47495327	47503365	D2	615.2	+	https://v12-1.orthodb.org/?query=259017at7147
SUPER_2	124310059	124313329	NA	1033.6	+	https://v12-1.orthodb.org/?query=259060at7147
SUPER_3	419783	413139	D3	3860.1	-	https://v12-1.orthodb.org/?query=259106at7147
SUPER_1	221385353	221387469	D3	384.5	+	https://v12-1.orthodb.org/?query=259157at7147
SUPER_2	329314172	329314940	NA	261.6	+	https://v12-1.orthodb.org/?query=259232at7147
SUPER_3	152292214	152293626	D3	715.5	+	https://v12-1.orthodb.org/?query=259255at7147
SUPER_2	11379189	11378224	D3	457.4	-	https://v12-1.orthodb.org/?query=259296at7147
SUPER_1	251224121	251231184	D3	1015.8	+	https://v12-1.orthodb.org/?query=259299at7147
SUPER_3	202257119	202315985	D3	1327.7	+	https://v12-1.orthodb.org/?query=259332at7147
SUPER_1	47344824	47345404	D5	309.0	+	https://v12-1.orthodb.org/?query=259411at7147
SUPER_3	139336160	139371591	NA	1874.5	+	https://v12-1.orthodb.org/?query=259431at7147
SUPER_1	67189908	67317938	D5	1791.1	+	https://v12-1.orthodb.org/?query=259489at7147
SUPER_3	292911745	292882676	D3	2675.3	-	https://v12-1.orthodb.org/?query=259691at7147
SUPER_3	185695087	185674145	NA	599.9	-	https://v12-1.orthodb.org/?query=259745at7147
SUPER_2	85680836	85690604	NA	2035.8	+	https://v12-1.orthodb.org/?query=259800at7147
SUPER_1	65458396	65462686	D5	1552.9	+	https://v12-1.orthodb.org/?query=259866at7147
SUPER_3	194004046	194002089	D1	552.0	-	https://v12-1.orthodb.org/?query=260031at7147
SUPER_1	7935594	7934770	D5	497.1	-	https://v12-1.orthodb.org/?query=260154at7147
SUPER_2	271278754	271279625	D4	374.8	+	https://v12-1.orthodb.org/?query=260249at7147
SUPER_2	53096101	52895962	D4	2032.9	-	https://v12-1.orthodb.org/?query=260276at7147
SUPER_2	338294309	338269167	D4	612.9	-	https://v12-1.orthodb.org/?query=260331at7147
SUPER_1	63425809	63423187	NA	560.3	-	https://v12-1.orthodb.org/?query=260381at7147
SUPER_1	42209704	42203485	NA	2277.3	-	https://v12-1.orthodb.org/?query=260397at7147
SUPER_1	16740882	16776695	D4	1059.2	+	https://v12-1.orthodb.org/?query=260425at7147
SUPER_3	115029113	115022802	D1	1198.9	-	https://v12-1.orthodb.org/?query=260456at7147
SUPER_1	720577	718530	NA	671.3	-	https://v12-1.orthodb.org/?query=260461at7147
SUPER_1	333944289	333923029	D4	742.6	-	https://v12-1.orthodb.org/?query=260478at7147
SUPER_3	130474792	130470601	NA	2005.4	-	https://v12-1.orthodb.org/?query=260498at7147
SUPER_2	68709146	68711315	NA	990.0	+	https://v12-1.orthodb.org/?query=260600at7147
SUPER_1	271660626	271661956	D3	646.5	+	https://v12-1.orthodb.org/?query=260626at7147
SUPER_3	108311547	108293873	D1	523.3	-	https://v12-1.orthodb.org/?query=260788at7147
SUPER_3	155474259	155471958	NA	1006.4	-	https://v12-1.orthodb.org/?query=260837at7147
SUPER_2	353275878	353267838	D4	1666.4	-	https://v12-1.orthodb.org/?query=260859at7147
SUPER_2	353275878	353267838	D4	1666.4	-	https://v12-1.orthodb.org/?query=260859at7147
HAP1_SCAFFOLD_911	2267	10296	D4	1658.9	+	https://v12-1.orthodb.org/?query=260859at7147
HAP1_SCAFFOLD_911	2267	10296	D4	1658.9	+	https://v12-1.orthodb.org/?query=260859at7147
SUPER_2	341965743	341967591	D4	1159.4	+	https://v12-1.orthodb.org/?query=260915at7147
SUPER_2	116383218	116384349	NA	484.1	+	https://v12-1.orthodb.org/?query=260922at7147
SUPER_2	116383218	116384349	NA	484.1	+	https://v12-1.orthodb.org/?query=260922at7147
SUPER_2	116383218	116384349	NA	484.1	+	https://v12-1.orthodb.org/?query=260922at7147
SUPER_2	116383218	116384349	NA	484.1	+	https://v12-1.orthodb.org/?query=260922at7147
SUPER_2	332347085	332326502	NA	499.1	-	https://v12-1.orthodb.org/?query=260922at7147
SUPER_2	332347085	332326502	NA	499.1	-	https://v12-1.orthodb.org/?query=260922at7147
SUPER_2	332347085	332326502	NA	499.1	-	https://v12-1.orthodb.org/?query=260922at7147
SUPER_2	332347085	332326502	NA	499.1	-	https://v12-1.orthodb.org/?query=260922at7147
SUPER_3	289060154	289058922	NA	504.8	-	https://v12-1.orthodb.org/?query=260922at7147
SUPER_3	289060154	289058922	NA	504.8	-	https://v12-1.orthodb.org/?query=260922at7147
SUPER_3	289060154	289058922	NA	504.8	-	https://v12-1.orthodb.org/?query=260922at7147
SUPER_3	289060154	289058922	NA	504.8	-	https://v12-1.orthodb.org/?query=260922at7147
SUPER_1	86666385	86653826	NA	491.8	-	https://v12-1.orthodb.org/?query=260922at7147
SUPER_1	86666385	86653826	NA	491.8	-	https://v12-1.orthodb.org/?query=260922at7147
SUPER_1	86666385	86653826	NA	491.8	-	https://v12-1.orthodb.org/?query=260922at7147
SUPER_1	86666385	86653826	NA	491.8	-	https://v12-1.orthodb.org/?query=260922at7147
SUPER_2	102565698	102649921	D2	2553.4	+	https://v12-1.orthodb.org/?query=260974at7147
SUPER_3	44763975	44762776	D1	431.7	-	https://v12-1.orthodb.org/?query=260978at7147
SUPER_3	294982384	294983079	D3	255.7	+	https://v12-1.orthodb.org/?query=261017at7147
SUPER_1	1303087	1303760	NA	316.8	+	https://v12-1.orthodb.org/?query=261164at7147
SUPER_1	33875031	33876054	NA	540.0	+	https://v12-1.orthodb.org/?query=261225at7147
SUPER_2	354924693	354928166	D4	1413.4	+	https://v12-1.orthodb.org/?query=261350at7147
SUPER_1	353650239	353648940	D3	465.3	-	https://v12-1.orthodb.org/?query=261364at7147
SUPER_1	38576754	38565551	NA	1104.9	-	https://v12-1.orthodb.org/?query=261374at7147
SUPER_2	162754543	162755736	D2	646.9	+	https://v12-1.orthodb.org/?query=261416at7147
SUPER_1	175222459	175223666	D5	665.4	+	https://v12-1.orthodb.org/?query=261446at7147
SUPER_3	98540207	98537947	D2	760.6	-	https://v12-1.orthodb.org/?query=261520at7147
SUPER_2	242864854	242866862	D4	1039.1	+	https://v12-1.orthodb.org/?query=261561at7147
SUPER_2	43912383	43925396	NA	641.7	+	https://v12-1.orthodb.org/?query=261824at7147
SUPER_2	43912383	43925396	NA	641.7	+	https://v12-1.orthodb.org/?query=261824at7147
SUPER_2	43912383	43925396	NA	641.7	+	https://v12-1.orthodb.org/?query=261824at7147
SUPER_2	44071001	44115219	NA	629.1	+	https://v12-1.orthodb.org/?query=261824at7147
SUPER_2	44071001	44115219	NA	629.1	+	https://v12-1.orthodb.org/?query=261824at7147
SUPER_2	44071001	44115219	NA	629.1	+	https://v12-1.orthodb.org/?query=261824at7147
SUPER_2	43941433	44002047	NA	608.5	+	https://v12-1.orthodb.org/?query=261824at7147
SUPER_2	43941433	44002047	NA	608.5	+	https://v12-1.orthodb.org/?query=261824at7147
SUPER_2	43941433	44002047	NA	608.5	+	https://v12-1.orthodb.org/?query=261824at7147
SUPER_1	39864044	39865679	D5	752.0	+	https://v12-1.orthodb.org/?query=261841at7147
SUPER_3	137598056	137594307	NA	1677.2	-	https://v12-1.orthodb.org/?query=261900at7147
SUPER_1	154864936	154867485	NA	720.4	+	https://v12-1.orthodb.org/?query=261987at7147
SUPER_3	221748464	221743134	D3	1308.2	-	https://v12-1.orthodb.org/?query=262133at7147
SUPER_3	168973628	168975228	D1	908.8	+	https://v12-1.orthodb.org/?query=262164at7147
SUPER_1	43047856	43045714	NA	1017.0	-	https://v12-1.orthodb.org/?query=262341at7147
SUPER_2	335334853	335329890	D4	2314.7	-	https://v12-1.orthodb.org/?query=262394at7147
SUPER_3	271060986	271061931	D3	622.3	+	https://v12-1.orthodb.org/?query=262476at7147
SUPER_3	151173992	151175147	D1	662.1	+	https://v12-1.orthodb.org/?query=262641at7147
SUPER_1	308861226	308858338	D3	1237.0	-	https://v12-1.orthodb.org/?query=262672at7147
SUPER_3	114430094	114433532	D1	794.3	+	https://v12-1.orthodb.org/?query=262736at7147
SUPER_3	8064617	8065375	D1	296.1	+	https://v12-1.orthodb.org/?query=262788at7147
SUPER_3	297076909	297078814	NA	433.7	+	https://v12-1.orthodb.org/?query=262843at7147
SUPER_1	3493567	3483753	D5	1510.2	-	https://v12-1.orthodb.org/?query=262890at7147
SUPER_2	292638240	292642922	NA	1804.1	+	https://v12-1.orthodb.org/?query=262916at7147
SUPER_1	165059361	165058578	D5	442.2	-	https://v12-1.orthodb.org/?query=263026at7147
SUPER_1	207538195	207595909	D3	1273.2	+	https://v12-1.orthodb.org/?query=263176at7147
SUPER_2	39345949	39340984	D2	2133.0	-	https://v12-1.orthodb.org/?query=263209at7147
SUPER_1	211344114	211294796	D3	681.3	-	https://v12-1.orthodb.org/?query=263519at7147
SUPER_3	216123749	216123136	D3	260.0	-	https://v12-1.orthodb.org/?query=263544at7147
SUPER_3	285297545	285294545	NA	1387.7	-	https://v12-1.orthodb.org/?query=263557at7147
SUPER_1	258018378	258016486	NA	1033.7	-	https://v12-1.orthodb.org/?query=263622at7147
SUPER_1	175645551	175564168	D5	594.7	-	https://v12-1.orthodb.org/?query=263649at7147
SUPER_2	285557726	285562306	D4	1042.4	+	https://v12-1.orthodb.org/?query=263692at7147
SUPER_1	278888285	278856146	D3	1501.9	-	https://v12-1.orthodb.org/?query=263809at7147
SUPER_3	64478973	64492558	D1	742.9	+	https://v12-1.orthodb.org/?query=263812at7147
SUPER_3	210497005	210499200	NA	589.6	+	https://v12-1.orthodb.org/?query=263840at7147
SUPER_2	353820826	353832374	D4	3019.3	+	https://v12-1.orthodb.org/?query=263862at7147
SUPER_2	41456565	41458419	D2	783.3	+	https://v12-1.orthodb.org/?query=263976at7147
SUPER_1	323271672	323329947	D3	1020.0	+	https://v12-1.orthodb.org/?query=264016at7147
SUPER_3	38060056	38056950	NA	1040.0	-	https://v12-1.orthodb.org/?query=264043at7147
SUPER_3	198661281	198872817	D1	2695.7	+	https://v12-1.orthodb.org/?query=264069at7147
SUPER_2	92550816	92549030	NA	881.1	-	https://v12-1.orthodb.org/?query=264083at7147
SUPER_1	145461876	145377188	D5	365.4	-	https://v12-1.orthodb.org/?query=264141at7147
SUPER_1	281781781	281786407	D3	624.3	+	https://v12-1.orthodb.org/?query=264221at7147
SUPER_1	281781781	281786407	D3	624.3	+	https://v12-1.orthodb.org/?query=264221at7147
SUPER_1	281786600	281787800	D3	577.1	+	https://v12-1.orthodb.org/?query=264221at7147
SUPER_1	281786600	281787800	D3	577.1	+	https://v12-1.orthodb.org/?query=264221at7147
SUPER_1	195584388	195577903	D5	562.5	-	https://v12-1.orthodb.org/?query=264309at7147
SUPER_2	350373704	350376194	D4	991.1	+	https://v12-1.orthodb.org/?query=264387at7147
SUPER_3	76044880	76039823	D1	1379.2	-	https://v12-1.orthodb.org/?query=264404at7147
SUPER_3	108984450	108966985	NA	314.3	-	https://v12-1.orthodb.org/?query=264428at7147
SUPER_1	156480840	156516362	NA	397.5	+	https://v12-1.orthodb.org/?query=264617at7147
SUPER_3	293844046	293843489	D3	231.5	-	https://v12-1.orthodb.org/?query=264634at7147
SUPER_2	232676332	232625226	D4	6775.6	-	https://v12-1.orthodb.org/?query=264702at7147
SUPER_3	68027723	68043407	D1	590.5	+	https://v12-1.orthodb.org/?query=264845at7147
SUPER_3	6357969	6356068	D1	454.1	-	https://v12-1.orthodb.org/?query=264861at7147
SUPER_3	289023872	289025740	NA	746.0	+	https://v12-1.orthodb.org/?query=264982at7147
SUPER_3	226358294	226356413	D3	447.3	-	https://v12-1.orthodb.org/?query=264987at7147
SUPER_3	110139083	110138206	D1	382.9	-	https://v12-1.orthodb.org/?query=264989at7147
SUPER_1	167523844	167527889	D2	1201.1	+	https://v12-1.orthodb.org/?query=265104at7147
SUPER_3	280900553	280974306	D3	1464.6	+	https://v12-1.orthodb.org/?query=265118at7147
SUPER_3	51854801	51856625	D1	682.6	+	https://v12-1.orthodb.org/?query=265145at7147
SUPER_3	141023490	141027076	D1	185.5	+	https://v12-1.orthodb.org/?query=265148at7147
SUPER_1	354850	360170	D5	780.1	+	https://v12-1.orthodb.org/?query=265149at7147
SUPER_1	355609805	355612587	D3	1024.2	+	https://v12-1.orthodb.org/?query=265154at7147
SUPER_3	165508250	165509500	D1	328.6	+	https://v12-1.orthodb.org/?query=265189at7147
SUPER_2	1861611	1863916	D2	316.1	+	https://v12-1.orthodb.org/?query=265202at7147
SUPER_1	210278259	210266313	D3	226.2	-	https://v12-1.orthodb.org/?query=265311at7147
SUPER_1	297738057	297739335	D3	444.5	+	https://v12-1.orthodb.org/?query=265341at7147
SUPER_2	9020659	9017348	D2	1066.0	-	https://v12-1.orthodb.org/?query=265407at7147
SUPER_1	139679905	139678831	D5	519.4	-	https://v12-1.orthodb.org/?query=265425at7147
SUPER_2	37839531	37798304	D2	704.6	-	https://v12-1.orthodb.org/?query=265429at7147
SUPER_1	249896257	249894466	D3	310.2	-	https://v12-1.orthodb.org/?query=265468at7147
SUPER_3	292260146	292279417	NA	760.1	+	https://v12-1.orthodb.org/?query=265480at7147
SUPER_3	140496077	140497429	D1	629.1	+	https://v12-1.orthodb.org/?query=265490at7147
SUPER_2	317922048	318049510	NA	617.9	+	https://v12-1.orthodb.org/?query=265491at7147
SUPER_1	124884095	124882413	D3	210.7	-	https://v12-1.orthodb.org/?query=265580at7147
SUPER_2	112893838	112885759	D2	463.0	-	https://v12-1.orthodb.org/?query=265585at7147
SUPER_3	253609792	253515827	D3	665.2	-	https://v12-1.orthodb.org/?query=265601at7147
SUPER_1	150571433	150555490	D1	612.3	-	https://v12-1.orthodb.org/?query=265827at7147
SUPER_1	255778395	255779311	D3	461.2	+	https://v12-1.orthodb.org/?query=265829at7147
SUPER_2	42851697	42850974	D2	365.0	-	https://v12-1.orthodb.org/?query=265927at7147
SUPER_2	234405510	234460695	D2	564.2	+	https://v12-1.orthodb.org/?query=266047at7147
SUPER_1	205241881	205242544	NA	241.0	+	https://v12-1.orthodb.org/?query=266083at7147
SUPER_1	317844911	317842709	D3	633.3	-	https://v12-1.orthodb.org/?query=266121at7147
SUPER_1	264508653	264508076	D3	163.4	-	https://v12-1.orthodb.org/?query=266130at7147
SUPER_1	13796234	13766663	D4	965.9	-	https://v12-1.orthodb.org/?query=266157at7147
SUPER_3	119083064	119085656	NA	1077.3	+	https://v12-1.orthodb.org/?query=266159at7147
SUPER_3	35088844	35096148	D1	1234.3	+	https://v12-1.orthodb.org/?query=266202at7147
SUPER_1	7058890	7057777	D5	530.6	-	https://v12-1.orthodb.org/?query=266347at7147
SUPER_1	1060051	1126143	D5	1191.3	+	https://v12-1.orthodb.org/?query=266363at7147
SUPER_1	136824011	136825485	D5	480.9	+	https://v12-1.orthodb.org/?query=266482at7147
SUPER_2	88988708	88989926	NA	594.4	+	https://v12-1.orthodb.org/?query=266537at7147
SUPER_2	349086432	349087650	NA	504.8	+	https://v12-1.orthodb.org/?query=266550at7147
SUPER_2	84797854	84800238	D2	1333.8	+	https://v12-1.orthodb.org/?query=266611at7147
SUPER_3	295749730	295760177	D3	1313.1	+	https://v12-1.orthodb.org/?query=266814at7147
SUPER_1	342591888	342588291	D3	1582.5	-	https://v12-1.orthodb.org/?query=266921at7147
SUPER_2	112774590	112773517	NA	363.6	-	https://v12-1.orthodb.org/?query=267016at7147
SUPER_1	315384096	315384883	D4	423.5	+	https://v12-1.orthodb.org/?query=267049at7147
SUPER_2	354915188	354892378	D4	482.5	-	https://v12-1.orthodb.org/?query=267052at7147
SUPER_1	204961875	204995956	D3	374.7	+	https://v12-1.orthodb.org/?query=267189at7147
SUPER_3	26370451	26371498	D1	370.7	+	https://v12-1.orthodb.org/?query=267242at7147
SUPER_3	54292272	54295114	D1	1774.2	+	https://v12-1.orthodb.org/?query=267265at7147
SUPER_3	63291601	63293029	NA	674.1	+	https://v12-1.orthodb.org/?query=267330at7147
SUPER_3	122031586	122031008	D1	204.4	-	https://v12-1.orthodb.org/?query=267483at7147
SUPER_2	237876791	237876311	D4	230.7	-	https://v12-1.orthodb.org/?query=267502at7147
SUPER_2	351132329	351133135	D4	375.6	+	https://v12-1.orthodb.org/?query=267567at7147
SUPER_3	34214747	34215939	D1	507.3	+	https://v12-1.orthodb.org/?query=267590at7147
SUPER_3	270985483	270986110	D4	251.0	+	https://v12-1.orthodb.org/?query=267608at7147
SUPER_3	221742183	221742933	NA	392.8	+	https://v12-1.orthodb.org/?query=267616at7147
SUPER_2	168422911	168423921	D4	412.8	+	https://v12-1.orthodb.org/?query=267663at7147
SUPER_1	139383159	139383931	NA	327.6	+	https://v12-1.orthodb.org/?query=267735at7147
SUPER_1	302648276	302648609	D3	123.9	+	https://v12-1.orthodb.org/?query=267736at7147
SUPER_1	212724237	212714182	D3	309.0	-	https://v12-1.orthodb.org/?query=267819at7147
SUPER_1	30451205	30451857	NA	198.3	+	https://v12-1.orthodb.org/?query=267852at7147
SUPER_2	328869723	328916201	D4	672.6	+	https://v12-1.orthodb.org/?query=267888at7147
SUPER_1	166836134	166845222	D5	485.0	+	https://v12-1.orthodb.org/?query=268234at7147
SUPER_3	264697965	264696806	NA	512.9	-	https://v12-1.orthodb.org/?query=268351at7147
SUPER_2	53820600	53943284	NA	609.3	+	https://v12-1.orthodb.org/?query=268359at7147
SUPER_2	345186020	345187980	D4	558.0	+	https://v12-1.orthodb.org/?query=268384at7147
SUPER_3	159593847	159593473	NA	163.4	-	https://v12-1.orthodb.org/?query=268554at7147
SUPER_3	297747966	297754994	D3	664.0	+	https://v12-1.orthodb.org/?query=268784at7147
SUPER_3	55508933	55508279	D1	240.0	-	https://v12-1.orthodb.org/?query=268789at7147
SUPER_1	27206962	27208325	D5	568.5	+	https://v12-1.orthodb.org/?query=268798at7147
SUPER_2	335342554	335341576	D4	182.2	-	https://v12-1.orthodb.org/?query=268871at7147
SUPER_1	27391384	27386924	D5	2190.4	-	https://v12-1.orthodb.org/?query=268926at7147
SUPER_2	20544843	20556072	D2	491.2	+	https://v12-1.orthodb.org/?query=268929at7147
SUPER_1	165051287	165053719	NA	1340.0	+	https://v12-1.orthodb.org/?query=268940at7147
SUPER_3	49431345	49432747	D1	612.4	+	https://v12-1.orthodb.org/?query=269141at7147
SUPER_3	167885446	167879178	NA	2261.6	-	https://v12-1.orthodb.org/?query=269169at7147
SUPER_2	182958457	182891800	D1	4753.8	-	https://v12-1.orthodb.org/?query=269320at7147
SUPER_2	280956655	280948131	D4	978.2	-	https://v12-1.orthodb.org/?query=269405at7147
SUPER_2	22281346	22142518	D2	1823.6	-	https://v12-1.orthodb.org/?query=269444at7147
SUPER_1	140208839	140211386	NA	870.4	+	https://v12-1.orthodb.org/?query=269467at7147
SUPER_3	47257779	47249606	D1	1914.5	-	https://v12-1.orthodb.org/?query=269533at7147
SUPER_3	65038074	65052225	D1	1050.5	+	https://v12-1.orthodb.org/?query=269538at7147
SUPER_3	226355665	226356215	D3	160.8	+	https://v12-1.orthodb.org/?query=269544at7147
SUPER_3	107891137	107890064	NA	548.4	-	https://v12-1.orthodb.org/?query=269745at7147
SUPER_3	294646872	294648108	D3	424.3	+	https://v12-1.orthodb.org/?query=269826at7147
SUPER_3	74184013	74183629	D1	185.9	-	https://v12-1.orthodb.org/?query=269897at7147
SUPER_2	18144741	18141328	D2	1876.1	-	https://v12-1.orthodb.org/?query=269959at7147
SUPER_1	226298423	226299643	D3	470.6	+	https://v12-1.orthodb.org/?query=270008at7147
SUPER_1	302388686	302394219	D3	2417.7	+	https://v12-1.orthodb.org/?query=270210at7147
SUPER_1	348914495	348899306	D3	199.8	-	https://v12-1.orthodb.org/?query=270255at7147
SUPER_2	248657810	248655384	NA	899.0	-	https://v12-1.orthodb.org/?query=270295at7147
SUPER_2	328959646	328959205	D4	224.5	-	https://v12-1.orthodb.org/?query=270297at7147
SUPER_3	49443711	49433281	D1	525.8	-	https://v12-1.orthodb.org/?query=270382at7147
SUPER_2	345504004	345503396	D4	256.7	-	https://v12-1.orthodb.org/?query=270439at7147
SUPER_1	200445861	200505729	D3	855.8	+	https://v12-1.orthodb.org/?query=270465at7147
SUPER_1	340038018	340038744	NA	314.4	+	https://v12-1.orthodb.org/?query=270478at7147
SUPER_3	167043516	167041966	D1	814.8	-	https://v12-1.orthodb.org/?query=270657at7147
SUPER_1	300420140	300420552	D3	126.9	+	https://v12-1.orthodb.org/?query=270720at7147
SUPER_1	165063714	165062139	NA	261.0	-	https://v12-1.orthodb.org/?query=270782at7147
SUPER_2	145167693	145186028	D2	309.6	+	https://v12-1.orthodb.org/?query=270784at7147
SUPER_2	352186913	352184168	D4	1383.7	-	https://v12-1.orthodb.org/?query=270794at7147
SUPER_3	176995139	176995586	D1	199.9	+	https://v12-1.orthodb.org/?query=270804at7147
SUPER_3	291389022	291388752	D3	148.0	-	https://v12-1.orthodb.org/?query=270852at7147
SUPER_2	285040242	285042705	NA	751.4	+	https://v12-1.orthodb.org/?query=270856at7147
SUPER_1	124663228	124660921	NA	1264.2	-	https://v12-1.orthodb.org/?query=270859at7147
SUPER_1	69777231	69776097	D4	556.3	-	https://v12-1.orthodb.org/?query=270898at7147
SUPER_3	66425409	66392521	D1	686.4	-	https://v12-1.orthodb.org/?query=271012at7147
SUPER_1	314064144	314061999	D3	1038.1	-	https://v12-1.orthodb.org/?query=271043at7147
SUPER_3	110107145	110107700	D1	231.3	+	https://v12-1.orthodb.org/?query=271219at7147
SUPER_3	268074565	268078112	NA	1683.2	+	https://v12-1.orthodb.org/?query=271225at7147
SUPER_2	267595421	267594689	D4	446.2	-	https://v12-1.orthodb.org/?query=271237at7147
SUPER_3	8666611	8665682	D1	322.0	-	https://v12-1.orthodb.org/?query=271333at7147
SUPER_3	116636184	116649349	D1	533.1	+	https://v12-1.orthodb.org/?query=271359at7147
SUPER_1	133442022	133422541	D5	581.2	-	https://v12-1.orthodb.org/?query=271368at7147
SUPER_2	318216168	318215111	D4	538.2	-	https://v12-1.orthodb.org/?query=271390at7147
SUPER_1	193781407	193735697	NA	245.7	-	https://v12-1.orthodb.org/?query=271424at7147
SUPER_2	113478951	113474582	D2	1095.6	-	https://v12-1.orthodb.org/?query=271478at7147
SUPER_1	165706325	165714790	D5	401.0	+	https://v12-1.orthodb.org/?query=271537at7147
SUPER_2	164860930	164858692	NA	1307.4	-	https://v12-1.orthodb.org/?query=271541at7147
SUPER_3	299145367	299144670	NA	247.1	-	https://v12-1.orthodb.org/?query=271803at7147
SUPER_3	139568320	139633718	D1	439.2	+	https://v12-1.orthodb.org/?query=271895at7147
SUPER_1	73923492	73921751	NA	633.4	-	https://v12-1.orthodb.org/?query=272009at7147
SUPER_2	236992622	236993698	D4	550.3	+	https://v12-1.orthodb.org/?query=272235at7147
SUPER_1	45581272	45584481	D5	790.2	+	https://v12-1.orthodb.org/?query=272293at7147
SUPER_2	205038816	205086088	NA	822.3	+	https://v12-1.orthodb.org/?query=272332at7147
SUPER_2	161780792	161781617	D2	337.8	+	https://v12-1.orthodb.org/?query=272339at7147
SUPER_3	44852754	44855660	D1	748.9	+	https://v12-1.orthodb.org/?query=272414at7147
SUPER_2	351367431	351337655	D4	1179.4	-	https://v12-1.orthodb.org/?query=272436at7147
SUPER_1	288538861	288538524	NA	134.6	-	https://v12-1.orthodb.org/?query=272484at7147
SUPER_2	310499686	310498300	D4	427.4	-	https://v12-1.orthodb.org/?query=272529at7147
SUPER_1	712990	710677	D5	663.2	-	https://v12-1.orthodb.org/?query=272627at7147
SUPER_2	252027625	251986981	NA	4342.1	-	https://v12-1.orthodb.org/?query=272674at7147
SUPER_3	4960041	4960741	NA	241.3	+	https://v12-1.orthodb.org/?query=272952at7147
SUPER_3	206320381	206321386	D3	485.0	+	https://v12-1.orthodb.org/?query=272975at7147
SUPER_3	206787689	206767615	D3	602.2	-	https://v12-1.orthodb.org/?query=273176at7147
SUPER_1	250942116	250940478	D3	988.9	-	https://v12-1.orthodb.org/?query=273378at7147
SUPER_X	11247668	11246145	D6	888.6	-	https://v12-1.orthodb.org/?query=273420at7147
SUPER_2	332422033	332421007	NA	379.6	-	https://v12-1.orthodb.org/?query=273487at7147
SUPER_X	1523099	1491951	D6	2588.3	-	https://v12-1.orthodb.org/?query=273517at7147
SUPER_2	333131966	333195442	D4	622.1	+	https://v12-1.orthodb.org/?query=273538at7147
SUPER_1	324060562	324143979	D3	1348.8	+	https://v12-1.orthodb.org/?query=273635at7147
SUPER_3	250073217	250067116	D3	897.4	-	https://v12-1.orthodb.org/?query=273636at7147
SUPER_3	297422817	297413682	D3	703.1	-	https://v12-1.orthodb.org/?query=273793at7147
SUPER_2	11375241	11373626	NA	774.3	-	https://v12-1.orthodb.org/?query=273822at7147
SUPER_2	126315224	126316498	D2	726.9	+	https://v12-1.orthodb.org/?query=273898at7147
SUPER_2	202540531	202544837	NA	1405.2	+	https://v12-1.orthodb.org/?query=273906at7147
SUPER_2	14535902	14533143	D3	1447.9	-	https://v12-1.orthodb.org/?query=273986at7147
SUPER_X	11799757	11798083	D6	517.8	-	https://v12-1.orthodb.org/?query=274103at7147
SUPER_1	317880942	317863718	D3	257.4	-	https://v12-1.orthodb.org/?query=274127at7147
SUPER_2	345085471	345083276	D4	726.3	-	https://v12-1.orthodb.org/?query=274176at7147
SUPER_3	293842533	293843333	D3	345.0	+	https://v12-1.orthodb.org/?query=274181at7147
SUPER_1	3934229	3933681	NA	248.7	-	https://v12-1.orthodb.org/?query=274222at7147
SUPER_1	194938130	194940604	NA	1221.1	+	https://v12-1.orthodb.org/?query=274263at7147
SUPER_1	32787171	32787953	NA	306.6	+	https://v12-1.orthodb.org/?query=274268at7147
SUPER_1	17683278	17578570	D5	1439.4	-	https://v12-1.orthodb.org/?query=274377at7147
SUPER_1	175861512	175743627	D5	819.5	-	https://v12-1.orthodb.org/?query=274396at7147
SUPER_3	63610951	63615119	D1	686.7	+	https://v12-1.orthodb.org/?query=274415at7147
SUPER_3	113882160	114049368	D1	514.6	+	https://v12-1.orthodb.org/?query=274432at7147
SUPER_1	339885826	339888033	D3	395.2	+	https://v12-1.orthodb.org/?query=274495at7147
SUPER_1	323813231	323805804	D3	1736.0	-	https://v12-1.orthodb.org/?query=274581at7147
SUPER_2	111295544	111292630	NA	1237.0	-	https://v12-1.orthodb.org/?query=274653at7147
SUPER_1	122105002	122106235	D3	522.4	+	https://v12-1.orthodb.org/?query=274654at7147
SUPER_2	65395614	65390145	D4	1651.0	-	https://v12-1.orthodb.org/?query=274681at7147
SUPER_3	269128864	269136964	NA	415.5	+	https://v12-1.orthodb.org/?query=274711at7147
SUPER_1	41411739	41411265	D5	228.2	-	https://v12-1.orthodb.org/?query=274715at7147
SUPER_2	336204896	336207689	D4	943.4	+	https://v12-1.orthodb.org/?query=274795at7147
SUPER_2	245137605	245132924	D4	2600.9	-	https://v12-1.orthodb.org/?query=274897at7147
SUPER_2	265940783	265934449	D4	1878.5	-	https://v12-1.orthodb.org/?query=274915at7147
SUPER_1	85137317	85135266	D5	976.2	-	https://v12-1.orthodb.org/?query=274937at7147
SUPER_3	152317672	152307645	D3	1483.8	-	https://v12-1.orthodb.org/?query=274980at7147
SUPER_1	175481056	175479496	D5	721.7	-	https://v12-1.orthodb.org/?query=275025at7147
SUPER_1	146455548	146457013	D5	441.3	+	https://v12-1.orthodb.org/?query=275051at7147
SUPER_1	333892307	333895129	D3	731.4	+	https://v12-1.orthodb.org/?query=275228at7147
SUPER_2	356774169	356668309	D4	1062.6	-	https://v12-1.orthodb.org/?query=275475at7147
SUPER_3	44738036	44737595	D1	225.1	-	https://v12-1.orthodb.org/?query=275730at7147
SUPER_2	248548583	248549803	D4	561.5	+	https://v12-1.orthodb.org/?query=275815at7147
SUPER_3	116422548	116418681	NA	2357.0	-	https://v12-1.orthodb.org/?query=275849at7147
SUPER_3	134949275	134948070	D1	566.4	-	https://v12-1.orthodb.org/?query=275895at7147
SUPER_3	255170471	255139686	D3	506.2	-	https://v12-1.orthodb.org/?query=275911at7147
SUPER_2	44177177	44178533	NA	411.4	+	https://v12-1.orthodb.org/?query=275948at7147
SUPER_1	4259631	4261982	D5	1035.9	+	https://v12-1.orthodb.org/?query=275971at7147
SUPER_3	176704331	176704070	D1	127.1	-	https://v12-1.orthodb.org/?query=276040at7147
SUPER_3	285525073	285524646	D3	215.0	-	https://v12-1.orthodb.org/?query=276045at7147
SUPER_1	316335508	316336870	D3	525.6	+	https://v12-1.orthodb.org/?query=276098at7147
SUPER_3	4025980	4029821	D1	685.0	+	https://v12-1.orthodb.org/?query=276150at7147
SUPER_3	297268021	297267028	D3	208.6	-	https://v12-1.orthodb.org/?query=276185at7147
SUPER_1	149949473	149953202	D5	1116.3	+	https://v12-1.orthodb.org/?query=276213at7147
SUPER_2	228406080	228424250	D4	1645.2	+	https://v12-1.orthodb.org/?query=276218at7147
SUPER_1	99841831	99838391	D5	985.2	-	https://v12-1.orthodb.org/?query=276247at7147
SUPER_1	308003075	307996999	D3	1616.4	-	https://v12-1.orthodb.org/?query=276315at7147
SUPER_2	115214413	115215181	D1	392.8	+	https://v12-1.orthodb.org/?query=276321at7147
SUPER_1	8126855	8127254	D5	185.8	+	https://v12-1.orthodb.org/?query=276371at7147
SUPER_1	306801892	306800385	D3	740.0	-	https://v12-1.orthodb.org/?query=276514at7147
SUPER_3	37502046	37475436	D1	558.3	-	https://v12-1.orthodb.org/?query=276635at7147
SUPER_1	282971247	282964969	D3	1329.1	-	https://v12-1.orthodb.org/?query=276755at7147
SUPER_3	49549393	49565096	D1	2886.2	+	https://v12-1.orthodb.org/?query=276759at7147
SUPER_1	3939845	3948693	D5	2527.1	+	https://v12-1.orthodb.org/?query=276853at7147
SUPER_3	267965995	267983363	D3	953.1	+	https://v12-1.orthodb.org/?query=277209at7147
SUPER_2	146944145	146959044	D2	1138.0	+	https://v12-1.orthodb.org/?query=277262at7147
SUPER_1	99802677	99803407	D5	398.7	+	https://v12-1.orthodb.org/?query=277284at7147
SUPER_2	245485380	245327917	D4	1805.9	-	https://v12-1.orthodb.org/?query=277359at7147
SUPER_2	115199168	115199585	D2	192.0	+	https://v12-1.orthodb.org/?query=277386at7147
SUPER_1	302890242	302891649	D3	481.6	+	https://v12-1.orthodb.org/?query=277566at7147
SUPER_3	3961543	3960004	D1	285.2	-	https://v12-1.orthodb.org/?query=277684at7147
SUPER_1	133558907	133556411	D5	1158.3	-	https://v12-1.orthodb.org/?query=277731at7147
SUPER_3	64088195	64030583	D1	495.5	-	https://v12-1.orthodb.org/?query=277736at7147
SUPER_2	129878688	129884361	D2	275.3	+	https://v12-1.orthodb.org/?query=277982at7147
SUPER_1	197424984	197398467	D5	778.0	-	https://v12-1.orthodb.org/?query=278097at7147
SUPER_2	17525083	17525551	NA	214.1	+	https://v12-1.orthodb.org/?query=278117at7147
SUPER_3	107941986	107943116	D1	595.3	+	https://v12-1.orthodb.org/?query=278577at7147
SUPER_2	259936419	259935292	NA	413.3	-	https://v12-1.orthodb.org/?query=278638at7147
SUPER_1	22708791	22355345	D5	1764.3	-	https://v12-1.orthodb.org/?query=278677at7147
SUPER_2	35761007	35761601	D2	303.5	+	https://v12-1.orthodb.org/?query=278779at7147
SUPER_1	73701762	73813884	D5	348.6	+	https://v12-1.orthodb.org/?query=278880at7147
SUPER_1	250424256	250424824	NA	257.2	+	https://v12-1.orthodb.org/?query=278899at7147
SUPER_2	352692921	352698414	NA	726.3	+	https://v12-1.orthodb.org/?query=278917at7147
SUPER_X	1044230	1038368	D6	537.9	-	https://v12-1.orthodb.org/?query=278930at7147
SUPER_3	110093421	110109623	D1	614.3	+	https://v12-1.orthodb.org/?query=278990at7147
SUPER_3	110093421	110109623	D1	614.3	+	https://v12-1.orthodb.org/?query=278990at7147
SUPER_1	250008	249091	D1	597.1	-	https://v12-1.orthodb.org/?query=278990at7147
SUPER_1	250008	249091	D1	597.1	-	https://v12-1.orthodb.org/?query=278990at7147
SUPER_2	285072086	285079242	D4	497.3	+	https://v12-1.orthodb.org/?query=278999at7147
SUPER_2	340936446	341012307	D4	1170.7	+	https://v12-1.orthodb.org/?query=279073at7147
SUPER_2	265454226	265562307	D4	392.4	+	https://v12-1.orthodb.org/?query=279155at7147
SUPER_2	205614086	205613372	D4	258.8	-	https://v12-1.orthodb.org/?query=279184at7147
SUPER_1	99015386	99016274	D5	495.3	+	https://v12-1.orthodb.org/?query=279394at7147
SUPER_1	266938543	266938035	D3	175.0	-	https://v12-1.orthodb.org/?query=279417at7147
SUPER_2	8720450	8720072	D2	170.0	-	https://v12-1.orthodb.org/?query=279432at7147
SUPER_3	285635559	285638281	D2	787.5	+	https://v12-1.orthodb.org/?query=279464at7147
SUPER_1	213345094	213333881	D3	470.9	-	https://v12-1.orthodb.org/?query=279532at7147
SUPER_3	169064768	169102446	D1	4049.0	+	https://v12-1.orthodb.org/?query=279591at7147
SUPER_3	172558884	172636027	D1	1634.8	+	https://v12-1.orthodb.org/?query=279885at7147
SUPER_3	1767732	1768925	D1	455.4	+	https://v12-1.orthodb.org/?query=279956at7147
SUPER_1	309555049	309551207	D3	781.5	-	https://v12-1.orthodb.org/?query=280026at7147
SUPER_3	8329566	8308485	D1	690.8	-	https://v12-1.orthodb.org/?query=280039at7147
SUPER_2	43594901	43663593	D2	1950.7	+	https://v12-1.orthodb.org/?query=280052at7147
SUPER_3	140473421	140475245	D1	851.9	+	https://v12-1.orthodb.org/?query=280062at7147
SUPER_1	109192285	109202326	D4	3250.7	+	https://v12-1.orthodb.org/?query=280212at7147
SUPER_1	64417891	64420109	NA	794.8	+	https://v12-1.orthodb.org/?query=280333at7147
SUPER_2	343069374	343074433	D3	448.5	+	https://v12-1.orthodb.org/?query=280361at7147
SUPER_2	284599309	284600976	D4	844.9	+	https://v12-1.orthodb.org/?query=280390at7147
SUPER_3	191377379	191349008	D1	214.2	-	https://v12-1.orthodb.org/?query=280454at7147
SUPER_3	291675636	291674508	D3	428.9	-	https://v12-1.orthodb.org/?query=280459at7147
SUPER_2	295950928	295955571	D4	361.7	+	https://v12-1.orthodb.org/?query=280460at7147
SUPER_2	212292112	212281663	D4	2825.0	-	https://v12-1.orthodb.org/?query=280577at7147
SUPER_1	9857220	9854651	D5	1563.4	-	https://v12-1.orthodb.org/?query=280671at7147
SUPER_2	4649254	4650201	D4	470.3	+	https://v12-1.orthodb.org/?query=280772at7147
SUPER_3	169371291	169373331	D1	544.4	+	https://v12-1.orthodb.org/?query=280885at7147
SUPER_1	49558897	49561521	D3	1529.6	+	https://v12-1.orthodb.org/?query=280902at7147
SUPER_1	337965262	337916252	NA	1059.8	-	https://v12-1.orthodb.org/?query=280924at7147
SUPER_2	90666115	90666520	D2	230.4	+	https://v12-1.orthodb.org/?query=280947at7147
SUPER_1	1737195	1738794	D5	451.3	+	https://v12-1.orthodb.org/?query=280996at7147
SUPER_1	232256139	232258240	NA	873.9	+	https://v12-1.orthodb.org/?query=281011at7147
SUPER_3	138223325	138224364	NA	434.6	+	https://v12-1.orthodb.org/?query=281121at7147
SUPER_3	64267585	64267001	D1	165.3	-	https://v12-1.orthodb.org/?query=281134at7147
SUPER_2	7956945	7955589	D2	273.4	-	https://v12-1.orthodb.org/?query=281152at7147
SUPER_3	138518507	138493609	D2	882.7	-	https://v12-1.orthodb.org/?query=281157at7147
SUPER_1	123896292	123910131	D3	936.3	+	https://v12-1.orthodb.org/?query=281188at7147
SUPER_3	156180429	156179347	D1	534.7	-	https://v12-1.orthodb.org/?query=281190at7147
SUPER_1	18226067	18225688	D5	158.4	-	https://v12-1.orthodb.org/?query=281225at7147
SUPER_1	302330049	302302055	D3	734.9	-	https://v12-1.orthodb.org/?query=281264at7147
SUPER_2	237865117	237863638	D4	811.2	-	https://v12-1.orthodb.org/?query=281267at7147
SUPER_2	307407569	307401979	D4	840.6	-	https://v12-1.orthodb.org/?query=281282at7147
SUPER_3	300272183	300267876	D3	1396.3	-	https://v12-1.orthodb.org/?query=281283at7147
SUPER_3	300272183	300267876	D3	1396.3	-	https://v12-1.orthodb.org/?query=281283at7147
HAP1_SCAFFOLD_305	16194	11887	D3	1395.8	-	https://v12-1.orthodb.org/?query=281283at7147
HAP1_SCAFFOLD_305	16194	11887	D3	1395.8	-	https://v12-1.orthodb.org/?query=281283at7147
SUPER_2	72438904	72439612	D2	162.3	+	https://v12-1.orthodb.org/?query=281298at7147
SUPER_2	328903634	328903025	D4	290.2	-	https://v12-1.orthodb.org/?query=281324at7147
SUPER_3	285351060	285347258	D3	2421.2	-	https://v12-1.orthodb.org/?query=281347at7147
SUPER_2	216104385	216125253	D4	905.0	+	https://v12-1.orthodb.org/?query=281374at7147
SUPER_1	123693491	123704785	D3	736.0	+	https://v12-1.orthodb.org/?query=281381at7147
SUPER_3	92641500	92643204	D1	224.6	+	https://v12-1.orthodb.org/?query=281385at7147
SUPER_1	58363453	58362793	D5	230.9	-	https://v12-1.orthodb.org/?query=281393at7147
SUPER_3	244337161	244335818	D3	590.0	-	https://v12-1.orthodb.org/?query=281523at7147
SUPER_3	244337161	244335818	D3	590.0	-	https://v12-1.orthodb.org/?query=281523at7147
SUPER_3	244352559	244351216	D3	590.0	-	https://v12-1.orthodb.org/?query=281523at7147
SUPER_3	244352559	244351216	D3	590.0	-	https://v12-1.orthodb.org/?query=281523at7147
SUPER_2	350951439	350951984	D4	263.9	+	https://v12-1.orthodb.org/?query=281542at7147
SUPER_2	281213936	281264394	D4	276.6	+	https://v12-1.orthodb.org/?query=281669at7147
SUPER_2	42813044	42847923	NA	528.2	+	https://v12-1.orthodb.org/?query=281723at7147
SUPER_1	143963718	143977746	D5	1222.0	+	https://v12-1.orthodb.org/?query=281912at7147
SUPER_1	93130990	93192570	D5	888.6	+	https://v12-1.orthodb.org/?query=281921at7147
SUPER_2	285135472	285141486	D4	751.9	+	https://v12-1.orthodb.org/?query=281924at7147
SUPER_1	94075638	94074691	D2	352.9	-	https://v12-1.orthodb.org/?query=282303at7147
SUPER_3	166608494	166555159	D1	909.0	-	https://v12-1.orthodb.org/?query=282449at7147
SUPER_3	71098592	71068780	NA	591.1	-	https://v12-1.orthodb.org/?query=282539at7147
SUPER_1	40229915	40229018	NA	388.1	-	https://v12-1.orthodb.org/?query=282614at7147
SUPER_1	210515053	210529006	D3	1266.7	+	https://v12-1.orthodb.org/?query=282748at7147
SUPER_1	123779797	123771022	D3	535.4	-	https://v12-1.orthodb.org/?query=282848at7147
SUPER_1	3928909	3922086	D5	1541.4	-	https://v12-1.orthodb.org/?query=282860at7147
SUPER_2	350446512	350449854	NA	1099.8	+	https://v12-1.orthodb.org/?query=282957at7147
SUPER_2	328600162	328602188	NA	540.2	+	https://v12-1.orthodb.org/?query=283137at7147
SUPER_3	261959554	261958567	D3	377.6	-	https://v12-1.orthodb.org/?query=283159at7147
SUPER_1	200425751	200426396	D3	383.9	+	https://v12-1.orthodb.org/?query=283163at7147
SUPER_3	106751239	106748603	NA	1185.4	-	https://v12-1.orthodb.org/?query=283239at7147
SUPER_3	129645302	129695530	D1	640.3	+	https://v12-1.orthodb.org/?query=283259at7147
SUPER_1	95740971	95393358	D5	1675.0	-	https://v12-1.orthodb.org/?query=283279at7147
SUPER_1	11137366	11126838	D5	788.5	-	https://v12-1.orthodb.org/?query=283328at7147
SUPER_1	122839073	122841615	D3	667.2	+	https://v12-1.orthodb.org/?query=283360at7147
SUPER_3	289016391	289014597	D3	769.5	-	https://v12-1.orthodb.org/?query=283431at7147
SUPER_2	327777399	327767825	D4	430.5	-	https://v12-1.orthodb.org/?query=283551at7147
SUPER_2	269104361	269103707	D4	330.9	-	https://v12-1.orthodb.org/?query=283644at7147
SUPER_3	139169978	139166930	D2	1639.7	-	https://v12-1.orthodb.org/?query=283667at7147
SUPER_2	268353896	268356364	D3	1232.3	+	https://v12-1.orthodb.org/?query=283691at7147
SUPER_2	206494494	206497467	NA	1527.6	+	https://v12-1.orthodb.org/?query=283726at7147
SUPER_2	66030977	66030320	D2	314.9	-	https://v12-1.orthodb.org/?query=283834at7147
SUPER_1	232113685	232112695	D3	562.6	-	https://v12-1.orthodb.org/?query=283943at7147
SUPER_3	34106304	34025995	D1	532.3	-	https://v12-1.orthodb.org/?query=283995at7147
SUPER_3	66711595	66705742	D1	663.4	-	https://v12-1.orthodb.org/?query=284136at7147
SUPER_2	160220398	160217728	NA	1553.0	-	https://v12-1.orthodb.org/?query=284186at7147
SUPER_2	310511034	310513641	D4	867.1	+	https://v12-1.orthodb.org/?query=284282at7147
SUPER_3	61261297	61310769	D1	812.0	+	https://v12-1.orthodb.org/?query=284347at7147
SUPER_3	34833724	34839489	D1	1909.2	+	https://v12-1.orthodb.org/?query=284372at7147
SUPER_2	116380117	116353715	D4	763.7	-	https://v12-1.orthodb.org/?query=284558at7147
SUPER_X	1860924	1881574	D6	515.0	+	https://v12-1.orthodb.org/?query=284618at7147
SUPER_1	58750146	58757663	D5	2023.7	+	https://v12-1.orthodb.org/?query=284736at7147
SUPER_3	239544433	239568405	D3	1229.8	+	https://v12-1.orthodb.org/?query=284819at7147
SUPER_2	351095817	351094383	D4	313.3	-	https://v12-1.orthodb.org/?query=285035at7147
SUPER_3	168221001	168218130	D1	344.3	-	https://v12-1.orthodb.org/?query=285173at7147
SUPER_2	18086401	18081192	D6	573.2	-	https://v12-1.orthodb.org/?query=285192at7147
SUPER_3	247363428	247339664	NA	1231.0	-	https://v12-1.orthodb.org/?query=285302at7147
SUPER_1	334014427	334015542	D3	577.0	+	https://v12-1.orthodb.org/?query=285312at7147
SUPER_3	128721636	128723231	D1	287.9	+	https://v12-1.orthodb.org/?query=285439at7147
SUPER_2	342903722	342904577	D4	445.5	+	https://v12-1.orthodb.org/?query=285481at7147
SUPER_3	46318530	46317003	D4	932.1	-	https://v12-1.orthodb.org/?query=285523at7147
SUPER_2	220586742	220583119	D4	1680.7	-	https://v12-1.orthodb.org/?query=285538at7147
SUPER_3	250463910	250461826	D3	698.0	-	https://v12-1.orthodb.org/?query=285678at7147
SUPER_3	125392252	125391363	D1	366.9	-	https://v12-1.orthodb.org/?query=285918at7147
SUPER_3	189405733	189409592	D1	1108.4	+	https://v12-1.orthodb.org/?query=285941at7147
SUPER_2	221881229	221885320	D4	204.3	+	https://v12-1.orthodb.org/?query=285973at7147
SUPER_2	212245410	212248457	D4	1177.1	+	https://v12-1.orthodb.org/?query=286138at7147
SUPER_2	3982969	3981840	D2	325.7	-	https://v12-1.orthodb.org/?query=286165at7147
SUPER_1	95374706	95375845	NA	320.8	+	https://v12-1.orthodb.org/?query=286175at7147
SUPER_3	284158488	284148605	D3	1050.0	-	https://v12-1.orthodb.org/?query=286182at7147
SUPER_2	144246058	144293679	D2	907.8	+	https://v12-1.orthodb.org/?query=286254at7147
SUPER_1	289557683	289554701	D3	1123.1	-	https://v12-1.orthodb.org/?query=286257at7147
SUPER_1	575579	470089	D5	1440.1	-	https://v12-1.orthodb.org/?query=286387at7147
SUPER_1	44685283	44686458	D5	576.0	+	https://v12-1.orthodb.org/?query=286403at7147
SUPER_3	17845842	17849368	D1	1249.5	+	https://v12-1.orthodb.org/?query=286673at7147
SUPER_3	17845842	17849368	D1	1249.5	+	https://v12-1.orthodb.org/?query=286673at7147
SUPER_3	17860518	17864044	D1	1249.5	+	https://v12-1.orthodb.org/?query=286673at7147
SUPER_3	17860518	17864044	D1	1249.5	+	https://v12-1.orthodb.org/?query=286673at7147
SUPER_1	46130918	46129581	D1	410.0	-	https://v12-1.orthodb.org/?query=286690at7147
SUPER_2	309647280	309647863	D4	234.5	+	https://v12-1.orthodb.org/?query=286854at7147
SUPER_1	75028873	75042279	D1	562.5	+	https://v12-1.orthodb.org/?query=286884at7147
SUPER_2	66283617	66365502	NA	1481.2	+	https://v12-1.orthodb.org/?query=286906at7147
SUPER_2	285629924	285629414	NA	239.1	-	https://v12-1.orthodb.org/?query=287026at7147
SUPER_2	173059526	173056653	D2	1453.5	-	https://v12-1.orthodb.org/?query=287072at7147
SUPER_3	61565100	61566351	NA	593.5	+	https://v12-1.orthodb.org/?query=287222at7147
SUPER_1	320744753	320755448	D3	408.4	+	https://v12-1.orthodb.org/?query=287289at7147
SUPER_2	133162902	133163718	NA	196.2	+	https://v12-1.orthodb.org/?query=287351at7147
SUPER_2	27050601	26895275	NA	1274.5	-	https://v12-1.orthodb.org/?query=287354at7147
SUPER_1	288389472	288174894	D3	1095.4	-	https://v12-1.orthodb.org/?query=287401at7147
SUPER_2	189228336	189229270	D1	483.8	+	https://v12-1.orthodb.org/?query=287408at7147
SUPER_3	49830503	49828637	NA	1097.2	-	https://v12-1.orthodb.org/?query=287440at7147
SUPER_1	354755644	354727372	D3	1154.0	-	https://v12-1.orthodb.org/?query=287476at7147
SUPER_1	342282613	342145962	D3	472.0	-	https://v12-1.orthodb.org/?query=287488at7147
SUPER_2	347935488	347895445	NA	1356.9	-	https://v12-1.orthodb.org/?query=287511at7147
SUPER_1	304404415	304467607	D3	469.4	+	https://v12-1.orthodb.org/?query=287523at7147
SUPER_3	108933309	108943163	NA	429.3	+	https://v12-1.orthodb.org/?query=287604at7147
SUPER_1	275891377	275893517	D3	1228.7	+	https://v12-1.orthodb.org/?query=287631at7147
SUPER_1	223116326	223113492	D3	1278.8	-	https://v12-1.orthodb.org/?query=287656at7147
SUPER_1	262693539	262684161	D3	664.6	-	https://v12-1.orthodb.org/?query=287742at7147
SUPER_3	210376496	210368631	D3	395.0	-	https://v12-1.orthodb.org/?query=287774at7147
SUPER_1	4286357	4288091	D5	462.2	+	https://v12-1.orthodb.org/?query=287822at7147
SUPER_2	356203237	356199691	NA	271.2	-	https://v12-1.orthodb.org/?query=287967at7147
SUPER_1	163074153	163075167	D5	445.7	+	https://v12-1.orthodb.org/?query=288097at7147
SUPER_2	313147825	313146219	D4	700.0	-	https://v12-1.orthodb.org/?query=288113at7147
SUPER_1	194128418	194023065	D5	1226.1	-	https://v12-1.orthodb.org/?query=288131at7147
SUPER_2	4658723	4650607	D2	731.2	-	https://v12-1.orthodb.org/?query=288139at7147
SUPER_1	342092364	342091581	D3	348.0	-	https://v12-1.orthodb.org/?query=288271at7147
SUPER_3	7660863	7661853	D1	294.3	+	https://v12-1.orthodb.org/?query=288308at7147
SUPER_3	296617554	296616202	D3	264.1	-	https://v12-1.orthodb.org/?query=288317at7147
SUPER_X	9937273	9896389	NA	136.6	-	https://v12-1.orthodb.org/?query=288423at7147
SUPER_1	63592588	63593508	NA	251.0	+	https://v12-1.orthodb.org/?query=288648at7147
SUPER_1	75906304	75854562	D5	502.4	-	https://v12-1.orthodb.org/?query=288665at7147
SUPER_1	324926627	324925655	D3	544.3	-	https://v12-1.orthodb.org/?query=288771at7147
SUPER_3	210452421	210465139	NA	2284.4	+	https://v12-1.orthodb.org/?query=288845at7147
SUPER_1	66197149	66199042	D5	1097.7	+	https://v12-1.orthodb.org/?query=288922at7147
SUPER_3	168993677	168994346	D1	276.3	+	https://v12-1.orthodb.org/?query=288954at7147
SUPER_2	224556959	224414538	D4	1901.2	-	https://v12-1.orthodb.org/?query=289027at7147
SUPER_3	45274486	45248785	D1	740.5	-	https://v12-1.orthodb.org/?query=289085at7147
SUPER_1	205154065	205133544	D3	1163.5	-	https://v12-1.orthodb.org/?query=289134at7147
SUPER_3	59210741	59220607	NA	611.9	+	https://v12-1.orthodb.org/?query=289197at7147
SUPER_2	39402729	39400595	NA	976.0	-	https://v12-1.orthodb.org/?query=289242at7147
SUPER_2	110271354	110212821	D4	667.4	-	https://v12-1.orthodb.org/?query=289464at7147
SUPER_3	287591862	287541598	D3	788.3	-	https://v12-1.orthodb.org/?query=289612at7147
SUPER_1	37068622	37067758	NA	305.4	-	https://v12-1.orthodb.org/?query=289817at7147
SUPER_1	271688050	271689146	D3	388.6	+	https://v12-1.orthodb.org/?query=289959at7147
SUPER_1	331762032	331759483	D3	1028.7	-	https://v12-1.orthodb.org/?query=290064at7147
SUPER_2	19487380	19488407	NA	223.7	+	https://v12-1.orthodb.org/?query=290143at7147
SUPER_3	67588696	67590202	NA	542.3	+	https://v12-1.orthodb.org/?query=290299at7147
SUPER_3	32652270	32630982	D1	891.0	-	https://v12-1.orthodb.org/?query=290444at7147
SUPER_2	289346245	289320425	NA	1383.0	-	https://v12-1.orthodb.org/?query=290481at7147
SUPER_1	221250662	221251469	D2	379.0	+	https://v12-1.orthodb.org/?query=290525at7147
SUPER_2	285722710	285731845	D4	502.0	+	https://v12-1.orthodb.org/?query=290654at7147
SUPER_1	96102861	96101738	D5	538.4	-	https://v12-1.orthodb.org/?query=290655at7147
SUPER_3	154654701	154655300	D1	254.8	+	https://v12-1.orthodb.org/?query=290691at7147
SUPER_2	124116879	124115790	D2	284.3	-	https://v12-1.orthodb.org/?query=290784at7147
SUPER_1	171128719	171128067	D5	327.3	-	https://v12-1.orthodb.org/?query=290830at7147
SUPER_3	32950497	32951943	NA	556.0	+	https://v12-1.orthodb.org/?query=290958at7147
SUPER_1	145006449	145008573	D5	1172.4	+	https://v12-1.orthodb.org/?query=290986at7147
SUPER_2	140582502	140621278	D4	1009.9	+	https://v12-1.orthodb.org/?query=291230at7147
SUPER_3	294832563	294830107	D3	926.1	-	https://v12-1.orthodb.org/?query=291269at7147
SUPER_3	75369012	75372833	D1	1055.0	+	https://v12-1.orthodb.org/?query=291313at7147
SUPER_1	251166814	251164793	D3	729.6	-	https://v12-1.orthodb.org/?query=291384at7147
SUPER_3	76846358	76845557	D1	343.2	-	https://v12-1.orthodb.org/?query=291500at7147
SUPER_2	344758446	344756016	D4	388.6	-	https://v12-1.orthodb.org/?query=291747at7147
SUPER_1	222232092	222233637	D3	1051.0	+	https://v12-1.orthodb.org/?query=291775at7147
SUPER_3	295069030	295066648	D3	831.0	-	https://v12-1.orthodb.org/?query=291799at7147
SUPER_2	242858742	242856934	D4	888.7	-	https://v12-1.orthodb.org/?query=291806at7147
SUPER_2	115539062	115528183	D4	1385.1	-	https://v12-1.orthodb.org/?query=291851at7147
SUPER_3	252402347	252405358	D3	1245.5	+	https://v12-1.orthodb.org/?query=291867at7147
SUPER_1	307784705	307781338	D3	660.0	-	https://v12-1.orthodb.org/?query=291945at7147
SUPER_1	285470755	285469716	D3	359.0	-	https://v12-1.orthodb.org/?query=291969at7147
SUPER_2	134536016	134541454	D2	940.4	+	https://v12-1.orthodb.org/?query=292205at7147
SUPER_3	297454686	297455985	D3	394.9	+	https://v12-1.orthodb.org/?query=292255at7147
SUPER_2	115675832	115693801	D4	1153.5	+	https://v12-1.orthodb.org/?query=292315at7147
SUPER_3	992970	993979	D1	237.3	+	https://v12-1.orthodb.org/?query=292349at7147
SUPER_1	111026299	111029181	NA	385.7	+	https://v12-1.orthodb.org/?query=292437at7147
SUPER_1	111026299	111029181	NA	385.7	+	https://v12-1.orthodb.org/?query=292437at7147
SUPER_1	111049208	111048367	NA	409.7	-	https://v12-1.orthodb.org/?query=292437at7147
SUPER_1	111049208	111048367	NA	409.7	-	https://v12-1.orthodb.org/?query=292437at7147
SUPER_1	312448163	312506446	D3	2146.3	+	https://v12-1.orthodb.org/?query=292516at7147
SUPER_1	253821516	253763781	D3	587.8	-	https://v12-1.orthodb.org/?query=292525at7147
SUPER_2	320871842	320872325	NA	285.1	+	https://v12-1.orthodb.org/?query=292553at7147
SUPER_1	222424817	222414927	D3	2108.6	-	https://v12-1.orthodb.org/?query=292560at7147
SUPER_1	202606153	202553250	D3	840.2	-	https://v12-1.orthodb.org/?query=292686at7147
SUPER_2	32254677	32259557	D2	957.2	+	https://v12-1.orthodb.org/?query=292709at7147
SUPER_3	291672603	291671518	NA	528.3	-	https://v12-1.orthodb.org/?query=292716at7147
SUPER_3	44769956	44771289	D1	490.3	+	https://v12-1.orthodb.org/?query=292726at7147
SUPER_3	8477981	8479292	D1	396.0	+	https://v12-1.orthodb.org/?query=292746at7147
SUPER_3	285712956	285710987	NA	708.0	-	https://v12-1.orthodb.org/?query=292762at7147
SUPER_1	305252763	305263839	D3	1064.5	+	https://v12-1.orthodb.org/?query=292807at7147
SUPER_1	58801859	58801419	D5	193.4	-	https://v12-1.orthodb.org/?query=292918at7147
SUPER_1	57974704	58032179	D5	1096.0	+	https://v12-1.orthodb.org/?query=292983at7147
SUPER_1	181473682	181496511	D1	1448.5	+	https://v12-1.orthodb.org/?query=293157at7147
SUPER_3	57470351	57473150	D1	1434.3	+	https://v12-1.orthodb.org/?query=293181at7147
SUPER_2	265963284	265956860	D4	2425.9	-	https://v12-1.orthodb.org/?query=293245at7147
SUPER_2	21918664	21898275	D2	1963.6	-	https://v12-1.orthodb.org/?query=293374at7147
SUPER_3	8567683	8570448	NA	650.1	+	https://v12-1.orthodb.org/?query=293473at7147
SUPER_2	253217398	253215619	D4	1001.2	-	https://v12-1.orthodb.org/?query=293502at7147
SUPER_2	137919267	137921080	D3	912.3	+	https://v12-1.orthodb.org/?query=293685at7147
SUPER_1	306869243	306811234	D3	659.0	-	https://v12-1.orthodb.org/?query=293743at7147
SUPER_1	353365683	353375209	D3	3594.7	+	https://v12-1.orthodb.org/?query=293787at7147
SUPER_2	115951535	115946669	NA	2001.6	-	https://v12-1.orthodb.org/?query=293805at7147
SUPER_2	212436969	212439344	D4	1000.7	+	https://v12-1.orthodb.org/?query=293819at7147
SUPER_1	7249142	7253533	D5	1936.8	+	https://v12-1.orthodb.org/?query=293949at7147
SUPER_1	231006121	231021700	D3	674.8	+	https://v12-1.orthodb.org/?query=293958at7147
SUPER_3	4969359	4969018	D1	154.3	-	https://v12-1.orthodb.org/?query=294184at7147
SUPER_3	4030279	4032086	NA	610.6	+	https://v12-1.orthodb.org/?query=294261at7147
SUPER_1	22065073	22069652	D5	595.7	+	https://v12-1.orthodb.org/?query=294280at7147
SUPER_1	343972003	343969371	D3	373.9	-	https://v12-1.orthodb.org/?query=294341at7147
SUPER_3	13057505	13131663	NA	848.7	+	https://v12-1.orthodb.org/?query=294471at7147
SUPER_3	202255535	202232460	D3	848.0	-	https://v12-1.orthodb.org/?query=294505at7147
SUPER_X	7023938	7021712	D6	674.2	-	https://v12-1.orthodb.org/?query=294507at7147
SUPER_1	264265071	264264578	NA	218.8	-	https://v12-1.orthodb.org/?query=294623at7147
SUPER_3	40499121	40494955	D1	1204.3	-	https://v12-1.orthodb.org/?query=294625at7147
SUPER_2	353522836	353521788	D4	530.6	-	https://v12-1.orthodb.org/?query=294643at7147
SUPER_3	63925522	63924303	D1	519.6	-	https://v12-1.orthodb.org/?query=294678at7147
SUPER_2	291672788	291670968	NA	433.5	-	https://v12-1.orthodb.org/?query=294747at7147
SUPER_3	296758743	296761083	D3	872.0	+	https://v12-1.orthodb.org/?query=294786at7147
SUPER_1	340044077	340045141	D3	421.2	+	https://v12-1.orthodb.org/?query=294953at7147
SUPER_2	355598037	355598923	NA	341.7	+	https://v12-1.orthodb.org/?query=295066at7147
SUPER_2	116058043	116058806	NA	301.6	+	https://v12-1.orthodb.org/?query=295098at7147
SUPER_1	29446311	29450376	NA	1410.0	+	https://v12-1.orthodb.org/?query=295134at7147
SUPER_2	88990598	88990142	NA	325.6	-	https://v12-1.orthodb.org/?query=295160at7147
SUPER_1	73933762	73935589	D5	700.8	+	https://v12-1.orthodb.org/?query=295163at7147
SUPER_1	61347580	61345414	D5	1017.2	-	https://v12-1.orthodb.org/?query=295178at7147
SUPER_1	46378535	46380448	D5	781.6	+	https://v12-1.orthodb.org/?query=295310at7147
SUPER_2	345751653	345650394	NA	518.4	-	https://v12-1.orthodb.org/?query=295337at7147
SUPER_3	285920635	285912503	D3	2242.7	-	https://v12-1.orthodb.org/?query=295558at7147
SUPER_3	205159977	205159339	D3	215.8	-	https://v12-1.orthodb.org/?query=295624at7147
SUPER_3	122271143	122236485	D1	219.8	-	https://v12-1.orthodb.org/?query=295694at7147
SUPER_1	230889093	230894692	D3	2929.3	+	https://v12-1.orthodb.org/?query=295714at7147
SUPER_3	271314169	271315240	NA	644.9	+	https://v12-1.orthodb.org/?query=295841at7147
SUPER_2	29416833	29377822	D2	485.0	-	https://v12-1.orthodb.org/?query=295911at7147
SUPER_3	250180025	250167738	D3	1234.6	-	https://v12-1.orthodb.org/?query=295953at7147
SUPER_1	317088586	317085585	D3	1369.8	-	https://v12-1.orthodb.org/?query=296064at7147
SUPER_2	198685232	198708513	NA	334.9	+	https://v12-1.orthodb.org/?query=296070at7147
SUPER_2	355964183	355979211	D4	1522.5	+	https://v12-1.orthodb.org/?query=296217at7147
SUPER_3	200041935	200077291	D3	983.0	+	https://v12-1.orthodb.org/?query=296305at7147
SUPER_2	8668031	8708082	D2	834.8	+	https://v12-1.orthodb.org/?query=296394at7147
SUPER_2	268422686	268421682	D4	481.6	-	https://v12-1.orthodb.org/?query=296534at7147
SUPER_1	117400008	117394367	D5	2046.9	-	https://v12-1.orthodb.org/?query=296596at7147
SUPER_2	208596831	208551379	D4	421.0	-	https://v12-1.orthodb.org/?query=296669at7147
SUPER_2	143973637	143975355	NA	796.3	+	https://v12-1.orthodb.org/?query=296691at7147
SUPER_2	329313422	329311571	NA	484.4	-	https://v12-1.orthodb.org/?query=296695at7147
SUPER_1	33604656	33609469	NA	1085.5	+	https://v12-1.orthodb.org/?query=296706at7147
SUPER_1	73657905	73645970	D5	4489.7	-	https://v12-1.orthodb.org/?query=296850at7147
SUPER_3	130631285	130632171	D1	245.7	+	https://v12-1.orthodb.org/?query=296856at7147
SUPER_1	245309754	245195628	D3	690.8	-	https://v12-1.orthodb.org/?query=297115at7147
SUPER_2	67065149	67068370	D2	405.3	+	https://v12-1.orthodb.org/?query=297283at7147
SUPER_3	205900967	205899367	D3	420.9	-	https://v12-1.orthodb.org/?query=297379at7147
SUPER_3	171013757	171010364	NA	531.9	-	https://v12-1.orthodb.org/?query=297491at7147
SUPER_3	178652018	178688754	NA	1166.3	+	https://v12-1.orthodb.org/?query=297503at7147
SUPER_3	297482012	297487992	D3	1072.6	+	https://v12-1.orthodb.org/?query=297571at7147
SUPER_1	111045236	111046076	D5	536.4	+	https://v12-1.orthodb.org/?query=297594at7147
SUPER_3	296541074	296553232	D3	875.6	+	https://v12-1.orthodb.org/?query=297610at7147
SUPER_2	2925900	2928156	D2	767.9	+	https://v12-1.orthodb.org/?query=297671at7147
SUPER_3	52977301	52974095	D1	978.7	-	https://v12-1.orthodb.org/?query=297732at7147
SUPER_2	323264626	323266614	D1	607.2	+	https://v12-1.orthodb.org/?query=297739at7147
SUPER_2	17649605	17649247	NA	214.1	-	https://v12-1.orthodb.org/?query=297773at7147
SUPER_2	85351653	85341504	D2	170.0	-	https://v12-1.orthodb.org/?query=297775at7147
SUPER_1	62110542	62105041	D5	849.9	-	https://v12-1.orthodb.org/?query=297810at7147
SUPER_3	1751958	1753549	D1	689.9	+	https://v12-1.orthodb.org/?query=297825at7147
SUPER_2	328055761	328053807	NA	1055.9	-	https://v12-1.orthodb.org/?query=297885at7147
SUPER_2	32055149	32077927	NA	753.3	+	https://v12-1.orthodb.org/?query=297900at7147
SUPER_1	30649786	30675140	D5	1025.3	+	https://v12-1.orthodb.org/?query=297901at7147
SUPER_2	338980185	338979313	D4	484.3	-	https://v12-1.orthodb.org/?query=297932at7147
SUPER_2	115216049	115215310	D2	326.5	-	https://v12-1.orthodb.org/?query=297946at7147
SUPER_2	173063234	173062332	NA	440.8	-	https://v12-1.orthodb.org/?query=297964at7147
SUPER_2	72432706	72336027	D2	1393.6	-	https://v12-1.orthodb.org/?query=298052at7147
SUPER_1	65554809	65556791	D5	740.3	+	https://v12-1.orthodb.org/?query=298064at7147
SUPER_1	330458611	330462577	D3	315.8	+	https://v12-1.orthodb.org/?query=298096at7147
SUPER_3	206666740	206666063	D3	164.6	-	https://v12-1.orthodb.org/?query=298591at7147
SUPER_2	269106204	269106821	D6	221.2	+	https://v12-1.orthodb.org/?query=298728at7147
SUPER_2	32270985	32268892	D3	612.9	-	https://v12-1.orthodb.org/?query=298828at7147
SUPER_3	291406598	291405556	D3	549.0	-	https://v12-1.orthodb.org/?query=298856at7147
SUPER_1	194385841	194384265	D5	461.7	-	https://v12-1.orthodb.org/?query=298916at7147
SUPER_1	103387906	103386736	D5	566.5	-	https://v12-1.orthodb.org/?query=299018at7147
SUPER_1	103387906	103386736	D5	566.5	-	https://v12-1.orthodb.org/?query=299018at7147
SUPER_2	16575678	16574508	D5	570.3	-	https://v12-1.orthodb.org/?query=299018at7147
SUPER_2	16575678	16574508	D5	570.3	-	https://v12-1.orthodb.org/?query=299018at7147
SUPER_1	27395515	27394792	D5	413.3	-	https://v12-1.orthodb.org/?query=299040at7147
SUPER_3	285351414	285352238	NA	432.8	+	https://v12-1.orthodb.org/?query=299091at7147
SUPER_2	9379169	9379691	D2	232.6	+	https://v12-1.orthodb.org/?query=299208at7147
SUPER_3	168379204	168407222	D1	276.8	+	https://v12-1.orthodb.org/?query=299296at7147
SUPER_1	316218984	316217596	NA	513.6	-	https://v12-1.orthodb.org/?query=299539at7147
SUPER_2	3693829	3692175	NA	961.5	-	https://v12-1.orthodb.org/?query=299616at7147
SUPER_3	49823681	49826433	D2	906.9	+	https://v12-1.orthodb.org/?query=299630at7147
SUPER_3	152364481	152359628	NA	2138.3	-	https://v12-1.orthodb.org/?query=299634at7147
SUPER_2	227903439	227886163	NA	644.8	-	https://v12-1.orthodb.org/?query=299666at7147
SUPER_2	15633855	15632863	D2	397.4	-	https://v12-1.orthodb.org/?query=299672at7147
SUPER_3	12121042	12119731	D1	688.5	-	https://v12-1.orthodb.org/?query=299690at7147
SUPER_1	3580907	3581446	D3	171.8	+	https://v12-1.orthodb.org/?query=299836at7147
SUPER_3	293141005	293141831	NA	377.3	+	https://v12-1.orthodb.org/?query=299862at7147
SUPER_3	61271618	61267533	D1	378.9	-	https://v12-1.orthodb.org/?query=299971at7147
SUPER_3	298358190	298389253	D3	295.6	+	https://v12-1.orthodb.org/?query=300196at7147
SUPER_3	53024029	53035287	D1	1587.4	+	https://v12-1.orthodb.org/?query=300243at7147
SUPER_2	14226134	14222546	D2	647.9	-	https://v12-1.orthodb.org/?query=300251at7147
SUPER_3	291584898	291604198	D3	243.7	+	https://v12-1.orthodb.org/?query=300291at7147
SUPER_2	10852446	10849703	D2	611.8	-	https://v12-1.orthodb.org/?query=300375at7147
SUPER_1	134281640	134279813	NA	883.7	-	https://v12-1.orthodb.org/?query=300552at7147
SUPER_3	109748557	109743772	D3	284.2	-	https://v12-1.orthodb.org/?query=300625at7147
SUPER_2	354693971	354694341	D4	147.6	+	https://v12-1.orthodb.org/?query=300691at7147
SUPER_2	337662508	337664226	NA	680.2	+	https://v12-1.orthodb.org/?query=300778at7147
SUPER_3	188994026	188994863	D4	307.8	+	https://v12-1.orthodb.org/?query=300838at7147
SUPER_2	354217049	354215400	D4	460.6	-	https://v12-1.orthodb.org/?query=300918at7147
SUPER_1	355543992	355594716	D3	563.8	+	https://v12-1.orthodb.org/?query=300956at7147
SUPER_1	297444224	297443738	D3	182.4	-	https://v12-1.orthodb.org/?query=301031at7147
SUPER_1	44725108	44728658	NA	736.2	+	https://v12-1.orthodb.org/?query=301098at7147
SUPER_2	211104762	211103154	NA	554.7	-	https://v12-1.orthodb.org/?query=301263at7147
SUPER_1	73625649	73623581	D5	1082.8	-	https://v12-1.orthodb.org/?query=301408at7147
SUPER_3	176072313	176073543	NA	776.1	+	https://v12-1.orthodb.org/?query=301539at7147
SUPER_1	101079545	101083307	D1	1153.8	+	https://v12-1.orthodb.org/?query=301586at7147
SUPER_1	138591400	138591868	NA	278.7	+	https://v12-1.orthodb.org/?query=301684at7147
SUPER_1	176456816	176460380	D5	856.4	+	https://v12-1.orthodb.org/?query=301691at7147
SUPER_2	47469447	47472018	D2	1748.4	+	https://v12-1.orthodb.org/?query=301697at7147
SUPER_3	92591375	92630926	D1	292.4	+	https://v12-1.orthodb.org/?query=301738at7147
SUPER_2	158156909	158227474	D4	1286.1	+	https://v12-1.orthodb.org/?query=301800at7147
SUPER_3	175463625	175464388	D1	255.5	+	https://v12-1.orthodb.org/?query=301812at7147
SUPER_3	95291127	95333529	D1	367.0	+	https://v12-1.orthodb.org/?query=301911at7147
SUPER_1	323523229	323522502	D3	164.6	-	https://v12-1.orthodb.org/?query=302001at7147
SUPER_1	266757233	266772742	D3	3158.0	+	https://v12-1.orthodb.org/?query=302131at7147
SUPER_3	13213472	13217868	NA	250.4	+	https://v12-1.orthodb.org/?query=302156at7147
SUPER_1	4098260	4102859	D5	2164.9	+	https://v12-1.orthodb.org/?query=302314at7147
SUPER_3	293230390	293229094	D3	766.3	-	https://v12-1.orthodb.org/?query=302345at7147
SUPER_1	323684215	323685118	D1	303.3	+	https://v12-1.orthodb.org/?query=302362at7147
SUPER_2	152104990	152174392	NA	789.8	+	https://v12-1.orthodb.org/?query=302392at7147
SUPER_1	312838373	312898338	D3	544.2	+	https://v12-1.orthodb.org/?query=302405at7147
SUPER_2	53096906	53097671	D4	385.8	+	https://v12-1.orthodb.org/?query=302468at7147
SUPER_1	355420835	355436745	D3	677.9	+	https://v12-1.orthodb.org/?query=302500at7147
SUPER_3	134700573	134602029	D1	636.8	-	https://v12-1.orthodb.org/?query=302560at7147
SUPER_2	110543414	110526497	D4	570.2	-	https://v12-1.orthodb.org/?query=302572at7147
SUPER_3	254400631	254399185	D3	426.8	-	https://v12-1.orthodb.org/?query=302595at7147
SUPER_2	29322858	29321368	D2	537.3	-	https://v12-1.orthodb.org/?query=302762at7147
SUPER_2	350687745	350701222	D4	325.1	+	https://v12-1.orthodb.org/?query=302851at7147
SUPER_1	86818149	86815921	D5	690.3	-	https://v12-1.orthodb.org/?query=302891at7147
SUPER_1	139162867	139160088	D5	1262.4	-	https://v12-1.orthodb.org/?query=302920at7147
SUPER_3	8246797	8246156	D1	228.3	-	https://v12-1.orthodb.org/?query=303019at7147
SUPER_1	351153580	351144896	D3	1035.9	-	https://v12-1.orthodb.org/?query=303109at7147
SUPER_1	6258174	6260014	D5	783.3	+	https://v12-1.orthodb.org/?query=303198at7147
SUPER_2	115216894	115223234	D2	2530.7	+	https://v12-1.orthodb.org/?query=303297at7147
SUPER_3	155626871	155625071	NA	703.4	-	https://v12-1.orthodb.org/?query=303335at7147
SUPER_1	14657553	14901039	D5	667.7	+	https://v12-1.orthodb.org/?query=303353at7147
SUPER_3	80269739	80271323	D2	838.5	+	https://v12-1.orthodb.org/?query=303404at7147
SUPER_3	80269739	80271323	D2	838.5	+	https://v12-1.orthodb.org/?query=303404at7147
SUPER_3	80289043	80290627	D2	838.5	+	https://v12-1.orthodb.org/?query=303404at7147
SUPER_3	80289043	80290627	D2	838.5	+	https://v12-1.orthodb.org/?query=303404at7147
SUPER_3	152364984	152365935	D5	274.4	+	https://v12-1.orthodb.org/?query=303443at7147
SUPER_2	221905010	221912534	D4	273.7	+	https://v12-1.orthodb.org/?query=303520at7147
SUPER_2	221905010	221912534	D4	273.7	+	https://v12-1.orthodb.org/?query=303520at7147
SUPER_3	232115180	232114739	D4	279.2	-	https://v12-1.orthodb.org/?query=303520at7147
SUPER_3	232115180	232114739	D4	279.2	-	https://v12-1.orthodb.org/?query=303520at7147
SUPER_1	309849824	309852257	NA	1319.0	+	https://v12-1.orthodb.org/?query=303635at7147
SUPER_1	121656886	121655761	D3	332.7	-	https://v12-1.orthodb.org/?query=303659at7147
SUPER_1	199869329	199869946	D3	177.8	+	https://v12-1.orthodb.org/?query=303810at7147
SUPER_1	250010519	250266585	D3	1737.2	+	https://v12-1.orthodb.org/?query=304040at7147
SUPER_2	153448674	153491863	NA	830.0	+	https://v12-1.orthodb.org/?query=304215at7147
SUPER_2	153448674	153491863	NA	830.0	+	https://v12-1.orthodb.org/?query=304215at7147
SUPER_2	153446548	153448413	NA	819.1	+	https://v12-1.orthodb.org/?query=304215at7147
SUPER_2	153446548	153448413	NA	819.1	+	https://v12-1.orthodb.org/?query=304215at7147
SUPER_2	124110882	124113980	D2	312.9	+	https://v12-1.orthodb.org/?query=304228at7147
SUPER_3	228606849	228634266	D3	302.0	+	https://v12-1.orthodb.org/?query=304230at7147
SUPER_2	153098188	153097214	NA	504.8	-	https://v12-1.orthodb.org/?query=304387at7147
SUPER_2	211216823	211225591	NA	1104.1	+	https://v12-1.orthodb.org/?query=304533at7147
SUPER_2	151969154	151950480	D2	262.3	-	https://v12-1.orthodb.org/?query=304636at7147
SUPER_2	310076281	310060831	D4	426.3	-	https://v12-1.orthodb.org/?query=304708at7147
SUPER_1	103509689	103504140	NA	814.1	-	https://v12-1.orthodb.org/?query=304822at7147
SUPER_2	109597247	109600308	D4	320.9	+	https://v12-1.orthodb.org/?query=304856at7147
SUPER_2	345215357	345250874	D4	816.0	+	https://v12-1.orthodb.org/?query=304872at7147
SUPER_1	45951041	45950367	D5	280.9	-	https://v12-1.orthodb.org/?query=304892at7147
SUPER_2	42551351	42548872	NA	1224.6	-	https://v12-1.orthodb.org/?query=304895at7147
SUPER_1	328544457	328546344	D3	942.7	+	https://v12-1.orthodb.org/?query=305005at7147
SUPER_2	15597072	15593334	NA	864.7	-	https://v12-1.orthodb.org/?query=305135at7147
SUPER_3	22789831	23222420	D1	1217.2	+	https://v12-1.orthodb.org/?query=305169at7147
SUPER_2	69826681	69848254	D4	204.5	+	https://v12-1.orthodb.org/?query=305196at7147
SUPER_2	31037689	31039363	D5	174.8	+	https://v12-1.orthodb.org/?query=305385at7147
SUPER_2	354217334	354218833	D4	726.1	+	https://v12-1.orthodb.org/?query=305466at7147
SUPER_2	251684859	251640626	D4	1457.2	-	https://v12-1.orthodb.org/?query=305612at7147
SUPER_3	8083167	8088749	D1	89.5	+	https://v12-1.orthodb.org/?query=305652at7147
SUPER_1	100229716	100228567	NA	614.7	-	https://v12-1.orthodb.org/?query=305729at7147
SUPER_1	121617080	121615505	NA	521.6	-	https://v12-1.orthodb.org/?query=305813at7147
SUPER_1	352396488	352387024	D3	1275.3	-	https://v12-1.orthodb.org/?query=305895at7147
SUPER_2	338978881	338972350	D4	472.4	-	https://v12-1.orthodb.org/?query=305925at7147
SUPER_1	337246868	337168101	D3	1404.2	-	https://v12-1.orthodb.org/?query=305949at7147
SUPER_2	74133783	74134559	NA	407.0	+	https://v12-1.orthodb.org/?query=305990at7147
SUPER_3	116528702	116527992	D1	315.3	-	https://v12-1.orthodb.org/?query=306015at7147
SUPER_3	130467850	130468544	D1	191.1	+	https://v12-1.orthodb.org/?query=306096at7147
SUPER_2	16701098	16702748	D4	906.2	+	https://v12-1.orthodb.org/?query=306279at7147
SUPER_2	16701098	16702748	D4	906.2	+	https://v12-1.orthodb.org/?query=306279at7147
SUPER_2	182890013	182891486	D4	873.5	+	https://v12-1.orthodb.org/?query=306279at7147
SUPER_2	182890013	182891486	D4	873.5	+	https://v12-1.orthodb.org/?query=306279at7147
SUPER_2	205395527	205395845	NA	92.1	+	https://v12-1.orthodb.org/?query=306330at7147
SUPER_3	78072526	78075818	D1	1116.2	+	https://v12-1.orthodb.org/?query=306523at7147
SUPER_2	239043113	239099818	D4	1214.4	+	https://v12-1.orthodb.org/?query=306684at7147
SUPER_3	53134112	53134856	NA	251.4	+	https://v12-1.orthodb.org/?query=306693at7147
SUPER_2	327842454	327845267	D4	900.5	+	https://v12-1.orthodb.org/?query=306719at7147
SUPER_1	118094259	118046576	D5	703.6	-	https://v12-1.orthodb.org/?query=306780at7147
SUPER_3	156876972	156876115	D5	311.9	-	https://v12-1.orthodb.org/?query=306810at7147
SUPER_2	39397774	39398470	NA	377.7	+	https://v12-1.orthodb.org/?query=306812at7147
SUPER_1	191540892	191586505	D5	516.1	+	https://v12-1.orthodb.org/?query=306844at7147
SUPER_3	96839054	96845865	D1	387.6	+	https://v12-1.orthodb.org/?query=307135at7147
SUPER_3	8658828	8661474	D1	721.8	+	https://v12-1.orthodb.org/?query=307172at7147
SUPER_1	198877579	198829645	D3	978.8	-	https://v12-1.orthodb.org/?query=307255at7147
SUPER_3	296833963	296833228	D3	291.3	-	https://v12-1.orthodb.org/?query=307277at7147
SUPER_3	1116255	1115487	D1	339.6	-	https://v12-1.orthodb.org/?query=307283at7147
SUPER_1	96049557	96003277	D5	222.6	-	https://v12-1.orthodb.org/?query=307605at7147
SUPER_1	8264687	8266038	D5	178.6	+	https://v12-1.orthodb.org/?query=307703at7147
SUPER_3	300727076	300683155	D3	2361.4	-	https://v12-1.orthodb.org/?query=307987at7147
SUPER_2	292849419	292848297	D4	491.2	-	https://v12-1.orthodb.org/?query=307989at7147
SUPER_1	174023009	174020699	NA	811.2	-	https://v12-1.orthodb.org/?query=308180at7147
SUPER_3	228686235	228688446	D3	194.5	+	https://v12-1.orthodb.org/?query=308232at7147
SUPER_3	250452782	250453445	D3	235.9	+	https://v12-1.orthodb.org/?query=308242at7147
SUPER_2	72676582	72682462	NA	467.1	+	https://v12-1.orthodb.org/?query=308330at7147
SUPER_2	109976834	109975149	D4	752.3	-	https://v12-1.orthodb.org/?query=308369at7147
SUPER_1	9758631	9756085	D5	742.3	-	https://v12-1.orthodb.org/?query=308466at7147
SUPER_3	668475	663536	D1	975.8	-	https://v12-1.orthodb.org/?query=308534at7147
SUPER_2	345877356	345876005	D4	610.8	-	https://v12-1.orthodb.org/?query=308577at7147
SUPER_3	297784646	297781799	D3	861.1	-	https://v12-1.orthodb.org/?query=308627at7147
SUPER_1	92869065	92870445	D5	457.6	+	https://v12-1.orthodb.org/?query=308629at7147
SUPER_1	332239007	332237696	D3	512.1	-	https://v12-1.orthodb.org/?query=308630at7147
SUPER_3	296799115	296774301	D3	559.9	-	https://v12-1.orthodb.org/?query=308633at7147
SUPER_1	323583990	323593069	D3	2906.5	+	https://v12-1.orthodb.org/?query=308668at7147
SUPER_2	53803839	53803387	NA	229.2	-	https://v12-1.orthodb.org/?query=308691at7147
SUPER_2	11056540	11055148	D2	713.6	-	https://v12-1.orthodb.org/?query=308713at7147
SUPER_2	267647280	267645987	D4	530.4	-	https://v12-1.orthodb.org/?query=308728at7147
SUPER_2	254077257	254076282	NA	397.5	-	https://v12-1.orthodb.org/?query=308760at7147
SUPER_2	355471226	355475193	D4	721.0	+	https://v12-1.orthodb.org/?query=308781at7147
SUPER_1	124975304	124969012	D3	2632.9	-	https://v12-1.orthodb.org/?query=308882at7147
SUPER_1	150594736	150596653	D4	481.8	+	https://v12-1.orthodb.org/?query=308920at7147
SUPER_1	40868161	40865791	D5	1012.3	-	https://v12-1.orthodb.org/?query=308957at7147
SUPER_2	168917007	168916674	NA	181.9	-	https://v12-1.orthodb.org/?query=309117at7147
SUPER_2	112776661	112774938	D2	550.1	-	https://v12-1.orthodb.org/?query=309142at7147
SUPER_1	266931395	266933124	D3	292.0	+	https://v12-1.orthodb.org/?query=309228at7147
SUPER_1	37781683	37799763	NA	1142.0	+	https://v12-1.orthodb.org/?query=309306at7147
SUPER_1	74866008	74869270	NA	751.8	+	https://v12-1.orthodb.org/?query=309374at7147
SUPER_3	49590700	49590306	D1	104.6	-	https://v12-1.orthodb.org/?query=309380at7147
SUPER_2	44672141	44673734	D2	390.3	+	https://v12-1.orthodb.org/?query=309384at7147
SUPER_1	302506538	302505011	D3	447.5	-	https://v12-1.orthodb.org/?query=309394at7147
SUPER_X	6940066	6941311	D6	351.4	+	https://v12-1.orthodb.org/?query=309430at7147
SUPER_3	293753930	293751696	D3	650.7	-	https://v12-1.orthodb.org/?query=309613at7147
SUPER_1	285318778	285252045	D3	631.2	-	https://v12-1.orthodb.org/?query=309709at7147
SUPER_2	1084626	1089609	D2	254.5	+	https://v12-1.orthodb.org/?query=309819at7147
SUPER_2	11327118	11367126	D2	485.2	+	https://v12-1.orthodb.org/?query=309944at7147
SUPER_1	208720394	208694278	D3	270.0	-	https://v12-1.orthodb.org/?query=309960at7147
SUPER_1	349466383	349468876	D3	470.7	+	https://v12-1.orthodb.org/?query=310082at7147
SUPER_3	2427998	2426569	D1	466.8	-	https://v12-1.orthodb.org/?query=310143at7147
SUPER_2	168426301	168428989	NA	773.6	+	https://v12-1.orthodb.org/?query=310180at7147
SUPER_2	348983773	348993644	D4	620.6	+	https://v12-1.orthodb.org/?query=310237at7147
SUPER_3	137282286	137255240	D1	464.5	-	https://v12-1.orthodb.org/?query=310315at7147
SUPER_2	3484015	3485155	D2	302.9	+	https://v12-1.orthodb.org/?query=310363at7147
SUPER_1	210594741	210597263	D3	246.0	+	https://v12-1.orthodb.org/?query=310366at7147
SUPER_3	294260335	294248989	D3	634.2	-	https://v12-1.orthodb.org/?query=310451at7147
SUPER_2	210494023	210492253	D4	200.6	-	https://v12-1.orthodb.org/?query=310466at7147
SUPER_2	253910176	253814354	D4	1143.5	-	https://v12-1.orthodb.org/?query=310503at7147
SUPER_3	95085798	94814720	D1	429.3	-	https://v12-1.orthodb.org/?query=310552at7147
SUPER_1	353648666	353647933	D3	344.7	-	https://v12-1.orthodb.org/?query=310580at7147
SUPER_3	9635722	9639836	NA	550.5	+	https://v12-1.orthodb.org/?query=310592at7147
SUPER_1	350762	352941	D5	751.9	+	https://v12-1.orthodb.org/?query=310595at7147
SUPER_1	8257625	8247870	D5	305.2	-	https://v12-1.orthodb.org/?query=310609at7147
SUPER_1	284231462	284232402	D3	429.5	+	https://v12-1.orthodb.org/?query=310764at7147
SUPER_2	17292032	17449637	D2	958.7	+	https://v12-1.orthodb.org/?query=311066at7147
SUPER_2	44152195	44154423	NA	1109.2	+	https://v12-1.orthodb.org/?query=311102at7147
SUPER_2	125209126	125210724	NA	447.4	+	https://v12-1.orthodb.org/?query=311174at7147
SUPER_3	269180583	269208648	D3	1754.2	+	https://v12-1.orthodb.org/?query=311225at7147
SUPER_3	1136595	1134322	D1	742.6	-	https://v12-1.orthodb.org/?query=311243at7147
SUPER_2	302669228	302625121	NA	5576.7	-	https://v12-1.orthodb.org/?query=311252at7147
SUPER_3	27338602	27336482	NA	418.2	-	https://v12-1.orthodb.org/?query=311315at7147
SUPER_2	9382178	9384046	NA	508.8	+	https://v12-1.orthodb.org/?query=311392at7147
SUPER_3	199443722	199444439	D3	259.1	+	https://v12-1.orthodb.org/?query=311417at7147
SUPER_1	81994332	81991935	D5	911.1	-	https://v12-1.orthodb.org/?query=311661at7147
SUPER_2	90077779	90080037	D4	433.5	+	https://v12-1.orthodb.org/?query=311719at7147
SUPER_3	200377821	200372716	D3	443.6	-	https://v12-1.orthodb.org/?query=311793at7147
SUPER_2	355022651	355021829	D4	402.2	-	https://v12-1.orthodb.org/?query=312007at7147
SUPER_3	114423591	114381355	D1	1956.2	-	https://v12-1.orthodb.org/?query=312089at7147
SUPER_2	348472009	348467639	D4	622.5	-	https://v12-1.orthodb.org/?query=312485at7147
SUPER_3	32659501	32658898	NA	264.5	-	https://v12-1.orthodb.org/?query=312584at7147
SUPER_3	125607712	125625426	D1	1181.0	+	https://v12-1.orthodb.org/?query=312587at7147
SUPER_1	13419263	13421821	D1	605.0	+	https://v12-1.orthodb.org/?query=312646at7147
SUPER_3	152368474	152365990	D5	809.6	-	https://v12-1.orthodb.org/?query=312756at7147
SUPER_1	37062447	37067411	D5	466.6	+	https://v12-1.orthodb.org/?query=312781at7147
SUPER_2	239402527	239400463	D6	713.6	-	https://v12-1.orthodb.org/?query=313016at7147
SUPER_1	193782159	193782849	D1	324.0	+	https://v12-1.orthodb.org/?query=313017at7147
SUPER_3	204942624	204945561	D3	824.8	+	https://v12-1.orthodb.org/?query=313023at7147
SUPER_1	332032012	332061069	D3	468.5	+	https://v12-1.orthodb.org/?query=313075at7147
SUPER_1	210610561	210568113	D3	488.4	-	https://v12-1.orthodb.org/?query=313130at7147
SUPER_3	179448079	179448757	NA	359.0	+	https://v12-1.orthodb.org/?query=313141at7147
SUPER_3	27166229	27141843	NA	340.4	-	https://v12-1.orthodb.org/?query=313158at7147
SUPER_3	63392955	63359813	D1	1245.5	-	https://v12-1.orthodb.org/?query=313187at7147
SUPER_3	300274659	300272187	D3	595.2	-	https://v12-1.orthodb.org/?query=313192at7147
SUPER_3	300274659	300272187	D3	595.2	-	https://v12-1.orthodb.org/?query=313192at7147
HAP1_SCAFFOLD_305	18670	16198	D3	595.0	-	https://v12-1.orthodb.org/?query=313192at7147
HAP1_SCAFFOLD_305	18670	16198	D3	595.0	-	https://v12-1.orthodb.org/?query=313192at7147
SUPER_2	231525493	231437832	D4	642.9	-	https://v12-1.orthodb.org/?query=313308at7147
SUPER_2	345511822	345510319	NA	637.7	-	https://v12-1.orthodb.org/?query=313423at7147
SUPER_3	234163648	234189505	D3	630.9	+	https://v12-1.orthodb.org/?query=313468at7147
SUPER_1	214508826	214508262	D3	269.3	-	https://v12-1.orthodb.org/?query=313486at7147
SUPER_2	356800428	356807421	D4	1436.2	+	https://v12-1.orthodb.org/?query=313690at7147
SUPER_1	13389718	13395383	D1	246.2	+	https://v12-1.orthodb.org/?query=313720at7147
SUPER_3	117608468	117610081	NA	364.6	+	https://v12-1.orthodb.org/?query=313821at7147
SUPER_1	226066082	226063058	D3	1137.8	-	https://v12-1.orthodb.org/?query=313877at7147
SUPER_3	100257253	100284585	D1	2317.3	+	https://v12-1.orthodb.org/?query=314202at7147
SUPER_2	353506990	353457120	D4	814.6	-	https://v12-1.orthodb.org/?query=314587at7147
SUPER_1	249234440	249244280	D3	836.3	+	https://v12-1.orthodb.org/?query=314745at7147
SUPER_2	31722418	31779992	D2	463.9	+	https://v12-1.orthodb.org/?query=314920at7147
SUPER_2	3980232	3981660	D2	722.6	+	https://v12-1.orthodb.org/?query=314998at7147
SUPER_1	21110332	21111466	D5	566.8	+	https://v12-1.orthodb.org/?query=315085at7147
SUPER_3	7497789	7411716	D1	474.8	-	https://v12-1.orthodb.org/?query=315138at7147
SUPER_1	98389412	98386342	D5	593.1	-	https://v12-1.orthodb.org/?query=315235at7147
SUPER_1	63426428	63428962	NA	1290.1	+	https://v12-1.orthodb.org/?query=315280at7147
SUPER_1	268073891	268057255	D3	918.5	-	https://v12-1.orthodb.org/?query=315296at7147
SUPER_2	298830013	298891951	NA	720.7	+	https://v12-1.orthodb.org/?query=315299at7147
SUPER_2	11441142	11439660	NA	624.2	-	https://v12-1.orthodb.org/?query=315304at7147
SUPER_3	131249169	131247729	D1	830.4	-	https://v12-1.orthodb.org/?query=315365at7147
SUPER_1	203963968	203964662	D3	353.6	+	https://v12-1.orthodb.org/?query=315452at7147
SUPER_1	89112314	89111735	NA	297.6	-	https://v12-1.orthodb.org/?query=315460at7147
SUPER_3	157049952	157046221	D1	1307.4	-	https://v12-1.orthodb.org/?query=315468at7147
SUPER_2	129723629	129713273	D3	820.0	-	https://v12-1.orthodb.org/?query=315625at7147
SUPER_2	85695111	85697049	NA	937.9	+	https://v12-1.orthodb.org/?query=315708at7147
SUPER_3	298877093	298874659	NA	198.4	-	https://v12-1.orthodb.org/?query=315835at7147
SUPER_3	294305546	294304821	NA	375.3	-	https://v12-1.orthodb.org/?query=315852at7147
SUPER_3	106240684	106241661	D1	413.5	+	https://v12-1.orthodb.org/?query=315858at7147
SUPER_2	67304054	67301688	D2	318.8	-	https://v12-1.orthodb.org/?query=315861at7147
SUPER_1	253969053	253998747	D3	432.4	+	https://v12-1.orthodb.org/?query=316051at7147
SUPER_1	64993403	64996415	D5	384.3	+	https://v12-1.orthodb.org/?query=316064at7147
SUPER_2	100234795	100260906	D2	750.2	+	https://v12-1.orthodb.org/?query=316175at7147
SUPER_1	325017192	325243867	D3	2070.0	+	https://v12-1.orthodb.org/?query=316446at7147
SUPER_2	260078276	260104295	D4	460.3	+	https://v12-1.orthodb.org/?query=316547at7147
SUPER_3	128686471	128684995	NA	720.3	-	https://v12-1.orthodb.org/?query=316570at7147
SUPER_2	346322220	346449988	NA	1176.7	+	https://v12-1.orthodb.org/?query=316673at7147
SUPER_1	271648667	271635679	D3	457.3	-	https://v12-1.orthodb.org/?query=316714at7147
SUPER_2	274146231	274145527	D3	284.2	-	https://v12-1.orthodb.org/?query=316725at7147
SUPER_2	319530436	319505390	D4	1818.8	-	https://v12-1.orthodb.org/?query=316818at7147
SUPER_3	132723469	132721037	D1	905.6	-	https://v12-1.orthodb.org/?query=316860at7147
SUPER_3	71784920	71785838	D1	361.5	+	https://v12-1.orthodb.org/?query=316862at7147
SUPER_3	166838450	166839848	D1	396.8	+	https://v12-1.orthodb.org/?query=316900at7147
SUPER_1	99934254	99869086	D5	734.0	-	https://v12-1.orthodb.org/?query=316979at7147
SUPER_2	347826849	347820824	D4	630.3	-	https://v12-1.orthodb.org/?query=316991at7147
SUPER_1	13765602	13763592	D4	186.2	-	https://v12-1.orthodb.org/?query=317059at7147
SUPER_2	205308748	205310552	NA	722.6	+	https://v12-1.orthodb.org/?query=317118at7147
SUPER_X	9474282	9464966	D6	445.5	-	https://v12-1.orthodb.org/?query=317137at7147
SUPER_1	65568896	65565620	D5	707.9	-	https://v12-1.orthodb.org/?query=317138at7147
SUPER_2	125248939	125248720	D2	116.0	-	https://v12-1.orthodb.org/?query=317194at7147
SUPER_2	17729991	17727773	NA	683.9	-	https://v12-1.orthodb.org/?query=317239at7147
SUPER_1	170944806	170942670	D5	570.2	-	https://v12-1.orthodb.org/?query=317266at7147
SUPER_1	167315258	167316126	D5	281.5	+	https://v12-1.orthodb.org/?query=317369at7147
SUPER_1	334003027	334005870	NA	268.4	+	https://v12-1.orthodb.org/?query=317413at7147
SUPER_3	126661448	126608487	D1	784.5	-	https://v12-1.orthodb.org/?query=317464at7147
SUPER_3	7632161	7650989	NA	569.0	+	https://v12-1.orthodb.org/?query=317481at7147
SUPER_3	66725662	66727242	D1	638.6	+	https://v12-1.orthodb.org/?query=317550at7147
SUPER_3	105076483	105075908	D1	218.9	-	https://v12-1.orthodb.org/?query=317570at7147
SUPER_3	54304088	54300971	D1	845.3	-	https://v12-1.orthodb.org/?query=317831at7147
SUPER_2	272746215	272751995	NA	773.6	+	https://v12-1.orthodb.org/?query=318146at7147
SUPER_1	10649720	10648632	D5	171.3	-	https://v12-1.orthodb.org/?query=318210at7147
SUPER_1	58058878	58055773	D5	620.7	-	https://v12-1.orthodb.org/?query=318213at7147
SUPER_3	294465115	294466039	NA	310.6	+	https://v12-1.orthodb.org/?query=318238at7147
SUPER_3	192480809	192482834	NA	600.3	+	https://v12-1.orthodb.org/?query=318245at7147
SUPER_1	42219364	42217618	D5	63.4	-	https://v12-1.orthodb.org/?query=318410at7147
SUPER_1	332237288	332236367	D3	372.3	-	https://v12-1.orthodb.org/?query=318425at7147
SUPER_1	332237288	332236367	D3	372.3	-	https://v12-1.orthodb.org/?query=318425at7147
SUPER_1	332235728	332235017	D3	353.8	-	https://v12-1.orthodb.org/?query=318425at7147
SUPER_1	332235728	332235017	D3	353.8	-	https://v12-1.orthodb.org/?query=318425at7147
SUPER_2	237286911	237296058	D3	223.8	+	https://v12-1.orthodb.org/?query=318442at7147
SUPER_2	69413623	69414397	D2	208.7	+	https://v12-1.orthodb.org/?query=318454at7147
SUPER_2	356871697	356879889	D4	412.0	+	https://v12-1.orthodb.org/?query=318481at7147
SUPER_3	65702229	65664111	D1	1449.4	-	https://v12-1.orthodb.org/?query=318596at7147
SUPER_3	114089519	114087900	NA	408.1	-	https://v12-1.orthodb.org/?query=318874at7147
SUPER_3	200162614	200193942	D3	458.7	+	https://v12-1.orthodb.org/?query=318883at7147
SUPER_3	54032992	54060409	D1	1686.8	+	https://v12-1.orthodb.org/?query=318996at7147
SUPER_1	65705612	65681017	D5	825.9	-	https://v12-1.orthodb.org/?query=318998at7147
SUPER_1	139682153	139682691	D5	200.6	+	https://v12-1.orthodb.org/?query=319005at7147
SUPER_2	4212183	4208370	D2	323.3	-	https://v12-1.orthodb.org/?query=319031at7147
SUPER_1	22856171	22855538	D5	255.1	-	https://v12-1.orthodb.org/?query=319170at7147
SUPER_2	139294785	139291869	D2	796.9	-	https://v12-1.orthodb.org/?query=319234at7147
SUPER_1	66152412	66155944	D5	523.4	+	https://v12-1.orthodb.org/?query=319488at7147
SUPER_1	222641563	222596084	D3	2330.4	-	https://v12-1.orthodb.org/?query=319697at7147
SUPER_3	115136404	115147368	D1	1280.0	+	https://v12-1.orthodb.org/?query=319751at7147
SUPER_2	153690911	153704490	D2	894.6	+	https://v12-1.orthodb.org/?query=320147at7147
SUPER_1	39756007	39756730	D5	226.0	+	https://v12-1.orthodb.org/?query=320262at7147
SUPER_2	277015994	277018025	NA	924.2	+	https://v12-1.orthodb.org/?query=320376at7147
SUPER_2	265012174	265026523	D2	323.4	+	https://v12-1.orthodb.org/?query=320425at7147
SUPER_2	230612882	230616242	D4	1057.1	+	https://v12-1.orthodb.org/?query=320463at7147
SUPER_1	333869219	333874794	D3	530.7	+	https://v12-1.orthodb.org/?query=320558at7147
SUPER_2	344932096	344892508	D4	880.9	-	https://v12-1.orthodb.org/?query=320612at7147
SUPER_2	336413702	336414792	D4	474.6	+	https://v12-1.orthodb.org/?query=320655at7147
SUPER_2	353289721	353287810	D4	891.0	-	https://v12-1.orthodb.org/?query=320959at7147
SUPER_1	125405129	125404563	D3	245.2	-	https://v12-1.orthodb.org/?query=321048at7147
SUPER_3	128167581	128298813	D1	2463.4	+	https://v12-1.orthodb.org/?query=321070at7147
SUPER_3	119963510	119971418	D1	987.7	+	https://v12-1.orthodb.org/?query=321152at7147
SUPER_2	153187232	153211634	NA	597.4	+	https://v12-1.orthodb.org/?query=321224at7147
SUPER_1	190030978	190038586	D5	461.7	+	https://v12-1.orthodb.org/?query=321389at7147
SUPER_3	119384005	119378591	D1	517.7	-	https://v12-1.orthodb.org/?query=321465at7147
SUPER_1	16751241	16749815	NA	610.8	-	https://v12-1.orthodb.org/?query=322025at7147
SUPER_X	3872042	3876142	D6	914.4	+	https://v12-1.orthodb.org/?query=322272at7147
SUPER_3	49809318	49806329	D1	947.7	-	https://v12-1.orthodb.org/?query=322306at7147
SUPER_1	225256660	225258189	D3	484.2	+	https://v12-1.orthodb.org/?query=322321at7147
SUPER_3	252960347	252959202	NA	480.8	-	https://v12-1.orthodb.org/?query=322366at7147
SUPER_X	10997049	11114396	D6	277.6	+	https://v12-1.orthodb.org/?query=322552at7147
SUPER_2	341068337	341067594	D4	175.0	-	https://v12-1.orthodb.org/?query=322577at7147
SUPER_2	50410391	50413379	D2	569.4	+	https://v12-1.orthodb.org/?query=322591at7147
SUPER_2	84952625	84902363	D2	1453.7	-	https://v12-1.orthodb.org/?query=322611at7147
SUPER_1	30115904	30115342	NA	139.6	-	https://v12-1.orthodb.org/?query=322639at7147
SUPER_3	138416685	138406642	D4	400.7	-	https://v12-1.orthodb.org/?query=322647at7147
SUPER_1	2414655	2414173	D5	242.5	-	https://v12-1.orthodb.org/?query=322677at7147
SUPER_2	284799367	284756400	NA	345.6	-	https://v12-1.orthodb.org/?query=322797at7147
SUPER_2	32257325	32268572	NA	452.1	+	https://v12-1.orthodb.org/?query=322865at7147
SUPER_1	332346812	332356177	D3	1362.3	+	https://v12-1.orthodb.org/?query=323057at7147
SUPER_2	280636638	280640407	D4	409.3	+	https://v12-1.orthodb.org/?query=323186at7147
SUPER_2	51499824	51368337	D4	2084.7	-	https://v12-1.orthodb.org/?query=323291at7147
SUPER_2	144640185	144643198	D2	1266.3	+	https://v12-1.orthodb.org/?query=323400at7147
SUPER_1	122087576	122079506	D3	487.0	-	https://v12-1.orthodb.org/?query=323507at7147
SUPER_2	149874988	149862937	D4	745.7	-	https://v12-1.orthodb.org/?query=323543at7147
SUPER_1	348827121	348812684	D3	289.1	-	https://v12-1.orthodb.org/?query=323574at7147
SUPER_3	239634557	239633618	D3	363.5	-	https://v12-1.orthodb.org/?query=323595at7147
SUPER_X	6260957	6270786	D6	278.5	+	https://v12-1.orthodb.org/?query=323607at7147
SUPER_2	346867742	346866396	D4	684.6	-	https://v12-1.orthodb.org/?query=323631at7147
SUPER_1	680770	667458	D5	703.9	-	https://v12-1.orthodb.org/?query=323705at7147
SUPER_2	114295336	114294032	D2	476.2	-	https://v12-1.orthodb.org/?query=323798at7147
SUPER_2	221423736	221422932	D4	387.2	-	https://v12-1.orthodb.org/?query=323908at7147
SUPER_3	114557086	114544573	NA	320.8	-	https://v12-1.orthodb.org/?query=323919at7147
SUPER_2	298883402	298880633	D4	712.0	-	https://v12-1.orthodb.org/?query=324287at7147
SUPER_1	205917785	205943595	NA	265.7	+	https://v12-1.orthodb.org/?query=324327at7147
SUPER_3	249714734	249712137	D3	778.3	-	https://v12-1.orthodb.org/?query=324452at7147
SUPER_1	31491827	31495697	D5	722.4	+	https://v12-1.orthodb.org/?query=324493at7147
SUPER_2	233885510	233889414	D4	1093.9	+	https://v12-1.orthodb.org/?query=324612at7147
SUPER_2	16335861	16333086	D2	1007.9	-	https://v12-1.orthodb.org/?query=324790at7147
SUPER_1	236792994	236793609	D3	331.9	+	https://v12-1.orthodb.org/?query=325191at7147
SUPER_X	12667131	12669830	D6	594.2	+	https://v12-1.orthodb.org/?query=325193at7147
SUPER_X	12667131	12669830	D6	594.2	+	https://v12-1.orthodb.org/?query=325193at7147
SUPER_X	12803477	12806176	D6	594.2	+	https://v12-1.orthodb.org/?query=325193at7147
SUPER_X	12803477	12806176	D6	594.2	+	https://v12-1.orthodb.org/?query=325193at7147
SUPER_2	212427645	212426831	D4	454.0	-	https://v12-1.orthodb.org/?query=325336at7147
SUPER_1	31988602	31966218	D5	459.3	-	https://v12-1.orthodb.org/?query=325416at7147
SUPER_3	254449939	254444821	D3	452.9	-	https://v12-1.orthodb.org/?query=325495at7147
SUPER_3	20166559	20165218	D1	504.7	-	https://v12-1.orthodb.org/?query=325652at7147
SUPER_3	1415607	1390473	D1	528.0	-	https://v12-1.orthodb.org/?query=325730at7147
SUPER_1	324251369	324247962	D3	384.6	-	https://v12-1.orthodb.org/?query=325776at7147
SUPER_1	285709364	285708300	D3	348.1	-	https://v12-1.orthodb.org/?query=325909at7147
SUPER_1	90452442	90451222	D1	334.9	-	https://v12-1.orthodb.org/?query=325959at7147
SUPER_2	1845727	1848422	D2	249.2	+	https://v12-1.orthodb.org/?query=326071at7147
SUPER_1	3644051	3641712	D5	590.0	-	https://v12-1.orthodb.org/?query=326289at7147
SUPER_1	1739935	1741613	NA	861.6	+	https://v12-1.orthodb.org/?query=326304at7147
SUPER_3	285815288	285812674	NA	1130.2	-	https://v12-1.orthodb.org/?query=326427at7147
SUPER_1	123383929	123384892	D3	436.7	+	https://v12-1.orthodb.org/?query=326706at7147
SUPER_2	3839866	3903145	D2	1114.9	+	https://v12-1.orthodb.org/?query=326721at7147
SUPER_1	211159014	211222764	D3	966.6	+	https://v12-1.orthodb.org/?query=326743at7147
SUPER_3	226388036	226386101	D3	337.2	-	https://v12-1.orthodb.org/?query=326977at7147
SUPER_2	199263272	199264469	D4	259.6	+	https://v12-1.orthodb.org/?query=327028at7147
SUPER_3	289498061	289506374	D3	699.0	+	https://v12-1.orthodb.org/?query=327080at7147
SUPER_2	243313094	243315454	D4	914.2	+	https://v12-1.orthodb.org/?query=327139at7147
SUPER_2	350753062	350756579	D1	1420.8	+	https://v12-1.orthodb.org/?query=327274at7147
SUPER_2	350753062	350756579	D1	1420.8	+	https://v12-1.orthodb.org/?query=327274at7147
SUPER_2	350767881	350764478	D1	1417.6	-	https://v12-1.orthodb.org/?query=327274at7147
SUPER_2	350767881	350764478	D1	1417.6	-	https://v12-1.orthodb.org/?query=327274at7147
SUPER_2	355991551	355986467	D4	1839.4	-	https://v12-1.orthodb.org/?query=327406at7147
SUPER_2	14768496	14787310	D2	791.1	+	https://v12-1.orthodb.org/?query=327612at7147
SUPER_2	230623944	230627463	D4	736.4	+	https://v12-1.orthodb.org/?query=327637at7147
SUPER_1	126666052	126664899	D3	450.2	-	https://v12-1.orthodb.org/?query=327727at7147
SUPER_3	47847645	47847183	NA	157.1	-	https://v12-1.orthodb.org/?query=327786at7147
SUPER_2	74138656	74138104	D2	240.9	-	https://v12-1.orthodb.org/?query=327836at7147
SUPER_2	139733477	139732245	D4	516.6	-	https://v12-1.orthodb.org/?query=328039at7147
SUPER_3	291722782	291819097	D3	1279.0	+	https://v12-1.orthodb.org/?query=328111at7147
SUPER_2	283497968	283501977	D4	409.0	+	https://v12-1.orthodb.org/?query=328154at7147
SUPER_1	134431157	134432751	D3	639.8	+	https://v12-1.orthodb.org/?query=328340at7147
SUPER_3	169164287	169174282	D1	628.2	+	https://v12-1.orthodb.org/?query=328374at7147
SUPER_3	125102357	125125986	D1	941.7	+	https://v12-1.orthodb.org/?query=328432at7147
SUPER_2	41608538	41607590	D1	376.3	-	https://v12-1.orthodb.org/?query=328594at7147
SUPER_2	133665599	133664954	NA	380.4	-	https://v12-1.orthodb.org/?query=328697at7147
SUPER_3	270978276	270940276	D3	894.6	-	https://v12-1.orthodb.org/?query=328778at7147
SUPER_3	8182199	8194670	NA	376.9	+	https://v12-1.orthodb.org/?query=328787at7147
SUPER_3	139644619	139691686	D1	1486.0	+	https://v12-1.orthodb.org/?query=328868at7147
SUPER_3	129639691	129633498	D1	1315.8	-	https://v12-1.orthodb.org/?query=328966at7147
SUPER_3	202069605	202074492	D3	609.7	+	https://v12-1.orthodb.org/?query=328983at7147
SUPER_3	202069605	202074492	D3	609.7	+	https://v12-1.orthodb.org/?query=328983at7147
SUPER_3	202144729	202152243	D3	608.4	+	https://v12-1.orthodb.org/?query=328983at7147
SUPER_3	202144729	202152243	D3	608.4	+	https://v12-1.orthodb.org/?query=328983at7147
SUPER_2	308292612	308289264	D4	571.0	-	https://v12-1.orthodb.org/?query=329005at7147
SUPER_2	116129807	116128807	D2	543.5	-	https://v12-1.orthodb.org/?query=329105at7147
SUPER_3	137598453	137598989	NA	150.0	+	https://v12-1.orthodb.org/?query=329136at7147
SUPER_2	49628481	49632943	NA	388.2	+	https://v12-1.orthodb.org/?query=329149at7147
SUPER_1	347787422	347786217	NA	455.6	-	https://v12-1.orthodb.org/?query=329191at7147
SUPER_2	285906839	285891799	D4	3106.5	-	https://v12-1.orthodb.org/?query=329216at7147
SUPER_3	135734478	135725478	NA	236.3	-	https://v12-1.orthodb.org/?query=329586at7147
SUPER_3	65423676	65420124	D1	517.5	-	https://v12-1.orthodb.org/?query=329721at7147
SUPER_3	160593023	160606620	D1	274.8	+	https://v12-1.orthodb.org/?query=329987at7147
SUPER_3	297781080	297775987	D4	1716.6	-	https://v12-1.orthodb.org/?query=329992at7147
SUPER_1	120580519	120581685	NA	300.6	+	https://v12-1.orthodb.org/?query=330177at7147
SUPER_3	63231605	63228036	D1	919.2	-	https://v12-1.orthodb.org/?query=330235at7147
SUPER_3	294007059	294004216	D3	626.1	-	https://v12-1.orthodb.org/?query=330258at7147
SUPER_3	289176182	289124626	D3	462.1	-	https://v12-1.orthodb.org/?query=330356at7147
SUPER_3	131949507	131948678	D1	337.2	-	https://v12-1.orthodb.org/?query=330435at7147
SUPER_2	231605278	231643036	D4	1410.9	+	https://v12-1.orthodb.org/?query=330587at7147
SUPER_2	335343091	335344920	NA	815.1	+	https://v12-1.orthodb.org/?query=330592at7147
SUPER_1	30853426	30851321	D5	320.4	-	https://v12-1.orthodb.org/?query=330766at7147
SUPER_3	249969257	249965998	D3	1329.9	-	https://v12-1.orthodb.org/?query=330882at7147
SUPER_2	50962650	50953507	D2	482.2	-	https://v12-1.orthodb.org/?query=330890at7147
SUPER_2	184095093	184116066	NA	630.7	+	https://v12-1.orthodb.org/?query=330891at7147
SUPER_3	23898583	23899950	D1	238.4	+	https://v12-1.orthodb.org/?query=330973at7147
SUPER_3	92224702	92227142	D1	752.4	+	https://v12-1.orthodb.org/?query=331204at7147
SUPER_3	8653245	8650872	D1	844.4	-	https://v12-1.orthodb.org/?query=331213at7147
SUPER_2	36481223	36482273	D2	291.5	+	https://v12-1.orthodb.org/?query=331266at7147
SUPER_1	302655854	302649614	D3	906.7	-	https://v12-1.orthodb.org/?query=331273at7147
SUPER_3	128814202	128788283	D1	252.1	-	https://v12-1.orthodb.org/?query=331320at7147
SUPER_1	29485261	29548440	D1	1406.5	+	https://v12-1.orthodb.org/?query=331518at7147
SUPER_3	156341994	156191124	D1	1169.1	-	https://v12-1.orthodb.org/?query=331586at7147
SUPER_2	114428080	114426396	D2	433.1	-	https://v12-1.orthodb.org/?query=331691at7147
SUPER_3	62791351	62792588	D5	380.8	+	https://v12-1.orthodb.org/?query=331756at7147
SUPER_2	86054545	86057156	D2	518.0	+	https://v12-1.orthodb.org/?query=331757at7147
SUPER_1	344032846	344034617	D3	307.2	+	https://v12-1.orthodb.org/?query=331780at7147
SUPER_1	12958307	12937787	NA	995.2	-	https://v12-1.orthodb.org/?query=331781at7147
SUPER_1	98816185	98817468	D5	141.9	+	https://v12-1.orthodb.org/?query=331803at7147
SUPER_1	98816185	98817468	D5	141.9	+	https://v12-1.orthodb.org/?query=331803at7147
SUPER_1	98838460	98839751	D5	148.2	+	https://v12-1.orthodb.org/?query=331803at7147
SUPER_1	98838460	98839751	D5	148.2	+	https://v12-1.orthodb.org/?query=331803at7147
SUPER_2	16347023	16347509	D2	131.8	+	https://v12-1.orthodb.org/?query=331818at7147
SUPER_3	20937636	20864828	D1	882.4	-	https://v12-1.orthodb.org/?query=331960at7147
SUPER_2	76761659	76762394	D2	315.5	+	https://v12-1.orthodb.org/?query=332050at7147
SUPER_2	53003283	53005740	D4	790.4	+	https://v12-1.orthodb.org/?query=332196at7147
SUPER_3	106595708	106597142	NA	619.2	+	https://v12-1.orthodb.org/?query=332264at7147
SUPER_1	355708846	355707114	D3	646.7	-	https://v12-1.orthodb.org/?query=332289at7147
SUPER_3	37302592	37255264	D2	667.4	-	https://v12-1.orthodb.org/?query=332841at7147
SUPER_2	285301261	285309563	D4	1432.2	+	https://v12-1.orthodb.org/?query=332961at7147
SUPER_3	79694948	79741376	D2	395.6	+	https://v12-1.orthodb.org/?query=333331at7147
SUPER_2	20904426	20896358	D2	163.3	-	https://v12-1.orthodb.org/?query=333462at7147
SUPER_1	244020188	244090903	D3	334.0	+	https://v12-1.orthodb.org/?query=333597at7147
SUPER_1	324443865	324409118	D3	738.9	-	https://v12-1.orthodb.org/?query=333748at7147
SUPER_2	345065409	345063429	D4	879.8	-	https://v12-1.orthodb.org/?query=333750at7147
SUPER_3	190199757	190202059	D4	653.7	+	https://v12-1.orthodb.org/?query=333779at7147
SUPER_3	291839069	291839753	D3	343.2	+	https://v12-1.orthodb.org/?query=333890at7147
SUPER_1	205118383	205113388	D3	726.2	-	https://v12-1.orthodb.org/?query=333919at7147
SUPER_1	41667105	41673203	D5	2230.1	+	https://v12-1.orthodb.org/?query=333943at7147
SUPER_1	324707986	324706717	D3	85.2	-	https://v12-1.orthodb.org/?query=333974at7147
SUPER_2	80330301	80329884	D2	116.6	-	https://v12-1.orthodb.org/?query=333985at7147
SUPER_2	89272789	89273718	D2	425.3	+	https://v12-1.orthodb.org/?query=334042at7147
SUPER_3	196338891	196345943	NA	359.2	+	https://v12-1.orthodb.org/?query=334123at7147
SUPER_3	196338891	196345943	NA	359.2	+	https://v12-1.orthodb.org/?query=334123at7147
SUPER_3	196474130	196491379	NA	357.0	+	https://v12-1.orthodb.org/?query=334123at7147
SUPER_3	196474130	196491379	NA	357.0	+	https://v12-1.orthodb.org/?query=334123at7147
SUPER_2	282712842	282715969	D4	409.6	+	https://v12-1.orthodb.org/?query=334129at7147
SUPER_2	282712842	282715969	D4	409.6	+	https://v12-1.orthodb.org/?query=334129at7147
SUPER_2	282797774	282851155	D4	420.8	+	https://v12-1.orthodb.org/?query=334129at7147
SUPER_2	282797774	282851155	D4	420.8	+	https://v12-1.orthodb.org/?query=334129at7147
SUPER_1	152303357	152300424	D5	931.2	-	https://v12-1.orthodb.org/?query=334148at7147
SUPER_1	44367455	44352875	D5	284.2	-	https://v12-1.orthodb.org/?query=334285at7147
SUPER_2	30567505	30735158	D2	342.1	+	https://v12-1.orthodb.org/?query=334639at7147
SUPER_1	279170998	279168072	NA	943.3	-	https://v12-1.orthodb.org/?query=334671at7147
SUPER_1	96075698	96090233	NA	2307.9	+	https://v12-1.orthodb.org/?query=334698at7147
SUPER_3	51324127	51323236	D1	320.6	-	https://v12-1.orthodb.org/?query=334735at7147
SUPER_3	4300706	4301384	NA	207.4	+	https://v12-1.orthodb.org/?query=335282at7147
SUPER_1	319606035	319611493	D3	426.5	+	https://v12-1.orthodb.org/?query=335718at7147
SUPER_3	1057574	1051943	D1	553.6	-	https://v12-1.orthodb.org/?query=335848at7147
SUPER_1	45829182	45810516	D5	1476.2	-	https://v12-1.orthodb.org/?query=335931at7147
SUPER_3	284376852	284375040	D3	889.2	-	https://v12-1.orthodb.org/?query=336049at7147
SUPER_2	356366824	356367518	D4	246.3	+	https://v12-1.orthodb.org/?query=336055at7147
SUPER_3	61299244	61299936	NA	203.2	+	https://v12-1.orthodb.org/?query=336086at7147
SUPER_2	212523731	212462432	D4	316.6	-	https://v12-1.orthodb.org/?query=336114at7147
SUPER_3	294479476	294485619	NA	1230.3	+	https://v12-1.orthodb.org/?query=336160at7147
SUPER_3	255078944	255063468	D3	943.7	-	https://v12-1.orthodb.org/?query=336167at7147
SUPER_1	285225523	285224627	D3	310.0	-	https://v12-1.orthodb.org/?query=336225at7147
SUPER_2	91908229	91907580	NA	171.4	-	https://v12-1.orthodb.org/?query=336421at7147
SUPER_2	270617058	270618007	D4	272.8	+	https://v12-1.orthodb.org/?query=336480at7147
SUPER_3	271610702	271609513	D3	500.0	-	https://v12-1.orthodb.org/?query=336581at7147
SUPER_1	37815764	37816501	NA	297.8	+	https://v12-1.orthodb.org/?query=336604at7147
SUPER_1	39732983	39729002	NA	522.7	-	https://v12-1.orthodb.org/?query=336695at7147
SUPER_2	284274312	284274944	D4	157.5	+	https://v12-1.orthodb.org/?query=336707at7147
SUPER_2	336455542	336454116	D4	549.5	-	https://v12-1.orthodb.org/?query=336831at7147
SUPER_2	350216396	350175655	D4	117.9	-	https://v12-1.orthodb.org/?query=336988at7147
SUPER_1	353212944	353319148	D3	185.8	+	https://v12-1.orthodb.org/?query=337071at7147
SUPER_1	39901267	39903430	D5	684.1	+	https://v12-1.orthodb.org/?query=337136at7147
SUPER_1	337657613	337655177	D3	892.6	-	https://v12-1.orthodb.org/?query=337144at7147
SUPER_1	340050447	340049551	D3	285.7	-	https://v12-1.orthodb.org/?query=337170at7147
SUPER_1	123680416	123679328	D3	293.1	-	https://v12-1.orthodb.org/?query=337205at7147
SUPER_2	15599552	15599105	NA	84.8	-	https://v12-1.orthodb.org/?query=337635at7147
SUPER_3	130553360	130551544	D1	318.2	-	https://v12-1.orthodb.org/?query=337722at7147
SUPER_2	18278818	18280078	D2	132.6	+	https://v12-1.orthodb.org/?query=337796at7147
SUPER_2	16480359	16479604	NA	199.9	-	https://v12-1.orthodb.org/?query=337892at7147
SUPER_2	5928323	5929941	D3	368.2	+	https://v12-1.orthodb.org/?query=337991at7147
SUPER_3	132489874	132473406	D1	391.0	-	https://v12-1.orthodb.org/?query=338004at7147
SUPER_3	130470374	130469399	D1	204.3	-	https://v12-1.orthodb.org/?query=338061at7147
SUPER_1	47619503	47617842	D5	647.4	-	https://v12-1.orthodb.org/?query=338103at7147
SUPER_3	54635501	54633259	NA	761.0	-	https://v12-1.orthodb.org/?query=338132at7147
SUPER_2	277056660	277056045	NA	159.1	-	https://v12-1.orthodb.org/?query=338204at7147
SUPER_2	14462812	14463489	D2	203.6	+	https://v12-1.orthodb.org/?query=338219at7147
SUPER_2	74129838	74126016	D2	868.0	-	https://v12-1.orthodb.org/?query=338571at7147
SUPER_3	51669186	51670902	D1	697.5	+	https://v12-1.orthodb.org/?query=338944at7147
SUPER_2	90657687	90680847	NA	347.0	+	https://v12-1.orthodb.org/?query=339009at7147
SUPER_2	356253843	356215416	D4	316.9	-	https://v12-1.orthodb.org/?query=339219at7147
SUPER_2	284514455	284511361	NA	789.2	-	https://v12-1.orthodb.org/?query=339340at7147
SUPER_1	2507869	2505784	D5	631.4	-	https://v12-1.orthodb.org/?query=339400at7147
SUPER_3	84412027	84313217	D1	1418.3	-	https://v12-1.orthodb.org/?query=339407at7147
SUPER_3	299833444	299834666	D3	281.7	+	https://v12-1.orthodb.org/?query=339679at7147
SUPER_3	225418707	225433083	D3	497.6	+	https://v12-1.orthodb.org/?query=339753at7147
SUPER_3	7809792	7810968	D1	628.9	+	https://v12-1.orthodb.org/?query=339797at7147
SUPER_3	288926671	288928394	D3	457.8	+	https://v12-1.orthodb.org/?query=339983at7147
SUPER_3	95600872	95592714	D5	326.2	-	https://v12-1.orthodb.org/?query=340115at7147
SUPER_2	16770179	16663806	D2	472.3	-	https://v12-1.orthodb.org/?query=340173at7147
SUPER_1	178709202	178710374	D5	725.4	+	https://v12-1.orthodb.org/?query=340179at7147
SUPER_3	128885190	128883629	NA	127.0	-	https://v12-1.orthodb.org/?query=340210at7147
SUPER_2	134529757	134532338	NA	385.5	+	https://v12-1.orthodb.org/?query=340566at7147
SUPER_3	297362739	297407600	D3	214.4	+	https://v12-1.orthodb.org/?query=340706at7147
SUPER_3	11554022	11553523	D1	193.6	-	https://v12-1.orthodb.org/?query=340811at7147
SUPER_2	343173496	343172166	D4	625.5	-	https://v12-1.orthodb.org/?query=340823at7147
SUPER_3	74547666	74554043	D1	929.9	+	https://v12-1.orthodb.org/?query=340913at7147
SUPER_2	355865671	355867750	D4	668.0	+	https://v12-1.orthodb.org/?query=341050at7147
SUPER_1	146550068	146551530	D5	299.6	+	https://v12-1.orthodb.org/?query=341071at7147
SUPER_1	134307518	134306615	D5	325.8	-	https://v12-1.orthodb.org/?query=341416at7147
SUPER_X	2106248	2103577	D6	526.2	-	https://v12-1.orthodb.org/?query=341602at7147
SUPER_2	244195777	244195165	D4	310.9	-	https://v12-1.orthodb.org/?query=341938at7147
SUPER_1	139317736	139318502	D5	251.7	+	https://v12-1.orthodb.org/?query=342332at7147
SUPER_2	259891527	259916414	D4	928.8	+	https://v12-1.orthodb.org/?query=342356at7147
SUPER_3	262766355	262768125	D3	275.0	+	https://v12-1.orthodb.org/?query=342481at7147
SUPER_3	51130096	51128659	D1	312.6	-	https://v12-1.orthodb.org/?query=342494at7147
SUPER_3	295293730	295295632	D3	549.1	+	https://v12-1.orthodb.org/?query=342499at7147
SUPER_3	51130327	51131266	NA	229.3	+	https://v12-1.orthodb.org/?query=342549at7147
SUPER_1	201486222	201468790	NA	159.6	-	https://v12-1.orthodb.org/?query=342905at7147
SUPER_1	279538572	279416591	D3	419.9	-	https://v12-1.orthodb.org/?query=343082at7147
SUPER_1	249632353	249664506	D3	1645.6	+	https://v12-1.orthodb.org/?query=343220at7147
SUPER_2	336412667	336402238	D4	546.5	-	https://v12-1.orthodb.org/?query=343282at7147
SUPER_3	117783239	117692644	D1	300.8	-	https://v12-1.orthodb.org/?query=343418at7147
SUPER_1	86797112	86729126	D5	591.9	-	https://v12-1.orthodb.org/?query=343482at7147
SUPER_1	303698817	303693017	D3	341.6	-	https://v12-1.orthodb.org/?query=343684at7147
SUPER_3	165955293	165890522	D5	692.0	-	https://v12-1.orthodb.org/?query=343707at7147
SUPER_3	19878582	19869166	D1	392.8	-	https://v12-1.orthodb.org/?query=343796at7147
SUPER_2	198710159	198708706	D2	619.1	-	https://v12-1.orthodb.org/?query=343818at7147
SUPER_3	4025307	4027633	D1	672.4	+	https://v12-1.orthodb.org/?query=343958at7147
SUPER_2	332678940	332680331	D4	253.9	+	https://v12-1.orthodb.org/?query=344048at7147
SUPER_3	261920227	261923747	D3	431.0	+	https://v12-1.orthodb.org/?query=344135at7147
SUPER_3	97397684	97393298	NA	471.8	-	https://v12-1.orthodb.org/?query=344170at7147
SUPER_3	97397684	97393298	NA	471.8	-	https://v12-1.orthodb.org/?query=344170at7147
SUPER_2	21036361	21074756	NA	449.8	+	https://v12-1.orthodb.org/?query=344170at7147
SUPER_2	21036361	21074756	NA	449.8	+	https://v12-1.orthodb.org/?query=344170at7147
SUPER_2	277028979	277020949	NA	419.1	-	https://v12-1.orthodb.org/?query=344193at7147
SUPER_2	356578128	356571658	D4	869.7	-	https://v12-1.orthodb.org/?query=344407at7147
SUPER_1	200427279	200426463	NA	256.8	-	https://v12-1.orthodb.org/?query=344542at7147
SUPER_2	353279021	353280768	D4	235.3	+	https://v12-1.orthodb.org/?query=344901at7147
SUPER_1	315853895	315843690	NA	256.2	-	https://v12-1.orthodb.org/?query=344902at7147
SUPER_3	285260063	285258295	NA	259.4	-	https://v12-1.orthodb.org/?query=344962at7147
SUPER_3	285508739	285510620	D3	588.2	+	https://v12-1.orthodb.org/?query=345076at7147
SUPER_2	318640270	318632160	NA	433.4	-	https://v12-1.orthodb.org/?query=345197at7147
SUPER_2	44805053	44805716	D2	222.1	+	https://v12-1.orthodb.org/?query=345440at7147
SUPER_2	321025665	321028893	D4	698.5	+	https://v12-1.orthodb.org/?query=345445at7147
SUPER_X	853090	833895	D6	321.7	-	https://v12-1.orthodb.org/?query=345547at7147
SUPER_2	232848416	232855103	D4	1047.7	+	https://v12-1.orthodb.org/?query=345709at7147
SUPER_3	176198345	176196959	D1	355.7	-	https://v12-1.orthodb.org/?query=345771at7147
SUPER_1	12479385	12481885	NA	308.0	+	https://v12-1.orthodb.org/?query=345909at7147
SUPER_3	128512465	128517867	D1	172.5	+	https://v12-1.orthodb.org/?query=346045at7147
SUPER_3	4022749	4015782	D1	1965.0	-	https://v12-1.orthodb.org/?query=346119at7147
SUPER_1	165388118	165409224	D5	317.3	+	https://v12-1.orthodb.org/?query=346156at7147
SUPER_3	253039274	253020307	D3	356.7	-	https://v12-1.orthodb.org/?query=347134at7147
SUPER_2	152238738	152226654	NA	968.7	-	https://v12-1.orthodb.org/?query=347136at7147
SUPER_3	182631272	182632115	D3	230.5	+	https://v12-1.orthodb.org/?query=347246at7147
SUPER_2	276888778	276888181	D4	213.5	-	https://v12-1.orthodb.org/?query=347528at7147
SUPER_1	101287093	101288203	D5	472.0	+	https://v12-1.orthodb.org/?query=347673at7147
SUPER_2	108929303	108933690	D4	145.9	+	https://v12-1.orthodb.org/?query=347901at7147
SUPER_1	211361171	211407492	D3	315.5	+	https://v12-1.orthodb.org/?query=348025at7147
SUPER_2	299037199	299062810	NA	949.8	+	https://v12-1.orthodb.org/?query=348165at7147
SUPER_1	139660208	139661635	D5	158.9	+	https://v12-1.orthodb.org/?query=348171at7147
SUPER_3	261101640	261107968	D3	2088.0	+	https://v12-1.orthodb.org/?query=348238at7147
SUPER_1	138616443	138621279	D5	1087.9	+	https://v12-1.orthodb.org/?query=348417at7147
SUPER_3	8209906	8209129	D1	231.2	-	https://v12-1.orthodb.org/?query=348620at7147
SUPER_3	6484370	6487881	D1	718.5	+	https://v12-1.orthodb.org/?query=348693at7147
SUPER_1	258196516	258259258	D3	504.2	+	https://v12-1.orthodb.org/?query=348842at7147
SUPER_1	352631060	352664705	D3	599.8	+	https://v12-1.orthodb.org/?query=348892at7147
SUPER_2	3983760	3985474	D2	608.1	+	https://v12-1.orthodb.org/?query=348910at7147
SUPER_2	176795683	176956307	NA	789.6	+	https://v12-1.orthodb.org/?query=349066at7147
SUPER_X	6786071	6776915	D6	210.6	-	https://v12-1.orthodb.org/?query=349071at7147
SUPER_3	175720097	175712182	D1	191.4	-	https://v12-1.orthodb.org/?query=349133at7147
SUPER_1	208474460	208472749	D3	674.9	-	https://v12-1.orthodb.org/?query=349505at7147
SUPER_2	307391012	307387940	D4	959.0	-	https://v12-1.orthodb.org/?query=349613at7147
SUPER_2	307391012	307387940	D4	959.0	-	https://v12-1.orthodb.org/?query=349613at7147
SUPER_1	331942918	331938275	D4	935.1	-	https://v12-1.orthodb.org/?query=349613at7147
SUPER_1	331942918	331938275	D4	935.1	-	https://v12-1.orthodb.org/?query=349613at7147
SUPER_1	306793681	306796966	D3	677.2	+	https://v12-1.orthodb.org/?query=349975at7147
SUPER_2	310047416	310049340	D4	329.7	+	https://v12-1.orthodb.org/?query=350020at7147
SUPER_2	170183084	170133286	D2	491.5	-	https://v12-1.orthodb.org/?query=350442at7147
SUPER_2	185740452	185788541	D2	1299.1	+	https://v12-1.orthodb.org/?query=350615at7147
SUPER_3	297790020	297791409	D3	343.6	+	https://v12-1.orthodb.org/?query=350662at7147
SUPER_3	297801052	297791392	D3	1257.9	-	https://v12-1.orthodb.org/?query=350700at7147
SUPER_1	47424064	47418718	NA	481.4	-	https://v12-1.orthodb.org/?query=350773at7147
SUPER_1	226027017	226027969	D3	288.1	+	https://v12-1.orthodb.org/?query=350842at7147
SUPER_3	276814200	276808170	NA	241.2	-	https://v12-1.orthodb.org/?query=351037at7147
SUPER_1	337413522	337417649	D3	638.6	+	https://v12-1.orthodb.org/?query=351128at7147
SUPER_3	261906596	261907126	D3	135.4	+	https://v12-1.orthodb.org/?query=351540at7147
SUPER_2	45564808	45558090	D2	1469.8	-	https://v12-1.orthodb.org/?query=351734at7147
SUPER_1	2412935	2414129	D5	357.9	+	https://v12-1.orthodb.org/?query=351844at7147
SUPER_3	199872607	199871131	D3	216.2	-	https://v12-1.orthodb.org/?query=351859at7147
SUPER_2	164176395	164116479	NA	605.4	-	https://v12-1.orthodb.org/?query=351922at7147
SUPER_3	291659517	291658392	D3	212.3	-	https://v12-1.orthodb.org/?query=351939at7147
SUPER_2	352488037	352436973	D4	781.9	-	https://v12-1.orthodb.org/?query=352170at7147
SUPER_2	153261491	153263566	NA	741.7	+	https://v12-1.orthodb.org/?query=352487at7147
SUPER_X	1182611	1168785	D6	894.2	-	https://v12-1.orthodb.org/?query=352532at7147
SUPER_3	199442503	199406846	D3	591.5	-	https://v12-1.orthodb.org/?query=352780at7147
SUPER_3	156125114	156069841	NA	188.4	-	https://v12-1.orthodb.org/?query=352873at7147
SUPER_2	342722849	342723835	D4	377.4	+	https://v12-1.orthodb.org/?query=352923at7147
SUPER_2	336204429	336202854	D4	310.2	-	https://v12-1.orthodb.org/?query=353269at7147
SUPER_1	58307864	58310933	NA	385.7	+	https://v12-1.orthodb.org/?query=353371at7147
SUPER_2	354988328	354980181	D4	796.7	-	https://v12-1.orthodb.org/?query=354383at7147
SUPER_2	3314925	3318089	D2	348.3	+	https://v12-1.orthodb.org/?query=354891at7147
SUPER_2	89311451	89283140	D2	203.9	-	https://v12-1.orthodb.org/?query=355156at7147
SUPER_3	214491650	214493144	D3	243.1	+	https://v12-1.orthodb.org/?query=355206at7147
SUPER_1	148881332	148879540	D3	380.5	-	https://v12-1.orthodb.org/?query=355389at7147
SUPER_1	70067595	70031407	D5	579.1	-	https://v12-1.orthodb.org/?query=355470at7147
SUPER_3	97687617	97690185	D1	513.1	+	https://v12-1.orthodb.org/?query=355590at7147
SUPER_2	269942495	269939570	D4	506.6	-	https://v12-1.orthodb.org/?query=355693at7147
SUPER_1	28649260	28620488	D5	109.0	-	https://v12-1.orthodb.org/?query=355810at7147
SUPER_3	4148699	4098555	D1	175.1	-	https://v12-1.orthodb.org/?query=355935at7147
SUPER_2	85355780	85358702	D2	176.5	+	https://v12-1.orthodb.org/?query=356064at7147
