OZ078038.1	22521295	22521849	C7	260.7	+	NA
OZ078033.1	31431166	31433351	C1	394.9	+	NA
OZ078036.1	17280006	17249113	C3	454.5	-	NA
OZ078025.1	41885560	41887859	C4	765.8	+	NA
OZ078041.1	18604678	18607537	C1	723.4	+	NA
OZ078025.1	29790416	29788315	C3	555.1	-	NA
OZ078025.1	26950026	26979567	C3	500.7	+	NA
OZ078026.1	2026436	2026798	C7	197.8	+	NA
OZ078030.1	34243263	34241266	C7	728.0	-	NA
OZ078040.1	13416498	13420076	CX	1104.2	+	NA
OZ078031.1	30740719	30602288	C2	769.1	-	NA
OZ078026.1	26288575	26278949	C2	449.6	-	NA
OZ078039.1	24861708	24862369	C4	347.1	+	NA
OZ078033.1	30227427	30228862	C1	190.0	+	NA
OZ078026.1	23617195	23617632	C2	325.2	+	NA
OZ078041.1	17172773	17176056	C1	755.1	+	NA
OZ078032.1	2691504	2688142	C2	509.0	-	NA
OZ078032.1	2582058	2584868	C2	346.5	+	NA
OZ078033.1	22032558	22030274	C1	921.9	-	NA
OZ078036.1	8824383	8825330	C3	744.6	+	NA
OZ078026.1	8469272	8450234	C7	622.5	-	NA
OZ078025.1	5913175	5877962	C3	1210.1	-	NA
OZ078029.1	21229512	21230262	C6	344.1	+	NA
OZ078041.1	14497687	14498639	C1	343.7	+	NA
OZ078039.1	22029690	22031489	C4	677.0	+	NA
OZ078027.1	32833778	32837620	C4	756.6	+	NA
OZ078032.1	18060562	18059621	C2	606.7	-	NA
OZ078025.1	899558	901086	C4	584.7	+	NA
OZ078036.1	26930273	26929290	C3	391.6	-	NA
OZ078034.1	25168850	25168145	C5	469.8	-	NA
OZ078026.1	9886897	9883131	C7	976.1	-	NA
OZ078025.1	5783110	5774079	C3	1204.5	-	NA
OZ078037.1	27624481	27620862	C1	381.6	-	NA
OZ078025.1	41714371	41713486	C3	326.3	-	NA
OZ078027.1	5347473	5349159	C1	425.2	+	NA
OZ078032.1	35046399	35048110	C2	611.5	+	NA
OZ078028.1	16174166	16173754	C5	140.7	-	NA
OZ078025.1	4117364	4120556	C3	808.8	+	NA
OZ078039.1	7841823	7850354	C4	667.6	+	NA
OZ078033.1	19406897	19410594	C1	924.8	+	NA
OZ078029.1	25910387	25909847	C6	347.9	-	NA
OZ078033.1	28724341	28721426	C1	920.1	-	NA
OZ078025.1	41774003	41773529	UNASSIGNED	278.4	-	NA
OZ078027.1	32324558	32325609	C4	260.3	+	NA
OZ078038.1	7931207	7932160	C5	431.5	+	NA
OZ078031.1	24913252	24911512	C2	584.6	-	NA
OZ078025.1	646753	647619	C4	570.6	+	NA
OZ078033.1	32364164	32363577	C1	246.4	-	NA
OZ078035.1	20247409	20243873	C6	493.3	-	NA
OZ078029.1	35318027	35318727	C6	259.6	+	NA
OZ078029.1	32240540	32237054	C6	1203.5	-	NA
OZ078036.1	29269485	29270704	C3	426.9	+	NA
OZ078028.1	15850574	15850924	C5	250.8	+	NA
OZ078032.1	34763073	34763949	C3	343.1	+	NA
OZ078025.1	26738570	26739965	C4	615.0	+	NA
OZ078027.1	40169306	40171060	C3	931.2	+	NA
OZ078036.1	25472859	25474343	C3	380.6	+	NA
OZ078034.1	26206484	26207698	C5	752.3	+	NA
OZ078029.1	35160942	35160127	UNASSIGNED	464.8	-	NA
OZ078031.1	9753780	9750471	C2	1092.2	-	NA
OZ078036.1	25978876	25976114	C3	630.7	-	NA
OZ078036.1	25129410	25125230	C3	1592.9	-	NA
OZ078026.1	20139705	20140652	C2	230.8	+	NA
OZ078028.1	18145343	18146516	C1	466.1	+	NA
OZ078025.1	26501325	26497312	C4	414.5	-	NA
OZ078040.1	5210631	5221689	CX	2473.9	+	NA
OZ078027.1	5332562	5331117	C1	282.6	-	NA
OZ078025.1	646241	645720	C4	213.0	-	NA
OZ078040.1	6297097	6296537	CX	308.2	-	NA
OZ078031.1	9731227	9730672	C2	330.6	-	NA
OZ078025.1	851637	853421	C4	1331.4	+	NA
OZ078027.1	25397217	25405178	UNASSIGNED	609.4	+	NA
OZ078032.1	379295	378684	C2	309.0	-	NA
OZ078039.1	21120550	21121343	C4	435.9	+	NA
OZ078034.1	103677	101100	C5	834.9	-	NA
OZ078039.1	24316110	24314478	C4	322.4	-	NA
OZ078032.1	4083368	4084025	C2	440.5	+	NA
OZ078027.1	15480892	15463568	C1	794.2	-	NA
OZ078036.1	25397144	25395660	C3	523.4	-	NA
OZ078026.1	3558509	3549986	C7	730.5	-	NA
OZ078037.1	18563715	18565190	C1	652.1	+	NA
OZ078027.1	1830253	1838438	C1	1054.0	+	NA
OZ078040.1	14661225	14659861	CX	813.6	-	NA
OZ078041.1	12010077	12012451	C1	996.7	+	NA
OZ078034.1	16544260	16554020	C5	2087.7	+	NA
OZ078035.1	11377287	11376634	C6	391.8	-	NA
OZ078033.1	18202658	18200665	C1	623.2	-	NA
OZ078032.1	2555913	2552999	C2	343.5	-	NA
OZ078037.1	19286254	19285423	C1	292.7	-	NA
OZ078035.1	11327676	11330525	C6	733.8	+	NA
OZ078036.1	29972929	29975395	C3	1338.8	+	NA
OZ078042.1	14165983	14194223	C5	1833.8	+	NA
OZ078025.1	15713306	15692265	C4	748.0	-	NA
OZ078031.1	9554742	9549853	C2	1145.5	-	NA
OZ078025.1	619703	615819	C4	503.9	-	NA
OZ078032.1	32295870	32295249	C2	245.1	-	NA
OZ078028.1	15620263	15628067	C5	757.9	+	NA
OZ078025.1	35606960	35591258	C4	435.8	-	NA
OZ078040.1	3146371	3128794	CX	708.8	-	NA
OZ078032.1	357859	356145	C2	237.4	-	NA
OZ078026.1	1127854	1128905	UNASSIGNED	395.0	+	NA
OZ078031.1	1413227	1423057	C2	1097.8	+	NA
OZ078030.1	27504536	27507963	C7	864.0	+	NA
OZ078029.1	25911609	25914265	C6	1300.0	+	NA
OZ078032.1	22013738	22012623	C2	836.0	-	NA
OZ078028.1	24777032	24778686	C1	773.4	+	NA
OZ078027.1	29193433	29192598	C4	307.4	-	NA
OZ078036.1	19052384	19054209	C3	879.2	+	NA
OZ078030.1	27241488	27235702	C7	924.2	-	NA
OZ078031.1	17899060	17895713	C2	2367.5	-	NA
OZ078036.1	9327506	9324527	C3	659.9	-	NA
OZ078039.1	24498431	24497696	C4	366.2	-	NA
OZ078025.1	43167566	43173882	C4	330.4	+	NA
OZ078039.1	10892064	10891018	C4	498.9	-	NA
OZ078025.1	42840340	43005473	C4	1362.1	+	NA
OZ078033.1	7913098	7915158	C1	893.5	+	NA
OZ078027.1	30685853	30683364	C3	517.0	-	NA
OZ078030.1	42578	42051	C7	343.7	-	NA
OZ078028.1	25462291	25479296	C1	344.3	+	NA
OZ078025.1	147389	149712	C4	206.0	+	NA
OZ078028.1	24811675	24802942	C1	1754.3	-	NA
OZ078035.1	23669184	23674151	C7	702.7	+	NA
OZ078031.1	17667916	17668367	C2	253.0	+	NA
OZ078033.1	20405273	20406985	C1	372.3	+	NA
OZ078030.1	34500377	34504476	C7	1216.8	+	NA
OZ078033.1	21390096	21389228	C1	341.6	-	NA
OZ078042.1	16679931	16681657	C5	475.9	+	NA
OZ078028.1	26466138	26469007	C1	1677.5	+	NA
OZ078036.1	25488598	25491028	C3	681.3	+	NA
OZ078033.1	6840510	6837643	UNASSIGNED	338.6	-	NA
OZ078037.1	28346583	28353666	C1	892.6	+	NA
OZ078034.1	31715888	31715135	C5	247.1	-	NA
OZ078028.1	5804395	5800125	C1	547.6	-	NA
OZ078032.1	17505252	17450562	C2	537.4	-	NA
OZ078035.1	11386832	11389904	C6	860.5	+	NA
OZ078034.1	11588750	11593443	C5	431.9	+	NA
OZ078036.1	29594841	29596300	C3	543.2	+	NA
OZ078026.1	35531749	35535860	C2	945.5	+	NA
OZ078040.1	20466600	20468418	CX	768.1	+	NA
OZ078029.1	37707548	37706549	C6	369.5	-	NA
OZ078026.1	455332	468799	C7	952.2	+	NA
OZ078026.1	34112113	34111450	C2	326.8	-	NA
OZ078041.1	16165295	16069988	C1	709.5	-	NA
OZ078027.1	30910592	30904842	C3	1534.1	-	NA
OZ078034.1	21891099	21887167	C5	926.2	-	NA
OZ078035.1	7893796	7901372	C6	2122.1	+	NA
OZ078029.1	38217064	38215996	C6	320.6	-	NA
OZ078025.1	14839382	14799588	C3	1221.2	-	NA
OZ078029.1	34624906	34626143	C3	725.0	+	NA
OZ078031.1	36922213	36909632	C2	645.5	-	NA
OZ078029.1	38208914	38207142	C6	847.7	-	NA
OZ078030.1	30126192	30121911	C7	316.5	-	NA
OZ078029.1	24420787	24420319	C3	170.6	-	NA
OZ078025.1	38509860	38511218	C4	558.7	+	NA
OZ078040.1	7129596	7069863	CX	3365.5	-	NA
OZ078032.1	34556582	34554079	UNASSIGNED	277.2	-	NA
OZ078028.1	25048298	25040207	C1	759.5	-	NA
OZ078026.1	35810467	35674811	C2	4080.0	-	NA
OZ078026.1	24137020	24136089	C2	471.6	-	NA
OZ078041.1	17952207	17953400	C1	699.5	+	NA
OZ078027.1	16210274	16205854	C1	821.0	-	NA
OZ078028.1	18223364	18220931	C1	968.4	-	NA
OZ078033.1	24581522	24580983	C1	210.4	-	NA
OZ078039.1	9035443	9044268	C4	843.1	+	NA
OZ078031.1	26692059	26690648	C2	446.1	-	NA
OZ078041.1	11241050	11239192	C1	595.5	-	NA
OZ078029.1	32192690	32193956	C6	649.6	+	NA
OZ078041.1	14242496	14245213	C1	618.6	+	NA
OZ078032.1	19523889	19519827	C2	1108.0	-	NA
OZ078032.1	19135353	19123720	C2	445.6	-	NA
OZ078036.1	15617748	15619067	C3	474.1	+	NA
OZ078033.1	32094453	32085596	C1	1343.2	-	NA
OZ078042.1	14642366	14638348	UNASSIGNED	565.2	-	NA
OZ078032.1	33610929	33623389	C2	490.7	+	NA
OZ078028.1	32522192	32521687	C1	278.2	-	NA
OZ078026.1	247096	250462	C7	493.7	+	NA
OZ078040.1	6101582	6107213	CX	2983.5	+	NA
OZ078030.1	37476854	37476024	C4	264.0	-	NA
OZ078040.1	6171227	6172530	CX	775.2	+	NA
OZ078025.1	4249399	4253110	C3	287.3	+	NA
OZ078025.1	1945284	1943060	C4	835.6	-	NA
OZ078025.1	1945284	1943060	C4	835.6	-	NA
OZ078038.1	8028079	8025946	C4	778.0	-	NA
OZ078038.1	8028079	8025946	C4	778.0	-	NA
OZ078027.1	33028515	33039076	C4	437.7	+	NA
OZ078030.1	33256112	33255328	UNASSIGNED	405.5	-	NA
OZ078032.1	17829127	17839771	C2	979.6	+	NA
OZ078025.1	9736824	9723521	C4	676.7	-	NA
OZ078041.1	12335158	12333800	C1	912.1	-	NA
OZ078036.1	20588153	20586803	C3	580.7	-	NA
OZ078034.1	1505940	1504134	C5	352.5	-	NA
OZ078034.1	29707864	29704990	C5	581.2	-	NA
OZ078036.1	10294269	10295882	C3	321.6	+	NA
OZ078032.1	25487762	25375703	C2	1000.9	-	NA
OZ078027.1	8992870	9001723	C1	455.7	+	NA
OZ078036.1	19936035	19937575	C3	551.5	+	NA
OZ078028.1	31586370	31588254	C1	664.1	+	NA
OZ078028.1	34430982	34430345	C1	175.8	-	NA
OZ078033.1	6683095	6684289	C1	619.5	+	NA
OZ078037.1	2667949	2630120	C1	643.7	-	NA
OZ078035.1	22713010	22714005	C7	462.5	+	NA
OZ078030.1	29862811	29869792	C7	2088.1	+	NA
OZ078026.1	38345418	38354765	C2	2383.4	+	NA
OZ078030.1	3287734	3157599	C7	365.7	-	NA
OZ078036.1	23885302	23827573	C3	296.6	-	NA
OZ078030.1	99234	100810	C5	177.9	+	NA
OZ078025.1	38742820	38741619	C4	428.0	-	NA
OZ078026.1	7817174	7820143	C7	332.9	+	NA
OZ078040.1	16132717	16134325	CX	278.6	+	NA
OZ078030.1	171177	140525	C5	531.3	-	NA
OZ078037.1	28400260	28401535	C1	290.3	+	NA
OZ078039.1	12419420	12421381	C4	748.4	+	NA
OZ078040.1	5708167	5710256	CX	1015.9	+	NA
OZ078034.1	39007	40098	C5	541.5	+	NA
OZ078041.1	15673024	15674161	C1	556.4	+	NA
OZ078042.1	16269274	16269532	C5	134.7	+	NA
OZ078031.1	28493043	28491400	C2	860.3	-	NA
OZ078029.1	31272828	31269355	C3	688.3	-	NA
OZ078039.1	22895801	22897317	C4	696.7	+	NA
OZ078033.1	27116787	27109050	C1	1225.4	-	NA
OZ078034.1	185082	187308	C5	728.2	+	NA
OZ078032.1	12793221	12796657	C2	327.4	+	NA
OZ078030.1	37983435	37976461	C4	1276.8	-	NA
OZ078036.1	28644211	28621563	C3	639.0	-	NA
OZ078039.1	15983104	15981570	C4	444.3	-	NA
OZ078030.1	37879639	37878254	C4	299.3	-	NA
OZ078036.1	24590474	24591342	C3	178.8	+	NA
OZ078028.1	2293222	2293692	C1	244.0	+	NA
OZ078026.1	34912699	34901584	C2	1340.8	-	NA
OZ078030.1	33250128	33246016	C7	209.9	-	NA
OZ078042.1	17023612	17031633	C5	1731.5	+	NA
OZ078033.1	31746874	31743273	C1	423.8	-	NA
CAXMWO010000001.1	963542	964042	C4	261.9	+	NA
OZ078025.1	279774	282919	C4	443.1	+	NA
OZ078027.1	38474865	38472589	C3	833.4	-	NA
OZ078032.1	19506639	19507562	C2	276.9	+	NA
OZ078040.1	16232924	16241276	CX	885.4	+	NA
OZ078038.1	25895561	25894650	C6	453.8	-	NA
OZ078030.1	27424041	27422748	C7	479.4	-	NA
OZ078027.1	2659163	2662967	C1	857.8	+	NA
OZ078039.1	16754396	16755151	C4	449.4	+	NA
OZ078025.1	32520230	32524419	C4	875.5	+	NA
OZ078032.1	18716127	18719749	UNASSIGNED	1225.4	+	NA
OZ078031.1	25978076	25970701	C2	442.1	-	NA
OZ078027.1	26988463	26993197	C4	172.4	+	NA
OZ078027.1	31060203	31057537	C4	997.2	-	NA
OZ078027.1	25275048	25270560	C4	503.5	-	NA
OZ078038.1	22484639	22487955	C6	889.0	+	NA
OZ078027.1	2647124	2645946	C1	733.7	-	NA
OZ078033.1	28552045	28556248	C1	1145.9	+	NA
OZ078034.1	31376548	31381595	C5	2556.8	+	NA
OZ078031.1	16318616	16319988	C2	580.3	+	NA
OZ078026.1	191648	187844	C7	1214.6	-	NA
OZ078026.1	30028013	30029893	C2	372.5	+	NA
OZ078030.1	34675439	34686802	C4	1157.4	+	NA
OZ078032.1	9476497	9480826	C2	876.7	+	NA
OZ078033.1	21125038	21123852	C1	568.2	-	NA
OZ078029.1	37431507	37428736	C6	627.1	-	NA
OZ078041.1	14578929	14563552	C1	665.6	-	NA
OZ078036.1	28589897	28586660	C3	756.0	-	NA
OZ078039.1	13859126	13861870	C4	430.7	+	NA
OZ078038.1	8859663	8856476	C6	467.3	-	NA
OZ078030.1	27182678	27187750	C7	649.7	+	NA
OZ078026.1	39164050	39165062	C2	258.4	+	NA
OZ078038.1	12140067	12141407	C6	432.2	+	NA
OZ078031.1	24552628	24649699	C2	861.2	+	NA
OZ078034.1	17137479	17251582	C5	2206.7	+	NA
OZ078029.1	4682880	4656195	C3	407.5	-	NA
OZ078038.1	22917866	22915774	C6	965.9	-	NA
OZ078026.1	22911967	22911372	C2	250.8	-	NA
OZ078032.1	20613044	20614175	C2	178.1	+	NA
OZ078025.1	26770657	26771584	C4	283.0	+	NA
OZ078032.1	34729092	34729916	C2	463.0	+	NA
OZ078041.1	12762540	12769655	C1	2388.9	+	NA
OZ078037.1	18621716	18623362	C1	566.0	+	NA
OZ078041.1	11797618	11807368	C7	670.3	+	NA
OZ078028.1	22047587	22047907	C1	223.2	+	NA
OZ078039.1	15983784	15984588	C4	306.9	+	NA
OZ078033.1	31769481	31771377	C1	431.1	+	NA
OZ078036.1	20593296	20592457	C3	535.3	-	NA
OZ078037.1	27988225	27988932	C1	351.0	+	NA
OZ078037.1	17121557	17124272	C1	1036.4	+	NA
OZ078026.1	3186381	3184426	C7	458.2	-	NA
OZ078037.1	27823029	27866359	C1	580.4	+	NA
OZ078029.1	29860257	29860785	C6	251.2	+	NA
OZ078036.1	29619855	29616750	C3	426.2	-	NA
OZ078028.1	29387425	29388324	C1	320.7	+	NA
OZ078040.1	16862554	16865415	CX	623.7	+	NA
OZ078027.1	10093625	10090400	C1	572.8	-	NA
OZ078029.1	20878315	20876522	C3	770.2	-	NA
OZ078029.1	38131604	38135482	C6	780.9	+	NA
OZ078036.1	27964416	27963445	C3	513.0	-	NA
OZ078036.1	15617444	15616601	C3	410.0	-	NA
OZ078039.1	18832957	18833682	C4	549.4	+	NA
OZ078032.1	14167488	14176421	C2	386.4	+	NA
OZ078025.1	42374380	42375277	C4	432.2	+	NA
OZ078029.1	35963832	35971745	C6	854.6	+	NA
OZ078028.1	38739591	38740229	C1	319.0	+	NA
OZ078025.1	2406456	2412910	C4	1300.0	+	NA
OZ078036.1	8762374	8775717	C3	2091.9	+	NA
OZ078026.1	37137013	37135215	C2	760.1	-	NA
OZ078030.1	3806700	3822003	C5	986.2	+	NA
OZ078030.1	2201660	2210460	C5	1042.4	+	NA
OZ078029.1	25187662	25186257	C6	690.6	-	NA
OZ078029.1	18078127	18075082	C3	825.1	-	NA
OZ078032.1	19503776	19502164	UNASSIGNED	635.1	-	NA
OZ078027.1	52474	51301	C3	629.4	-	NA
OZ078036.1	19913377	19911871	C3	474.8	-	NA
OZ078035.1	29764787	29770709	C6	789.2	+	NA
OZ078036.1	19183219	19174651	C3	785.7	-	NA
OZ078035.1	22739001	22740227	C1	502.8	+	NA
OZ078025.1	15163460	15166471	C4	548.8	+	NA
OZ078033.1	21328315	21333014	C1	1538.8	+	NA
OZ078027.1	34764042	34739468	C4	786.2	-	NA
OZ078029.1	20884277	20881064	C3	1757.2	-	NA
OZ078040.1	9504424	9503882	CX	408.0	-	NA
OZ078041.1	13569948	13570700	C1	446.9	+	NA
OZ078025.1	38470847	38482159	C4	1690.2	+	NA
OZ078029.1	29257519	29253741	C6	1221.9	-	NA
OZ078036.1	8841336	8845236	C3	247.0	+	NA
OZ078040.1	11513125	11514498	CX	500.8	+	NA
OZ078027.1	37323629	37312030	C3	762.5	-	NA
OZ078036.1	25969835	25968942	C3	379.2	-	NA
OZ078040.1	13544613	13543124	CX	952.8	-	NA
OZ078036.1	7197565	7201287	C3	394.4	+	NA
OZ078033.1	7921345	7922075	C1	304.1	+	NA
OZ078028.1	32507076	32506017	C1	397.1	-	NA
OZ078027.1	33246296	33249205	C4	279.9	+	NA
OZ078028.1	18556402	18555564	C1	247.8	-	NA
OZ078041.1	9389334	9381963	C1	640.7	-	NA
OZ078040.1	6198228	6199880	CX	914.5	+	NA
OZ078035.1	11392145	11390806	C6	441.8	-	NA
OZ078025.1	41816159	41819080	C4	956.6	+	NA
OZ078026.1	1744649	1625014	C7	790.3	-	NA
OZ078035.1	25643631	25644275	C7	268.8	+	NA
OZ078026.1	37170479	37174983	C2	591.9	+	NA
OZ078025.1	42382594	42381002	C4	250.4	-	NA
OZ078028.1	31416278	31417348	C1	712.4	+	NA
OZ078034.1	15096164	15110313	C5	2223.6	+	NA
OZ078040.1	12008894	12018819	CX	3370.9	+	NA
OZ078034.1	17755530	17753353	C5	450.5	-	NA
OZ078028.1	14177786	14177349	C1	197.7	-	NA
OZ078025.1	4111100	4096307	C3	1966.1	-	NA
OZ078034.1	20167653	20173800	C5	1359.3	+	NA
OZ078038.1	12084514	12083672	C6	469.3	-	NA
OZ078028.1	25312086	25308895	C1	1010.6	-	NA
OZ078032.1	105862	101793	C2	882.1	-	NA
OZ078031.1	501780	502598	C2	220.5	+	NA
OZ078028.1	26499662	26500093	C1	172.0	+	NA
OZ078026.1	3176036	3177642	C7	554.5	+	NA
OZ078034.1	18672945	18672083	C5	435.0	-	NA
OZ078027.1	32029314	32026811	C4	514.7	-	NA
OZ078027.1	8689504	8697860	C1	650.1	+	NA
OZ078034.1	30212217	30208884	C5	253.1	-	NA
OZ078029.1	18176919	18178456	C3	908.0	+	NA
OZ078033.1	29753669	29746442	C1	941.7	-	NA
OZ078036.1	8822498	8819592	C3	1946.0	-	NA
OZ078030.1	36794616	36792756	C4	759.7	-	NA
OZ078036.1	29620483	29622389	C3	521.7	+	NA
OZ078027.1	38553532	38537713	C3	512.7	-	NA
OZ078033.1	10401589	10405945	C1	962.6	+	NA
OZ078038.1	12235092	12249129	C6	1770.3	+	NA
OZ078027.1	23296549	23295902	C4	281.4	-	NA
OZ078035.1	12780326	12781242	C6	249.9	+	NA
OZ078026.1	35633644	35621414	C2	951.6	-	NA
OZ078037.1	28059754	28065990	C1	434.3	+	NA
OZ078025.1	38175883	38178846	C4	924.9	+	NA
OZ078036.1	28891274	28889600	C3	600.5	-	NA
OZ078039.1	10860398	10865350	C4	1027.7	+	NA
OZ078032.1	34734309	34733517	C2	329.7	-	NA
OZ078039.1	10877115	10875727	C4	860.2	-	NA
OZ078033.1	27270005	27267797	C1	1131.7	-	NA
OZ078034.1	31396804	31395623	C5	413.4	-	NA
OZ078041.1	15020314	15012397	C1	1659.0	-	NA
OZ078028.1	37768611	37766029	C1	693.1	-	NA
OZ078040.1	22216240	22215023	UNASSIGNED	567.1	-	NA
OZ078026.1	225845	224214	C7	384.6	-	NA
OZ078028.1	32505355	32504531	C1	527.5	-	NA
OZ078027.1	35265502	35259918	C4	1507.7	-	NA
OZ078038.1	27245066	27246906	C6	923.9	+	NA
OZ078027.1	111593	110065	C3	632.2	-	NA
OZ078036.1	28043212	28045301	C3	389.5	+	NA
OZ078036.1	8789890	8782037	C3	580.6	-	NA
OZ078040.1	22560889	22559944	CX	206.8	-	NA
OZ078027.1	10087969	10082326	C1	2028.3	-	NA
OZ078038.1	928974	985217	C5	880.1	+	NA
OZ078034.1	17915628	17918759	C5	997.3	+	NA
OZ078026.1	38629569	38623898	C2	1273.8	-	NA
OZ078038.1	21598692	21620315	C6	815.6	+	NA
OZ078031.1	9426001	9422782	C2	999.3	-	NA
OZ078041.1	14041968	14043566	C1	523.9	+	NA
OZ078029.1	18054053	18056036	C3	696.8	+	NA
OZ078040.1	14670785	14668474	CX	999.7	-	NA
OZ078040.1	8473473	8475036	CX	278.5	+	NA
OZ078032.1	31441941	31444012	C2	550.6	+	NA
OZ078041.1	11971837	11966540	C1	717.6	-	NA
OZ078030.1	37948117	37947516	C4	208.6	-	NA
OZ078029.1	31718208	31716835	C3	283.8	-	NA
OZ078036.1	29858165	29859760	C3	682.6	+	NA
OZ078027.1	28483799	28474342	C4	1714.5	-	NA
OZ078026.1	5090254	5075789	C7	800.2	-	NA
OZ078031.1	19437166	19444182	C2	1475.3	+	NA
OZ078033.1	32097384	32098295	C1	445.4	+	NA
OZ078036.1	29467141	29465431	C3	338.6	-	NA
OZ078042.1	17241309	17238871	UNASSIGNED	1583.3	-	NA
OZ078026.1	30701624	30704140	C2	1216.3	+	NA
OZ078035.1	8274694	8264039	C6	839.9	-	NA
OZ078031.1	27087622	26963596	C2	908.3	-	NA
OZ078030.1	22194354	22341749	C4	1403.7	+	NA
OZ078025.1	4116095	4112251	C3	915.4	-	NA
OZ078034.1	16481813	16483074	C5	617.1	+	NA
OZ078028.1	34071247	34074189	C5	951.6	+	NA
OZ078033.1	28420172	28419265	C1	201.0	-	NA
OZ078040.1	6336199	6328036	CX	349.8	-	NA
OZ078032.1	2483671	2466722	C2	347.3	-	NA
OZ078040.1	5622534	5624992	CX	1062.5	+	NA
OZ078031.1	15216927	15214162	C2	808.8	-	NA
OZ078040.1	16260427	16267079	CX	876.8	+	NA
OZ078028.1	12849939	12835007	C1	885.3	-	NA
OZ078037.1	26254091	26252767	C1	796.4	-	NA
OZ078031.1	243550	226297	C2	1870.5	-	NA
OZ078029.1	37983463	37985297	C6	527.8	+	NA
OZ078037.1	28406106	28402023	C1	933.8	-	NA
OZ078040.1	18448931	18445654	CX	758.6	-	NA
OZ078035.1	25624987	25614583	C7	697.1	-	NA
OZ078028.1	14207777	14208539	C1	456.0	+	NA
OZ078025.1	14172268	14168555	C3	302.2	-	NA
OZ078030.1	63590	68296	C5	1091.3	+	NA
OZ078032.1	34748481	34745200	C2	1401.4	-	NA
OZ078028.1	20948388	20944950	C1	1336.2	-	NA
OZ078036.1	29846465	29848458	C3	638.1	+	NA
OZ078033.1	27271062	27270325	C1	354.2	-	NA
OZ078039.1	24618114	24633562	C4	396.2	+	NA
OZ078037.1	28356707	28359000	C1	591.4	+	NA
OZ078025.1	30313205	30309924	C3	1142.3	-	NA
OZ078027.1	112364	114185	C3	986.6	+	NA
OZ078032.1	17685492	17683370	C2	633.1	-	NA
OZ078040.1	6226111	6224821	CX	619.6	-	NA
OZ078033.1	6860788	6854466	C1	561.5	-	NA
OZ078029.1	37979436	37982132	C6	934.7	+	NA
OZ078026.1	6651228	6653874	C7	295.1	+	NA
OZ078034.1	13492194	13493543	C5	651.9	+	NA
OZ078035.1	4963503	4972673	C6	856.8	+	NA
OZ078039.1	8320080	8320703	C4	230.9	+	NA
OZ078040.1	14711052	14706867	UNASSIGNED	1147.9	-	NA
OZ078028.1	39139622	39138148	C1	288.0	-	NA
OZ078026.1	92210	93454	C7	758.3	+	NA
OZ078033.1	24954965	24953638	C1	594.6	-	NA
OZ078041.1	14561360	14559072	C1	711.5	-	NA
OZ078027.1	28233356	28235006	C4	215.7	+	NA
OZ078041.1	14252543	14257913	C1	354.0	+	NA
OZ078028.1	10216871	10233523	C1	1406.5	+	NA
OZ078038.1	25146933	25143823	C6	1030.3	-	NA
OZ078030.1	38255784	38257139	C7	932.6	+	NA
OZ078027.1	8849439	8855123	C1	670.7	+	NA
OZ078030.1	31038414	31039334	C7	476.3	+	NA
OZ078035.1	25611386	25612666	UNASSIGNED	404.8	+	NA
OZ078040.1	19603507	19605702	CX	721.6	+	NA
OZ078029.1	32145769	32145149	C3	409.2	-	NA
OZ078031.1	8358033	8356901	C2	741.3	-	NA
OZ078032.1	31495702	31494137	C2	694.7	-	NA
OZ078037.1	21586885	21550531	C1	959.3	-	NA
OZ078028.1	30398322	30395990	C1	521.1	-	NA
OZ078030.1	36735822	36732825	C4	428.5	-	NA
OZ078036.1	28068104	28069841	C3	627.0	+	NA
OZ078025.1	27028614	27029923	C4	553.4	+	NA
OZ078035.1	21769592	21772415	C2	1417.3	+	NA
OZ078032.1	14816900	14821085	C2	2599.3	+	NA
OZ078036.1	19045874	19047853	C3	1047.7	+	NA
OZ078033.1	25431790	25433388	C1	701.6	+	NA
OZ078031.1	17670078	17668643	C2	425.2	-	NA
OZ078033.1	27594209	27594975	C1	396.2	+	NA
OZ078040.1	13268012	13277916	CX	328.9	+	NA
OZ078029.1	33524183	33437074	C3	900.7	-	NA
OZ078038.1	16825721	16830927	C6	1675.9	+	NA
OZ078027.1	30856533	30858243	C4	303.5	+	NA
OZ078028.1	12624948	12617746	C1	514.3	-	NA
OZ078035.1	10223132	10224879	C6	445.6	+	NA
OZ078033.1	31675931	31675599	C1	212.7	-	NA
OZ078028.1	27516702	27514946	C1	613.0	-	NA
OZ078027.1	5346313	5344698	C1	408.2	-	NA
OZ078027.1	3106745	3101532	C1	606.5	-	NA
OZ078026.1	37250453	37259102	C2	298.1	+	NA
OZ078027.1	11263996	11175899	C1	781.0	-	NA
OZ078027.1	16221216	16240554	C1	1388.0	+	NA
OZ078041.1	7513007	7516047	C1	667.8	+	NA
OZ078026.1	217302	221334	C7	758.5	+	NA
OZ078038.1	21722333	21714015	C6	504.8	-	NA
OZ078042.1	14503454	14487614	C5	627.0	-	NA
OZ078030.1	19546877	19547737	C4	518.0	+	NA
OZ078031.1	9773597	9770774	C2	1234.6	-	NA
OZ078042.1	16672499	16674816	C5	916.0	+	NA
OZ078031.1	27391643	27377848	C2	334.8	-	NA
OZ078034.1	22434218	22435371	C5	387.6	+	NA
OZ078037.1	27632932	27634578	C1	1045.4	+	NA
OZ078025.1	30006560	30010093	C3	497.8	+	NA
OZ078026.1	35644350	35655528	C2	1267.4	+	NA
OZ078032.1	34013481	34014685	C2	807.7	+	NA
OZ078032.1	34877270	34878027	C2	337.7	+	NA
OZ078040.1	13693073	13694912	CX	393.7	+	NA
OZ078037.1	25052105	25099017	C1	822.5	+	NA
OZ078032.1	4032283	4038077	C2	529.2	+	NA
OZ078029.1	38221697	38270720	C6	1960.4	+	NA
OZ078031.1	23319049	23320224	C2	721.1	+	NA
OZ078034.1	30379844	30384380	C5	1286.8	+	NA
OZ078036.1	3236086	3238378	C3	297.2	+	NA
OZ078035.1	7874693	7882532	C6	863.6	+	NA
OZ078038.1	8846147	8846674	UNASSIGNED	169.8	+	NA
OZ078028.1	12166789	12293218	C1	1138.7	+	NA
OZ078042.1	16950106	16948575	C5	581.2	-	NA
OZ078033.1	17385841	17404575	C1	613.9	+	NA
OZ078028.1	30243972	30145117	C1	1567.1	-	NA
OZ078039.1	17448353	17450004	C4	825.3	+	NA
OZ078038.1	5057061	5059856	C5	738.6	+	NA
OZ078028.1	25061968	25053427	C1	1666.5	-	NA
OZ078031.1	9492218	9494872	C2	1502.8	+	NA
OZ078025.1	29979467	29978884	C4	320.6	-	NA
OZ078032.1	20594616	20592241	C2	579.6	-	NA
OZ078028.1	21077668	21076349	C1	563.9	-	NA
OZ078036.1	26695047	26693562	C3	644.7	-	NA
OZ078026.1	1068719	1067581	C7	297.2	-	NA
OZ078035.1	11363886	11360870	C6	924.0	-	NA
OZ078030.1	16322428	16341330	C5	841.3	+	NA
OZ078033.1	23239854	23243367	C1	904.1	+	NA
OZ078037.1	25568941	25570422	C1	404.8	+	NA
OZ078038.1	23404820	23400025	UNASSIGNED	1617.1	-	NA
OZ078038.1	27353282	27355275	C6	648.5	+	NA
OZ078038.1	7865808	7862921	C5	395.8	-	NA
OZ078028.1	14170657	14169507	C1	598.1	-	NA
OZ078033.1	31779980	31782958	C1	1014.8	+	NA
OZ078036.1	24448467	24449056	C3	362.6	+	NA
OZ078031.1	32672979	32670009	C2	816.2	-	NA
OZ078034.1	17752615	17751844	UNASSIGNED	276.0	-	NA
OZ078030.1	30786069	30783101	C7	272.3	-	NA
OZ078039.1	22898734	22897615	C4	381.5	-	NA
OZ078040.1	22923038	22927756	CX	695.3	+	NA
OZ078026.1	38619381	38618620	C2	449.9	-	NA
OZ078030.1	27527536	27532189	C7	1415.5	+	NA
OZ078034.1	27924788	27920317	C5	425.7	-	NA
OZ078035.1	26059545	26058781	C1	358.4	-	NA
OZ078039.1	17324278	17324745	C4	199.8	+	NA
OZ078031.1	12503965	12502072	C2	467.2	-	NA
OZ078029.1	37750514	37749812	C6	344.3	-	NA
OZ078025.1	31173491	31171258	C3	512.1	-	NA
OZ078038.1	224412	220956	C6	1194.2	-	NA
OZ078027.1	34212260	34203082	C4	972.0	-	NA
OZ078030.1	16321065	16320619	C5	183.9	-	NA
OZ078030.1	27656910	27670952	C7	1052.9	+	NA
OZ078030.1	27656910	27670952	C7	1052.9	+	NA
OZ078029.1	2563593	2613245	C7	963.5	+	NA
OZ078029.1	2563593	2613245	C7	963.5	+	NA
OZ078028.1	25122016	25123787	C1	518.2	+	NA
OZ078026.1	5600604	5618157	UNASSIGNED	1420.4	+	NA
OZ078032.1	35754751	35755306	UNASSIGNED	278.7	+	NA
OZ078029.1	16058228	16060861	C3	1140.5	+	NA
OZ078035.1	19355038	19385578	C6	1152.6	+	NA
OZ078035.1	1924813	1931769	C1	1522.4	+	NA
OZ078041.1	7377517	7378873	C1	432.5	+	NA
OZ078042.1	13412747	13404026	C5	969.2	-	NA
OZ078035.1	26615651	26617670	C7	492.0	+	NA
OZ078029.1	21155940	21157159	C6	358.2	+	NA
OZ078042.1	13124995	13138556	C5	1159.4	+	NA
OZ078029.1	32456393	32458755	C6	869.3	+	NA
OZ078039.1	9955475	9953804	C4	1009.8	-	NA
OZ078035.1	22699438	22705588	C7	254.9	+	NA
OZ078031.1	28627291	28628990	C2	484.7	+	NA
OZ078030.1	36854199	36858809	C4	1453.5	+	NA
OZ078037.1	27429289	27430527	C1	515.2	+	NA
OZ078026.1	35600338	35607748	C2	940.4	+	NA
OZ078039.1	21987864	21987155	C4	323.8	-	NA
OZ078042.1	16805143	16805862	C7	301.3	+	NA
OZ078029.1	34622147	34623268	C3	752.9	+	NA
OZ078030.1	268170	282054	C5	1036.8	+	NA
OZ078030.1	10577459	10593668	C5	1721.0	+	NA
OZ078025.1	44576969	44583313	C4	2119.5	+	NA
OZ078040.1	19788818	19792136	CX	1005.0	+	NA
OZ078036.1	29099454	29096898	C3	1159.1	-	NA
OZ078035.1	10259745	10258638	C6	372.3	-	NA
OZ078027.1	36159442	36156415	C3	716.9	-	NA
OZ078033.1	18951633	18947291	C1	1773.6	-	NA
OZ078040.1	22556435	22558602	CX	827.9	+	NA
OZ078032.1	34876858	34874377	C2	1596.0	-	NA
OZ078033.1	31045076	31127415	UNASSIGNED	1607.6	+	NA
OZ078027.1	38567229	38573049	C3	1171.0	+	NA
OZ078040.1	11970851	11968010	CX	727.5	-	NA
OZ078026.1	298600	289437	C7	838.8	-	NA
OZ078026.1	138676	141307	C7	726.4	+	NA
OZ078032.1	28388498	28394525	C2	1588.1	+	NA
OZ078038.1	26186330	26187289	C6	557.7	+	NA
OZ078036.1	27959535	27960663	C3	508.9	+	NA
OZ078028.1	17240829	17234413	C5	716.2	-	NA
OZ078035.1	25487111	25485609	C7	869.1	-	NA
OZ078030.1	4899520	4890518	C5	1389.9	-	NA
OZ078029.1	37988487	37985639	C6	846.4	-	NA
OZ078030.1	31072	28581	C5	1070.8	-	NA
OZ078025.1	4253400	4252232	C3	337.2	-	NA
OZ078027.1	28577498	28571181	C4	881.6	-	NA
OZ078029.1	37743156	37741040	C6	437.1	-	NA
OZ078035.1	17498577	17494082	C6	397.3	-	NA
OZ078029.1	36320668	36317700	C6	542.7	-	NA
OZ078041.1	12358285	12359895	C1	622.2	+	NA
OZ078036.1	27573684	27574944	C3	158.1	+	NA
OZ078040.1	18366579	18364107	CX	601.1	-	NA
OZ078032.1	34776951	34775232	C2	1071.5	-	NA
OZ078032.1	34732729	34730403	C2	291.3	-	NA
OZ078038.1	16523704	16517720	C6	1117.6	-	NA
OZ078028.1	34008901	34022607	C1	2069.9	+	NA
OZ078028.1	30140678	30139175	C1	176.1	-	NA
OZ078040.1	20718410	20722113	CX	827.1	+	NA
OZ078027.1	10041461	10067696	C1	505.1	+	NA
OZ078027.1	17617057	17669697	C1	1227.3	+	NA
OZ078029.1	31103285	31098937	C3	1005.8	-	NA
OZ078030.1	3661044	3661974	C5	296.8	+	NA
OZ078034.1	14990853	14983058	C5	934.8	-	NA
OZ078038.1	25482134	25425253	C6	4751.6	-	NA
OZ078036.1	21070879	21180591	C3	1361.7	+	NA
OZ078035.1	23641596	23634992	C7	1628.5	-	NA
OZ078027.1	36147174	36150851	C3	1004.8	+	NA
OZ078036.1	29557243	29558423	C3	472.7	+	NA
OZ078033.1	27882172	27877210	C1	739.5	-	NA
OZ078025.1	38266453	38265247	C4	364.7	-	NA
OZ078040.1	9094037	9113259	CX	685.3	+	NA
OZ078030.1	25753042	25755865	C4	434.5	+	NA
OZ078041.1	9321072	9359857	C1	2067.8	+	NA
OZ078035.1	22798146	22803764	C7	213.2	+	NA
OZ078025.1	41829313	41828722	C4	304.9	-	NA
OZ078030.1	112724	110428	C5	805.6	-	NA
OZ078035.1	9278587	9271305	C6	135.1	-	NA
OZ078036.1	3265133	3246691	C3	670.1	-	NA
OZ078026.1	3592294	3580743	C7	1210.2	-	NA
OZ078041.1	9938944	9938252	C1	430.0	-	NA
OZ078028.1	12602529	12598909	C1	556.0	-	NA
OZ078035.1	14485875	14489993	C6	995.1	+	NA
OZ078029.1	24448197	24450108	C3	1133.5	+	NA
OZ078027.1	32412781	32414174	C4	700.9	+	NA
OZ078036.1	28953171	28951507	C3	401.6	-	NA
OZ078038.1	25410930	25415476	C6	692.5	+	NA
OZ078026.1	1183460	1182116	C7	275.8	-	NA
OZ078028.1	25538429	25537150	C2	397.1	-	NA
OZ078031.1	27191385	27156458	C2	554.0	-	NA
OZ078026.1	17684511	17682317	C2	746.5	-	NA
OZ078026.1	35952078	35955589	C2	589.5	+	NA
OZ078033.1	25263575	25262343	C1	755.7	-	NA
OZ078039.1	24564540	24561800	C4	1125.4	-	NA
OZ078027.1	11173216	11165191	C1	1592.3	-	NA
OZ078037.1	24344502	24251463	C1	1584.6	-	NA
OZ078027.1	17381474	17116972	C1	882.6	-	NA
OZ078035.1	11867524	11869035	C6	599.5	+	NA
OZ078026.1	2137528	2142991	C7	329.5	+	NA
OZ078037.1	13524819	13531848	C1	816.7	+	NA
OZ078041.1	11823285	11820609	C1	785.6	-	NA
OZ078028.1	29375336	29367441	C1	1096.7	-	NA
OZ078030.1	38183210	38185189	UNASSIGNED	529.2	+	NA
OZ078040.1	18143199	18145572	CX	570.1	+	NA
OZ078028.1	15745828	15759584	C5	762.4	+	NA
OZ078037.1	18532039	18526277	C1	1118.1	-	NA
OZ078035.1	16731990	16726023	C6	2006.9	-	NA
OZ078031.1	25952586	25955523	C2	738.4	+	NA
OZ078025.1	44725514	44730207	C4	647.1	+	NA
OZ078030.1	36721735	36725777	C4	614.6	+	NA
OZ078029.1	25487235	25488670	C6	576.8	+	NA
OZ078039.1	13931926	13935278	C4	392.8	+	NA
OZ078035.1	25227048	25235903	C7	1760.6	+	NA
OZ078038.1	25372048	25374036	C6	1242.7	+	NA
OZ078031.1	27138766	27133373	C2	1225.8	-	NA
OZ078027.1	34280034	34200496	C4	1117.1	-	NA
OZ078041.1	13557996	13554493	C1	612.9	-	NA
OZ078026.1	33579756	33513956	C2	1504.0	-	NA
OZ078040.1	10212311	10208096	CX	501.0	-	NA
OZ078025.1	26981828	26983387	C3	446.4	+	NA
OZ078025.1	32702729	32703784	C4	418.3	+	NA
OZ078036.1	27038385	27047503	C3	994.5	+	NA
OZ078035.1	735761	710688	C1	2758.0	-	NA
OZ078033.1	13196348	13269843	C1	345.1	+	NA
OZ078040.1	15252174	15235041	CX	1159.8	-	NA
OZ078036.1	8795903	8794630	UNASSIGNED	332.8	-	NA
OZ078026.1	5294621	5299025	C7	399.0	+	NA
OZ078028.1	30047271	30048980	C1	728.4	+	NA
OZ078032.1	31436005	31439456	C2	769.9	+	NA
OZ078030.1	28189937	28226088	C7	1005.0	+	NA
OZ078039.1	24328059	24340075	C4	1044.4	+	NA
OZ078025.1	30036855	30043426	C3	949.7	+	NA
OZ078031.1	25631730	25628665	C2	819.2	-	NA
OZ078030.1	29102724	29108097	C7	698.4	+	NA
OZ078035.1	21348551	21346241	C6	947.5	-	NA
OZ078030.1	16268181	16258864	C5	571.7	-	NA
OZ078037.1	23869018	23868549	C1	215.2	-	NA
OZ078036.1	29740280	29742081	C3	680.4	+	NA
OZ078036.1	29740280	29742081	C3	680.4	+	NA
OZ078026.1	13573487	13575540	C3	665.1	+	NA
OZ078026.1	13573487	13575540	C3	665.1	+	NA
OZ078036.1	28893867	28898061	C3	1056.0	+	NA
OZ078040.1	13416628	13413904	CX	743.6	-	NA
OZ078032.1	2754278	2748140	C2	361.0	-	NA
OZ078039.1	24478690	24476286	C4	559.5	-	NA
OZ078027.1	31045274	31044138	C3	445.4	-	NA
OZ078031.1	33578571	33588316	C2	1848.4	+	NA
OZ078032.1	35705857	35706816	UNASSIGNED	460.8	+	NA
OZ078029.1	21248594	21250513	C6	629.8	+	NA
OZ078026.1	35947253	35941118	C2	466.5	-	NA
OZ078040.1	13545969	13551687	CX	1719.7	+	NA
OZ078036.1	29972974	29971821	C3	248.2	-	NA
OZ078039.1	22428297	22423967	C4	1224.8	-	NA
OZ078027.1	7980229	7987722	C1	419.0	+	NA
OZ078029.1	37880093	37878325	C6	735.4	-	NA
OZ078038.1	14497244	14500406	C6	841.8	+	NA
OZ078036.1	24444500	24443603	C3	327.3	-	NA
OZ078036.1	6240180	6243902	C3	177.2	+	NA
OZ078040.1	13527336	13536173	CX	852.3	+	NA
OZ078032.1	35761749	35764321	C2	559.7	+	NA
OZ078040.1	4408523	4407349	CX	297.9	-	NA
OZ078026.1	36076621	36074236	C2	374.9	-	NA
OZ078030.1	3797203	3788253	C5	643.3	-	NA
OZ078038.1	7959368	7956649	C5	554.9	-	NA
OZ078028.1	34608274	34605532	C1	941.5	-	NA
OZ078041.1	17541257	17542513	C1	284.4	+	NA
OZ078029.1	34618664	34619541	C3	412.3	+	NA
OZ078031.1	29654345	29655640	C2	763.4	+	NA
OZ078031.1	36169041	36165163	C2	386.4	-	NA
OZ078040.1	11971393	11972647	CX	446.4	+	NA
OZ078040.1	21052721	21047497	CX	1871.2	-	NA
OZ078028.1	34251187	34256066	C1	718.9	+	NA
OZ078025.1	43010090	43007559	C4	943.8	-	NA
OZ078033.1	21091576	21089685	C1	477.2	-	NA
OZ078025.1	39785812	39787302	C4	611.3	+	NA
OZ078027.1	36142956	36144092	C3	678.9	+	NA
OZ078036.1	21435502	21433222	C3	871.8	-	NA
OZ078031.1	24395675	24395322	C2	247.0	-	NA
OZ078031.1	17707058	17705421	C2	895.5	-	NA
OZ078029.1	19540535	19539773	C3	354.6	-	NA
OZ078040.1	15369862	15375131	CX	308.9	+	NA
OZ078032.1	35709867	35710991	C2	544.2	+	NA
OZ078035.1	24584172	24540266	C7	1160.7	-	NA
OZ078031.1	17523719	17445669	C2	466.0	-	NA
OZ078032.1	30290817	30338789	C2	1404.4	+	NA
OZ078025.1	4524321	4499938	UNASSIGNED	608.7	-	NA
OZ078036.1	21459521	21454711	C3	336.2	-	NA
OZ078036.1	22163408	22138556	C3	641.4	-	NA
OZ078037.1	104230	103434	C1	415.7	-	NA
OZ078025.1	30311978	30315332	C3	1014.6	+	NA
OZ078033.1	3435781	3439332	C1	419.9	+	NA
OZ078029.1	32242042	32243626	C6	303.7	+	NA
OZ078040.1	6170173	6167953	UNASSIGNED	473.9	-	NA
OZ078042.1	16210151	16202664	C5	480.9	-	NA
OZ078025.1	24596292	24596924	C4	307.2	+	NA
OZ078033.1	31574423	31642383	C1	1185.5	+	NA
OZ078032.1	20515034	20516781	C2	1021.3	+	NA
OZ078035.1	20393398	20392315	C6	545.9	-	NA
OZ078041.1	9084525	9089159	C1	1369.3	+	NA
OZ078026.1	40051922	40052587	C2	414.0	+	NA
OZ078025.1	34896714	34897286	C3	355.8	+	NA
OZ078028.1	16175955	16211262	C5	654.1	+	NA
OZ078026.1	35560530	35561506	C2	145.4	+	NA
OZ078036.1	15549803	15546651	C3	793.2	-	NA
OZ078032.1	4089896	4087193	C2	1660.8	-	NA
OZ078027.1	32019847	32022422	C4	1084.1	+	NA
OZ078025.1	34815008	34809551	C3	838.1	-	NA
OZ078036.1	29212954	29206980	C3	360.7	-	NA
OZ078029.1	34632741	34633512	C3	361.3	+	NA
OZ078025.1	32862298	32861896	C4	146.2	-	NA
OZ078030.1	837555	840740	C5	431.7	+	NA
OZ078030.1	35024634	35032677	C4	957.5	+	NA
OZ078042.1	10595530	10632531	C5	1133.8	+	NA
OZ078041.1	15595092	15592677	C1	1091.5	-	NA
OZ078026.1	27452558	27420156	C2	341.2	-	NA
OZ078032.1	34620036	34619022	C2	550.5	-	NA
OZ078036.1	2520071	2495892	C3	913.3	-	NA
OZ078026.1	1043987	1029401	C7	440.7	-	NA
OZ078026.1	38617976	38618461	C2	216.4	+	NA
OZ078028.1	22478938	22474921	C1	518.0	-	NA
OZ078034.1	255812	194144	C5	920.6	-	NA
OZ078035.1	11334919	11333908	C6	333.3	-	NA
OZ078030.1	27191301	27190054	C7	407.5	-	NA
OZ078027.1	43213	50731	C3	1290.7	+	NA
OZ078025.1	752077	721979	C4	1364.6	-	NA
OZ078026.1	27379545	27383003	C2	826.7	+	NA
OZ078025.1	32710884	32706981	C4	166.5	-	NA
OZ078036.1	29274093	29294589	C3	1132.6	+	NA
OZ078031.1	31513574	31511801	C2	537.4	-	NA
OZ078026.1	27531325	27530509	C2	428.4	-	NA
OZ078030.1	4495212	4489925	C5	1152.0	-	NA
OZ078028.1	38990332	39019486	C1	545.6	+	NA
OZ078035.1	29978460	29965601	C1	665.1	-	NA
OZ078034.1	16199416	16204790	C5	862.0	+	NA
OZ078036.1	27143599	27150918	C3	748.6	+	NA
OZ078032.1	19114843	19119884	C2	543.5	+	NA
OZ078025.1	30335260	30333713	C3	358.3	-	NA
OZ078041.1	13597361	13607383	C1	789.6	+	NA
OZ078031.1	16777964	16697979	C2	718.4	-	NA
OZ078034.1	29925570	29947589	C5	1178.1	+	NA
OZ078040.1	8095934	8154028	CX	989.6	+	NA
OZ078025.1	38649159	38646546	C4	668.2	-	NA
OZ078027.1	35727062	35728493	C3	317.7	+	NA
OZ078031.1	20258569	20233312	C2	6696.3	-	NA
OZ078030.1	37991753	37995855	C4	1509.1	+	NA
OZ078033.1	6674825	6677000	C1	1002.2	+	NA
OZ078041.1	15591367	15592636	C1	518.4	+	NA
OZ078027.1	7888940	7870538	C1	2289.4	-	NA
OZ078027.1	33050034	33049084	C4	427.4	-	NA
OZ078036.1	29586039	29590389	C3	1614.3	+	NA
OZ078033.1	6770584	6776954	C1	1458.7	+	NA
OZ078037.1	20951871	20947173	C1	945.0	-	NA
OZ078042.1	17174365	17175959	C5	610.5	+	NA
OZ078035.1	28652049	28657128	C1	1006.8	+	NA
OZ078032.1	35716131	35717192	C2	643.4	+	NA
OZ078041.1	17957590	17962294	C1	1583.8	+	NA
OZ078036.1	23618614	23619786	C3	593.3	+	NA
OZ078030.1	32777	31662	C5	272.6	-	NA
OZ078039.1	9952965	9952029	C4	514.8	-	NA
OZ078042.1	17129461	17113025	C5	3353.4	-	NA
OZ078027.1	35305335	35302466	UNASSIGNED	735.5	-	NA
OZ078031.1	973446	943236	C2	2280.9	-	NA
OZ078039.1	22432664	22429776	C4	966.3	-	NA
OZ078042.1	16850899	16830284	C5	2171.2	-	NA
OZ078032.1	17072743	17074269	C2	683.3	+	NA
OZ078028.1	31588734	31588357	C1	272.3	-	NA
OZ078029.1	28555746	28556283	C6	242.9	+	NA
OZ078026.1	26423980	26420119	C2	541.7	-	NA
OZ078033.1	28684601	28654056	C1	458.8	-	NA
OZ078032.1	17141062	17139330	C2	1186.5	-	NA
OZ078026.1	40066827	40053059	C2	1545.6	-	NA
OZ078028.1	25064651	25063083	C1	369.2	-	NA
OZ078032.1	18117167	18111907	C4	1710.8	-	NA
OZ078030.1	9163365	9158565	C5	494.1	-	NA
OZ078036.1	24598435	24596772	C3	934.2	-	NA
OZ078025.1	31077848	30924102	C3	475.3	-	NA
OZ078036.1	26614596	26615527	C3	359.6	+	NA
OZ078031.1	25984745	25991107	C2	469.2	+	NA
OZ078039.1	24861460	24860963	C4	301.5	-	NA
OZ078029.1	24421309	24421886	C3	301.4	+	NA
OZ078032.1	19508386	19509217	C2	383.5	+	NA
OZ078040.1	21059630	21063452	CX	559.9	+	NA
OZ078035.1	11372089	11369878	C6	1206.7	-	NA
OZ078026.1	33288083	33286920	C2	732.0	-	NA
OZ078038.1	22902786	22905350	C6	1037.9	+	NA
OZ078036.1	8863226	8851533	C3	1534.5	-	NA
OZ078036.1	23011765	23012379	C3	291.9	+	NA
OZ078042.1	17237551	17238300	C5	264.8	+	NA
OZ078025.1	29754228	29785643	C3	416.1	+	NA
OZ078026.1	7894895	7887115	C7	456.8	-	NA
OZ078042.1	16702024	16694470	C5	1105.1	-	NA
OZ078026.1	6567045	6582157	C7	384.9	+	NA
OZ078025.1	32518762	32517276	C4	578.0	-	NA
OZ078027.1	14817615	14816952	C1	239.3	-	NA
OZ078032.1	4196258	4195697	C2	207.4	-	NA
OZ078026.1	41371	40663	C7	418.3	-	NA
OZ078036.1	19943535	19942360	C3	247.5	-	NA
OZ078040.1	13566124	13580013	CX	2225.9	+	NA
OZ078033.1	25285141	25283125	C1	1242.4	-	NA
OZ078030.1	29127879	29126237	UNASSIGNED	152.0	-	NA
OZ078029.1	23228496	23229469	C6	439.7	+	NA
OZ078025.1	29974672	29970553	C4	426.6	-	NA
OZ078026.1	34112300	34115258	C2	518.4	+	NA
OZ078025.1	39300539	39302204	C4	436.7	+	NA
OZ078041.1	16115914	16125626	C1	338.5	+	NA
OZ078029.1	26036495	26076474	C6	656.0	+	NA
OZ078042.1	17227234	17229016	C5	431.2	+	NA
OZ078035.1	12111548	12114627	C6	1372.3	+	NA
OZ078040.1	12078579	12075432	CX	1174.3	-	NA
OZ078039.1	24240883	24238314	C4	785.4	-	NA
OZ078040.1	3825387	3671479	CX	382.3	-	NA
OZ078026.1	4257207	4281250	C7	899.4	+	NA
OZ078035.1	1903552	1905918	C1	968.8	+	NA
OZ078030.1	3614673	3616426	C5	741.8	+	NA
OZ078027.1	32407047	32406405	C4	373.9	-	NA
OZ078030.1	1981596	1909535	C5	4012.9	-	NA
OZ078038.1	22529121	22524449	C6	1068.5	-	NA
OZ078032.1	18435886	18430431	C2	921.1	-	NA
OZ078027.1	31984273	31987516	C4	332.6	+	NA
OZ078033.1	6685185	6684516	C1	297.6	-	NA
OZ078028.1	39101971	39099242	C1	441.9	-	NA
OZ078033.1	19788772	19791416	C1	536.0	+	NA
OZ078027.1	118621	116822	C3	783.7	-	NA
OZ078039.1	17344393	17342236	C4	782.6	-	NA
OZ078026.1	32894621	32888659	C2	1735.6	-	NA
OZ078031.1	7320097	7321428	C2	619.6	+	NA
OZ078025.1	30306406	30310119	C3	1493.0	+	NA
OZ078040.1	21424532	21416422	CX	962.3	-	NA
OZ078029.1	18077664	18079087	C3	461.9	+	NA
OZ078030.1	30301088	30306974	C7	550.5	+	NA
OZ078026.1	269643	268970	C7	357.1	-	NA
OZ078035.1	16553340	16559116	C6	732.7	+	NA
OZ078025.1	32883365	32881125	C3	743.1	-	NA
OZ078032.1	16634418	16635064	C2	246.9	+	NA
OZ078042.1	15978336	15974730	C5	625.5	-	NA
OZ078038.1	382801	395096	C5	221.2	+	NA
OZ078030.1	27557755	27544448	C7	1268.6	-	NA
OZ078028.1	38045546	38042857	C1	719.6	-	NA
OZ078035.1	16943700	16940455	CX	1387.2	-	NA
OZ078035.1	11332069	11333505	C6	569.3	+	NA
OZ078026.1	9375951	9336795	C7	834.4	-	NA
OZ078035.1	12116094	12115345	C6	477.4	-	NA
OZ078027.1	32833774	32832285	C4	504.5	-	NA
OZ078032.1	19240124	19378895	C2	755.0	+	NA
OZ078029.1	18849304	18848564	C6	446.0	-	NA
OZ078038.1	19203917	19229196	C6	1040.5	+	NA
OZ078030.1	38151006	38149884	C7	270.8	-	NA
OZ078033.1	29758375	29758824	C1	190.6	+	NA
OZ078036.1	21454014	21451913	C3	442.9	-	NA
OZ078033.1	27653116	27651930	C1	660.8	-	NA
OZ078026.1	8733509	8728647	C7	159.3	-	NA
OZ078027.1	40179441	40171493	C3	2037.4	-	NA
OZ078027.1	32185889	32188685	C4	898.4	+	NA
OZ078042.1	16930226	16931446	C7	492.5	+	NA
OZ078031.1	31714873	31713996	C2	486.2	-	NA
OZ078030.1	323308	311753	C5	1832.5	-	NA
OZ078033.1	9755048	9762694	C1	1829.8	+	NA
OZ078036.1	27050529	27047783	C3	882.9	-	NA
OZ078038.1	17652254	17648875	C6	659.4	-	NA
OZ078036.1	19045231	19044054	C3	536.7	-	NA
OZ078030.1	30177165	30174506	C7	943.3	-	NA
OZ078029.1	31269118	31266168	C3	918.7	-	NA
OZ078033.1	29548553	29552223	C1	745.6	+	NA
OZ078029.1	28957283	28955297	C3	407.9	-	NA
OZ078026.1	75738	76634	C7	420.3	+	NA
OZ078025.1	33629279	33621339	C3	1536.4	-	NA
OZ078033.1	25282466	25279572	C1	939.8	-	NA
OZ078034.1	12317609	12318717	C5	501.8	+	NA
OZ078027.1	505128	505903	C2	405.6	+	NA
OZ078041.1	15621527	15626791	C1	694.3	+	NA
OZ078040.1	18151997	18145789	CX	702.5	-	NA
OZ078036.1	6561232	6502986	C3	1317.2	-	NA
OZ078041.1	12734872	12721328	C1	694.9	-	NA
OZ078039.1	24965331	24964487	C4	404.0	-	NA
OZ078040.1	18879071	18889413	CX	555.4	+	NA
OZ078026.1	1206566	1199286	C7	960.1	-	NA
OZ078035.1	18317805	18362092	C6	2129.7	+	NA
OZ078025.1	34818029	34816853	C3	368.1	-	NA
OZ078041.1	18582862	18589872	C1	1616.3	+	NA
OZ078026.1	27529810	27528202	C2	510.2	-	NA
OZ078027.1	2635814	2641615	C1	450.4	+	NA
OZ078032.1	18638225	18684466	C2	750.0	+	NA
OZ078033.1	17870697	17883048	C1	779.4	+	NA
OZ078029.1	35297654	35294377	C6	758.7	-	NA
OZ078032.1	31764952	31762491	C2	951.3	-	NA
OZ078034.1	28597525	28598318	C5	477.7	+	NA
OZ078028.1	26505925	26504367	C1	161.6	-	NA
OZ078033.1	31722262	31682821	C1	487.7	-	NA
OZ078025.1	42373458	42372185	C4	480.6	-	NA
OZ078036.1	29341112	29340261	C3	354.3	-	NA
OZ078029.1	18052092	18043614	C3	1377.1	-	NA
OZ078030.1	10848741	10853199	C5	972.7	+	NA
OZ078038.1	19825810	19827669	C6	401.1	+	NA
OZ078039.1	17331260	17328302	C4	954.3	-	NA
OZ078040.1	19700103	19714720	CX	1851.7	+	NA
OZ078030.1	33443114	33444811	UNASSIGNED	304.2	+	NA
OZ078030.1	21137400	21123208	C4	343.2	-	NA
OZ078041.1	17857689	17858759	C1	247.1	+	NA
OZ078039.1	9324555	9305769	C4	533.6	-	NA
OZ078041.1	13049663	13044514	C1	1345.9	-	NA
OZ078026.1	8121063	8105870	C7	1043.4	-	NA
OZ078039.1	21908129	21906830	C4	580.7	-	NA
OZ078040.1	22536710	22535675	CX	475.7	-	NA
OZ078029.1	38290430	38295763	C6	2584.2	+	NA
OZ078037.1	27983183	27987111	C1	819.1	+	NA
OZ078025.1	1945864	1947776	C4	365.6	+	NA
OZ078041.1	11976372	11973834	C1	699.7	-	NA
OZ078040.1	8637984	8640194	CX	551.1	+	NA
OZ078027.1	31109148	31111970	C4	1317.6	+	NA
OZ078038.1	19829948	19827979	C6	612.6	-	NA
OZ078041.1	11561589	11555439	C1	926.3	-	NA
OZ078027.1	10590307	10533862	C1	880.5	-	NA
OZ078041.1	14251440	14249383	C1	142.6	-	NA
OZ078034.1	28601859	28606265	C5	931.0	+	NA
OZ078027.1	7590508	7552936	C1	416.6	-	NA
OZ078030.1	37832606	37831658	C7	334.6	-	NA
OZ078038.1	13807123	13786060	C6	605.4	-	NA
OZ078036.1	15075540	15071040	C3	986.7	-	NA
OZ078027.1	32317941	32320160	C4	481.5	+	NA
OZ078027.1	33043576	33044050	C4	152.5	+	NA
OZ078030.1	13272172	13293894	C5	580.4	+	NA
OZ078032.1	32028620	32035376	C2	1508.8	+	NA
OZ078025.1	42356949	42358948	C4	550.6	+	NA
OZ078039.1	24680607	24636627	C4	1551.5	-	NA
OZ078026.1	40037424	40036302	C2	481.1	-	NA
OZ078029.1	16492635	16497928	C3	1055.3	+	NA
OZ078025.1	40066953	40057192	C4	1282.4	-	NA
OZ078029.1	32675236	32671734	C6	1307.3	-	NA
OZ078033.1	28741086	28736362	C1	1394.7	-	NA
OZ078028.1	34426142	34429856	C1	1320.7	+	NA
OZ078042.1	16966910	16964941	C5	663.2	-	NA
OZ078026.1	1161214	1166251	C7	979.6	+	NA
OZ078035.1	9367533	9457934	C6	490.6	+	NA
OZ078028.1	37755588	37744107	C1	781.8	-	NA
OZ078036.1	29536918	29534700	C3	963.6	-	NA
OZ078033.1	8004869	8008530	C1	676.1	+	NA
OZ078042.1	12865334	12870620	C5	358.3	+	NA
OZ078042.1	12267962	12247707	C5	322.3	-	NA
OZ078027.1	15556310	15568409	C1	696.0	+	NA
OZ078029.1	26035772	26033094	C6	847.9	-	NA
OZ078041.1	17414677	17416626	C1	713.9	+	NA
OZ078035.1	21081429	21083111	C6	669.3	+	NA
OZ078038.1	3311975	3319723	C5	1176.6	+	NA
OZ078026.1	7878672	7852804	C7	1765.3	-	NA
OZ078042.1	17218881	17221732	C5	727.9	+	NA
OZ078036.1	30047545	30048494	C3	327.1	+	NA
OZ078029.1	38143147	38138445	C6	1426.6	-	NA
OZ078037.1	27389368	27336493	C1	1031.7	-	NA
OZ078036.1	23032998	23034172	C3	320.1	+	NA
OZ078033.1	18944611	18946988	C1	1030.0	+	NA
OZ078027.1	35500433	35499375	C4	462.9	-	NA
OZ078031.1	16296622	16291873	C2	602.5	-	NA
OZ078028.1	10761898	10764336	C1	357.3	+	NA
OZ078029.1	28573065	28565736	C6	523.5	-	NA
OZ078028.1	17136897	17135325	C5	356.7	-	NA
OZ078028.1	33844893	33842278	C1	814.9	-	NA
OZ078031.1	9898394	9868113	C2	1075.2	-	NA
OZ078036.1	4185784	4191297	C3	367.2	+	NA
OZ078033.1	28607379	28609915	C1	720.9	+	NA
OZ078028.1	5521967	5480114	C1	728.3	-	NA
OZ078029.1	30009397	30006262	C6	1242.2	-	NA
OZ078039.1	13517269	13526013	C4	514.8	+	NA
OZ078035.1	25836456	25856032	C7	1670.3	+	NA
OZ078036.1	17247895	17245145	C3	641.3	-	NA
OZ078031.1	36162104	36163405	C2	315.4	+	NA
OZ078026.1	253758	252198	C7	627.9	-	NA
OZ078027.1	32049867	32048835	C4	480.8	-	NA
OZ078040.1	8188716	8200431	CX	656.8	+	NA
OZ078036.1	26934377	26933811	C3	234.8	-	NA
OZ078039.1	22412887	22409037	C4	276.8	-	NA
OZ078039.1	24558040	24558735	C4	322.4	+	NA
OZ078031.1	26562023	26559738	C2	1107.0	-	NA
OZ078030.1	16280415	16311584	C5	927.6	+	NA
OZ078033.1	10444088	10455857	C1	2270.1	+	NA
OZ078026.1	37133266	37129206	C2	1344.2	-	NA
OZ078033.1	31776189	31778582	CX	916.6	+	NA
OZ078035.1	17504314	17506718	C6	657.5	+	NA
OZ078040.1	4398753	4403961	CX	256.2	+	NA
OZ078037.1	24046112	24046495	C1	185.7	+	NA
OZ078027.1	31989666	31987737	C4	545.1	-	NA
OZ078033.1	17526926	17546087	C1	475.7	+	NA
OZ078036.1	7139887	7115002	C3	2118.6	-	NA
OZ078032.1	33204336	33203688	C2	311.5	-	NA
OZ078031.1	28134537	28123368	C2	1405.2	-	NA
OZ078037.1	2383036	2472415	C1	697.7	+	NA
OZ078030.1	32063295	32242268	C7	2067.0	+	NA
OZ078037.1	25672251	25664135	C1	1157.0	-	NA
OZ078026.1	35964530	35957456	C2	1848.2	-	NA
OZ078041.1	9905287	9893731	C1	3376.5	-	NA
OZ078026.1	38329864	38332675	C2	1542.0	+	NA
OZ078030.1	25210242	25208962	UNASSIGNED	761.3	-	NA
OZ078029.1	32456129	32454079	UNASSIGNED	713.6	-	NA
OZ078036.1	7204015	7225391	C3	1572.6	+	NA
OZ078040.1	21167250	21183719	CX	725.7	+	NA
OZ078041.1	11564345	11562061	C1	982.5	-	NA
OZ078028.1	25306389	25307303	C1	275.2	+	NA
OZ078027.1	31121119	31122130	C4	527.3	+	NA
OZ078041.1	18329801	18347422	C1	724.1	+	NA
OZ078033.1	30294399	30320397	C1	1163.3	+	NA
OZ078034.1	25324582	25328629	C5	890.6	+	NA
OZ078035.1	7605269	7606991	C6	447.8	+	NA
OZ078025.1	38577789	38606250	C4	789.8	+	NA
OZ078040.1	22741527	22743068	CX	754.3	+	NA
OZ078027.1	17585119	17583649	C1	372.1	-	NA
OZ078030.1	12895513	12820112	C5	1295.9	-	NA
OZ078033.1	27264143	27259522	C1	1779.0	-	NA
OZ078031.1	26510657	26508811	C2	250.4	-	NA
OZ078041.1	9501526	9507228	C1	1418.2	+	NA
OZ078025.1	597439	603146	C4	710.3	+	NA
OZ078029.1	24451235	24450402	C3	383.0	-	NA
OZ078026.1	39168440	39174859	C2	698.3	+	NA
OZ078030.1	27778941	27845005	C7	1895.7	+	NA
OZ078031.1	29373857	29374509	C2	247.4	+	NA
OZ078036.1	8713041	8747818	C3	630.0	+	NA
OZ078031.1	252399	251888	C2	333.9	-	NA
OZ078035.1	16526879	16550673	C6	1853.9	+	NA
OZ078027.1	40041973	40043577	C3	626.9	+	NA
OZ078027.1	2631782	2634315	C1	763.9	+	NA
OZ078032.1	17690535	17685830	C2	1300.4	-	NA
OZ078036.1	28888252	28889441	C3	503.5	+	NA
OZ078025.1	19332847	19390037	C4	973.6	+	NA
OZ078038.1	25150499	25151683	C6	310.9	+	NA
OZ078036.1	28958552	28962359	C3	1485.2	+	NA
OZ078027.1	39617257	39619010	C3	871.5	+	NA
OZ078033.1	789704	775793	C1	622.6	-	NA
OZ078032.1	34747966	34749790	C2	505.9	+	NA
OZ078035.1	25870604	25867377	C7	713.8	-	NA
OZ078033.1	27264807	27267194	C1	679.5	+	NA
OZ078035.1	14435708	14467928	C6	4407.7	+	NA
OZ078034.1	18112090	18112886	C5	436.8	+	NA
OZ078032.1	32295524	32297419	C2	348.0	+	NA
OZ078027.1	35274437	35272453	C4	394.8	-	NA
OZ078034.1	20123922	20126202	C5	760.5	+	NA
OZ078025.1	17429518	17465402	C4	1937.7	+	NA
OZ078029.1	33634196	33634966	C3	274.0	+	NA
OZ078039.1	24792868	24794602	C4	685.6	+	NA
OZ078032.1	16639129	16638596	C2	324.5	-	NA
OZ078038.1	22918850	22930188	C6	2182.2	+	NA
OZ078032.1	35707272	35709252	C2	996.2	+	NA
OZ078027.1	25714881	25646925	C4	826.9	-	NA
OZ078034.1	24647710	24648857	C5	269.0	+	NA
OZ078033.1	31282601	31287336	C1	542.2	+	NA
OZ078030.1	36853321	36851223	C4	666.9	-	NA
OZ078031.1	28403141	28383608	C2	648.0	-	NA
OZ078037.1	1879378	1876857	C1	290.9	-	NA
OZ078039.1	24515279	24513399	C4	1096.6	-	NA
OZ078036.1	20590197	20591092	C3	309.7	+	NA
OZ078030.1	13271780	13240639	C5	994.1	-	NA
OZ078025.1	2433556	2423056	C4	429.6	-	NA
OZ078031.1	33522894	33521268	C2	278.6	-	NA
OZ078039.1	18707555	18703792	C4	784.4	-	NA
OZ078032.1	460094	455501	C2	729.9	-	NA
OZ078025.1	26798246	26801227	C4	648.9	+	NA
OZ078039.1	12343266	12342244	C4	253.6	-	NA
OZ078025.1	32854940	32861111	C4	376.0	+	NA
OZ078026.1	39435761	39437035	C2	597.8	+	NA
OZ078025.1	34104611	34100515	C3	720.8	-	NA
OZ078032.1	34871701	34874590	C2	616.2	+	NA
OZ078038.1	21477088	21389355	C6	1096.0	-	NA
OZ078040.1	12404158	12367377	CX	1168.0	-	NA
OZ078027.1	8659054	8657091	C1	276.2	-	NA
OZ078036.1	26616621	26615862	C3	341.9	-	NA
OZ078036.1	17329152	17328139	C3	701.0	-	NA
OZ078025.1	44908540	44906997	C4	815.6	-	NA
OZ078039.1	24392744	24391063	C4	750.1	-	NA
OZ078040.1	19247505	19265780	CX	1739.8	+	NA
OZ078025.1	26721309	26730753	C4	2818.1	+	NA
OZ078034.1	16361035	16300653	C5	469.7	-	NA
OZ078032.1	34823059	34822208	C2	255.1	-	NA
OZ078034.1	25920748	25918208	C5	1145.1	-	NA
OZ078035.1	25745645	25748130	C7	640.4	+	NA
OZ078036.1	23022620	23016937	C3	652.2	-	NA
OZ078032.1	18146448	18137684	C2	728.8	-	NA
OZ078025.1	17801508	17823877	C4	952.5	+	NA
OZ078039.1	20277598	20269580	C4	1156.3	-	NA
OZ078041.1	7493450	7504574	C1	522.3	+	NA
OZ078036.1	25416571	25444606	C3	1282.7	+	NA
OZ078028.1	22511373	22507734	C1	212.3	-	NA
OZ078027.1	40157081	40154192	C3	544.4	-	NA
OZ078029.1	23494319	23489615	C6	1240.1	-	NA
OZ078028.1	32945007	32942234	C1	820.1	-	NA
OZ078032.1	34183394	34189594	C2	816.8	+	NA
OZ078025.1	33958186	33939704	C3	560.4	-	NA
OZ078030.1	11795167	11795937	C5	427.3	+	NA
OZ078027.1	34241086	34243972	C4	391.0	+	NA
OZ078039.1	11551275	11549321	C4	799.7	-	NA
OZ078031.1	31722040	31724394	C2	1135.0	+	NA
OZ078037.1	25096192	25091747	C1	263.0	-	NA
OZ078027.1	16153667	16154072	UNASSIGNED	177.6	+	NA
OZ078029.1	31116523	31113483	C3	986.7	-	NA
OZ078025.1	24642913	24656796	C4	891.3	+	NA
OZ078036.1	18910956	18911650	C3	268.4	+	NA
OZ078041.1	11332465	11285674	C1	955.1	-	NA
OZ078026.1	33753850	33752465	C2	681.1	-	NA
OZ078029.1	35315979	35314013	C6	719.5	-	NA
OZ078039.1	21025693	21024584	C4	455.0	-	NA
OZ078026.1	38323928	38319302	C2	835.4	-	NA
OZ078033.1	20411807	20408832	C1	1039.2	-	NA
OZ078041.1	12704693	12699951	UNASSIGNED	1309.2	-	NA
OZ078028.1	14203527	14205593	C1	730.2	+	NA
OZ078031.1	28334267	28330199	C2	1155.7	-	NA
OZ078027.1	9873729	9870647	C1	1519.4	-	NA
OZ078030.1	7442914	7314517	C5	672.7	-	NA
OZ078037.1	27108061	27107065	C1	406.5	-	NA
OZ078039.1	16440061	16403062	C4	582.7	-	NA
OZ078039.1	17341248	17342111	C4	502.7	+	NA
OZ078030.1	27711599	27757433	C7	406.8	+	NA
OZ078027.1	38435035	38427953	C3	1001.1	-	NA
OZ078033.1	32355813	32360244	C1	576.0	+	NA
OZ078032.1	17086808	17085183	CX	786.4	-	NA
OZ078036.1	26915607	26914798	C3	320.0	-	NA
OZ078029.1	36322319	36324053	C6	371.4	+	NA
OZ078031.1	3826438	3827559	C2	349.3	+	NA
OZ078033.1	31202328	31198584	C1	580.3	-	NA
OZ078036.1	26931537	26932103	C3	306.1	+	NA
OZ078040.1	22855587	22876279	CX	702.5	+	NA
OZ078026.1	318740	324263	C7	739.0	+	NA
OZ078033.1	21300823	21316877	C1	565.2	+	NA
OZ078026.1	38150320	38149298	C2	592.4	-	NA
OZ078025.1	43116005	43113210	C5	329.0	-	NA
OZ078033.1	6817582	6818479	C1	263.6	+	NA
OZ078030.1	2984662	2995265	C5	591.8	+	NA
OZ078030.1	24662791	24659122	C7	492.5	-	NA
OZ078033.1	27832145	27838282	C1	692.6	+	NA
OZ078028.1	32503047	32503947	C1	346.2	+	NA
OZ078041.1	17913025	17924711	C1	779.6	+	NA
OZ078041.1	18296889	18297227	C1	201.4	+	NA
OZ078026.1	40045852	40047729	C2	864.1	+	NA
OZ078029.1	35116038	35116754	C6	192.1	+	NA
OZ078040.1	22592969	22591956	CX	464.5	-	NA
OZ078026.1	28626860	28631262	C2	168.7	+	NA
OZ078041.1	18473270	18474607	C1	403.1	+	NA
OZ078035.1	16022727	16024667	C6	457.9	+	NA
OZ078028.1	27046761	27047324	C1	283.3	+	NA
OZ078032.1	20609174	20609834	C2	181.2	+	NA
OZ078030.1	35234409	35233121	C4	553.0	-	NA
OZ078036.1	29335173	29335970	C3	303.2	+	NA
OZ078030.1	11287638	11283986	C5	312.1	-	NA
OZ078041.1	8847732	8844411	C2	657.9	-	NA
OZ078038.1	24660329	24659604	C6	222.4	-	NA
OZ078036.1	7773780	7772333	C3	358.4	-	NA
OZ078033.1	14018971	13994973	C1	1520.5	-	NA
OZ078026.1	1207411	1209607	C7	573.5	+	NA
OZ078031.1	9729579	9727861	C2	1105.6	-	NA
OZ078040.1	16908082	16910476	CX	900.5	+	NA
OZ078027.1	2816047	2804399	C1	695.7	-	NA
OZ078036.1	25392498	25395057	C3	1438.0	+	NA
OZ078040.1	5994921	5996938	CX	1021.9	+	NA
OZ078029.1	34781439	34779632	C3	586.1	-	NA
OZ078029.1	34781439	34779632	C3	586.1	-	NA
OZ078029.1	34948411	34946623	C3	657.3	-	NA
OZ078029.1	34948411	34946623	C3	657.3	-	NA
OZ078032.1	17447135	17445343	C2	567.2	-	NA
OZ078036.1	19944306	19947879	C3	553.8	+	NA
OZ078030.1	37862253	37861715	C4	138.9	-	NA
OZ078025.1	41829803	41832446	C4	757.3	+	NA
OZ078026.1	6643736	6638379	C7	452.7	-	NA
OZ078029.1	28760658	28759216	C6	437.0	-	NA
OZ078041.1	18279166	18285116	C1	811.9	+	NA
OZ078033.1	26264807	26258746	C1	1699.9	-	NA
OZ078029.1	38196419	38206798	C6	1926.6	+	NA
OZ078036.1	7764084	7767563	C3	369.6	+	NA
OZ078037.1	27660675	27663544	C1	483.2	+	NA
OZ078027.1	32663085	32662246	C4	393.3	-	NA
OZ078035.1	24029724	24036093	C7	977.2	+	NA
OZ078036.1	26044153	26072075	C3	681.6	+	NA
OZ078030.1	2141390	2137966	C5	827.5	-	NA
OZ078033.1	6876115	6872965	C1	757.7	-	NA
OZ078028.1	34608926	34609976	C1	610.1	+	NA
OZ078027.1	33082601	33078729	C4	547.1	-	NA
OZ078036.1	23533920	23535105	C3	686.0	+	NA
OZ078040.1	16029318	15969292	CX	713.7	-	NA
OZ078027.1	35636827	35645090	C4	1208.8	+	NA
OZ078026.1	234018	238049	C7	741.7	+	NA
OZ078030.1	1587740	1583668	C5	519.2	-	NA
OZ078033.1	24949207	24946658	C1	1190.0	-	NA
OZ078032.1	34282449	34280265	C2	632.2	-	NA
OZ078026.1	20135128	20138516	C2	538.7	+	NA
OZ078042.1	16794925	16786094	C5	382.1	-	NA
OZ078036.1	28947067	28945703	C3	699.0	-	NA
OZ078040.1	23096249	23090292	CX	1981.6	-	NA
OZ078028.1	15840876	15842497	C5	635.0	+	NA
OZ078039.1	18937163	18936694	C4	209.3	-	NA
OZ078029.1	32440994	32440506	C6	366.2	-	NA
OZ078032.1	4114877	4111911	UNASSIGNED	320.4	-	NA
OZ078028.1	26506367	26508927	C1	1485.6	+	NA
OZ078041.1	8873631	8865668	C1	1107.9	-	NA
OZ078025.1	38135138	38131227	C4	861.0	-	NA
OZ078027.1	8863177	8863915	C1	269.9	+	NA
OZ078025.1	41782060	41784395	C4	773.1	+	NA
OZ078041.1	9754890	9802756	C1	3238.8	+	NA
OZ078036.1	3243848	3239340	C3	439.0	-	NA
OZ078033.1	29771242	29769692	C1	709.5	-	NA
OZ078032.1	31077966	31077469	C2	209.1	-	NA
OZ078025.1	30352176	30355596	C3	1306.3	+	NA
OZ078036.1	6094793	6085970	C3	608.6	-	NA
OZ078025.1	30293434	30281721	C3	4533.6	-	NA
OZ078032.1	28396268	28397743	C2	575.2	+	NA
OZ078026.1	24470301	24472895	C2	524.7	+	NA
OZ078030.1	36696105	36700368	UNASSIGNED	474.9	+	NA
OZ078025.1	44391836	44393169	C4	432.4	+	NA
OZ078035.1	1932942	1933960	C1	358.3	+	NA
OZ078026.1	19380493	19367531	C2	1338.2	-	NA
OZ078031.1	12398254	12397766	C2	259.0	-	NA
OZ078028.1	17337793	17339555	C1	930.0	+	NA
OZ078030.1	8154129	8155524	C5	369.1	+	NA
OZ078029.1	32199746	32197221	C6	435.3	-	NA
OZ078029.1	32158274	32156610	C6	148.1	-	NA
OZ078040.1	10195156	10203806	CX	2014.0	+	NA
OZ078035.1	11359210	11360606	C6	523.4	+	NA
OZ078025.1	30338279	30335874	C3	384.2	-	NA
OZ078026.1	5191420	5226238	C7	1437.0	+	NA
OZ078027.1	34320947	34332647	C4	1292.7	+	NA
OZ078035.1	19994846	19989755	C6	1433.9	-	NA
OZ078038.1	12138130	12139113	C6	644.2	+	NA
OZ078028.1	31804550	31833398	C1	597.0	+	NA
OZ078029.1	21212805	21216163	C6	939.6	+	NA
OZ078029.1	34625380	34623392	C1	434.7	-	NA
OZ078041.1	13737260	13740180	CX	531.0	+	NA
OZ078037.1	1431532	1429610	C1	798.3	-	NA
OZ078031.1	23024526	23021841	C2	674.3	-	NA
OZ078030.1	30049868	30048019	C7	411.1	-	NA
OZ078040.1	5831118	5834285	CX	327.8	+	NA
OZ078034.1	30419872	30431573	C5	279.1	+	NA
OZ078034.1	29987200	29984409	C5	465.0	-	NA
OZ078042.1	16970157	16973190	C5	621.8	+	NA
OZ078028.1	37672588	37674129	C1	242.4	+	NA
OZ078033.1	10171856	10108789	C1	1018.3	-	NA
OZ078026.1	3179138	3179766	C7	332.9	+	NA
OZ078036.1	28496833	28496168	C3	269.4	-	NA
OZ078042.1	17215480	17216591	C5	423.5	+	NA
OZ078030.1	27644416	27650847	UNASSIGNED	1200.5	+	NA
OZ078040.1	6299903	6302422	CX	995.7	+	NA
OZ078028.1	30140190	30140793	C1	265.1	+	NA
OZ078033.1	18633091	18629032	C1	1032.5	-	NA
OZ078036.1	29628177	29632648	UNASSIGNED	1424.4	+	NA
OZ078037.1	25574344	25577042	C1	581.1	+	NA
OZ078029.1	32246536	32250886	C6	2495.6	+	NA
OZ078042.1	16689397	16682690	C5	893.2	-	NA
OZ078042.1	14614154	14612323	C5	480.9	-	NA
OZ078025.1	15336215	15343005	C4	348.9	+	NA
OZ078036.1	8616835	8620244	C3	314.1	+	NA
OZ078036.1	24704376	24701912	C3	502.8	-	NA
OZ078029.1	21109906	21112134	C6	336.4	+	NA
OZ078039.1	10703460	10704350	C4	361.3	+	NA
OZ078030.1	7068502	7073113	C5	814.8	+	NA
OZ078041.1	13541641	13543253	C1	764.2	+	NA
OZ078033.1	26359447	26358098	C1	538.7	-	NA
OZ078035.1	12782821	12780701	C6	374.2	-	NA
OZ078032.1	34298770	34295388	C2	589.5	-	NA
OZ078039.1	24231146	24228029	C4	940.0	-	NA
OZ078028.1	38025914	38028226	C1	523.3	+	NA
OZ078033.1	28005961	28003907	C1	887.4	-	NA
OZ078037.1	27625305	27629235	C1	397.1	+	NA
OZ078029.1	32585002	32575360	C6	860.5	-	NA
OZ078036.1	15477099	15476341	C3	255.0	-	NA
OZ078033.1	16260362	16177594	C1	1430.2	-	NA
OZ078040.1	9692993	9702722	CX	1028.4	+	NA
OZ078026.1	38470041	38473726	C2	546.2	+	NA
OZ078033.1	16114877	16111565	C1	778.0	-	NA
OZ078027.1	32428621	32430399	C4	606.7	+	NA
OZ078029.1	35508758	35516866	C6	1528.2	+	NA
OZ078035.1	23602953	23609767	C7	341.4	+	NA
OZ078029.1	32785593	32864237	C6	2014.3	+	NA
OZ078039.1	17351433	17348898	C4	661.8	-	NA
OZ078035.1	23488708	23487440	C7	605.8	-	NA
OZ078040.1	11004894	11005493	CX	210.4	+	NA
OZ078030.1	34489131	34490875	C7	819.5	+	NA
OZ078030.1	28233783	28231944	C7	423.6	-	NA
OZ078030.1	27515480	27521368	C7	1201.7	+	NA
OZ078030.1	34236045	34232279	UNASSIGNED	1338.6	-	NA
OZ078027.1	30903992	30904762	C3	197.4	+	NA
OZ078038.1	22909538	22910506	C6	395.8	+	NA
OZ078028.1	19422212	19417097	C1	1586.0	-	NA
OZ078033.1	31335656	31337739	C1	501.3	+	NA
OZ078035.1	24829430	24811821	C7	462.3	-	NA
OZ078026.1	38328141	38329109	C2	560.9	+	NA
OZ078029.1	29817186	29815313	C6	768.4	-	NA
OZ078041.1	12697888	12697340	C1	209.3	-	NA
OZ078036.1	8837917	8828063	C3	754.4	-	NA
OZ078040.1	12029544	12027619	CX	586.3	-	NA
OZ078036.1	30091494	30090193	C3	513.3	-	NA
OZ078034.1	25302532	25308049	C5	448.7	+	NA
OZ078040.1	19808258	19811767	CX	1043.5	+	NA
OZ078041.1	7480815	7475013	C1	989.0	-	NA
OZ078029.1	25895691	25904219	C6	4208.4	+	NA
OZ078042.1	16201454	16200584	CX	346.6	-	NA
OZ078032.1	34394998	34445375	C2	683.1	+	NA
OZ078026.1	40462507	40469511	C2	2410.8	+	NA
OZ078026.1	40462507	40469511	C2	2410.8	+	NA
OZ078037.1	28506432	28513426	C2	2371.6	+	NA
OZ078037.1	28506432	28513426	C2	2371.6	+	NA
OZ078039.1	24350545	24353135	C4	1190.9	+	NA
OZ078040.1	12033967	12073060	CX	164.6	+	NA
OZ078030.1	2295132	2296640	C5	557.9	+	NA
OZ078033.1	31413725	31412634	C1	470.8	-	NA
OZ078029.1	24416674	24418051	C3	247.6	+	NA
OZ078029.1	25188291	25193287	C6	1747.5	+	NA
OZ078042.1	17038736	17036963	C5	711.5	-	NA
OZ078032.1	34800287	34801638	C2	721.5	+	NA
OZ078033.1	21082862	21082130	C1	215.4	-	NA
OZ078027.1	10498286	10494615	C1	946.3	-	NA
OZ078035.1	11797105	11824936	C6	1066.1	+	NA
OZ078041.1	11632571	11634495	C1	905.3	+	NA
OZ078036.1	7774874	7783289	C3	616.7	+	NA
OZ078029.1	37757194	37762640	C6	2478.1	+	NA
OZ078032.1	17143352	17145138	UNASSIGNED	441.0	+	NA
OZ078038.1	25877995	25876819	C6	615.1	-	NA
OZ078026.1	27394006	27413001	C2	1076.4	+	NA
OZ078031.1	9774507	9775456	C2	397.6	+	NA
OZ078027.1	30879238	30883929	C4	876.1	+	NA
OZ078037.1	2531624	2537129	C1	485.5	+	NA
OZ078029.1	32684849	32676197	C6	965.3	-	NA
OZ078036.1	22952021	22939705	C3	925.3	-	NA
OZ078030.1	3660616	3656201	C5	1269.3	-	NA
OZ078035.1	16059652	16059023	C6	344.5	-	NA
OZ078030.1	71084	68428	C5	959.3	-	NA
OZ078027.1	38442493	38451253	C4	629.8	+	NA
OZ078034.1	28305805	28306146	C5	199.4	+	NA
OZ078030.1	33636511	33591593	C7	430.8	-	NA
OZ078028.1	24823790	24821510	C1	1145.4	-	NA
OZ078042.1	15621150	15622886	CX	573.9	+	NA
OZ078028.1	29336399	29339743	C1	200.3	+	NA
OZ078027.1	38459871	38458282	C4	593.3	-	NA
OZ078027.1	32899442	32892988	C4	778.6	-	NA
OZ078033.1	30164789	30161697	C1	522.4	-	NA
OZ078033.1	31227645	31228456	CX	267.3	+	NA
OZ078036.1	23031080	23028126	C3	892.9	-	NA
OZ078027.1	19844730	19844401	C3	232.7	-	NA
OZ078027.1	2800143	2800820	C1	166.6	+	NA
OZ078030.1	7061728	7063169	C5	429.1	+	NA
OZ078036.1	26605984	26606653	C3	269.6	+	NA
OZ078028.1	18566831	18563963	C1	1717.4	-	NA
OZ078037.1	27579752	27580396	C1	360.9	+	NA
OZ078029.1	25468504	25473234	C6	962.8	+	NA
OZ078026.1	159897	155189	C7	1427.9	-	NA
OZ078026.1	29345960	29340154	C2	1159.2	-	NA
OZ078038.1	22657237	22654586	C6	1459.3	-	NA
OZ078028.1	31427041	31420086	C1	1477.9	-	NA
OZ078029.1	14370070	14377271	C3	945.6	+	NA
OZ078026.1	27117115	26934674	C2	971.4	-	NA
OZ078025.1	42159591	42160237	C4	248.9	+	NA
OZ078030.1	4340137	4382224	C5	857.2	+	NA
OZ078041.1	11602512	11607532	C1	652.9	+	NA
OZ078034.1	21115411	21114148	UNASSIGNED	73.7	-	NA
OZ078025.1	29983472	29981171	C4	344.8	-	NA
OZ078032.1	17097977	17101422	C2	518.4	+	NA
OZ078029.1	19775343	19792086	C3	447.2	+	NA
OZ078036.1	27169380	27152958	C3	1468.9	-	NA
OZ078027.1	23295329	23295784	C4	248.8	+	NA
OZ078040.1	22587358	22577246	CX	1540.2	-	NA
OZ078032.1	33176281	33179899	C2	1057.3	+	NA
OZ078035.1	2786622	2783586	C7	516.2	-	NA
OZ078036.1	8597557	8596922	C3	239.3	-	NA
OZ078033.1	18182266	18180403	C1	845.4	-	NA
OZ078036.1	26935595	26936317	C3	420.8	+	NA
OZ078035.1	17687467	17680081	C6	839.1	-	NA
OZ078040.1	4412937	4410727	CX	1075.7	-	NA
OZ078027.1	30670988	30672815	C3	605.4	+	NA
OZ078034.1	17116324	17109842	C5	703.8	-	NA
OZ078027.1	14402340	14401426	C1	480.2	-	NA
OZ078032.1	34726748	34727672	C2	465.5	+	NA
OZ078036.1	25386992	25387836	C3	371.7	+	NA
OZ078025.1	38609385	38614685	C4	241.7	+	NA
OZ078035.1	8370539	8367293	C6	1218.2	-	NA
OZ078026.1	328260	326776	UNASSIGNED	147.9	-	NA
OZ078031.1	7189218	7187053	C2	570.7	-	NA
OZ078036.1	15579642	15575599	C3	1263.9	-	NA
OZ078035.1	25735884	25738699	C7	470.4	+	NA
OZ078036.1	27958886	27955821	C3	874.8	-	NA
OZ078032.1	18428618	18430327	C2	511.8	+	NA
OZ078032.1	34305426	34300909	C2	1344.4	-	NA
OZ078027.1	31998492	32005377	C4	639.1	+	NA
OZ078040.1	10136143	10123453	CX	448.9	-	NA
OZ078039.1	13449209	13448044	C4	650.5	-	NA
OZ078038.1	16850577	16848681	C6	389.4	-	NA
OZ078027.1	39630950	39631594	C3	256.2	+	NA
OZ078036.1	28644680	28646167	C3	588.7	+	NA
OZ078028.1	1975494	1976531	C1	242.5	+	NA
OZ078036.1	26221773	26220729	C3	255.7	-	NA
OZ078026.1	26147385	25862235	C2	1331.4	-	NA
OZ078029.1	28591501	28592656	C6	437.6	+	NA
OZ078028.1	27524360	27527025	C1	425.2	+	NA
OZ078031.1	28013792	28013172	C2	169.0	-	NA
OZ078035.1	7096126	7097598	C6	453.3	+	NA
OZ078029.1	37712165	37709818	C6	541.2	-	NA
OZ078026.1	3469141	3455395	C7	880.8	-	NA
OZ078025.1	32705871	32705050	C4	442.1	-	NA
OZ078042.1	17206950	17197114	C5	2571.8	-	NA
OZ078036.1	8139495	8138857	C1	149.1	-	NA
OZ078040.1	19585659	19588345	CX	1014.2	+	NA
OZ078030.1	38203331	38201638	C7	291.6	-	NA
OZ078030.1	27482236	27480130	C7	246.0	-	NA
OZ078033.1	31469517	31471898	C1	1004.9	+	NA
OZ078033.1	18852464	18857117	C1	995.8	+	NA
OZ078038.1	16832733	16831578	C6	565.7	-	NA
OZ078037.1	27403360	27405085	C1	859.9	+	NA
OZ078025.1	35360859	35362336	C3	513.9	+	NA
OZ078027.1	2653095	2657940	C1	181.3	+	NA
OZ078040.1	14840103	14846467	CX	1683.3	+	NA
OZ078029.1	23227810	23226618	C6	521.7	-	NA
OZ078031.1	29408384	29421394	C2	479.2	+	NA
OZ078035.1	26628204	26623440	C1	717.1	-	NA
OZ078036.1	21474290	21476504	C3	843.1	+	NA
OZ078038.1	22934262	22931008	C6	916.1	-	NA
OZ078040.1	11940384	11938702	CX	539.0	-	NA
OZ078040.1	9398364	9345175	CX	1600.9	-	NA
OZ078042.1	16625173	16622018	C5	1018.3	-	NA
OZ078032.1	34182292	34180683	C2	747.1	-	NA
OZ078027.1	8662582	8664545	C1	412.8	+	NA
OZ078035.1	10218462	10215114	C6	489.7	-	NA
OZ078027.1	9030162	9068107	C1	686.4	+	NA
OZ078033.1	20286964	20290792	C1	609.6	+	NA
OZ078041.1	13563222	13564218	C1	367.7	+	NA
OZ078037.1	23846099	23848789	C1	401.2	+	NA
OZ078040.1	13364745	13345377	CX	4370.6	-	NA
OZ078035.1	25448211	25441436	C7	1649.1	-	NA
OZ078032.1	16634016	16632180	C2	276.1	-	NA
OZ078033.1	12984508	12897721	C1	1086.6	-	NA
OZ078036.1	24100774	24269302	C3	1211.6	+	NA
OZ078029.1	26098020	26099294	UNASSIGNED	624.6	+	NA
OZ078038.1	17632118	17626878	C6	768.9	-	NA
OZ078030.1	33239613	33236726	C7	833.3	-	NA
OZ078031.1	28630626	28631962	C2	229.3	+	NA
OZ078031.1	28630626	28631962	C2	229.3	+	NA
OZ078042.1	437288	437828	C2	207.5	+	NA
OZ078042.1	437288	437828	C2	207.5	+	NA
OZ078025.1	28186328	28182239	C3	1556.4	-	NA
OZ078037.1	24043558	24037797	C1	1278.6	-	NA
OZ078039.1	15292292	15293086	C4	159.7	+	NA
OZ078036.1	20718116	20717132	C3	479.4	-	NA
OZ078040.1	13691879	13690924	C2	326.9	-	NA
OZ078030.1	21001679	21017352	C4	746.3	+	NA
OZ078033.1	16121829	16122188	C1	157.7	+	NA
OZ078039.1	12426446	12428650	C4	424.4	+	NA
OZ078030.1	83818	81942	C5	588.3	-	NA
OZ078032.1	16832612	16815949	C2	1194.9	-	NA
OZ078032.1	398730	394573	C2	1141.6	-	NA
OZ078027.1	5871097	5868069	C1	561.2	-	NA
OZ078041.1	18058583	18110126	C1	794.0	+	NA
OZ078029.1	18213192	18211642	C3	367.4	-	NA
OZ078034.1	22652767	22651978	C5	383.4	-	NA
OZ078035.1	21998496	21997452	C6	576.4	-	NA
OZ078028.1	33507750	33506385	C1	603.7	-	NA
OZ078038.1	23787910	23789328	C6	446.3	+	NA
OZ078028.1	30531881	30533379	C1	384.2	+	NA
OZ078032.1	934721	941169	UNASSIGNED	219.4	+	NA
OZ078030.1	10846085	10848218	C5	297.5	+	NA
OZ078037.1	27981496	27979795	C1	589.1	-	NA
OZ078040.1	15626332	15621383	CX	838.2	-	NA
OZ078034.1	41023	40325	C5	289.4	-	NA
OZ078037.1	18566834	18566161	UNASSIGNED	155.1	-	NA
OZ078029.1	20552059	20548979	C3	917.4	-	NA
OZ078027.1	3496706	3499734	C1	703.8	+	NA
OZ078026.1	27388954	27388432	C2	225.1	-	NA
OZ078026.1	212268	216557	C7	1286.2	+	NA
OZ078036.1	4195543	4205554	C3	301.8	+	NA
OZ078035.1	21086180	21084180	C6	596.1	-	NA
OZ078028.1	14199305	14202477	C1	963.6	+	NA
OZ078026.1	26268727	26265041	C2	502.4	-	NA
OZ078031.1	28758821	28759928	C2	529.4	+	NA
OZ078025.1	34879662	34877685	C3	549.8	-	NA
OZ078039.1	16524487	16500282	C4	925.5	-	NA
OZ078029.1	24136765	24137678	C3	363.0	+	NA
OZ078042.1	14243355	14255378	C5	1381.9	+	NA
OZ078027.1	17581756	17578860	C1	594.2	-	NA
OZ078033.1	16495670	16494330	UNASSIGNED	625.8	-	NA
OZ078033.1	16495670	16494330	UNASSIGNED	625.8	-	NA
OZ078040.1	8627863	8625989	UNASSIGNED	647.9	-	NA
OZ078040.1	8627863	8625989	UNASSIGNED	647.9	-	NA
OZ078026.1	2629645	2656103	C7	1632.0	+	NA
OZ078029.1	29249752	29249269	C6	222.1	-	NA
OZ078032.1	13002660	13001795	C2	337.1	-	NA
OZ078026.1	24485893	24474482	C2	953.1	-	NA
OZ078025.1	4124820	4122956	C3	470.9	-	NA
OZ078037.1	27437109	27445616	C1	2408.8	+	NA
OZ078026.1	132175	133691	C7	468.6	+	NA
OZ078029.1	34636034	34634372	C3	813.1	-	NA
OZ078028.1	33978838	34001148	C1	733.9	+	NA
OZ078029.1	29705907	29704307	C6	415.2	-	NA
OZ078029.1	30280676	30259318	C3	893.3	-	NA
OZ078027.1	3360177	3455609	C1	1359.4	+	NA
OZ078033.1	14171671	14248023	C1	708.4	+	NA
OZ078036.1	29566772	29580896	C3	301.4	+	NA
OZ078026.1	336755	350119	C7	908.8	+	NA
OZ078032.1	17112091	17111273	C2	356.0	-	NA
OZ078031.1	22696590	22700093	C2	868.3	+	NA
OZ078031.1	24396332	24398939	C2	510.6	+	NA
OZ078032.1	35600020	35602967	C2	728.5	+	NA
OZ078039.1	21913182	21908538	C4	1493.8	-	NA
OZ078026.1	30021930	30026056	C2	90.9	+	NA
OZ078040.1	6369158	6367817	CX	561.4	-	NA
OZ078040.1	6369158	6367817	CX	561.4	-	NA
OZ078027.1	9931627	9930773	CX	489.1	-	NA
OZ078027.1	9931627	9930773	CX	489.1	-	NA
OZ078036.1	16858797	16852764	C3	409.2	-	NA
OZ078041.1	13572382	13579507	C1	745.5	+	NA
OZ078029.1	24171245	24139539	C3	1066.7	-	NA
OZ078032.1	29018310	29019284	C2	591.9	+	NA
OZ078033.1	18810736	18811323	C1	185.3	+	NA
OZ078030.1	16650405	16643594	C5	579.8	-	NA
OZ078028.1	37143780	37142923	C1	336.7	-	NA
OZ078033.1	21109953	21104806	C1	604.6	-	NA
OZ078035.1	29750535	29752400	C1	637.9	+	NA
OZ078036.1	29730662	29733463	C3	771.8	+	NA
OZ078029.1	22266351	22263236	C6	496.5	-	NA
OZ078040.1	8177918	8171870	CX	591.0	-	NA
OZ078034.1	28323026	28322453	C5	240.7	-	NA
OZ078029.1	37179153	37087654	C6	596.0	-	NA
OZ078026.1	2784400	2791664	C7	637.8	+	NA
OZ078033.1	30165418	30165959	C1	154.5	+	NA
OZ078039.1	7769112	7777820	C4	593.3	+	NA
OZ078025.1	2041214	2033663	C4	1467.9	-	NA
OZ078037.1	28373232	28370186	C1	386.4	-	NA
OZ078032.1	31219545	31218692	C2	324.5	-	NA
OZ078042.1	16703855	16702880	C5	643.0	-	NA
OZ078040.1	22490757	22488797	CX	526.9	-	NA
OZ078031.1	7690055	7680694	C2	924.2	-	NA
OZ078030.1	12137981	12134017	C5	549.0	-	NA
OZ078029.1	36284331	36285722	C6	729.4	+	NA
OZ078029.1	21212666	21203477	C6	2252.8	-	NA
OZ078036.1	29050759	28992292	C3	162.9	-	NA
OZ078038.1	22660580	22663466	C6	414.8	+	NA
OZ078035.1	9840534	9838126	C6	459.2	-	NA
OZ078031.1	22915850	22981701	C2	664.3	+	NA
OZ078036.1	25974995	25974247	C3	333.1	-	NA
OZ078032.1	17691526	17690789	C2	258.0	-	NA
OZ078028.1	34079391	34076257	C1	818.7	-	NA
OZ078034.1	26743449	26737626	C5	1870.3	-	NA
OZ078028.1	36970947	36971613	C1	283.2	+	NA
OZ078028.1	10433787	10431529	C1	733.9	-	NA
OZ078037.1	18538420	18541092	C1	603.9	+	NA
OZ078033.1	14830230	14830901	C1	380.0	+	NA
OZ078025.1	26489518	26494974	C4	350.5	+	NA
OZ078040.1	5202896	5119954	CX	1269.3	-	NA
OZ078034.1	22353263	22351766	C5	252.0	-	NA
OZ078034.1	23891117	23886979	C5	1175.2	-	NA
OZ078029.1	17296509	17303845	C3	1386.0	+	NA
OZ078039.1	24294555	24288676	C4	702.4	-	NA
OZ078032.1	31444322	31446109	C2	459.5	+	NA
OZ078037.1	28140483	28142535	C1	717.9	+	NA
OZ078040.1	12883804	12884873	CX	467.0	+	NA
OZ078027.1	38555986	38559453	C3	1346.6	+	NA
OZ078030.1	34223150	34224654	C7	376.8	+	NA
OZ078033.1	31296873	31299232	C1	399.7	+	NA
OZ078038.1	8860227	8861312	C6	616.3	+	NA
OZ078029.1	34575611	34577026	C3	322.5	+	NA
OZ078025.1	48172	55341	C1	1097.9	+	NA
OZ078035.1	17509408	17508300	C6	440.1	-	NA
OZ078035.1	14411160	14416348	C6	1327.6	+	NA
OZ078033.1	6680402	6682502	C1	634.3	+	NA
OZ078040.1	5734278	5739824	CX	363.7	+	NA
OZ078025.1	41834176	41835207	C4	434.7	+	NA
OZ078040.1	5617413	5619452	CX	863.7	+	NA
OZ078035.1	25491286	25489722	C7	326.3	-	NA
OZ078038.1	26211443	26213657	C6	588.8	+	NA
OZ078041.1	13571950	13570788	C1	457.1	-	NA
OZ078036.1	27962291	27960889	C3	201.5	-	NA
OZ078031.1	17416290	17335647	C2	681.1	-	NA
OZ078031.1	31709515	31712910	C2	890.3	+	NA
OZ078035.1	28656569	28654772	UNASSIGNED	332.0	-	NA
OZ078026.1	266829	268535	C7	647.8	+	NA
OZ078025.1	26355208	26345775	C4	510.4	-	NA
OZ078025.1	33617577	33745086	C3	758.8	+	NA
OZ078039.1	10636236	10639231	C4	981.3	+	NA
OZ078035.1	9263684	9266929	C6	373.1	+	NA
OZ078031.1	25295775	25299471	C2	819.1	+	NA
OZ078036.1	20586171	20582693	C3	1246.1	-	NA
OZ078032.1	13423041	13425062	C2	941.4	+	NA
OZ078027.1	6409095	6393121	C1	616.1	-	NA
OZ078036.1	25499430	25493832	C3	996.8	-	NA
OZ078034.1	20141472	20139393	C5	389.9	-	NA
OZ078028.1	24813678	24816193	C1	908.8	+	NA
OZ078031.1	9711668	9713055	C2	688.9	+	NA
OZ078029.1	36295349	36298718	C6	596.1	+	NA
OZ078036.1	21441129	21438138	C3	941.8	-	NA
OZ078038.1	8682591	8664945	C5	535.8	-	NA
OZ078039.1	9950804	9951825	C4	354.0	+	NA
OZ078036.1	25391194	25388132	C3	1118.9	-	NA
OZ078026.1	332781	330202	C7	760.8	-	NA
OZ078025.1	33610565	33613605	C3	349.5	+	NA
OZ078035.1	25667844	25671953	C7	694.3	+	NA
OZ078036.1	8624313	8622507	C3	123.8	-	NA
OZ078027.1	28495306	28485162	C4	578.6	-	NA
OZ078028.1	31861198	31858894	C1	508.5	-	NA
OZ078040.1	8366249	8371777	CX	459.7	+	NA
OZ078030.1	22369392	22354835	C4	739.8	-	NA
OZ078039.1	9098738	9094274	C4	321.6	-	NA
OZ078035.1	17910284	17910800	C6	237.9	+	NA
OZ078034.1	12721445	12729320	C5	722.8	+	NA
OZ078036.1	15149530	15151982	C3	1186.0	+	NA
OZ078025.1	17588986	17591601	C1	276.3	+	NA
OZ078027.1	36967657	36972316	C3	1483.9	+	NA
OZ078042.1	17010251	17009181	C5	425.8	-	NA
OZ078034.1	30434957	30432686	C5	661.1	-	NA
OZ078033.1	9979349	9978365	C1	274.2	-	NA
OZ078027.1	5284187	5286260	C1	512.5	+	NA
OZ078026.1	24448543	24452145	C2	730.0	+	NA
OZ078034.1	13486206	13480036	C5	1012.9	-	NA
OZ078037.1	26439073	26439816	C1	437.0	+	NA
OZ078034.1	30379917	30379291	C5	342.7	-	NA
OZ078037.1	28356015	28355133	C5	408.5	-	NA
OZ078035.1	25716061	25713547	C7	383.6	-	NA
OZ078028.1	33902000	33899882	C1	553.6	-	NA
OZ078031.1	32173913	32174535	C2	201.9	+	NA
OZ078041.1	11433457	11510111	C1	1467.9	+	NA
OZ078036.1	17241280	17233251	C3	3794.1	-	NA
OZ078037.1	27428360	27424866	C1	1215.4	-	NA
OZ078036.1	15562565	15561288	C3	597.6	-	NA
OZ078037.1	20017145	20014895	C3	684.8	-	NA
OZ078032.1	29017886	29015935	C2	499.7	-	NA
OZ078030.1	35052628	35054248	C4	327.7	+	NA
OZ078028.1	39066669	39060344	C1	299.3	-	NA
OZ078038.1	579181	566856	C5	730.0	-	NA
OZ078029.1	33457744	33459903	C3	389.3	+	NA
OZ078033.1	27999807	28002850	C1	555.1	+	NA
OZ078031.1	24392618	24394015	C2	703.2	+	NA
OZ078028.1	15819046	15820929	C5	364.8	+	NA
OZ078033.1	27940095	27936006	C1	868.7	-	NA
OZ078025.1	3666427	3660533	C3	904.2	-	NA
OZ078040.1	21066175	21064438	CX	605.2	-	NA
OZ078037.1	28007987	28012693	C1	361.3	+	NA
OZ078032.1	18117505	18123158	C2	785.2	+	NA
OZ078041.1	13846209	13840742	C1	352.5	-	NA
OZ078042.1	14633297	14637362	C6	539.6	+	NA
OZ078025.1	18942223	18955126	C4	253.5	+	NA
OZ078037.1	27667964	27665394	C1	1211.8	-	NA
OZ078033.1	32402655	32407103	C1	389.5	+	NA
OZ078025.1	44444534	44445252	C4	337.9	+	NA
OZ078032.1	11098512	11099345	C2	331.1	+	NA
OZ078026.1	3528377	3517846	C7	848.5	-	NA
OZ078031.1	9474260	9471646	C2	889.8	-	NA
OZ078025.1	26984889	26983511	C3	357.8	-	NA
OZ078033.1	6850425	6848805	C1	401.3	-	NA
OZ078039.1	11370511	11369076	C4	488.3	-	NA
OZ078030.1	37833132	37835806	C7	1451.4	+	NA
OZ078041.1	18614305	18616555	C1	700.6	+	NA
OZ078038.1	26169838	26171635	C6	944.6	+	NA
OZ078031.1	14249775	14249144	C2	265.8	-	NA
OZ078041.1	11613636	11609358	C1	572.8	-	NA
OZ078031.1	14577335	14574724	C2	869.2	-	NA
OZ078037.1	28416798	28420108	C1	904.3	+	NA
OZ078033.1	20700778	20699768	C1	474.9	-	NA
OZ078034.1	31383143	31382338	C5	384.2	-	NA
OZ078026.1	37261776	37264513	C2	463.6	+	NA
OZ078028.1	22525805	22526917	C1	281.1	+	NA
OZ078029.1	20859892	20861376	C3	295.2	+	NA
OZ078026.1	1558050	1581062	C7	429.2	+	NA
OZ078039.1	24344116	24346365	C4	625.0	+	NA
OZ078037.1	25633737	25579654	C1	393.6	-	NA
OZ078039.1	23248980	23246694	C4	790.5	-	NA
OZ078032.1	31217767	31216498	C2	388.3	-	NA
OZ078028.1	5837986	5839143	C1	636.0	+	NA
OZ078036.1	22790754	22788334	C3	318.8	-	NA
OZ078026.1	2545625	2543213	C7	181.6	-	NA
OZ078030.1	27188658	27187438	C7	271.1	-	NA
OZ078037.1	27678663	27671544	C1	705.2	-	NA
OZ078029.1	26099516	26101687	C6	816.7	+	NA
OZ078040.1	5760114	5761735	UNASSIGNED	647.4	+	NA
OZ078031.1	10552086	10545177	C2	592.4	-	NA
OZ078038.1	25873343	25876276	C6	661.5	+	NA
OZ078039.1	23238027	23239214	C4	368.1	+	NA
OZ078029.1	37840567	37851057	C6	771.8	+	NA
OZ078036.1	29624647	29626765	C3	750.5	+	NA
OZ078027.1	33538525	33541678	C4	665.3	+	NA
OZ078035.1	16929010	16927382	C6	585.4	-	NA
OZ078030.1	37871061	37869767	C4	443.9	-	NA
OZ078036.1	20589702	20588822	C3	344.5	-	NA
OZ078027.1	29216197	29214840	C4	390.8	-	NA
OZ078032.1	20513752	20510032	C2	498.6	-	NA
OZ078025.1	38171188	38149940	C4	280.2	-	NA
OZ078030.1	687516	686153	C5	645.2	-	NA
OZ078026.1	163410	162319	C7	351.3	-	NA
OZ078028.1	26529031	26531137	C1	625.2	+	NA
OZ078032.1	34814610	34817481	C2	359.2	+	NA
OZ078026.1	58424	57173	C7	490.1	-	NA
OZ078027.1	35664430	35664751	C3	86.0	+	NA
OZ078033.1	30324269	30323192	C1	462.4	-	NA
OZ078026.1	38616326	38614757	C3	548.6	-	NA
OZ078036.1	4313942	4323746	C3	790.3	+	NA
OZ078035.1	21352105	21351288	C6	332.0	-	NA
OZ078041.1	7240070	7287039	C1	742.4	+	NA
OZ078026.1	34923085	34915890	C2	777.0	-	NA
OZ078034.1	27956914	27950962	C5	1557.4	-	NA
OZ078040.1	5598269	5591608	CX	980.7	-	NA
OZ078030.1	8597836	8617618	C5	3359.1	+	NA
OZ078032.1	6492827	6493411	C2	134.1	+	NA
OZ078032.1	6492827	6493411	C2	134.1	+	NA
OZ078032.1	6016619	6016035	C2	133.2	-	NA
OZ078032.1	6016619	6016035	C2	133.2	-	NA
OZ078040.1	23067638	23066196	CX	158.2	-	NA
OZ078032.1	4086729	4087076	C2	109.8	+	NA
OZ078026.1	37642383	37631480	C2	2434.9	-	NA
OZ078025.1	38486578	38485068	C4	604.1	-	NA
OZ078039.1	22428903	22429660	C4	231.7	+	NA
OZ078031.1	32220102	32218940	C2	260.0	-	NA
OZ078033.1	24945720	24947084	C1	465.0	+	NA
OZ078041.1	13905133	13885737	C1	440.1	-	NA
OZ078032.1	17692174	17694429	C2	594.6	+	NA
OZ078027.1	25395801	25395446	C4	168.6	-	NA
OZ078037.1	23678061	23678549	C1	167.0	+	NA
OZ078040.1	23070572	23073199	CX	900.9	+	NA
OZ078031.1	14606423	14607474	C2	449.6	+	NA
OZ078025.1	2416529	2415797	C4	371.7	-	NA
OZ078042.1	12915527	12955124	C5	587.6	+	NA
OZ078040.1	5664253	5666265	UNASSIGNED	631.2	+	NA
CAXMWO010000001.1	1155895	1139914	C4	752.9	-	NA
OZ078028.1	34257463	34256860	C1	155.8	-	NA
OZ078041.1	12029467	12030889	C1	514.8	+	NA
OZ078025.1	34026186	34030145	C3	1166.8	+	NA
OZ078035.1	17933275	17934354	C6	405.6	+	NA
OZ078042.1	1146389	1275678	C5	149.3	+	NA
OZ078033.1	18609068	18603466	C1	1328.6	-	NA
OZ078037.1	26257495	26271516	C1	899.5	+	NA
OZ078028.1	15846462	15843047	C5	852.3	-	NA
OZ078036.1	29623789	29622228	C3	410.5	-	NA
OZ078029.1	26024236	25918456	C6	1127.7	-	NA
OZ078026.1	111183	105058	C7	812.4	-	NA
OZ078032.1	34655704	34648963	C2	366.1	-	NA
OZ078035.1	23562286	23551764	C7	1305.6	-	NA
OZ078040.1	4933521	4929358	CX	934.2	-	NA
OZ078033.1	24582328	24584514	C1	578.7	+	NA
OZ078030.1	34523263	34520129	C7	268.4	-	NA
OZ078034.1	21107935	21111189	C5	654.5	+	NA
OZ078032.1	31241004	31241687	C2	319.1	+	NA
OZ078032.1	34003346	34006623	C2	737.6	+	NA
OZ078030.1	38210487	38206110	C7	1424.1	-	NA
OZ078029.1	16004021	15997953	C3	1291.7	-	NA
OZ078028.1	32721444	32722940	C1	671.2	+	NA
OZ078039.1	9841559	9844609	C4	186.8	+	NA
OZ078034.1	29948689	29951559	C5	888.8	+	NA
OZ078041.1	18472440	18450391	C1	1833.3	-	NA
OZ078031.1	13619083	13617677	C2	390.1	-	NA
OZ078041.1	15007181	15008545	C1	467.8	+	NA
OZ078041.1	17179331	17182995	C1	637.0	+	NA
OZ078041.1	13000108	12994731	C1	640.8	-	NA
OZ078035.1	25428390	25425507	C7	739.6	-	NA
OZ078032.1	18461024	18457154	C2	1261.8	-	NA
OZ078042.1	16480766	16472339	C5	322.0	-	NA
OZ078033.1	14622676	14621108	C1	513.0	-	NA
OZ078034.1	25135045	25117214	C5	462.0	-	NA
OZ078035.1	2796127	2790633	C7	873.0	-	NA
OZ078029.1	26026070	26031654	C6	1129.9	+	NA
OZ078029.1	32694185	32705611	C6	924.4	+	NA
OZ078042.1	17099868	17097500	UNASSIGNED	511.7	-	NA
OZ078030.1	37858814	37861393	C4	892.3	+	NA
OZ078032.1	4128934	4127345	C2	332.2	-	NA
OZ078025.1	277926	277057	C2	254.3	-	NA
OZ078030.1	36726595	36727359	C4	224.0	+	NA
OZ078036.1	14162030	14167191	C3	893.5	+	NA
OZ078031.1	28493780	28498730	C2	1052.1	+	NA
OZ078039.1	8287497	8310904	C4	2298.2	+	NA
OZ078028.1	29386025	29379034	C1	1467.3	-	NA
OZ078033.1	27271541	27273465	C1	957.8	+	NA
OZ078033.1	19776530	19786144	C1	1264.4	+	NA
OZ078036.1	28892174	28893370	C3	511.1	+	NA
OZ078028.1	22026653	22026008	C1	185.9	-	NA
OZ078041.1	18125251	18131041	C1	693.7	+	NA
OZ078041.1	10848526	10801977	C1	1076.1	-	NA
OZ078030.1	23092449	23126511	C4	1855.2	+	NA
OZ078035.1	12783968	12785804	C6	266.9	+	NA
OZ078025.1	26736729	26731720	C4	515.8	-	NA
OZ078025.1	24597439	24598395	C4	242.9	+	NA
OZ078040.1	6402878	6398473	CX	843.3	-	NA
OZ078027.1	31947351	31945854	C4	460.9	-	NA
OZ078036.1	25465439	25459070	C3	746.7	-	NA
OZ078039.1	13957352	13955878	C4	426.9	-	NA
OZ078030.1	28238199	28235617	C7	240.8	-	NA
OZ078025.1	34880146	34884526	C3	1411.7	+	NA
OZ078040.1	13539635	13541640	CX	649.9	+	NA
OZ078032.1	16605616	16602078	C2	921.7	-	NA
OZ078028.1	18567325	18580266	C1	889.7	+	NA
OZ078034.1	28265642	28263901	C5	331.1	-	NA
OZ078025.1	32863339	32866241	C4	484.0	+	NA
OZ078042.1	14603579	14610525	C5	517.0	+	NA
OZ078028.1	36837873	36841706	C1	525.5	+	NA
OZ078025.1	28134425	28132621	C3	385.3	-	NA
OZ078027.1	11626610	11629174	C1	609.8	+	NA
OZ078034.1	2844078	2869754	C5	442.7	+	NA
OZ078035.1	7012343	7013563	C6	590.1	+	NA
OZ078026.1	38620169	38622539	C2	451.7	+	NA
OZ078040.1	5742349	5740826	C2	271.2	-	NA
OZ078035.1	29119746	29129756	C1	1145.7	+	NA
OZ078036.1	5922274	5927617	C3	219.4	+	NA
OZ078033.1	27860442	27859061	C1	506.4	-	NA
OZ078033.1	871484	873384	C1	255.6	+	NA
OZ078029.1	31323446	31337455	C3	360.1	+	NA
OZ078034.1	22654427	22652973	C5	789.9	-	NA
OZ078034.1	25170514	25296975	C5	418.1	+	NA
OZ078040.1	22701491	22705432	CX	769.6	+	NA
OZ078036.1	28655625	28653540	C3	842.8	-	NA
OZ078036.1	25386498	25384859	C3	551.7	-	NA
OZ078031.1	16332936	16335366	C2	326.9	+	NA
OZ078025.1	40061832	40083626	C4	367.9	+	NA
OZ078030.1	21099376	21108347	C4	540.5	+	NA
OZ078042.1	15890094	15894784	C5	1146.4	+	NA
OZ078038.1	23897048	23942016	C6	336.8	+	NA
OZ078026.1	4241598	4231903	C7	692.4	-	NA
OZ078028.1	15604105	15603422	UNASSIGNED	318.2	-	NA
OZ078041.1	13474410	13471677	C1	258.0	-	NA
OZ078041.1	13482860	13475405	C1	1774.8	-	NA
OZ078025.1	30297257	30294519	C3	906.6	-	NA
OZ078037.1	24620459	24610945	C1	674.8	-	NA
OZ078031.1	26957911	26958668	C2	224.4	+	NA
OZ078033.1	5806064	5806995	C1	262.1	+	NA
OZ078025.1	40205433	40207411	C4	473.5	+	NA
OZ078030.1	27622166	27639782	C7	1286.8	+	NA
OZ078028.1	34627609	34626683	C1	354.1	-	NA
OZ078039.1	22961852	22965176	C4	312.4	+	NA
OZ078037.1	2381235	2337323	C1	362.1	-	NA
OZ078038.1	157439	156068	C6	582.9	-	NA
OZ078040.1	19599905	19602070	CX	141.2	+	NA
OZ078027.1	35223742	35138894	C4	580.9	-	NA
OZ078031.1	8256089	8257462	C2	492.2	+	NA
OZ078027.1	31053662	31057142	C4	1212.8	+	NA
OZ078029.1	29863477	29861459	C6	325.7	-	NA
OZ078027.1	34734066	34734647	C4	332.0	+	NA
OZ078025.1	38317264	38323902	C4	606.7	+	NA
OZ078041.1	13525655	13529273	C1	574.6	+	NA
OZ078027.1	15550635	15524354	C1	424.2	-	NA
OZ078030.1	27689583	27688935	UNASSIGNED	311.0	-	NA
OZ078042.1	14438386	14431617	C2	830.6	-	NA
OZ078040.1	11645984	11643884	CX	698.2	-	NA
OZ078041.1	18542301	18534807	C1	238.8	-	NA
OZ078041.1	11275050	11273467	C1	409.6	-	NA
OZ078040.1	22800487	22798703	CX	433.2	-	NA
OZ078031.1	27463162	27458419	C2	969.7	-	NA
OZ078030.1	34576876	34558246	C4	1149.9	-	NA
OZ078033.1	28093071	28088514	C1	1386.5	-	NA
OZ078041.1	11631831	11631129	C1	170.5	-	NA
OZ078040.1	12355815	12354649	CX	453.3	-	NA
OZ078030.1	29942789	29965096	UNASSIGNED	305.9	+	NA
OZ078038.1	21682269	21681139	C6	502.5	-	NA
OZ078026.1	2763816	2755382	C7	944.3	-	NA
OZ078029.1	37733175	37731408	C6	346.9	-	NA
OZ078028.1	27221270	27222329	C1	263.2	+	NA
OZ078031.1	1465644	1460616	C2	394.5	-	NA
OZ078040.1	22811583	22803189	CX	1036.2	-	NA
OZ078030.1	25942299	26176109	C4	417.1	+	NA
OZ078025.1	29790336	29855834	C3	461.7	+	NA
OZ078026.1	6644733	6650654	UNASSIGNED	404.0	+	NA
OZ078039.1	23532982	23534410	C4	306.1	+	NA
OZ078025.1	34546552	34544859	C3	565.0	-	NA
OZ078032.1	17137097	17134244	C2	460.2	-	NA
OZ078025.1	850674	849721	C4	244.2	-	NA
OZ078041.1	13559754	13560984	C1	214.2	+	NA
OZ078029.1	31381758	31367498	C3	655.9	-	NA
OZ078033.1	18193550	18192068	C1	196.8	-	NA
OZ078030.1	38224766	38229678	C7	390.0	+	NA
OZ078039.1	15945443	15976967	C4	1375.1	+	NA
OZ078033.1	14265392	14259283	NA	344.2	-	NA
OZ078025.1	42075063	42071923	C4	821.5	-	NA
OZ078032.1	27558238	27556103	C2	367.6	-	NA
OZ078032.1	4180962	4184053	C2	512.9	+	NA
OZ078041.1	7492208	7488146	C1	682.5	-	NA
OZ078027.1	15452608	15461310	C1	502.4	+	NA
OZ078027.1	35023179	35021199	C4	244.0	-	NA
OZ078033.1	31220023	31217142	C1	824.9	-	NA
OZ078037.1	2796499	2815705	C1	362.1	+	NA
OZ078030.1	37894512	37903730	C4	1132.2	+	NA
OZ078034.1	13489088	13491938	C5	894.2	+	NA
OZ078027.1	30913095	30914120	C3	510.0	+	NA
OZ078036.1	27577627	27576581	C3	493.8	-	NA
OZ078032.1	501441	487726	C2	720.8	-	NA
OZ078029.1	14730606	14736263	C3	1203.1	+	NA
OZ078026.1	37245844	37241027	C2	1129.2	-	NA
OZ078038.1	21685135	21686529	C6	771.8	+	NA
OZ078027.1	34730632	34732112	C4	603.1	+	NA
OZ078032.1	18477908	18477450	C2	225.9	-	NA
OZ078027.1	14477393	14474951	C1	703.5	-	NA
OZ078032.1	12971759	12886898	C2	1085.2	-	NA
OZ078038.1	16383429	16384328	UNASSIGNED	352.8	+	NA
OZ078030.1	38189700	38191634	C7	1027.3	+	NA
OZ078031.1	27347695	27375668	C2	494.0	+	NA
OZ078027.1	30827127	30829504	C3	716.3	+	NA
OZ078042.1	15968707	15974422	C5	459.8	+	NA
OZ078034.1	22438570	22436147	C5	270.9	-	NA
OZ078031.1	15178377	15189764	C2	118.0	+	NA
OZ078033.1	25421323	25419512	C1	355.7	-	NA
OZ078030.1	35740967	35745379	C4	1203.3	+	NA
OZ078033.1	24569773	24572690	C1	1389.1	+	NA
OZ078025.1	41714964	41719365	C4	1548.7	+	NA
OZ078030.1	3540232	3539111	C5	516.3	-	NA
OZ078025.1	39956017	39940103	C4	708.9	-	NA
OZ078041.1	11813045	11819884	C1	3159.4	+	NA
OZ078028.1	5452348	5429120	C1	930.0	-	NA
OZ078033.1	7915720	7918432	C1	852.1	+	NA
OZ078025.1	42243332	42290721	C4	783.1	+	NA
OZ078041.1	18483129	18487573	C1	609.0	+	NA
OZ078036.1	19939813	19938568	C3	470.2	-	NA
OZ078027.1	33245578	33243743	C4	175.2	-	NA
OZ078034.1	27940390	27938572	C5	124.8	-	NA
OZ078028.1	35634333	35644397	C1	416.2	+	NA
OZ078030.1	32329081	32321872	UNASSIGNED	207.3	-	NA
OZ078040.1	12787832	12788270	UNASSIGNED	140.4	+	NA
OZ078036.1	18907523	18906579	C3	367.8	-	NA
OZ078031.1	28631124	28629653	C2	628.2	-	NA
OZ078030.1	4449750	4427147	C5	275.8	-	NA
OZ078040.1	21516364	21522560	CX	607.6	+	NA
OZ078042.1	17185648	17186477	C5	239.4	+	NA
OZ078033.1	31723804	31726231	C1	413.3	+	NA
OZ078034.1	29824671	29869905	C5	1002.5	+	NA
OZ078026.1	38182534	38178247	C2	1655.4	-	NA
OZ078032.1	19099799	19112121	C2	874.6	+	NA
OZ078040.1	18156113	18158725	CX	737.6	+	NA
OZ078028.1	15508249	15510416	C5	351.3	+	NA
OZ078038.1	16273452	16275025	C6	338.3	+	NA
OZ078029.1	33600526	33601633	C3	347.3	+	NA
OZ078038.1	23098419	22949603	C6	659.1	-	NA
OZ078029.1	2874495	2855780	C3	512.3	-	NA
OZ078034.1	29265443	29271308	C5	230.9	+	NA
OZ078032.1	29534516	29541305	C2	468.7	+	NA
OZ078030.1	27509997	27509186	C7	296.7	-	NA
OZ078026.1	8759516	8749657	UNASSIGNED	209.8	-	NA
OZ078030.1	36901106	36899399	C4	227.8	-	NA
OZ078027.1	37164113	37160234	C3	808.9	-	NA
OZ078026.1	358768	374341	C7	1373.0	+	NA
OZ078036.1	7343452	7328894	UNASSIGNED	608.8	-	NA
OZ078036.1	24302745	24303977	C3	308.0	+	NA
OZ078041.1	17261858	17346120	C1	424.8	+	NA
OZ078025.1	38514620	38515237	C4	181.8	+	NA
OZ078040.1	18183925	18182462	CX	512.1	-	NA
OZ078032.1	35777703	35778594	C2	294.9	+	NA
OZ078029.1	4715294	4718661	C3	400.6	+	NA
OZ078032.1	18691020	18697019	C2	159.6	+	NA
OZ078029.1	24129986	24132483	C3	1172.4	+	NA
OZ078025.1	42308104	42313164	C4	920.3	+	NA
OZ078031.1	17578623	17577390	C2	288.8	-	NA
OZ078026.1	25587946	25582170	C2	1392.7	-	NA
OZ078042.1	17107357	17105939	C5	543.4	-	NA
OZ078030.1	29901280	29902803	C7	345.0	+	NA
OZ078036.1	14069079	14072356	C3	450.3	+	NA
OZ078026.1	40048070	40047513	C2	186.1	-	NA
OZ078040.1	22715119	22716561	CX	235.0	+	NA
OZ078033.1	6813948	6815078	C1	436.0	+	NA
OZ078034.1	30190356	30181065	C5	1301.1	-	NA
OZ078025.1	35588717	35591024	C4	768.2	+	NA
OZ078030.1	27404567	27407514	C7	460.3	+	NA
OZ078040.1	6138618	6138115	UNASSIGNED	266.6	-	NA
OZ078026.1	24124356	24125824	C2	401.6	+	NA
OZ078027.1	32303190	32291942	C4	2274.4	-	NA
OZ078031.1	3584429	3554505	CX	304.4	-	NA
OZ078032.1	34773986	34774991	C2	380.3	+	NA
OZ078030.1	698914	699159	C5	131.2	+	NA
OZ078036.1	19322762	19329025	C3	1499.7	+	NA
OZ078038.1	7996206	7995290	C5	270.3	-	NA
OZ078027.1	35255173	35253253	C4	491.5	-	NA
OZ078025.1	17752418	17746214	C4	260.3	-	NA
OZ078030.1	84339	85627	C5	621.7	+	NA
OZ078027.1	38402538	38396388	C3	271.5	-	NA
OZ078033.1	22097483	22093480	C1	498.5	-	NA
OZ078033.1	21088903	21089631	C1	334.8	+	NA
OZ078025.1	1739323	1737032	C4	721.7	-	NA
OZ078025.1	1739323	1737032	C4	721.7	-	NA
OZ078025.1	1966769	1969186	C4	699.6	+	NA
OZ078025.1	1966769	1969186	C4	699.6	+	NA
OZ078025.1	30366621	30356063	C3	763.3	-	NA
OZ078039.1	22884617	22881978	C4	329.5	-	NA
OZ078037.1	18543883	18549050	C1	456.2	+	NA
OZ078029.1	32213378	32212595	C6	456.0	-	NA
OZ078042.1	17044969	17049626	CX	979.8	+	NA
OZ078041.1	7508454	7507785	C1	165.1	-	NA
OZ078037.1	20000997	20013333	C1	568.4	+	NA
OZ078036.1	5856600	5859114	C3	300.4	+	NA
OZ078028.1	31530310	31535442	C1	1570.4	+	NA
OZ078030.1	3170495	3164127	C5	1242.9	-	NA
OZ078033.1	18954670	18963429	C1	1593.0	+	NA
OZ078025.1	41723234	41737647	C4	582.5	+	NA
OZ078032.1	30066170	30067433	C2	403.6	+	NA
OZ078038.1	12330535	12332306	C6	192.0	+	NA
OZ078040.1	13525722	13524405	CX	304.6	-	NA
OZ078036.1	22791065	22796056	C3	721.1	+	NA
OZ078038.1	12962621	12966518	C6	824.1	+	NA
OZ078041.1	11577131	11573108	C1	282.0	-	NA
OZ078032.1	34596472	34600795	C2	1616.3	+	NA
OZ078036.1	18007811	18011982	C3	548.4	+	NA
OZ078039.1	13957959	13959468	C4	415.2	+	NA
OZ078027.1	37632442	37639718	C3	992.7	+	NA
OZ078028.1	24787086	24780164	C1	1418.6	-	NA
OZ078030.1	36702149	36714245	C4	1546.5	+	NA
OZ078040.1	13654578	13643550	CX	1192.8	-	NA
OZ078032.1	12774061	12661040	C2	387.1	-	NA
OZ078031.1	23056881	23054023	C2	1405.2	-	NA
OZ078029.1	24452874	24456201	C6	798.8	+	NA
OZ078036.1	5586616	5602055	C3	925.5	+	NA
OZ078027.1	35658130	35655831	C3	439.7	-	NA
OZ078030.1	16511105	16502740	C5	797.7	-	NA
OZ078034.1	22508244	22506810	C5	299.8	-	NA
OZ078027.1	36146658	36144599	C3	432.2	-	NA
OZ078027.1	1552948	1558297	C1	1168.0	+	NA
OZ078025.1	33597592	33604356	C3	1378.0	+	NA
OZ078027.1	34109440	34111295	C4	467.1	+	NA
OZ078025.1	29999337	30001137	C3	625.0	+	NA
OZ078037.1	12861669	12817902	C1	818.9	-	NA
OZ078035.1	25592664	25591645	C7	381.2	-	NA
OZ078031.1	9405217	9406014	C2	414.6	+	NA
OZ078027.1	35312066	35313859	C4	331.5	+	NA
OZ078036.1	29463538	29464752	C3	649.5	+	NA
OZ078036.1	20843383	20849781	C3	548.6	+	NA
OZ078039.1	24516030	24520645	C4	1248.1	+	NA
OZ078030.1	21055434	21077507	C4	556.0	+	NA
OZ078026.1	36247456	36241106	C2	748.3	-	NA
OZ078031.1	8364096	8361157	C2	648.1	-	NA
OZ078025.1	43190088	43188905	C4	547.1	-	NA
OZ078040.1	5360094	5353209	CX	2341.5	-	NA
OZ078031.1	640635	638671	C2	286.6	-	NA
OZ078027.1	17614229	17606442	C1	1270.3	-	NA
OZ078025.1	41786244	41792186	C4	1136.1	+	NA
OZ078030.1	34219057	34218024	C7	471.7	-	NA
OZ078030.1	38179031	38182266	C7	1371.8	+	NA
OZ078042.1	16354730	16359557	C5	372.8	+	NA
OZ078027.1	5359143	5357291	C1	726.5	-	NA
OZ078029.1	29250346	29253547	C6	720.4	+	NA
OZ078033.1	9976289	9974430	C1	152.1	-	NA
OZ078033.1	32419130	32418222	C1	317.9	-	NA
OZ078031.1	32170892	32169133	C2	431.9	-	NA
OZ078028.1	33505238	33504517	C1	204.7	-	NA
OZ078032.1	31214156	31212528	C2	301.3	-	NA
OZ078028.1	25391653	25388847	C1	648.3	-	NA
OZ078028.1	27043600	27040330	C1	495.7	-	NA
OZ078032.1	34824053	34823243	C2	300.7	-	NA
OZ078037.1	27169108	27118479	C1	842.4	-	NA
OZ078038.1	522670	537142	C5	810.0	+	NA
OZ078036.1	23740784	23744937	C3	431.0	+	NA
OZ078041.1	9511980	9508162	C1	128.8	-	NA
OZ078041.1	11599231	11601873	C1	575.7	+	NA
OZ078029.1	38069464	38068752	C6	174.2	-	NA
OZ078028.1	38466949	38467990	C1	491.3	+	NA
OZ078032.1	34292286	34293872	C2	764.9	+	NA
OZ078036.1	16964830	16958774	C3	1738.6	-	NA
OZ078040.1	19683313	19687089	CX	1331.2	+	NA
OZ078038.1	308349	279631	UNASSIGNED	1133.7	-	NA
OZ078042.1	16658699	16669335	UNASSIGNED	491.2	+	NA
OZ078034.1	21832574	21724741	C5	429.0	-	NA
OZ078030.1	29913178	29912388	C7	230.1	-	NA
OZ078030.1	35020702	35018419	C4	676.2	-	NA
OZ078035.1	6406730	6327958	C6	848.7	-	NA
OZ078026.1	38617653	38616656	C3	309.3	-	NA
OZ078041.1	13570048	13567050	C1	889.4	-	NA
OZ078037.1	20049083	20049739	C1	297.6	+	NA
OZ078028.1	30134770	30138640	C1	392.1	+	NA
OZ078033.1	31484398	31479239	C1	487.5	-	NA
OZ078031.1	31737387	31739660	C2	662.5	+	NA
OZ078039.1	22110909	22116487	C4	513.4	+	NA
OZ078027.1	32031848	32030143	C4	263.3	-	NA
OZ078028.1	28927862	29076074	C1	287.6	+	NA
OZ078037.1	21765159	21765760	C1	223.0	+	NA
OZ078038.1	7935526	7936416	C5	400.9	+	NA
OZ078033.1	6816964	6815167	C1	202.6	-	NA
OZ078033.1	6871124	6872654	C1	519.8	+	NA
OZ078035.1	11386119	11385124	C6	337.7	-	NA
OZ078032.1	31573162	31562392	C2	1948.2	-	NA
OZ078039.1	7943705	7886997	C4	908.2	-	NA
OZ078029.1	38210544	38215860	C6	1143.3	+	NA
OZ078037.1	27565711	27574003	C1	319.2	+	NA
OZ078036.1	7158554	7167604	C3	437.7	+	NA
OZ078041.1	15272252	15268900	C1	665.6	-	NA
OZ078026.1	34508876	34513721	C4	973.4	+	NA
OZ078027.1	36169616	36168477	C3	220.7	-	NA
OZ078028.1	34566609	34572451	C1	1005.2	+	NA
OZ078035.1	21364391	21363962	C6	185.1	-	NA
OZ078040.1	11016544	11008911	CX	214.9	-	NA
OZ078025.1	31264313	31265226	C4	205.4	+	NA
OZ078042.1	16303463	16305151	UNASSIGNED	647.4	+	NA
OZ078025.1	34097114	34099675	C3	589.0	+	NA
OZ078041.1	17423057	17416732	C1	995.0	-	NA
OZ078039.1	8203756	8203441	C4	139.7	-	NA
OZ078041.1	10307188	10308200	C1	253.7	+	NA
OZ078025.1	24589886	24594865	C4	753.9	+	NA
OZ078028.1	23223905	23226006	C1	587.6	+	NA
OZ078035.1	26275303	26279570	C1	285.8	+	NA
OZ078033.1	29769030	29761055	C1	1031.2	-	NA
OZ078037.1	24813423	24738593	C1	258.6	-	NA
OZ078031.1	32215724	32217110	C2	238.6	+	NA
OZ078029.1	27897906	27891423	C6	312.8	-	NA
OZ078028.1	20948305	20949759	C1	676.7	+	NA
OZ078031.1	17641617	17640482	C2	511.1	-	NA
OZ078029.1	37485755	37488313	C6	462.4	+	NA
OZ078037.1	24597035	24602745	C1	284.5	+	NA
OZ078029.1	32451613	32442004	C6	1392.9	-	NA
OZ078026.1	36566564	36565652	C7	351.9	-	NA
OZ078034.1	29148199	29153640	C5	422.6	+	NA
OZ078027.1	146267	147705	C3	367.5	+	NA
OZ078036.1	26608222	26609741	C3	529.8	+	NA
OZ078028.1	30082856	30078305	C1	617.3	-	NA
OZ078042.1	17150421	17140938	C5	937.0	-	NA
OZ078026.1	25605045	25610217	C2	368.6	+	NA
OZ078041.1	9892854	9888516	C1	649.7	-	NA
OZ078033.1	20398555	20401825	C1	665.7	+	NA
OZ078033.1	14823080	14824801	C1	666.3	+	NA
OZ078028.1	25527379	25528940	C1	820.9	+	NA
OZ078036.1	17095721	17091613	C3	560.8	-	NA
OZ078036.1	19009727	19011698	C3	435.0	+	NA
OZ078031.1	29462083	29471938	C2	580.1	+	NA
OZ078036.1	29096397	29094773	C3	303.9	-	NA
OZ078028.1	38375889	38371130	C1	547.0	-	NA
OZ078033.1	32231111	32256246	C1	670.1	+	NA
OZ078033.1	31493294	31485061	C1	1026.5	-	NA
OZ078033.1	9769108	9770004	C1	288.8	+	NA
OZ078031.1	35246848	35245566	C2	368.8	-	NA
OZ078032.1	35788720	35786610	C2	261.5	-	NA
OZ078027.1	2318693	2306553	C1	443.5	-	NA
OZ078033.1	31311164	31312923	C1	375.4	+	NA
OZ078027.1	40092645	40102438	C3	1212.1	+	NA
OZ078027.1	35300098	35301240	C4	237.7	+	NA
OZ078026.1	35986578	35977281	C2	718.9	-	NA
OZ078034.1	12794993	12729829	C5	1573.1	-	NA
OZ078040.1	5963899	5962599	CX	572.7	-	NA
OZ078035.1	16066504	16069160	C6	508.2	+	NA
OZ078033.1	22016251	22018404	C1	421.5	+	NA
OZ078036.1	19049946	19050335	C3	135.1	+	NA
OZ078028.1	12475469	12483201	C1	1842.0	+	NA
OZ078031.1	1343298	1365464	C2	602.3	+	NA
OZ078035.1	12776007	12779335	C6	881.8	+	NA
OZ078038.1	8849825	8852598	C6	598.2	+	NA
OZ078040.1	11620610	11574141	CX	463.8	-	NA
OZ078036.1	8602770	8615447	C3	1180.0	+	NA
OZ078036.1	19935640	19931717	C3	569.9	-	NA
OZ078031.1	18810451	18807573	C2	483.7	-	NA
OZ078032.1	32059001	32076524	UNASSIGNED	529.3	+	NA
OZ078038.1	21687669	21698100	C6	814.1	+	NA
OZ078025.1	43211452	43212205	C4	235.1	+	NA
OZ078039.1	9964524	9973599	C4	478.8	+	NA
OZ078029.1	28422073	28419643	C6	758.6	-	NA
OZ078030.1	24656374	24657438	C7	219.3	+	NA
OZ078026.1	13357246	13288805	C7	1039.0	-	NA
OZ078035.1	11870350	11873385	C6	581.9	+	NA
OZ078028.1	19291342	19286663	C1	836.2	-	NA
OZ078027.1	5360967	5361599	C1	263.0	+	NA
OZ078034.1	22466192	22460673	C5	1335.9	-	NA
OZ078040.1	8613809	8612918	CX	264.7	-	NA
OZ078033.1	23362426	23373550	C1	869.5	+	NA
OZ078027.1	8731762	8730521	C5	460.9	-	NA
OZ078025.1	33911381	33914699	C3	1125.9	+	NA
OZ078042.1	16496763	16497896	CX	475.3	+	NA
OZ078025.1	42101088	42094893	C4	539.2	-	NA
OZ078040.1	6134883	6130437	CX	166.6	-	NA
OZ078039.1	22721502	22823800	C4	1260.5	+	NA
OZ078034.1	28302722	28303486	C5	347.7	+	NA
OZ078029.1	35297779	35298443	C6	232.1	+	NA
OZ078032.1	34865315	34867569	C2	103.0	+	NA
OZ078031.1	36454667	36462015	C2	573.6	+	NA
OZ078026.1	28339584	28327201	C2	1899.7	-	NA
OZ078027.1	34782863	34792840	C4	376.0	+	NA
OZ078028.1	14207393	14206629	C1	232.1	-	NA
OZ078036.1	20864468	20853492	C3	523.2	-	NA
OZ078039.1	18937441	18941214	C4	1098.5	+	NA
OZ078026.1	8096455	8104727	C7	402.3	+	NA
OZ078034.1	24279417	24258215	C5	378.8	-	NA
OZ078040.1	18395787	18400304	CX	1259.5	+	NA
OZ078032.1	17079929	17078189	C2	396.2	-	NA
OZ078030.1	44524	43342	C7	530.1	-	NA
OZ078026.1	882183	887290	C7	636.2	+	NA
OZ078032.1	32293054	32294229	C2	290.5	+	NA
OZ078026.1	3826523	3793513	C7	1178.8	-	NA
OZ078025.1	24672694	24672323	C4	179.8	-	NA
OZ078025.1	39308568	39304338	C4	1619.9	-	NA
OZ078032.1	392142	394356	C2	800.0	+	NA
OZ078034.1	2299098	2306872	C5	390.1	+	NA
OZ078036.1	24448041	24446617	C3	766.1	-	NA
OZ078041.1	14394915	14391931	C1	853.1	-	NA
OZ078029.1	29744409	29805959	C6	151.9	+	NA
OZ078026.1	65408	66888	C7	634.7	+	NA
OZ078042.1	17211914	17209806	C5	322.9	-	NA
OZ078033.1	2351314	2363962	CX	229.6	+	NA
OZ078031.1	28771209	28774153	C2	432.7	+	NA
OZ078033.1	27482771	27467041	C1	626.8	-	NA
OZ078040.1	22493585	22492190	CX	482.8	-	NA
OZ078026.1	3180828	3182454	C7	213.3	+	NA
OZ078026.1	15639148	15630296	C2	390.1	-	NA
OZ078026.1	1288359	1292714	C7	614.9	+	NA
OZ078032.1	34884772	34884100	C2	344.5	-	NA
OZ078029.1	24458803	24456413	C6	411.1	-	NA
OZ078040.1	22441914	22434925	CX	257.3	-	NA
OZ078039.1	22417494	22419546	C4	668.4	+	NA
OZ078030.1	25771555	25780519	C4	1663.8	+	NA
OZ078033.1	28605586	28597713	C1	2457.1	-	NA
OZ078041.1	7397227	7395211	CX	409.3	-	NA
OZ078027.1	36922148	36924017	C3	514.3	+	NA
OZ078042.1	17160109	17163368	C5	673.4	+	NA
OZ078040.1	18405917	18401472	CX	621.0	-	NA
OZ078025.1	39557703	39556011	C4	625.5	-	NA
OZ078034.1	16406260	16409019	C5	329.1	+	NA
OZ078032.1	35770218	35772775	C2	224.5	+	NA
OZ078030.1	34483914	34488424	C7	709.1	+	NA
OZ078025.1	32871981	32876841	C3	1182.7	+	NA
OZ078029.1	25906038	25908696	C6	855.6	+	NA
OZ078030.1	35733044	35736697	C4	563.1	+	NA
OZ078025.1	30050037	30045923	C3	992.5	-	NA
OZ078030.1	29992118	29984874	C7	1391.1	-	NA
OZ078033.1	27087934	27090386	C1	401.9	+	NA
OZ078027.1	32409228	32411991	C4	554.3	+	NA
OZ078036.1	25473166	25469431	C3	383.8	-	NA
OZ078026.1	1266232	1264748	C7	437.8	-	NA
OZ078026.1	32952779	32954242	C2	261.5	+	NA
OZ078025.1	44593976	44595180	C4	188.0	+	NA
OZ078026.1	2747834	2754138	C7	1348.6	+	NA
OZ078038.1	201627	160749	C6	446.0	-	NA
OZ078027.1	33483587	33484912	C4	409.0	+	NA
OZ078029.1	38217665	38220674	C6	418.8	+	NA
OZ078030.1	33188972	33190243	UNASSIGNED	173.8	+	NA
OZ078035.1	14550896	14546779	C6	461.8	-	NA
OZ078031.1	17670477	17673482	UNASSIGNED	846.7	+	NA
OZ078028.1	38032548	38033333	C1	441.6	+	NA
OZ078028.1	38721655	38720030	C1	192.9	-	NA
OZ078041.1	16063308	16066935	C1	582.0	+	NA
OZ078032.1	870381	876734	C2	244.9	+	NA
OZ078041.1	11891251	11876611	C1	1057.0	-	NA
OZ078039.1	18701839	18699699	C4	351.7	-	NA
OZ078027.1	33492247	33489199	C4	592.4	-	NA
OZ078025.1	31190495	31248014	C3	1429.5	+	NA
OZ078027.1	33056333	33053988	C4	413.4	-	NA
OZ078039.1	16754107	16752513	C4	372.6	-	NA
OZ078031.1	28960876	28958811	C2	628.3	-	NA
OZ078031.1	28000550	27998850	C2	312.4	-	NA
OZ078039.1	21129443	21122264	C4	1204.7	-	NA
OZ078028.1	24727870	24725483	C1	576.6	-	NA
OZ078041.1	11958989	11954555	C1	844.1	-	NA
OZ078038.1	585349	583715	C5	462.6	-	NA
OZ078038.1	3111802	3104554	CX	400.6	-	NA
OZ078039.1	18831345	18829799	C4	432.9	-	NA
OZ078028.1	15905065	15905631	C5	136.4	+	NA
OZ078026.1	20119967	20127556	C2	407.8	+	NA
OZ078036.1	12603114	12605933	C3	333.7	+	NA
OZ078034.1	1509556	1510366	C5	287.0	+	NA
OZ078027.1	18475072	18473821	C1	209.2	-	NA
OZ078032.1	24868117	24861313	C2	642.0	-	NA
OZ078041.1	16429026	16424364	C1	499.1	-	NA
OZ078029.1	25185980	25184314	C6	785.2	-	NA
OZ078038.1	16272267	16268411	C6	964.9	-	NA
OZ078038.1	21066924	21075477	C6	231.0	+	NA
OZ078031.1	1650776	1649480	C2	438.3	-	NA
OZ078025.1	1798521	1777821	C4	605.7	-	NA
OZ078026.1	34514029	34515420	C2	347.0	+	NA
OZ078025.1	26990792	26988620	C4	301.7	-	NA
OZ078026.1	97709	101618	C7	1155.1	+	NA
OZ078029.1	23585881	23587890	C6	585.5	+	NA
OZ078037.1	19286669	19288063	C1	263.0	+	NA
OZ078025.1	622050	636950	C4	417.6	+	NA
OZ078034.1	33684	36733	C5	960.1	+	NA
OZ078033.1	25812930	25820782	C1	1217.0	+	NA
OZ078026.1	37228409	37234016	C2	568.5	+	NA
OZ078033.1	30715419	30718487	C1	665.7	+	NA
OZ078031.1	20170966	20178395	C2	1463.8	+	NA
OZ078035.1	21081139	21078282	C6	664.8	-	NA
OZ078037.1	17140072	17137955	C1	361.5	-	NA
OZ078035.1	26866821	26739892	C1	10110.2	-	NA
OZ078028.1	38470268	38477898	C1	253.8	+	NA
OZ078026.1	36868993	36873742	C2	626.6	+	NA
OZ078026.1	37126362	37128938	C2	760.7	+	NA
OZ078036.1	24586506	24585166	C3	247.5	-	NA
OZ078042.1	16976440	16975881	C5	128.4	-	NA
OZ078040.1	14689446	14685719	CX	743.9	-	NA
OZ078040.1	22589769	22588758	UNASSIGNED	136.4	-	NA
OZ078025.1	30321309	30318566	C3	521.0	-	NA
OZ078034.1	29627849	29622927	C5	516.7	-	NA
OZ078033.1	31316940	31314743	C1	566.5	-	NA
OZ078029.1	37896821	37888973	C6	212.3	-	NA
OZ078034.1	17744248	17749972	C5	637.1	+	NA
OZ078042.1	17083709	17079999	C5	1014.2	-	NA
OZ078028.1	18556758	18557790	C1	289.8	+	NA
OZ078041.1	14449508	14448630	C1	302.9	-	NA
OZ078027.1	16167768	16166881	C1	250.2	-	NA
OZ078042.1	16288137	16286920	C5	101.8	-	NA
OZ078033.1	24955333	24958034	C1	505.9	+	NA
OZ078027.1	131975	122106	C3	782.8	-	NA
OZ078035.1	7003436	7007755	C6	493.8	+	NA
OZ078035.1	18493008	18499834	C6	452.9	+	NA
CAXMWO010000001.1	824302	807375	C4	329.3	-	NA
OZ078030.1	37997110	37998973	C4	408.4	+	NA
OZ078040.1	9185192	9186868	CX	452.1	+	NA
OZ078037.1	23901289	23894268	C1	165.1	-	NA
OZ078036.1	7157975	7141367	C3	827.8	-	NA
OZ078035.1	11846717	11843286	C6	642.7	-	NA
OZ078037.1	16954118	16957539	C1	235.3	+	NA
OZ078040.1	8628812	8632871	CX	837.2	+	NA
OZ078036.1	26656273	26658570	C3	203.2	+	NA
OZ078039.1	21098924	21095794	UNASSIGNED	326.5	-	NA
OZ078035.1	29159719	29155812	C1	308.3	-	NA
OZ078040.1	18860448	18853290	CX	760.0	-	NA
OZ078027.1	27876049	27730626	C4	1670.0	-	NA
OZ078037.1	1324977	1319688	C1	176.2	-	NA
OZ078036.1	29264974	29268533	C3	593.8	+	NA
OZ078036.1	12533024	12531514	C3	58.4	-	NA
OZ078031.1	32195090	32196569	C2	63.4	+	NA
OZ078034.1	13625300	13496670	C5	960.3	-	NA
OZ078029.1	18192415	18190622	C3	396.2	-	NA
OZ078031.1	12504484	12507228	C2	1457.3	+	NA
OZ078031.1	26686317	26687133	C2	313.6	+	NA
OZ078027.1	34726476	34728248	C4	275.8	+	NA
OZ078025.1	43039239	43035465	C4	610.6	-	NA
OZ078027.1	10445782	10450414	C1	465.3	+	NA
OZ078027.1	40184879	40187127	C3	316.6	+	NA
OZ078033.1	29561355	29557127	C1	483.1	-	NA
OZ078033.1	31510929	31495471	C1	517.2	-	NA
OZ078035.1	29149235	29144139	C1	293.6	-	NA
OZ078039.1	11366058	11368003	C4	381.4	+	NA
OZ078034.1	15362510	15351227	C5	1094.0	-	NA
OZ078028.1	39122915	39131445	C1	2227.4	+	NA
OZ078029.1	21199962	21193146	C6	203.0	-	NA
OZ078036.1	26600862	26605430	C3	422.9	+	NA
OZ078029.1	31622188	31626403	C3	514.9	+	NA
OZ078036.1	12595662	12602364	C3	205.4	+	NA
OZ078028.1	17128958	17130966	C5	354.0	+	NA
OZ078025.1	19578988	19584948	C4	338.1	+	NA
OZ078030.1	696311	692910	C5	649.2	-	NA
OZ078030.1	31038103	31029668	UNASSIGNED	363.6	-	NA
OZ078031.1	25251275	25231034	C2	519.6	-	NA
OZ078034.1	31398523	31397348	C5	765.0	-	NA
OZ078028.1	31858356	31857335	C1	396.8	-	NA
OZ078041.1	11960877	11962139	C1	724.2	+	NA
OZ078025.1	39303541	39302905	C4	210.7	-	NA
OZ078035.1	12114975	12113669	C6	371.6	-	NA
OZ078030.1	33203023	33215550	C7	771.9	+	NA
OZ078033.1	24949981	24951302	C1	302.3	+	NA
OZ078025.1	34871704	34870146	C3	1110.4	-	NA
OZ078041.1	11899716	11901812	C1	437.4	+	NA
OZ078033.1	26256963	26258535	C1	694.6	+	NA
OZ078040.1	19693018	19695156	CX	406.1	+	NA
OZ078027.1	29206102	29201259	C4	906.4	-	NA
OZ078026.1	29365535	29368275	C2	350.3	+	NA
OZ078034.1	22347707	22348753	C5	489.3	+	NA
OZ078036.1	20713736	20715801	C3	1096.5	+	NA
OZ078025.1	32633013	32697296	C4	880.6	+	NA
OZ078033.1	19038779	19041241	C1	561.1	+	NA
OZ078025.1	14494515	14346791	C3	651.2	-	NA
OZ078033.1	9973604	9974356	C1	425.0	+	NA
OZ078032.1	37303	42107	C2	807.3	+	NA
OZ078034.1	31750616	31749586	C5	461.2	-	NA
OZ078030.1	29900873	29899188	C7	410.7	-	NA
OZ078031.1	9427773	9427118	C2	453.1	-	NA
OZ078041.1	16062652	16044344	C1	679.9	-	NA
OZ078028.1	12360323	12362065	C1	705.0	+	NA
OZ078039.1	15996706	15997761	C4	445.2	+	NA
OZ078028.1	34002680	34001887	C1	350.8	-	NA
OZ078030.1	33187225	33187952	C7	254.7	+	NA
OZ078025.1	30316169	30317971	C3	1114.1	+	NA
OZ078029.1	37482739	37483401	C6	246.5	+	NA
OZ078036.1	29230397	29231431	C3	361.4	+	NA
OZ078025.1	41836413	41837383	C4	269.5	+	NA
OZ078026.1	8468937	8470152	C7	331.1	+	NA
OZ078036.1	19949145	19954825	C3	2267.0	+	NA
OZ078027.1	35030660	35031161	C4	288.1	+	NA
OZ078032.1	33176057	33172574	C2	749.3	-	NA
OZ078028.1	25428622	25432760	C1	759.6	+	NA
OZ078026.1	38175319	38172244	C2	468.4	-	NA
OZ078030.1	29995347	29994402	C7	323.7	-	NA
OZ078034.1	15217128	15214910	C5	1090.1	-	NA
OZ078032.1	20622304	20620331	C2	655.0	-	NA
OZ078030.1	3296480	3291215	C5	1012.8	-	NA
OZ078035.1	26429119	26426378	C1	740.7	-	NA
OZ078028.1	30386154	30384430	C1	783.4	-	NA
OZ078032.1	31261309	31255301	C2	1657.6	-	NA
OZ078038.1	796106	797693	C5	791.6	+	NA
OZ078032.1	17440131	17437797	C2	516.2	-	NA
OZ078038.1	25411304	25409084	C6	353.3	-	NA
OZ078038.1	25411304	25409084	C6	353.3	-	NA
OZ078038.1	25411304	25409084	C6	353.3	-	NA
OZ078038.1	25411304	25409084	C6	353.3	-	NA
OZ078039.1	7380977	7379672	C6	324.2	-	NA
OZ078039.1	7380977	7379672	C6	324.2	-	NA
OZ078039.1	7380977	7379672	C6	324.2	-	NA
OZ078039.1	7380977	7379672	C6	324.2	-	NA
OZ078041.1	10318032	10316727	C6	322.9	-	NA
OZ078041.1	10318032	10316727	C6	322.9	-	NA
OZ078041.1	10318032	10316727	C6	322.9	-	NA
OZ078041.1	10318032	10316727	C6	322.9	-	NA
OZ078041.1	10782655	10779420	C6	312.3	-	NA
OZ078041.1	10782655	10779420	C6	312.3	-	NA
OZ078041.1	10782655	10779420	C6	312.3	-	NA
OZ078041.1	10782655	10779420	C6	312.3	-	NA
OZ078034.1	11703593	11697822	C5	2260.3	-	NA
OZ078041.1	17848829	17849444	C1	365.5	+	NA
OZ078042.1	17287499	17288231	C5	240.3	+	NA
OZ078031.1	26685575	26686026	UNASSIGNED	221.1	+	NA
OZ078040.1	5725012	5725658	CX	331.1	+	NA
OZ078031.1	329474	352051	C2	688.2	+	NA
OZ078030.1	676515	673608	C5	1132.0	-	NA
OZ078032.1	17106595	17103701	C2	465.3	-	NA
OZ078025.1	34860840	34868731	C3	4997.9	+	NA
OZ078026.1	38023267	38026821	C2	915.0	+	NA
OZ078035.1	19734156	19746001	C6	2491.8	+	NA
OZ078034.1	27435423	27431291	C5	1046.8	-	NA
OZ078028.1	12552884	12553444	C2	384.0	+	NA
OZ078027.1	37419327	37426437	C3	806.1	+	NA
OZ078026.1	6738527	6744002	C7	313.8	+	NA
OZ078036.1	26937188	26939749	C3	854.9	+	NA
OZ078036.1	5870406	5912777	C3	1048.5	+	NA
OZ078039.1	22899205	22900047	C4	440.4	+	NA
OZ078031.1	28000905	28001493	C2	233.4	+	NA
OZ078025.1	39553295	39555050	C4	694.2	+	NA
OZ078025.1	831573	833225	C4	737.8	+	NA
OZ078031.1	17579087	17580793	C2	351.2	+	NA
OZ078027.1	14440486	14442099	C1	558.7	+	NA
OZ078038.1	25386682	25389683	C6	940.3	+	NA
OZ078037.1	27728546	27762203	C1	3203.3	+	NA
OZ078035.1	29833290	29832003	C6	522.1	-	NA
OZ078026.1	39082353	39077708	C2	1255.5	-	NA
OZ078029.1	23225625	23226291	C6	414.9	+	NA
OZ078036.1	24675379	24677882	C3	1517.0	+	NA
OZ078033.1	2236054	2225277	C1	438.8	-	NA
OZ078035.1	11408341	11403571	C6	1050.7	-	NA
OZ078041.1	7373407	7375264	C1	865.0	+	NA
OZ078033.1	31430109	31427233	C1	893.4	-	NA
OZ078025.1	42065098	42061629	C4	857.9	-	NA
OZ078033.1	8071244	8069022	C1	735.8	-	NA
OZ078028.1	37735120	37740326	C1	1308.3	+	NA
OZ078031.1	28756538	28757134	C2	358.7	+	NA
OZ078028.1	38559440	38556060	C1	1365.3	-	NA
OZ078027.1	28782217	28914689	C4	751.4	+	NA
OZ078039.1	24564987	24566563	C4	803.6	+	NA
OZ078033.1	27841555	27839092	C1	602.6	-	NA
OZ078030.1	3303359	3301663	C5	528.6	-	NA
OZ078032.1	35603759	35603242	C2	260.0	-	NA
OZ078035.1	19751024	19752324	C7	349.7	+	NA
OZ078031.1	14585862	14591988	C2	392.1	+	NA
OZ078037.1	23849996	23849180	C1	166.2	-	NA
OZ078030.1	30154655	30161016	C7	779.8	+	NA
OZ078036.1	8922924	8923740	C3	374.1	+	NA
OZ078030.1	171745	172164	C5	223.8	+	NA
OZ078040.1	18154985	18155631	UNASSIGNED	285.5	+	NA
OZ078028.1	31589877	31591229	C1	965.8	+	NA
OZ078032.1	4119430	4122490	C2	470.6	+	NA
OZ078026.1	29473775	29480438	C2	546.8	+	NA
OZ078031.1	9402159	9404937	C2	1077.0	+	NA
OZ078026.1	1173875	1180222	C7	1016.9	+	NA
OZ078037.1	2550440	2544235	C1	850.8	-	NA
OZ078041.1	9856175	9845921	C1	957.1	-	NA
OZ078039.1	15296172	15297998	C4	500.6	+	NA
OZ078036.1	29468681	29472133	C3	714.8	+	NA
OZ078033.1	26256206	26253901	C1	671.4	-	NA
OZ078037.1	23481997	23481461	C1	272.8	-	NA
OZ078035.1	3953546	3948960	C6	650.6	-	NA
OZ078029.1	26081878	26083130	C6	602.5	+	NA
OZ078026.1	38452894	38460263	C2	2304.2	+	NA
OZ078027.1	5355989	5353806	C1	515.0	-	NA
OZ078038.1	23792654	23793432	C6	435.4	+	NA
OZ078036.1	25487406	25481182	C3	955.7	-	NA
OZ078027.1	5341913	5342345	C1	239.1	+	NA
OZ078026.1	29364600	29358903	C2	2331.6	-	NA
OZ078026.1	5634449	5623212	CX	662.1	-	NA
OZ078038.1	12061583	12063299	C6	392.5	+	NA
OZ078041.1	12752278	12744459	UNASSIGNED	985.5	-	NA
OZ078038.1	3342843	3331160	C5	1123.0	-	NA
OZ078036.1	19042468	19043651	C3	543.5	+	NA
OZ078032.1	320638	323192	C2	315.4	+	NA
OZ078034.1	30887411	30919797	C5	1482.4	+	NA
OZ078037.1	24057731	24047463	C1	4537.7	-	NA
OZ078031.1	28613544	28621112	C2	2293.4	+	NA
OZ078036.1	7725971	7727464	C3	239.1	+	NA
OZ078026.1	30712603	30710571	C2	921.8	-	NA
OZ078040.1	22156715	22166031	CX	1578.9	+	NA
OZ078034.1	1194406	1199585	C5	1040.3	+	NA
OZ078035.1	16022413	16019942	C6	497.1	-	NA
OZ078030.1	37983311	37989110	C4	2374.4	+	NA
OZ078040.1	23017480	23023322	CX	696.8	+	NA
OZ078025.1	42089840	42084750	C4	920.2	-	NA
OZ078041.1	7372077	7369745	C1	661.4	-	NA
OZ078025.1	14161995	14137005	C3	1370.8	-	NA
OZ078034.1	31371076	31374108	C5	923.7	+	NA
OZ078038.1	23754417	23767930	C6	1311.3	+	NA
OZ078034.1	12432782	12501339	C5	213.6	+	NA
OZ078027.1	39867779	39767586	C3	621.9	-	NA
OZ078033.1	22094547	22092947	C1	731.0	-	NA
OZ078030.1	32272957	32277700	C7	890.4	+	NA
OZ078037.1	19087603	19090070	C1	226.0	+	NA
OZ078030.1	36794953	36795814	C4	390.3	+	NA
OZ078036.1	26458699	26462106	C3	1757.1	+	NA
OZ078028.1	38292715	38322323	C1	1641.7	+	NA
OZ078026.1	35444986	35449808	C2	1176.7	+	NA
OZ078029.1	3154874	3200386	C3	1461.4	+	NA
OZ078026.1	40045660	40043866	C2	883.7	-	NA
OZ078029.1	21140985	21150353	C6	785.4	+	NA
OZ078032.1	34802261	34805704	C2	1204.7	+	NA
OZ078033.1	1020251	1174256	C1	1275.8	+	NA
OZ078038.1	21091542	21098941	C6	638.9	+	NA
OZ078036.1	7236014	7254806	C3	792.1	+	NA
OZ078025.1	32699520	32701742	C4	1192.9	+	NA
OZ078034.1	28611530	28610545	C5	218.1	-	NA
OZ078038.1	12068572	12066944	C6	410.3	-	NA
OZ078026.1	262160	265195	C7	448.8	+	NA
OZ078035.1	11396585	11393966	C6	1142.0	-	NA
OZ078027.1	30912474	30911654	C3	541.8	-	NA
OZ078028.1	22549229	22551772	C1	425.4	+	NA
OZ078041.1	18413093	18415647	C1	403.0	+	NA
OZ078030.1	36862187	36860860	C4	630.8	-	NA
OZ078042.1	14644012	14650833	C5	1067.2	+	NA
OZ078026.1	26362301	26419408	C2	1241.7	+	NA
OZ078041.1	14556332	14555100	C1	723.6	-	NA
OZ078026.1	197211	194608	C7	946.2	-	NA
OZ078031.1	30890239	30892587	C2	620.6	+	NA
OZ078035.1	16925840	16927117	C6	499.5	+	NA
OZ078028.1	38040046	38042781	C1	1097.0	+	NA
OZ078040.1	12359940	12362543	CX	1159.4	+	NA
OZ078025.1	8159529	8249645	C3	689.1	+	NA
OZ078030.1	27486845	27500034	C7	3599.1	+	NA
OZ078040.1	16098074	16088927	CX	1197.9	-	NA
OZ078025.1	30335381	30337355	C3	753.2	+	NA
OZ078038.1	22912722	22915873	UNASSIGNED	1378.0	+	NA
OZ078032.1	16297347	16301703	C2	2468.0	+	NA
OZ078034.1	22422071	22425333	C5	1034.3	+	NA
OZ078028.1	30398002	30402644	C1	1044.7	+	NA
OZ078036.1	29553957	29554611	C3	252.8	+	NA
OZ078031.1	19037797	19025722	C2	3258.1	-	NA
OZ078033.1	25439698	25440870	C1	591.3	+	NA
OZ078027.1	10072792	10068098	C1	591.7	-	NA
OZ078040.1	6272836	6276746	CX	2058.4	+	NA
OZ078035.1	12786211	12791009	C6	1966.9	+	NA
OZ078027.1	5367821	5364759	C1	795.8	-	NA
OZ078026.1	35638318	35639945	C2	921.2	+	NA
OZ078034.1	22512482	22519728	C5	823.1	+	NA
OZ078037.1	24415704	24412303	C1	1195.1	-	NA
OZ078034.1	24708601	24705326	C5	890.8	-	NA
OZ078033.1	8071576	8072507	UNASSIGNED	302.1	+	NA
OZ078036.1	25187372	25130709	C3	1697.6	-	NA
OZ078031.1	25288501	25258820	C2	624.6	-	NA
OZ078035.1	14252637	14266727	C6	1063.1	+	NA
OZ078027.1	29137842	29188279	C4	355.0	+	NA
OZ078033.1	28796899	28797845	C1	383.5	+	NA
OZ078041.1	11845979	11841038	C1	1526.6	-	NA
OZ078033.1	32311409	32308903	C1	620.3	-	NA
OZ078028.1	10215481	10199115	C1	942.1	-	NA
OZ078032.1	31752516	31753815	C2	431.9	+	NA
OZ078025.1	15954370	15978870	C4	1386.2	+	NA
OZ078040.1	15296503	15299495	CX	1214.2	+	NA
OZ078026.1	40048874	40050830	C2	1091.0	+	NA
OZ078032.1	35760136	35758915	UNASSIGNED	635.4	-	NA
OZ078025.1	34082579	34081869	C3	398.8	-	NA
OZ078032.1	13007597	13015411	C2	1891.2	+	NA
OZ078040.1	14680508	14677401	CX	1101.1	-	NA
OZ078035.1	25450099	25452976	C7	1095.3	+	NA
OZ078041.1	17067020	17065326	C1	671.2	-	NA
OZ078030.1	27181883	27180903	C7	628.1	-	NA
OZ078041.1	8822828	8826884	C1	491.5	+	NA
OZ078038.1	25367344	25363904	C6	1322.6	-	NA
OZ078025.1	30006547	30001703	C3	2100.4	-	NA
OZ078041.1	14332024	14322310	C1	945.3	-	NA
OZ078028.1	5456767	5455271	C1	514.4	-	NA
OZ078041.1	10600632	10572440	C1	1924.9	-	NA
OZ078026.1	201166	206996	C7	1882.6	+	NA
OZ078032.1	34824454	34827071	C2	1224.2	+	NA
OZ078036.1	26408385	26410322	C3	733.5	+	NA
OZ078032.1	31498133	31496789	C5	752.9	-	NA
OZ078027.1	9078695	9076664	C1	393.0	-	NA
OZ078026.1	5191610	5187537	C7	401.3	-	NA
OZ078042.1	17057993	17054102	C5	1396.1	-	NA
OZ078041.1	9371040	9374030	C1	466.1	+	NA
OZ078037.1	2199569	2200119	C1	259.3	+	NA
OZ078034.1	29934775	29933548	C5	740.0	-	NA
OZ078041.1	12063056	12069647	C1	370.9	+	NA
OZ078031.1	36160806	36158465	C2	572.8	-	NA
OZ078029.1	3127602	3105143	C3	1123.4	-	NA
OZ078037.1	27422151	27424738	C1	984.8	+	NA
OZ078029.1	14389340	14392304	C3	367.6	+	NA
OZ078040.1	15307813	15301467	CX	1375.3	-	NA
OZ078034.1	31375773	31375040	C5	412.1	-	NA
OZ078040.1	5818293	5811604	CX	2080.2	-	NA
OZ078029.1	18179527	18189081	C3	1164.2	+	NA
OZ078034.1	29600685	29599376	C5	768.2	-	NA
OZ078036.1	15156365	15159756	C3	457.2	+	NA
OZ078029.1	34629242	34628128	C3	438.1	-	NA
OZ078027.1	26695684	26700525	C4	535.1	+	NA
OZ078025.1	19023439	19032073	C4	1454.8	+	NA
OZ078033.1	6604531	6600472	C1	1541.6	-	NA
OZ078032.1	43228	48478	C2	862.6	+	NA
OZ078036.1	8643546	8630375	C3	1265.5	-	NA
OZ078041.1	11964345	11962305	C1	815.2	-	NA
OZ078039.1	24942777	24944242	C4	425.9	+	NA
OZ078033.1	10008354	10007614	C1	261.3	-	NA
OZ078028.1	37144617	37148635	C1	822.9	+	NA
OZ078036.1	21428979	21428098	C3	593.5	-	NA
OZ078039.1	9049206	9048766	C4	318.6	-	NA
OZ078037.1	28415113	28412723	C1	972.7	-	NA
OZ078028.1	27517969	27522944	C1	1907.8	+	NA
OZ078028.1	8701457	8699111	C1	631.7	-	NA
OZ078027.1	30870939	30867006	C4	1103.7	-	NA
OZ078039.1	24811812	24813175	C4	614.4	+	NA
OZ078031.1	9557178	9555031	C2	1211.7	-	NA
OZ078026.1	3168819	3174727	C7	746.1	+	NA
OZ078026.1	1170026	1172997	UNASSIGNED	748.1	+	NA
OZ078027.1	35264961	35266413	C4	732.5	+	NA
OZ078032.1	22300260	22304683	C2	2292.7	+	NA
OZ078033.1	29728437	29735484	C1	1800.2	+	NA
OZ078026.1	40321351	40314340	C2	1206.5	-	NA
OZ078027.1	2605763	2623858	C1	2696.7	+	NA
OZ078040.1	5837796	5836831	CX	205.1	-	NA
OZ078025.1	1759270	1755794	C4	1407.4	-	NA
OZ078031.1	1337922	1329653	C2	996.6	-	NA
OZ078039.1	18465366	18458490	C4	710.4	-	NA
OZ078038.1	23792202	23789995	C6	514.5	-	NA
OZ078030.1	11513619	11451585	C5	857.8	-	NA
OZ078032.1	19529151	19525750	C2	821.3	-	NA
OZ078040.1	18338829	18345969	CX	1230.6	+	NA
OZ078039.1	24460709	24320733	C4	370.8	-	NA
OZ078026.1	31250964	31249472	C2	274.2	-	NA
OZ078029.1	37730320	37731198	C6	301.9	+	NA
OZ078031.1	31437098	31435985	C2	529.0	-	NA
OZ078036.1	29339159	29340023	C3	409.7	+	NA
OZ078037.1	26233446	26239515	C1	721.7	+	NA
OZ078027.1	35268194	35267127	C4	127.4	-	NA
OZ078034.1	22554524	22637417	C5	1115.7	+	NA
OZ078031.1	32128522	32126520	C2	966.3	-	NA
OZ078026.1	1074901	1069282	C7	1318.4	-	NA
OZ078030.1	29909298	29907909	C7	261.6	-	NA
OZ078039.1	24488713	24485579	C4	1060.5	-	NA
OZ078040.1	12762696	12760674	UNASSIGNED	1116.1	-	NA
OZ078029.1	32317083	32375845	C6	1187.0	+	NA
OZ078028.1	31835943	31840959	C1	766.4	+	NA
OZ078031.1	24995519	24990439	C2	1507.6	-	NA
OZ078040.1	22514783	22515770	CX	368.0	+	NA
OZ078029.1	25380303	25381824	C6	875.6	+	NA
OZ078029.1	25443770	25445623	C3	653.2	+	NA
OZ078031.1	31732694	31735236	C2	686.7	+	NA
OZ078026.1	39062058	39054851	C2	1377.6	-	NA
OZ078032.1	31219926	31221744	C2	488.3	+	NA
OZ078031.1	16781200	16778043	C2	613.5	-	NA
OZ078028.1	10851875	10765986	C1	1333.1	-	NA
OZ078040.1	6139028	6142905	CX	1953.5	+	NA
OZ078039.1	24556776	24557696	C4	529.3	+	NA
OZ078033.1	31155554	31150252	C1	1366.4	-	NA
OZ078035.1	26687993	26689551	CX	581.7	+	NA
OZ078028.1	17065768	17016097	C5	1742.9	-	NA
OZ078036.1	21185808	21189000	C3	336.5	+	NA
OZ078032.1	4193883	4188724	C2	1414.5	-	NA
OZ078042.1	17192722	17188169	C5	971.0	-	NA
OZ078034.1	17096906	17107578	C5	1730.7	+	NA
OZ078030.1	36482748	36474054	C4	1879.4	-	NA
OZ078030.1	37288568	37279949	C4	752.2	-	NA
OZ078025.1	44910932	44908970	C4	996.1	-	NA
OZ078033.1	13189961	13175829	C1	621.1	-	NA
OZ078036.1	28955761	28956201	C3	174.2	+	NA
OZ078030.1	16487429	16502612	C5	1720.2	+	NA
OZ078036.1	29419135	29418595	C3	252.1	-	NA
OZ078026.1	27365948	27358984	C2	413.0	-	NA
OZ078030.1	29034430	29080465	C7	1510.5	+	NA
OZ078041.1	12009086	12007430	C1	450.7	-	NA
OZ078037.1	23838491	23843358	C1	613.5	+	NA
OZ078025.1	26604274	26603352	C4	479.8	-	NA
OZ078042.1	16030418	16000609	C5	692.4	-	NA
OZ078029.1	14399931	14392604	C3	1189.2	-	NA
OZ078028.1	21073908	21075218	C1	788.1	+	NA
OZ078041.1	14349459	14355035	C1	3387.1	+	NA
OZ078028.1	39083582	39095297	C1	2174.4	+	NA
OZ078035.1	25380214	25372198	C7	811.4	-	NA
OZ078028.1	31880607	31884516	C1	873.6	+	NA
OZ078029.1	23239461	23236954	C6	1403.5	-	NA
OZ078031.1	31725362	31724586	C2	315.3	-	NA
OZ078041.1	18602218	18603128	C1	361.2	+	NA
OZ078036.1	28957804	28956571	C3	238.5	-	NA
OZ078034.1	28597071	28596371	C5	297.9	-	NA
OZ078034.1	12987780	12980768	C5	1525.3	-	NA
OZ078026.1	35598450	35594456	C2	1667.9	-	NA
OZ078028.1	25529982	25534009	C1	2279.4	+	NA
OZ078032.1	19518619	19510715	C2	2524.9	-	NA
OZ078037.1	25555378	25556772	C1	431.0	+	NA
OZ078033.1	31400852	31412537	C1	1097.7	+	NA
OZ078028.1	32532688	32533701	C1	521.1	+	NA
OZ078028.1	38617556	38620047	C1	945.6	+	NA
OZ078025.1	34092799	34095904	C3	940.3	+	NA
OZ078029.1	38113361	38130085	C6	1200.5	+	NA
OZ078032.1	34618446	34615350	C2	1553.8	-	NA
OZ078033.1	18818465	18823749	C1	477.2	+	NA
OZ078025.1	42316725	42315222	C4	339.7	-	NA
OZ078028.1	14677539	14862990	C1	1424.6	+	NA
OZ078036.1	30046965	30044451	C3	1379.5	-	NA
OZ078033.1	22302589	22307107	C1	1114.9	+	NA
OZ078037.1	24400386	24396604	C1	1315.7	-	NA
OZ078032.1	32345845	32347845	C2	497.0	+	NA
OZ078033.1	18349415	18346995	C7	596.4	-	NA
OZ078030.1	3540794	3541532	C5	191.8	+	NA
OZ078026.1	1143414	1140333	C7	771.6	-	NA
OZ078029.1	18031336	18038033	C3	808.3	+	NA
OZ078032.1	33167293	33161979	C2	609.8	-	NA
OZ078033.1	18193955	18199939	C1	1295.2	+	NA
OZ078039.1	7809364	7823828	C4	1927.5	+	NA
OZ078035.1	6664626	6661702	C6	732.8	-	NA
OZ078032.1	34778954	34778391	C2	296.6	-	NA
OZ078040.1	14424085	14451105	CX	1486.4	+	NA
OZ078029.1	38182588	38185483	C6	559.3	+	NA
OZ078030.1	687951	690080	C5	804.6	+	NA
OZ078026.1	37179604	37177334	C2	378.9	-	NA
OZ078042.1	16975122	16975655	CX	328.6	+	NA
OZ078025.1	40117776	40104874	C4	1950.4	-	NA
OZ078029.1	25916447	25915209	C6	246.7	-	NA
OZ078031.1	20097426	20098707	C2	371.9	+	NA
OZ078035.1	26690083	26691589	C1	354.4	+	NA
OZ078032.1	31760956	31762263	C2	403.0	+	NA
OZ078027.1	30885714	30887177	C3	1038.0	+	NA
OZ078029.1	28559272	28560574	C6	264.4	+	NA
OZ078036.1	28963030	28975865	C3	1879.9	+	NA
OZ078029.1	32144315	32142435	C3	562.2	-	NA
OZ078028.1	18183070	18182232	C1	390.7	-	NA
OZ078028.1	25311852	25313217	C1	494.1	+	NA
OZ078030.1	656526	649241	C5	1276.6	-	NA
OZ078027.1	16168743	16200250	C1	3013.2	+	NA
OZ078040.1	5718537	5718149	CX	171.6	-	NA
OZ078029.1	26080791	26078873	C6	1146.4	-	NA
OZ078034.1	22447306	22448965	C5	379.3	+	NA
OZ078025.1	24667277	24672695	C4	979.0	+	NA
OZ078036.1	7111128	7092733	C3	489.1	-	NA
OZ078025.1	843148	833694	C4	1236.3	-	NA
OZ078038.1	25371450	25369274	C6	898.8	-	NA
OZ078035.1	12795497	12798886	C6	771.6	+	NA
OZ078039.1	22881332	22879532	C4	526.0	-	NA
OZ078025.1	26583139	26600893	C4	2221.8	+	NA
OZ078032.1	35755691	35758826	C2	653.7	+	NA
OZ078040.1	22971392	22965187	CX	666.5	-	NA
OZ078026.1	36562589	36555100	C2	1175.5	-	NA
OZ078038.1	19265134	19315907	C6	1650.0	+	NA
OZ078042.1	16239730	16247552	C5	994.3	+	NA
OZ078027.1	38435650	38437660	C4	503.8	+	NA
OZ078026.1	71676	70192	C7	804.4	-	NA
OZ078032.1	9674494	9676726	C2	503.3	+	NA
OZ078028.1	30049582	30051596	C1	825.8	+	NA
OZ078031.1	19044114	19039866	C2	525.1	-	NA
OZ078041.1	14724854	14730216	C1	1027.2	+	NA
OZ078025.1	3597361	3605832	C4	747.0	+	NA
OZ078030.1	37228536	37226713	C4	782.1	-	NA
OZ078028.1	31861479	31863988	C1	402.9	+	NA
OZ078027.1	2127368	2125115	C1	282.1	-	NA
OZ078040.1	14675413	14674061	CX	325.2	-	NA
OZ078028.1	26500869	26503066	C1	439.9	+	NA
OZ078041.1	17794440	17791114	C1	399.8	-	NA
OZ078032.1	2452355	2453890	C2	654.1	+	NA
OZ078026.1	4523934	4538150	C7	1272.7	+	NA
OZ078031.1	26613989	26616537	C2	909.1	+	NA
OZ078040.1	23103067	23101452	CX	597.9	-	NA
OZ078039.1	24307596	24311468	C4	1490.3	+	NA
OZ078027.1	23631219	23623733	C4	1457.1	-	NA
OZ078027.1	5373373	5370489	C1	998.6	-	NA
OZ078027.1	39024211	39015137	C3	133.1	-	NA
OZ078028.1	18191514	18190848	C1	374.0	-	NA
OZ078026.1	38464491	38462136	C2	660.5	-	NA
OZ078027.1	30827407	30825848	C3	384.1	-	NA
OZ078028.1	28120375	28123572	C1	844.6	+	NA
OZ078028.1	38468749	38468390	C1	232.4	-	NA
OZ078036.1	28252286	28253197	C3	405.4	+	NA
OZ078041.1	16570304	16556848	C1	646.6	-	NA
OZ078025.1	42132281	42130375	C4	728.5	-	NA
OZ078030.1	645780	647063	C5	596.2	+	NA
OZ078029.1	35276280	35277482	C6	467.6	+	NA
OZ078030.1	27410099	27418743	C7	1722.7	+	NA
OZ078027.1	10498933	10507201	C1	497.9	+	NA
OZ078030.1	10635811	10631962	C5	737.9	-	NA
OZ078036.1	4228474	4205257	C3	1320.6	-	NA
OZ078026.1	229418	232799	C7	783.7	+	NA
OZ078040.1	22518995	22524746	CX	1918.0	+	NA
OZ078026.1	35640783	35643051	C2	773.9	+	NA
OZ078038.1	12401455	12400970	C6	222.0	-	NA
OZ078033.1	29698006	29707605	C1	1691.9	+	NA
OZ078038.1	12332944	12332136	C6	164.3	-	NA
OZ078026.1	29949057	29944801	C2	692.3	-	NA
OZ078026.1	93764	95233	C7	696.8	+	NA
OZ078027.1	34113134	34111344	C4	755.5	-	NA
OZ078025.1	17662772	17596151	C4	1412.7	-	NA
OZ078031.1	36936069	36933647	C2	741.6	-	NA
OZ078031.1	26674781	26672171	C2	827.4	-	NA
OZ078033.1	25465551	25467367	C1	647.4	+	NA
OZ078034.1	20122127	20120882	C5	305.3	-	NA
OZ078039.1	14015213	14021655	C4	587.4	+	NA
OZ078031.1	12473620	12471456	C2	646.4	-	NA
OZ078033.1	16888375	17043084	C1	2137.4	+	NA
OZ078037.1	12704506	12708465	C1	142.2	+	NA
OZ078031.1	36343920	36332048	C2	282.7	-	NA
OZ078031.1	31434634	31433152	C2	695.1	-	NA
OZ078030.1	7068785	7065602	C5	931.2	-	NA
OZ078036.1	25967147	25964516	UNASSIGNED	434.7	-	NA
OZ078030.1	4453843	4403212	C5	434.7	-	NA
OZ078035.1	14596922	14598781	C6	1030.3	+	NA
OZ078030.1	36616771	36615674	C4	512.6	-	NA
OZ078032.1	30393396	30394979	C2	588.6	+	NA
OZ078040.1	15233524	15229501	CX	1075.8	-	NA
OZ078041.1	6749162	6752746	C1	468.8	+	NA
OZ078038.1	13217392	13220480	C6	371.8	+	NA
OZ078026.1	23625179	23619008	C2	555.2	-	NA
OZ078028.1	10762956	10760548	C1	228.1	-	NA
OZ078036.1	8597721	8599166	C3	308.1	+	NA
OZ078032.1	18964890	18962141	C2	558.7	-	NA
OZ078034.1	12896746	12872499	C5	819.7	-	NA
OZ078028.1	39031879	39034287	C1	908.8	+	NA
OZ078036.1	27833479	27783900	C3	645.1	-	NA
OZ078039.1	16735848	16737920	C4	471.0	+	NA
OZ078032.1	24616187	24612165	C2	2428.7	-	NA
OZ078038.1	27250101	27253345	C6	1197.9	+	NA
OZ078037.1	28366154	28367677	CX	993.5	+	NA
OZ078026.1	77166	77681	C7	280.4	+	NA
OZ078035.1	2030802	2043188	C1	1150.9	+	NA
OZ078027.1	10510023	10507830	C1	342.8	-	NA
OZ078025.1	28115909	28113835	C4	969.7	-	NA
OZ078034.1	27929357	27925611	C5	1163.1	-	NA
OZ078039.1	24232093	24234082	C4	459.2	+	NA
OZ078032.1	35740310	35745053	C2	1209.1	+	NA
OZ078028.1	17354562	17381493	C1	2592.9	+	NA
CAXMWO010000001.1	973274	970707	C4	188.8	-	NA
OZ078035.1	24650760	24652104	C7	614.5	+	NA
OZ078027.1	13682402	13683040	C1	425.0	+	NA
OZ078025.1	7963948	7941664	C3	498.4	-	NA
OZ078027.1	32676637	32675712	C4	416.6	-	NA
OZ078029.1	18081802	18078813	C3	572.9	-	NA
OZ078034.1	30528654	30529789	C5	449.7	+	NA
OZ078026.1	35455649	35461216	C2	1396.5	+	NA
OZ078038.1	17216733	17214035	C6	800.7	-	NA
OZ078035.1	19382999	19381186	C6	456.0	-	NA
OZ078040.1	22766235	22768749	CX	1016.7	+	NA
OZ078029.1	34621396	34620695	C3	317.2	-	NA
OZ078031.1	13519610	13522601	C2	404.4	+	NA
OZ078032.1	34016422	34015472	C2	415.6	-	NA
OZ078025.1	30044016	30045465	UNASSIGNED	434.6	+	NA
OZ078041.1	17067245	17068138	C1	299.9	+	NA
OZ078030.1	29233117	29130574	C7	677.5	-	NA
OZ078039.1	23241255	23239377	C4	477.8	-	NA
OZ078039.1	17345200	17347497	C4	1227.1	+	NA
OZ078026.1	3511123	3474802	C7	666.9	-	NA
OZ078030.1	34219420	34222679	C7	1731.5	+	NA
OZ078034.1	17747589	17747038	C5	189.6	-	NA
OZ078041.1	11981844	11983199	C1	494.2	+	NA
OZ078032.1	31192511	31191271	C2	541.5	-	NA
OZ078031.1	9731791	9732560	C2	228.7	+	NA
OZ078027.1	35259414	35257672	C4	631.1	-	NA
OZ078025.1	24596085	24595063	C4	229.2	-	NA
OZ078031.1	24996926	24998582	C2	335.4	+	NA
OZ078036.1	15874317	15875567	C3	666.8	+	NA
OZ078027.1	32217856	32211403	C4	830.9	-	NA
OZ078026.1	73020	73649	C7	380.6	+	NA
OZ078029.1	32222960	32221477	C6	531.4	-	NA
OZ078031.1	26463527	26473782	C2	2605.4	+	NA
OZ078027.1	30855749	30852439	C3	584.3	-	NA
OZ078030.1	6060292	6048870	C5	1467.3	-	NA
OZ078030.1	4462393	4489243	C5	1094.4	+	NA
OZ078035.1	24717910	24678786	C7	504.9	-	NA
OZ078026.1	900682	901833	C7	439.4	+	NA
OZ078025.1	28142898	28180098	C3	1979.2	+	NA
OZ078027.1	35310175	35305053	C4	943.5	-	NA
OZ078039.1	11830646	11830022	C4	210.8	-	NA
OZ078031.1	20077214	20088169	C2	889.3	+	NA
OZ078028.1	39081376	39074657	C1	1512.7	-	NA
OZ078033.1	29452466	29457066	C1	1016.6	+	NA
OZ078035.1	24676171	24668648	C7	1972.5	-	NA
OZ078032.1	16636580	16635187	C2	627.5	-	NA
OZ078025.1	877173	877764	C4	164.3	+	NA
OZ078026.1	39111980	39109059	C2	670.6	-	NA
OZ078028.1	36958973	36963148	C1	1335.5	+	NA
OZ078028.1	28010038	28007486	C1	746.0	-	NA
OZ078035.1	18129113	18139363	C6	1038.3	+	NA
OZ078025.1	44586503	44584203	C4	968.7	-	NA
OZ078025.1	14870555	14898688	C3	774.7	+	NA
OZ078028.1	30393340	30394387	C1	539.5	+	NA
OZ078034.1	27917450	27851432	C5	665.7	-	NA
OZ078031.1	31531061	31536801	C2	977.2	+	NA
OZ078036.1	14033882	14036473	C3	682.0	+	NA
OZ078031.1	17180903	17230409	C2	1160.7	+	NA
OZ078030.1	37886716	37884909	C4	645.0	-	NA
OZ078032.1	4069588	4070196	C6	301.3	+	NA
OZ078029.1	34571311	34572619	C3	471.0	+	NA
OZ078034.1	25301920	25300599	C5	291.0	-	NA
OZ078030.1	53311	45067	C5	1491.8	-	NA
OZ078025.1	40194156	40201210	C4	1169.1	+	NA
OZ078028.1	37769696	37770541	C1	279.8	+	NA
OZ078028.1	11022294	11006949	C1	1055.2	-	NA
OZ078040.1	5727284	5730129	CX	1570.1	+	NA
OZ078041.1	11812151	11810050	C1	966.5	-	NA
OZ078039.1	10667740	10670541	C4	517.8	+	NA
OZ078034.1	29702201	29705194	C5	768.2	+	NA
OZ078038.1	27242275	27244068	C6	812.3	+	NA
OZ078033.1	17057034	17052771	C1	1540.6	-	NA
OZ078041.1	18580640	18581648	C1	525.1	+	NA
OZ078026.1	26263302	26255229	C2	956.9	-	NA
OZ078028.1	36278345	36300689	C1	1681.4	+	NA
OZ078031.1	20850723	20852266	C2	795.5	+	NA
OZ078026.1	39194958	39188532	C2	1059.1	-	NA
OZ078034.1	26913331	26768366	C5	1022.3	-	NA
OZ078031.1	19044658	19045474	C2	414.1	+	NA
OZ078041.1	7766607	7765258	C1	565.6	-	NA
OZ078040.1	5339088	5346245	CX	1978.2	+	NA
OZ078027.1	39870386	39868200	C3	874.6	-	NA
OZ078034.1	11114633	11115664	C5	428.9	+	NA
OZ078026.1	38656095	38653755	C2	857.7	-	NA
OZ078030.1	16465681	16463535	C5	344.9	-	NA
OZ078039.1	7841554	7839357	C4	594.2	-	NA
OZ078034.1	25917256	25914307	C5	423.6	-	NA
OZ078036.1	15560844	15553202	C3	2257.6	-	NA
OZ078041.1	17828904	17829410	C1	221.1	+	NA
OZ078030.1	38077673	38073652	C4	1209.2	-	NA
OZ078025.1	38709445	38739963	C4	421.9	+	NA
OZ078025.1	41839317	41837565	C4	600.6	-	NA
OZ078033.1	21066162	21067799	C1	418.0	+	NA
OZ078028.1	39067701	39068669	C1	615.5	+	NA
OZ078028.1	29387504	29386464	C1	426.7	-	NA
OZ078030.1	3683931	3683349	C5	232.1	-	NA
OZ078033.1	10393353	10390422	C1	692.5	-	NA
OZ078034.1	15112832	15213047	C5	1074.3	+	NA
OZ078036.1	24693811	24692716	C3	411.7	-	NA
OZ078027.1	31925919	31924312	C4	534.3	-	NA
OZ078029.1	28589719	28588841	C6	272.3	-	NA
OZ078029.1	23212854	23208657	C6	858.3	-	NA
OZ078029.1	35060585	35062644	C6	1176.8	+	NA
OZ078041.1	15705554	15704951	C1	362.7	-	NA
OZ078028.1	35648745	35644843	C1	556.7	-	NA
OZ078036.1	15125290	15086047	C3	794.3	-	NA
OZ078038.1	21669633	21666320	C6	995.1	-	NA
OZ078032.1	16870532	16867980	C2	868.7	-	NA
OZ078036.1	26218758	26220568	C3	717.0	+	NA
OZ078040.1	12030286	12031264	CX	157.2	+	NA
OZ078038.1	19471480	19326938	C6	6480.7	-	NA
OZ078026.1	36144779	36185168	C2	1768.2	+	NA
OZ078034.1	30081034	30083760	C5	785.3	+	NA
OZ078033.1	16178440	16180275	C1	1170.5	+	NA
OZ078025.1	26752712	26747176	C4	1474.2	-	NA
OZ078036.1	17242010	17243425	C3	807.8	+	NA
OZ078026.1	24430913	24444236	C2	1107.6	+	NA
OZ078031.1	25958703	25956466	C2	435.6	-	NA
OZ078034.1	28259685	28257702	C5	859.0	-	NA
OZ078041.1	18120087	18121299	C1	376.5	+	NA
OZ078032.1	34799734	34795421	C2	653.0	-	NA
OZ078032.1	2051734	2055179	C2	792.4	+	NA
OZ078036.1	28900300	28898943	C3	381.2	-	NA
OZ078033.1	22082036	22085102	C1	755.1	+	NA
OZ078025.1	15725027	15715966	C4	1029.3	-	NA
OZ078036.1	19893924	19896950	C3	1308.0	+	NA
OZ078035.1	16960389	16961900	C6	542.8	+	NA
OZ078038.1	8853157	8851866	C6	584.2	-	NA
OZ078036.1	20593727	20596230	C3	803.4	+	NA
OZ078039.1	24326852	24325552	C4	517.5	-	NA
OZ078026.1	31246575	31247399	C2	282.5	+	NA
OZ078036.1	26941393	26940544	C3	237.7	-	NA
OZ078042.1	16888217	16889551	C5	594.5	+	NA
OZ078030.1	16639402	16643744	C5	661.1	+	NA
OZ078032.1	34609918	34606981	C2	1317.4	-	NA
OZ078027.1	35653536	35654702	C3	384.4	+	NA
OZ078036.1	8814582	8818192	C3	637.6	+	NA
OZ078029.1	28783188	28782419	C3	286.9	-	NA
OZ078035.1	29776885	29779432	C6	757.1	+	NA
OZ078033.1	27867066	27863981	C1	404.8	-	NA
OZ078033.1	27867066	27863981	C1	404.8	-	NA
OZ078033.1	13020119	13026348	C1	403.1	+	NA
OZ078033.1	13020119	13026348	C1	403.1	+	NA
OZ078037.1	18550521	18551785	C1	359.4	+	NA
OZ078029.1	18176450	18172933	C3	1361.1	-	NA
OZ078031.1	17638943	17639893	C2	551.9	+	NA
OZ078032.1	22289464	22283027	C2	793.0	-	NA
OZ078026.1	29766708	29780518	C2	2059.2	+	NA
OZ078032.1	25321762	25328152	C2	331.1	+	NA
OZ078029.1	16507576	16508119	C3	263.1	+	NA
OZ078032.1	18961716	18962428	C2	321.0	+	NA
OZ078029.1	26086222	26085618	C6	246.9	-	NA
OZ078027.1	8678948	8677001	C1	183.0	-	NA
OZ078032.1	18942470	18950620	C2	2224.3	+	NA
OZ078041.1	12970664	12969278	C1	469.7	-	NA
OZ078028.1	18150635	18147322	C1	333.2	-	NA
OZ078037.1	18553507	18552247	C1	480.0	-	NA
OZ078025.1	9737506	9751077	C4	333.1	+	NA
OZ078029.1	14388127	14388893	C3	325.0	+	NA
OZ078027.1	31112693	31116359	C4	356.2	+	NA
OZ078029.1	28561220	28560340	C6	543.6	-	NA
OZ078026.1	35946103	35945003	C2	830.9	-	NA
OZ078036.1	8689034	8692937	C3	292.5	+	NA
OZ078027.1	8718662	8730315	C1	744.9	+	NA
OZ078039.1	22929801	22933855	C4	462.5	+	NA
OZ078041.1	12015910	12014658	C1	348.9	-	NA
OZ078037.1	13649241	13641174	C1	396.0	-	NA
OZ078036.1	28650372	28648259	C3	716.5	-	NA
OZ078031.1	28541364	28558157	C2	797.4	+	NA
OZ078030.1	37953917	37951436	C4	1239.5	-	NA
OZ078031.1	14244054	14242734	C2	142.4	-	NA
OZ078030.1	36457241	36458543	CX	526.6	+	NA
OZ078032.1	34928555	34925689	C2	999.2	-	NA
OZ078030.1	30016698	30010998	C7	1100.0	-	NA
OZ078040.1	22836062	22845049	CX	1686.9	+	NA
OZ078026.1	36764826	36574320	C2	1279.4	-	NA
OZ078036.1	29299369	29296560	C3	258.9	-	NA
OZ078040.1	5561459	5526775	CX	814.5	-	NA
OZ078040.1	22884551	22887348	CX	1327.3	+	NA
OZ078036.1	15569909	15566195	C3	1414.1	-	NA
OZ078035.1	22796690	22794099	C7	301.5	-	NA
OZ078037.1	24524974	24525828	C1	371.6	+	NA
OZ078036.1	30082029	30085414	C3	530.7	+	NA
OZ078036.1	29321229	29322415	C3	307.9	+	NA
OZ078041.1	10797910	10794921	C1	874.7	-	NA
OZ078032.1	34307852	34306580	C2	315.1	-	NA
OZ078029.1	35054174	35055589	C6	520.5	+	NA
OZ078041.1	12023488	12027721	C1	792.1	+	NA
OZ078040.1	14569152	14567339	CX	626.3	-	NA
OZ078030.1	28238910	28242408	C7	687.4	+	NA
OZ078040.1	5320390	5321214	CX	249.9	+	NA
OZ078036.1	20800221	20801738	C3	359.7	+	NA
OZ078036.1	20338124	20556321	C3	823.0	+	NA
OZ078033.1	907932	920701	C1	679.7	+	NA
OZ078031.1	17666895	17664916	C2	564.3	-	NA
OZ078039.1	16531064	16525872	C4	1077.5	-	NA
OZ078035.1	23634175	23613415	C7	3470.7	-	NA
OZ078042.1	16083861	16130271	C5	483.4	+	NA
OZ078027.1	34772453	34767094	C4	1612.9	-	NA
OZ078037.1	21773611	21772505	C1	603.6	-	NA
OZ078042.1	11199343	11206673	C5	627.4	+	NA
OZ078034.1	20119828	20120645	C5	450.0	+	NA
OZ078034.1	22512259	22511036	C5	480.4	-	NA
OZ078031.1	27036095	27034242	C2	1075.1	-	NA
OZ078035.1	20721872	20711835	C6	1405.4	-	NA
OZ078033.1	31384158	31383145	C1	419.7	-	NA
OZ078038.1	7870790	7871939	C5	512.9	+	NA
OZ078040.1	18207084	18204816	CX	732.3	-	NA
OZ078035.1	21778951	21779832	C6	428.4	+	NA
OZ078031.1	19039217	19039732	C2	195.4	+	NA
OZ078039.1	21746956	21744321	C4	707.3	-	NA
OZ078032.1	31760011	31754720	C2	1941.7	-	NA
OZ078036.1	23825587	23827340	C3	511.5	+	NA
OZ078027.1	35547076	35540248	C4	673.3	-	NA
OZ078039.1	16197297	16216394	C4	2046.0	+	NA
OZ078036.1	28083005	28071383	C3	874.8	-	NA
OZ078040.1	11003944	10992992	CX	1208.1	-	NA
OZ078025.1	17785017	17765895	C4	1232.7	-	NA
OZ078029.1	24447545	24446599	C3	400.9	-	NA
OZ078038.1	2100163	2145682	C5	336.8	+	NA
OZ078028.1	25130472	25128507	C1	881.6	-	NA
OZ078040.1	6264923	6268167	CX	1158.4	+	NA
OZ078041.1	11588542	11589434	C1	196.4	+	NA
OZ078027.1	32009863	32006973	C4	576.6	-	NA
OZ078026.1	39157827	39162484	C2	1669.7	+	NA
OZ078028.1	15986453	15988595	C5	581.0	+	NA
OZ078037.1	18586022	18581407	C1	1176.6	-	NA
OZ078027.1	32034324	32046920	C4	1839.7	+	NA
OZ078031.1	26480075	26483294	C2	576.9	+	NA
OZ078031.1	24662670	24741328	C2	756.1	+	NA
OZ078033.1	32419622	32422586	C1	1454.1	+	NA
OZ078030.1	35020583	35023685	C4	649.2	+	NA
OZ078036.1	24601574	24602668	C3	455.0	+	NA
OZ078028.1	25005955	25004081	C1	900.3	-	NA
OZ078036.1	25466275	25467944	C3	589.7	+	NA
OZ078027.1	11163631	11164012	C1	157.7	+	NA
OZ078026.1	26510420	26498972	C2	2083.0	-	NA
OZ078035.1	29759192	29760583	C7	383.7	+	NA
OZ078037.1	28444300	28444897	C1	274.0	+	NA
OZ078026.1	40331514	40329519	C2	888.2	-	NA
OZ078037.1	25039281	25033892	C1	375.1	-	NA
OZ078026.1	1146030	1156391	C7	1702.4	+	NA
OZ078028.1	31845624	31843383	C1	795.8	-	NA
OZ078036.1	23036105	23034037	C3	318.6	-	NA
OZ078037.1	21765041	21763834	C1	539.3	-	NA
OZ078034.1	25310084	25309251	C5	402.4	-	NA
OZ078025.1	24692836	24690331	C4	1107.7	-	NA
OZ078032.1	27572972	27587060	C2	1962.1	+	NA
OZ078034.1	30528308	30527709	C5	193.3	-	NA
OZ078032.1	463369	461368	C2	490.8	-	NA
OZ078035.1	14569267	14571550	C6	908.8	+	NA
OZ078037.1	20345445	20251552	C1	848.0	-	NA
OZ078027.1	27411564	27395542	C4	475.5	-	NA
OZ078029.1	37708397	37709747	C6	487.0	+	NA
OZ078029.1	28415149	28410616	C6	1279.0	-	NA
OZ078031.1	253566	291133	C2	2878.0	+	NA
OZ078034.1	29944630	29942956	C5	444.8	-	NA
OZ078037.1	27979503	27977419	C1	739.9	-	NA
OZ078026.1	2934611	2917425	C7	1036.6	-	NA
OZ078030.1	27191614	27192549	C7	403.8	+	NA
OZ078028.1	14183732	14187797	C1	1810.8	+	NA
OZ078029.1	38177567	38181372	C6	1177.4	+	NA
OZ078030.1	26355997	26501677	C4	1006.1	+	NA
OZ078040.1	5791930	5790847	CX	474.8	-	NA
OZ078031.1	17741944	17740673	C2	731.6	-	NA
OZ078027.1	31961287	31960116	C4	485.0	-	NA
OZ078032.1	9460322	9463536	C2	1467.2	+	NA
OZ078031.1	23057377	23060068	C2	524.0	+	NA
OZ078027.1	38566028	38560560	C3	531.5	-	NA
OZ078029.1	26922981	26921520	C6	495.2	-	NA
OZ078028.1	18189137	18189835	C1	448.1	+	NA
OZ078038.1	18623216	18592652	C6	2365.5	-	NA
OZ078026.1	13576738	13575772	C3	411.7	-	NA
OZ078028.1	29079762	29081329	C1	613.0	+	NA
OZ078039.1	17489633	17490100	C4	270.2	+	NA
OZ078032.1	19381527	19384209	C2	645.1	+	NA
OZ078027.1	16131950	16150212	C1	669.8	+	NA
OZ078026.1	19672878	19727441	C2	801.4	+	NA
OZ078030.1	27653400	27650995	C7	1428.2	-	NA
OZ078025.1	44397152	44398661	C4	511.2	+	NA
OZ078035.1	26040993	26056713	C1	748.6	+	NA
OZ078032.1	5033239	4984944	C2	1044.3	-	NA
OZ078033.1	17886572	17888241	UNASSIGNED	506.4	+	NA
OZ078038.1	7987082	7994825	C5	1168.9	+	NA
OZ078037.1	1552802	1543842	C1	825.6	-	NA
OZ078039.1	17643068	17640315	C4	542.2	-	NA
OZ078033.1	29422534	29443080	C1	510.3	+	NA
OZ078035.1	21364029	21366762	C6	711.8	+	NA
OZ078030.1	37428	36418	C5	423.3	-	NA
OZ078029.1	35161622	35161980	C3	127.6	+	NA
OZ078032.1	12657050	12653131	C2	917.1	-	NA
OZ078041.1	12815600	12818004	C1	616.3	+	NA
OZ078042.1	16947928	16941423	C5	1302.9	-	NA
OZ078040.1	5094001	5095498	CX	504.3	+	NA
OZ078034.1	28639603	28630597	C5	886.2	-	NA
OZ078036.1	26607550	26606468	C3	277.4	-	NA
OZ078037.1	20945395	20946598	C1	278.6	+	NA
OZ078038.1	16288782	16272585	C6	703.4	-	NA
OZ078036.1	8965494	8961630	C3	908.5	-	NA
OZ078029.1	25357658	25362170	C6	195.4	+	NA
OZ078028.1	30895964	30899060	C1	822.1	+	NA
OZ078027.1	33488385	33486811	C4	555.6	-	NA
OZ078035.1	26694136	26691834	C1	543.3	-	NA
OZ078035.1	9490974	9489059	C6	273.9	-	NA
OZ078030.1	12138482	12147197	C5	1031.5	+	NA
OZ078040.1	8445353	8468652	CX	2351.3	+	NA
OZ078032.1	24838893	24836624	C2	613.7	-	NA
OZ078036.1	19955580	19957586	C3	690.2	+	NA
OZ078036.1	23684655	23707493	C3	640.6	+	NA
OZ078031.1	31042628	31041518	C2	407.8	-	NA
OZ078037.1	104926	149827	C1	1011.2	+	NA
OZ078034.1	31383724	31388286	C5	1393.8	+	NA
OZ078038.1	493774	492893	CX	406.2	-	NA
OZ078033.1	6600148	6596698	C1	489.0	-	NA
OZ078036.1	17892126	17898876	C3	1798.8	+	NA
OZ078035.1	26618830	26622458	C1	495.2	+	NA
OZ078036.1	12592143	12592816	C3	295.5	+	NA
OZ078039.1	21905231	21906592	C4	658.8	+	NA
OZ078025.1	42132096	42140956	C4	1243.0	+	NA
OZ078035.1	1932751	1932030	C1	205.4	-	NA
OZ078039.1	13446692	13447880	C4	338.5	+	NA
OZ078040.1	15889151	15885657	CX	1111.6	-	NA
OZ078026.1	34723106	34677964	C2	753.2	-	NA
OZ078037.1	26097142	26091941	C1	236.8	-	NA
OZ078029.1	35138416	35132729	C6	832.2	-	NA
OZ078040.1	18202821	18203442	CX	209.1	+	NA
OZ078031.1	24654384	24653876	C2	203.0	-	NA
OZ078027.1	2072616	2069526	C1	857.1	-	NA
OZ078026.1	19463220	19475137	C2	360.3	+	NA
OZ078030.1	36728125	36727422	C4	365.3	-	NA
OZ078036.1	23589965	23588263	C3	623.0	-	NA
OZ078037.1	28077743	28076571	C1	645.5	-	NA
OZ078026.1	40038765	40042221	C2	549.9	+	NA
OZ078034.1	22432778	22432025	C5	250.3	-	NA
OZ078030.1	27303	28332	C5	518.6	+	NA
OZ078029.1	2955187	2967829	C3	608.9	+	NA
OZ078026.1	34128903	34130258	C2	507.3	+	NA
OZ078036.1	17230719	17227657	C3	366.0	-	NA
OZ078027.1	7468373	7472833	C1	718.3	+	NA
OZ078037.1	18532567	18536720	C1	714.0	+	NA
OZ078033.1	7724621	7751790	C1	163.8	+	NA
OZ078036.1	15570471	15571459	C3	267.0	+	NA
OZ078036.1	26411320	26413209	C3	823.1	+	NA
OZ078027.1	40167836	40166178	C3	436.8	-	NA
OZ078038.1	5065837	5061716	C5	461.3	-	NA
OZ078027.1	32830951	32824923	C4	945.2	-	NA
OZ078033.1	31216241	31211229	C1	837.8	-	NA
OZ078035.1	14406874	14380429	C6	270.0	-	NA
OZ078036.1	12373121	12372214	C3	324.4	-	NA
OZ078040.1	5351417	5349752	CX	793.0	-	NA
OZ078031.1	29438784	29440645	C2	504.3	+	NA
OZ078028.1	26463766	26465632	C1	612.2	+	NA
OZ078026.1	30030487	30034979	C2	1238.2	+	NA
OZ078025.1	28602825	28515605	C3	388.8	-	NA
OZ078025.1	28602825	28515605	C3	388.8	-	NA
OZ078025.1	29101440	29073981	C3	378.3	-	NA
OZ078025.1	29101440	29073981	C3	378.3	-	NA
OZ078035.1	19926294	19986840	C6	915.7	+	NA
OZ078028.1	34635666	34753530	C1	456.3	+	NA
OZ078036.1	29855196	29857637	C3	676.7	+	NA
OZ078029.1	24651614	24616650	C6	4117.8	-	NA
OZ078036.1	4338662	4337128	C3	685.4	-	NA
OZ078037.1	18275032	18245607	C1	188.1	-	NA
OZ078030.1	4580383	4559712	C5	400.1	-	NA
OZ078027.1	32519844	32622101	C4	364.7	+	NA
OZ078032.1	32365120	32444562	C2	850.1	+	NA
OZ078030.1	6986798	6985342	C5	189.1	-	NA
OZ078040.1	19663901	19676383	CX	908.0	+	NA
OZ078034.1	29601473	29602657	C5	456.6	+	NA
OZ078026.1	128960	129641	C7	257.9	+	NA
OZ078036.1	12555161	12555964	C3	408.0	+	NA
OZ078032.1	34486806	34483558	C2	396.6	-	NA
OZ078042.1	15712227	15717287	CX	982.1	+	NA
OZ078036.1	27020077	27019078	C3	357.8	-	NA
OZ078035.1	25243605	25237013	C7	647.7	-	NA
OZ078034.1	27929919	27934717	C5	848.9	+	NA
OZ078027.1	37263124	37255233	C3	1104.2	-	NA
OZ078031.1	29399221	29397980	C2	420.2	-	NA
OZ078035.1	1900727	1901441	C1	223.5	+	NA
OZ078033.1	25437106	25438884	C1	975.7	+	NA
OZ078031.1	22447085	22660615	C2	574.2	+	NA
OZ078027.1	14488324	14490210	C1	739.3	+	NA
OZ078030.1	34495082	34493130	C7	477.5	-	NA
OZ078033.1	14638066	14641242	C1	617.3	+	NA
OZ078036.1	25979653	25982559	C3	817.7	+	NA
OZ078027.1	35734128	35729638	C3	1200.7	-	NA
OZ078032.1	37053	28612	UNASSIGNED	982.6	-	NA
OZ078026.1	37180690	37183379	C2	627.6	+	NA
OZ078034.1	21207625	21117633	C5	1685.6	-	NA
OZ078042.1	17207425	17208021	C5	365.6	+	NA
OZ078030.1	25229284	25225943	C4	522.4	-	NA
OZ078026.1	4405156	4488583	C7	688.2	+	NA
OZ078028.1	38031162	38028976	UNASSIGNED	350.9	-	NA
OZ078033.1	1348986	1350131	C1	399.5	+	NA
OZ078025.1	4682632	4678821	C3	561.4	-	NA
OZ078037.1	23198438	23258544	C1	532.2	+	NA
OZ078027.1	28252294	28262701	C4	1322.3	+	NA
OZ078033.1	22026569	22025682	C1	401.5	-	NA
OZ078032.1	106585	108297	C2	140.7	+	NA
OZ078028.1	31592153	31594352	UNASSIGNED	633.5	+	NA
OZ078034.1	21048272	21050525	C5	504.5	+	NA
OZ078037.1	19278785	19281758	C1	843.7	+	NA
OZ078036.1	23549513	23535998	C3	1570.3	-	NA
OZ078028.1	39036817	39034529	C1	478.2	-	NA
OZ078036.1	19197806	19194211	C3	795.9	-	NA
OZ078032.1	32344915	32327009	C2	1183.2	-	NA
OZ078031.1	9910909	9909263	C2	704.4	-	NA
OZ078031.1	25994216	25996640	C2	482.5	+	NA
OZ078034.1	29981727	29984010	C5	389.5	+	NA
OZ078027.1	31047660	31046256	C4	678.6	-	NA
OZ078028.1	38453972	38409240	C1	3390.7	-	NA
OZ078036.1	23533608	23527243	C3	1226.9	-	NA
OZ078025.1	12477813	12507459	C4	1356.6	+	NA
OZ078027.1	33056806	33057915	C4	557.2	+	NA
OZ078039.1	17204437	17202457	C4	465.6	-	NA
OZ078035.1	17634128	17656227	C6	1781.2	+	NA
OZ078041.1	17815481	17821875	UNASSIGNED	378.3	+	NA
OZ078036.1	12370598	12368485	C3	649.5	-	NA
OZ078033.1	26339758	26341700	C1	618.2	+	NA
OZ078038.1	17653034	17658158	C6	764.4	+	NA
OZ078038.1	7936611	7939385	C5	1054.0	+	NA
OZ078033.1	31367432	31374654	C1	655.0	+	NA
OZ078025.1	42327657	42325963	C4	652.3	-	NA
OZ078030.1	36461742	36458423	C4	1028.5	-	NA
OZ078028.1	37140136	37141416	C1	118.5	+	NA
OZ078036.1	19154325	19143394	C3	551.2	-	NA
OZ078036.1	7784903	7785658	C3	340.9	+	NA
OZ078026.1	37206790	37222392	C2	939.3	+	NA
OZ078035.1	16930653	16933350	C6	684.5	+	NA
OZ078041.1	15171375	15177960	C1	810.1	+	NA
OZ078040.1	22834091	22832787	CX	381.0	-	NA
OZ078027.1	30704787	30706598	C3	340.7	+	NA
OZ078026.1	34175006	34179842	C2	783.1	+	NA
OZ078030.1	37637749	37637096	C7	196.3	-	NA
OZ078039.1	8274987	8282673	C4	802.2	+	NA
OZ078028.1	38376862	38380022	C1	1626.5	+	NA
OZ078031.1	20092685	20094444	C2	585.8	+	NA
OZ078025.1	38193953	38192949	C4	228.9	-	NA
OZ078033.1	31905921	31907613	C1	205.1	+	NA
OZ078038.1	8861742	8868030	C6	660.9	+	NA
OZ078027.1	6217885	6223378	C1	517.3	+	NA
OZ078035.1	11368406	11367623	C6	275.1	-	NA
OZ078031.1	36180761	36178897	C2	433.5	-	NA
OZ078033.1	7785177	7803363	C1	423.8	+	NA
OZ078035.1	26614688	26614120	C7	212.0	-	NA
OZ078041.1	11827668	11826082	UNASSIGNED	338.9	-	NA
OZ078039.1	10706231	10703107	C4	582.9	-	NA
OZ078040.1	4729454	4728546	CX	498.0	-	NA
OZ078034.1	28310905	28317016	C5	530.1	+	NA
OZ078026.1	38335301	38333538	C2	615.1	-	NA
OZ078026.1	9870696	9875515	C7	310.4	+	NA
OZ078035.1	22001780	22000280	C1	479.4	-	NA
OZ078025.1	29975538	29977342	C4	484.6	+	NA
OZ078025.1	44737583	44854295	C4	624.9	+	NA
OZ078034.1	25525325	25562126	C5	841.7	+	NA
OZ078028.1	16770718	16678151	C5	1742.2	-	NA
OZ078035.1	23661017	23658184	C7	768.1	-	NA
OZ078032.1	4040655	4048220	C2	808.5	+	NA
OZ078032.1	5633157	5563315	C2	452.1	-	NA
OZ078027.1	35250917	35252569	C4	168.4	+	NA
OZ078032.1	9665163	9661613	C2	611.3	-	NA
OZ078040.1	22504086	22501053	CX	762.5	-	NA
OZ078030.1	31108299	31039775	C7	459.8	-	NA
OZ078040.1	14831654	14838782	CX	2717.1	+	NA
OZ078038.1	25391530	25405504	C6	426.6	+	NA
OZ078033.1	17496180	17522688	C1	659.6	+	NA
OZ078029.1	14482517	14483860	C3	404.7	+	NA
OZ078030.1	30017730	30021911	C7	1655.8	+	NA
OZ078038.1	26188184	26188754	C6	229.7	+	NA
OZ078028.1	34558862	34562585	C1	914.8	+	NA
OZ078027.1	15810113	15829266	C1	313.3	+	NA
OZ078025.1	32877963	32880961	C3	958.8	+	NA
OZ078033.1	10479861	10478611	C1	259.2	-	NA
OZ078025.1	24573057	24584820	C4	207.5	+	NA
OZ078029.1	32574168	32571631	C6	780.3	-	NA
OZ078034.1	29709038	29713982	C5	942.7	+	NA
OZ078036.1	7725627	7724564	C3	238.7	-	NA
OZ078028.1	36663916	36669673	C5	1722.7	+	NA
OZ078037.1	23849932	23858984	C1	1544.1	+	NA
OZ078036.1	29607681	29609487	C3	806.4	+	NA
OZ078040.1	9204277	9202829	UNASSIGNED	254.0	-	NA
OZ078040.1	5479098	5480971	CX	353.7	+	NA
OZ078037.1	21766241	21766915	C1	347.2	+	NA
OZ078025.1	39147645	39139683	C4	1141.3	-	NA
OZ078034.1	28392	27901	C5	319.5	-	NA
OZ078031.1	12715752	12711248	C2	1113.7	-	NA
OZ078026.1	24144718	24153960	C2	746.4	+	NA
OZ078026.1	36550623	36504555	C2	286.4	-	NA
OZ078025.1	4053770	4049080	C3	820.9	-	NA
OZ078040.1	23065526	23062119	CX	1077.6	-	NA
OZ078027.1	39751644	39748706	C3	753.4	-	NA
OZ078042.1	17138866	17136973	C5	500.2	-	NA
OZ078025.1	44390228	44391711	C4	569.1	+	NA
OZ078027.1	32286168	32284976	C4	349.8	-	NA
OZ078042.1	15737795	15749235	C5	626.5	+	NA
OZ078025.1	29979883	29980748	C4	389.7	+	NA
OZ078036.1	15147412	15145177	C3	643.8	-	NA
OZ078032.1	31230849	31224284	C2	547.0	-	NA
OZ078036.1	29553601	29551808	C3	419.9	-	NA
OZ078027.1	5333158	5339952	C1	1315.2	+	NA
OZ078040.1	18392062	18382575	CX	968.3	-	NA
OZ078040.1	18392062	18382575	CX	968.3	-	NA
OZ078040.1	9690841	9688796	CX	966.9	-	NA
OZ078040.1	9690841	9688796	CX	966.9	-	NA
OZ078033.1	6822586	6826265	C1	952.2	+	NA
OZ078030.1	29908934	29910500	C7	352.7	+	NA
OZ078032.1	20501221	20497230	C2	339.6	-	NA
OZ078026.1	28319273	28321504	C2	727.3	+	NA
OZ078031.1	20228192	20223904	C2	844.8	-	NA
OZ078031.1	26530940	26532133	C2	515.0	+	NA
OZ078033.1	18871694	18872485	C1	409.3	+	NA
OZ078033.1	25516104	25604853	C1	386.4	+	NA
OZ078025.1	440250	409494	C4	1877.9	-	NA
OZ078027.1	32432029	32439355	UNASSIGNED	452.9	+	NA
OZ078030.1	29894547	29891664	C7	337.5	-	NA
OZ078036.1	8864186	8868853	C3	580.5	+	NA
OZ078034.1	31706754	31705437	C5	312.0	-	NA
OZ078039.1	17229393	17228071	C4	653.5	-	NA
OZ078041.1	15646762	15644280	C1	1123.2	-	NA
OZ078027.1	30915367	30914305	C3	456.7	-	NA
OZ078037.1	17126741	17134451	C1	727.9	+	NA
OZ078036.1	20580060	20574726	C3	1649.6	-	NA
OZ078027.1	14427149	14428492	C1	534.0	+	NA
OZ078027.1	34099251	34096404	C4	448.2	-	NA
OZ078028.1	13947740	13946052	C1	832.0	-	NA
OZ078032.1	17065799	17066641	C2	212.0	+	NA
OZ078029.1	23585248	23520637	C6	1497.0	-	NA
OZ078028.1	2197142	2163072	C1	517.7	-	NA
OZ078028.1	36497709	36478385	C5	414.5	-	NA
OZ078028.1	24816569	24817110	C1	199.8	+	NA
OZ078025.1	27003850	27002511	C4	688.6	-	NA
OZ078034.1	25722357	25724872	C5	835.0	+	NA
OZ078035.1	15602954	15583808	C6	1261.3	-	NA
OZ078026.1	38197161	38199024	C2	208.9	+	NA
OZ078034.1	26388392	26525528	C5	630.4	+	NA
OZ078040.1	22710764	22713069	CX	406.1	+	NA
OZ078031.1	31434798	31435875	C2	362.1	+	NA
OZ078032.1	20606831	20608412	C2	806.2	+	NA
OZ078033.1	18618257	18615745	UNASSIGNED	352.3	-	NA
OZ078036.1	5739735	5721225	C3	783.4	-	NA
OZ078038.1	16747433	16824015	C6	1217.4	+	NA
OZ078029.1	18070181	18057151	C3	775.6	-	NA
OZ078027.1	17576128	17576829	C1	291.8	+	NA
OZ078025.1	1999526	2014582	UNASSIGNED	186.0	+	NA
OZ078032.1	49860	59814	C2	869.7	+	NA
OZ078033.1	31779499	31772596	C1	698.8	-	NA
OZ078026.1	1605482	1619417	C7	764.8	+	NA
OZ078029.1	32214037	32220617	C6	1110.1	+	NA
OZ078028.1	22536070	22533169	C1	1042.2	-	NA
OZ078041.1	18483277	18476595	C1	328.4	-	NA
OZ078026.1	38581713	38584571	C2	609.8	+	NA
OZ078038.1	26175230	26177598	C6	639.7	+	NA
OZ078027.1	668773	652928	C1	615.7	-	NA
OZ078027.1	36965640	36966458	C3	257.0	+	NA
OZ078042.1	14541698	14534044	C5	390.4	-	NA
OZ078028.1	39053495	39057367	C1	584.5	+	NA
OZ078030.1	35076185	35115598	C4	796.9	+	NA
OZ078039.1	22938539	22952141	C4	876.7	+	NA
OZ078036.1	15609341	15606573	C3	479.2	-	NA
OZ078034.1	30207788	30205414	C5	584.4	-	NA
OZ078040.1	19725692	19718415	CX	1031.6	-	NA
OZ078041.1	10459777	10439199	C1	421.2	-	NA
OZ078036.1	29102382	29101330	C3	347.7	-	NA
OZ078028.1	37759740	37757348	UNASSIGNED	237.6	-	NA
OZ078037.1	28446170	28445235	C1	206.2	-	NA
OZ078036.1	28248404	28246570	C3	182.0	-	NA
OZ078040.1	21100246	21098804	CX	588.6	-	NA
OZ078028.1	18150295	18150780	C1	125.8	+	NA
OZ078038.1	13834680	13836137	C6	669.6	+	NA
OZ078037.1	28054135	28053046	C1	348.1	-	NA
OZ078030.1	28906763	28912022	C7	310.1	+	NA
OZ078039.1	18728046	18714559	C4	2702.2	-	NA
OZ078031.1	483720	486118	C2	561.6	+	NA
OZ078039.1	7792334	7806805	C4	778.3	+	NA
OZ078032.1	18988325	18986112	C2	348.1	-	NA
OZ078027.1	36949315	36960597	C3	426.9	+	NA
OZ078040.1	19022926	19031278	CX	627.3	+	NA
OZ078042.1	16470011	16465672	C5	654.4	-	NA
OZ078030.1	9886855	9883490	C5	1200.8	-	NA
OZ078035.1	11856428	11861782	C6	1728.6	+	NA
OZ078033.1	14588153	14586332	C1	360.9	-	NA
OZ078027.1	20285262	20289622	C4	1218.2	+	NA
OZ078041.1	15159980	15135615	C1	477.9	-	NA
OZ078038.1	21864068	21862604	C6	139.8	-	NA
OZ078038.1	25390975	25389933	C6	169.0	-	NA
OZ078034.1	20098239	19906413	C5	1485.9	-	NA
OZ078030.1	34506409	34511268	C7	1077.6	+	NA
OZ078041.1	9645429	9709634	C1	458.6	+	NA
OZ078025.1	26791885	26795059	C4	976.3	+	NA
OZ078030.1	35070322	35067648	C7	1013.4	-	NA
OZ078036.1	29953268	29955814	C3	598.2	+	NA
OZ078038.1	23969653	23970349	C6	110.7	+	NA
OZ078032.1	31765283	31768462	C2	1201.6	+	NA
OZ078028.1	20941586	20944032	C1	511.1	+	NA
OZ078028.1	33596152	33511254	C1	494.9	-	NA
OZ078040.1	19687761	19691962	CX	1284.5	+	NA
OZ078028.1	27044042	27044588	C1	255.1	+	NA
OZ078029.1	20875473	20872165	C3	814.5	-	NA
OZ078029.1	16061451	16064163	C3	531.1	+	NA
OZ078030.1	35066529	35065667	C7	193.2	-	NA
OZ078037.1	23891485	23892087	C1	118.4	+	NA
OZ078029.1	33630761	33633040	C3	577.9	+	NA
OZ078042.1	17231307	17229862	C7	556.8	-	NA
OZ078038.1	26372588	26375867	UNASSIGNED	794.6	+	NA
OZ078028.1	33902571	33904889	C1	416.4	+	NA
OZ078037.1	24059123	24062581	C1	984.3	+	NA
OZ078033.1	32583645	32626127	C1	674.9	+	NA
OZ078030.1	5970821	5965733	C5	881.1	-	NA
OZ078032.1	477727	480905	C2	535.6	+	NA
OZ078031.1	33551384	33524133	C2	432.4	-	NA
OZ078026.1	8583945	8538991	C7	1305.0	-	NA
OZ078035.1	673934	647289	C2	1319.2	-	NA
OZ078031.1	14718830	14705145	C2	566.3	-	NA
OZ078028.1	15518412	15519569	C5	416.8	+	NA
OZ078028.1	12442475	12465814	C1	536.8	+	NA
OZ078028.1	36812520	36816738	C5	775.7	+	NA
OZ078025.1	4138617	4130339	C3	618.6	-	NA
OZ078026.1	37290063	37286908	C2	432.2	-	NA
OZ078030.1	86993	85967	C5	306.9	-	NA
OZ078035.1	22856224	22855397	C7	299.5	-	NA
OZ078029.1	37988762	37990048	C6	464.3	+	NA
OZ078028.1	39136979	39135384	C1	419.4	-	NA
OZ078026.1	38147683	38149094	C2	435.8	+	NA
OZ078035.1	20705471	20703633	C6	192.4	-	NA
OZ078031.1	17709856	17708088	C2	623.1	-	NA
OZ078032.1	391603	381891	UNASSIGNED	1073.5	-	NA
OZ078036.1	30005883	30042594	C3	325.4	+	NA
OZ078028.1	27054811	27050675	C1	913.5	-	NA
OZ078037.1	2202863	2200507	C1	702.3	-	NA
OZ078037.1	20398119	20387920	C1	594.8	-	NA
OZ078034.1	28289485	28269063	C5	544.8	-	NA
OZ078026.1	38656906	38658017	UNASSIGNED	279.9	+	NA
OZ078037.1	20758259	20760232	C1	669.6	+	NA
OZ078036.1	8114677	8096033	C3	1052.3	-	NA
OZ078033.1	9710214	9713554	C1	520.6	+	NA
OZ078036.1	23525584	23526000	C3	196.0	+	NA
OZ078033.1	32076766	32077862	C1	268.2	+	NA
OZ078037.1	17151347	17152954	C1	496.9	+	NA
OZ078026.1	83936	84972	C7	337.1	+	NA
OZ078041.1	17987493	17993047	C1	1176.3	+	NA
OZ078033.1	9982909	9987547	C1	857.0	+	NA
OZ078031.1	36932664	36933600	C2	322.3	+	NA
OZ078032.1	34178664	34176060	C2	393.5	-	NA
OZ078027.1	36281324	36278619	C3	338.2	-	NA
OZ078027.1	33839428	33741288	C4	86.6	-	NA
OZ078034.1	31280083	31278511	C5	307.2	-	NA
OZ078027.1	23621955	23621029	C4	310.7	-	NA
OZ078041.1	15674988	15674227	C1	273.8	-	NA
OZ078032.1	20503025	20505971	C2	180.3	+	NA
OZ078032.1	92535	96632	C2	1329.0	+	NA
OZ078036.1	3269491	3265443	C3	1022.6	-	NA
OZ078033.1	31295816	31290254	C1	1049.2	-	NA
OZ078028.1	33735495	33733882	C1	246.1	-	NA
OZ078037.1	1433124	1433747	C1	182.7	+	NA
OZ078030.1	25223374	25226447	C4	636.8	+	NA
OZ078039.1	15746878	15869851	C4	745.5	+	NA
OZ078026.1	15589159	15587297	C2	423.3	-	NA
OZ078025.1	34873086	34877532	C3	1010.8	+	NA
OZ078036.1	28686682	28685095	C3	270.8	-	NA
OZ078040.1	19910901	19845428	CX	397.0	-	NA
OZ078035.1	10232791	10228713	C6	919.1	-	NA
OZ078026.1	35583489	35589056	C2	310.5	+	NA
OZ078030.1	3297375	3299209	C5	246.7	+	NA
OZ078030.1	9163940	9169609	C5	520.6	+	NA
OZ078027.1	5858416	5866053	C1	1126.8	+	NA
OZ078033.1	17065283	17059257	C1	865.0	-	NA
OZ078028.1	21112868	21111897	C1	487.4	-	NA
OZ078032.1	21080723	21081451	C2	345.7	+	NA
OZ078030.1	30451739	30453331	C7	466.1	+	NA
OZ078031.1	20640311	20638956	C2	408.4	-	NA
OZ078027.1	33458637	33460112	UNASSIGNED	298.8	+	NA
OZ078026.1	27387588	27384894	C2	407.0	-	NA
OZ078026.1	38482805	38480388	C2	358.0	-	NA
OZ078032.1	34829398	34837593	C2	164.6	+	NA
OZ078026.1	30862673	30856043	C2	671.4	-	NA
OZ078035.1	26968429	26978549	C1	1411.8	+	NA
OZ078032.1	31243778	31241880	C2	460.6	-	NA
OZ078042.1	15837212	15849057	C5	1049.9	+	NA
OZ078039.1	24529685	24531641	C4	338.6	+	NA
OZ078035.1	705833	708190	C1	674.9	+	NA
OZ078037.1	27101023	27092997	C1	901.7	-	NA
OZ078040.1	21634182	21601841	CX	394.9	-	NA
OZ078031.1	33764497	33666337	C2	826.8	-	NA
OZ078041.1	15111263	15110511	C1	334.2	-	NA
OZ078038.1	18623947	18624972	C6	309.1	+	NA
OZ078033.1	28316396	28307713	C1	539.0	-	NA
OZ078037.1	27525180	27527843	C1	234.1	+	NA
OZ078035.1	22742957	22751111	C1	1060.6	+	NA
OZ078025.1	42378352	42381722	C4	1056.1	+	NA
OZ078028.1	27261530	27264480	C1	592.8	+	NA
OZ078041.1	18579937	18579200	C1	274.0	-	NA
OZ078025.1	41781554	41777302	C4	530.5	-	NA
OZ078027.1	10437416	10418651	C1	672.1	-	NA
OZ078039.1	17322967	17315335	C4	637.3	-	NA
OZ078033.1	7923726	7923149	C1	275.7	-	NA
OZ078029.1	25173841	25176294	C6	349.8	+	NA
OZ078035.1	25596003	25603937	C7	503.9	+	NA
OZ078029.1	37493721	37492918	C6	268.2	-	NA
OZ078027.1	32218539	32220864	C4	535.1	+	NA
OZ078028.1	20759779	20756562	C1	783.6	-	NA
OZ078035.1	14558205	14551881	C6	796.6	-	NA
OZ078025.1	39130200	39128859	C4	314.9	-	NA
OZ078025.1	26742996	26744414	C4	382.6	+	NA
OZ078030.1	34472702	34471818	C7	285.5	-	NA
OZ078026.1	667008	679570	C7	592.1	+	NA
OZ078033.1	28087096	28088339	C1	286.6	+	NA
OZ078028.1	31878374	31867656	C1	560.0	-	NA
OZ078030.1	27197321	27199890	C7	323.7	+	NA
OZ078029.1	2878199	2949884	C3	236.7	+	NA
OZ078042.1	17224260	17221893	C5	328.0	-	NA
OZ078025.1	33842694	33847350	C3	343.3	+	NA
OZ078034.1	29694800	29695495	C5	171.4	+	NA
OZ078038.1	8849288	8846733	C6	389.3	-	NA
OZ078029.1	23590335	23588504	C6	298.3	-	NA
OZ078036.1	18744323	18745540	C3	132.0	+	NA
OZ078026.1	35938067	35922521	C2	1175.9	-	NA
OZ078040.1	12802002	12799290	CX	395.2	-	NA
OZ078031.1	25624426	25628396	C2	683.9	+	NA
OZ078032.1	19497439	19501658	C2	453.2	+	NA
OZ078041.1	15789335	15755690	C1	588.5	-	NA
OZ078040.1	16600198	16616308	CX	902.4	+	NA
OZ078029.1	24441801	24446294	C3	1308.8	+	NA
OZ078025.1	14624089	14615739	C3	542.3	-	NA
OZ078039.1	8616696	8685821	C4	1193.7	+	NA
OZ078035.1	20063574	20060846	C6	244.0	-	NA
OZ078030.1	36896183	36898102	C4	381.8	+	NA
OZ078026.1	30708637	30709746	C2	288.2	+	NA
OZ078029.1	30237492	30242577	C6	327.1	+	NA
OZ078027.1	33017718	33019110	C4	499.7	+	NA
OZ078033.1	6667287	6662565	C1	790.8	-	NA
OZ078025.1	26605165	26612883	C4	1483.3	+	NA
OZ078037.1	25557892	25558987	C1	255.0	+	NA
OZ078039.1	23243359	23246485	UNASSIGNED	1003.1	+	NA
OZ078026.1	33426896	33418842	C2	824.2	-	NA
OZ078036.1	29600047	29606137	C3	909.3	+	NA
OZ078039.1	8254225	8273152	C4	518.8	+	NA
OZ078030.1	9172034	9180485	C5	244.2	+	NA
OZ078041.1	17169259	17171599	C1	494.4	+	NA
OZ078027.1	34733598	34732234	C4	267.2	-	NA
OZ078040.1	6161583	6160025	CX	301.8	-	NA
OZ078032.1	5939551	5938910	C2	293.2	-	NA
OZ078036.1	26686873	26691685	C3	590.6	+	NA
OZ078037.1	25218351	25540463	C1	441.5	+	NA
OZ078041.1	15444582	15440548	C1	436.5	-	NA
OZ078028.1	18142852	18144415	C1	114.4	+	NA
OZ078025.1	8944582	8933955	C3	438.5	-	NA
OZ078026.1	6693247	6730439	C7	620.2	+	NA
OZ078042.1	16713233	16704689	C5	864.0	-	NA
OZ078038.1	21673545	21678965	C6	1023.4	+	NA
OZ078033.1	18809335	18803779	C1	499.5	-	NA
OZ078030.1	37743554	37740373	C7	482.8	-	NA
OZ078031.1	14593528	14592563	C2	267.7	-	NA
OZ078040.1	12158433	12166199	CX	642.7	+	NA
OZ078031.1	24834886	24836660	C2	216.9	+	NA
OZ078039.1	18941522	18942961	C4	503.7	+	NA
OZ078026.1	38338554	38336503	C2	645.3	-	NA
OZ078034.1	29248123	29251135	C5	158.0	+	NA
OZ078027.1	37118866	36972747	C3	533.5	-	NA
OZ078034.1	18673449	18678004	C5	203.9	+	NA
OZ078037.1	24441700	24444960	C1	322.1	+	NA
OZ078034.1	20699028	20705274	C5	644.7	+	NA
OZ078026.1	38151484	38155734	C2	1053.2	+	NA
OZ078032.1	18450874	18444848	C2	1723.3	-	NA
OZ078040.1	20263742	20260473	CX	919.2	-	NA
OZ078033.1	27654259	27655792	C1	137.1	+	NA
OZ078036.1	23025979	23023205	C3	548.1	-	NA
OZ078032.1	1070787	1137682	C2	421.5	+	NA
OZ078032.1	34461038	34457758	C2	108.6	-	NA
OZ078033.1	24550736	24554258	C1	916.0	+	NA
OZ078026.1	39437962	39437086	C2	371.5	-	NA
OZ078031.1	35570104	35470595	C2	199.9	-	NA
OZ078026.1	1295411	1294395	C7	424.4	-	NA
OZ078033.1	6821242	6819462	C1	331.0	-	NA
OZ078039.1	18697887	18698788	C4	159.6	+	NA
OZ078037.1	1875407	1876777	C1	216.7	+	NA
