# BUSCO version is: 5.8.2 		
# The lineage dataset is: coleoptera_odb12 (Creation date: 2025-04-11, number of genomes: 64, number of BUSCOs: 3729)		
# Busco id	Status	Sequence	Gene Start	Gene End	Strand	Score	Length
48at7041	Complete	OZ078038.1	22521295	22521849	+	260.7	126
110at7041	Complete	OZ078033.1	31431166	31433351	+	394.9	200
157at7041	Complete	OZ078036.1	17280006	17249113	-	454.5	227
165at7041	Complete	OZ078025.1	41885560	41887859	+	765.8	350
180at7041	Complete	OZ078041.1	18604678	18607537	+	723.4	313
199at7041	Complete	OZ078025.1	29790416	29788315	-	555.1	242
306at7041	Complete	OZ078025.1	26950026	26979567	+	500.7	217
425at7041	Complete	OZ078026.1	2026436	2026798	+	197.8	101
447at7041	Complete	OZ078030.1	34243263	34241266	-	728.0	307
495at7041	Complete	OZ078040.1	13416498	13420076	+	1104.2	584
517at7041	Complete	OZ078031.1	30740719	30602288	-	769.1	366
583at7041	Complete	OZ078026.1	26288575	26278949	-	449.6	219
631at7041	Complete	OZ078039.1	24861708	24862369	+	347.1	170
648at7041	Complete	OZ078033.1	30227427	30228862	+	190.0	84
676at7041	Complete	OZ078026.1	23617195	23617632	+	325.2	144
754at7041	Complete	OZ078041.1	17172773	17176056	+	755.1	381
793at7041	Complete	OZ078032.1	2691504	2688142	-	509.0	262
849at7041	Complete	OZ078032.1	2582058	2584868	+	346.5	167
860at7041	Complete	OZ078033.1	22032558	22030274	-	921.9	412
862at7041	Complete	OZ078036.1	8824383	8825330	+	744.6	314
898at7041	Complete	OZ078026.1	8469272	8450234	-	622.5	320
981at7041	Complete	OZ078025.1	5913175	5877962	-	1210.1	520
1086at7041	Complete	OZ078029.1	21229512	21230262	+	344.1	175
1095at7041	Complete	OZ078041.1	14497687	14498639	+	343.7	194
1119at7041	Complete	OZ078039.1	22029690	22031489	+	677.0	296
1235at7041	Complete	OZ078027.1	32833778	32837620	+	756.6	419
1246at7041	Complete	OZ078032.1	18060562	18059621	-	606.7	309
1358at7041	Complete	OZ078025.1	899558	901086	+	584.7	302
1422at7041	Complete	OZ078036.1	26930273	26929290	-	391.6	204
1472at7041	Complete	OZ078034.1	25168850	25168145	-	469.8	214
1605at7041	Complete	OZ078026.1	9886897	9883131	-	976.1	425
1728at7041	Complete	OZ078025.1	5783110	5774079	-	1204.5	521
1777at7041	Complete	OZ078037.1	27624481	27620862	-	381.6	214
1789at7041	Complete	OZ078025.1	41714371	41713486	-	326.3	163
1840at7041	Complete	OZ078027.1	5347473	5349159	+	425.2	202
1906at7041	Complete	OZ078032.1	35046399	35048110	+	611.5	303
1923at7041	Complete	OZ078028.1	16174166	16173754	-	140.7	103
1929at7041	Complete	OZ078025.1	4117364	4120556	+	808.8	346
1948at7041	Complete	OZ078039.1	7841823	7850354	+	667.6	335
1957at7041	Complete	OZ078033.1	19406897	19410594	+	924.8	422
1983at7041	Complete	OZ078029.1	25910387	25909847	-	347.9	161
1986at7041	Complete	OZ078033.1	28724341	28721426	-	920.1	443
2034at7041	Complete	OZ078025.1	41774003	41773529	-	278.4	137
2084at7041	Complete	OZ078027.1	32324558	32325609	+	260.3	113
2099at7041	Complete	OZ078038.1	7931207	7932160	+	431.5	186
2104at7041	Complete	OZ078031.1	24913252	24911512	-	584.6	337
2131at7041	Complete	OZ078025.1	646753	647619	+	570.6	281
2207at7041	Complete	OZ078033.1	32364164	32363577	-	246.4	130
2233at7041	Complete	OZ078035.1	20247409	20243873	-	493.3	272
2260at7041	Complete	OZ078029.1	35318027	35318727	+	259.6	148
2281at7041	Complete	OZ078029.1	32240540	32237054	-	1203.5	638
2499at7041	Complete	OZ078036.1	29269485	29270704	+	426.9	191
2574at7041	Complete	OZ078028.1	15850574	15850924	+	250.8	111
2603at7041	Complete	OZ078032.1	34763073	34763949	+	343.1	209
2696at7041	Complete	OZ078025.1	26738570	26739965	+	615.0	291
2710at7041	Fragmented	OZ078036.1	2441477	2481858	+	196.4	123
2764at7041	Complete	OZ078027.1	40169306	40171060	+	931.2	527
2807at7041	Complete	OZ078036.1	25472859	25474343	+	380.6	198
2893at7041	Complete	OZ078034.1	26206484	26207698	+	752.3	378
2962at7041	Complete	OZ078029.1	35160942	35160127	-	464.8	267
3085at7041	Complete	OZ078031.1	9753780	9750471	-	1092.2	498
3092at7041	Complete	OZ078036.1	25978876	25976114	-	630.7	391
3247at7041	Complete	OZ078036.1	25129410	25125230	-	1592.9	874
3317at7041	Complete	OZ078026.1	20139705	20140652	+	230.8	181
3360at7041	Complete	OZ078028.1	18145343	18146516	+	466.1	300
3369at7041	Complete	OZ078025.1	26501325	26497312	-	414.5	187
3396at7041	Complete	OZ078040.1	5210631	5221689	+	2473.9	1592
3439at7041	Complete	OZ078027.1	5332562	5331117	-	282.6	150
3448at7041	Complete	OZ078025.1	646241	645720	-	213.0	155
3540at7041	Complete	OZ078040.1	6297097	6296537	-	308.2	147
3587at7041	Complete	OZ078031.1	9731227	9730672	-	330.6	156
3590at7041	Complete	OZ078025.1	851637	853421	+	1331.4	592
3723at7041	Complete	OZ078027.1	25397217	25405178	+	609.4	338
3733at7041	Complete	OZ078032.1	379295	378684	-	309.0	195
3751at7041	Complete	OZ078039.1	21120550	21121343	+	435.9	189
3841at7041	Complete	OZ078034.1	103677	101100	-	834.9	358
4002at7041	Complete	OZ078039.1	24316110	24314478	-	322.4	180
4118at7041	Complete	OZ078032.1	4083368	4084025	+	440.5	202
4306at7041	Complete	OZ078027.1	15480892	15463568	-	794.2	355
4406at7041	Complete	OZ078036.1	25397144	25395660	-	523.4	259
4511at7041	Complete	OZ078026.1	3558509	3549986	-	730.5	398
4574at7041	Complete	OZ078037.1	18563715	18565190	+	652.1	345
4621at7041	Complete	OZ078027.1	1830253	1838438	+	1054.0	594
4628at7041	Complete	OZ078040.1	14661225	14659861	-	813.6	355
4657at7041	Complete	OZ078041.1	12010077	12012451	+	996.7	556
4775at7041	Complete	OZ078034.1	16544260	16554020	+	2087.7	1057
4803at7041	Complete	OZ078035.1	11377287	11376634	-	391.8	177
4864at7041	Complete	OZ078033.1	18202658	18200665	-	623.2	324
4870at7041	Complete	OZ078032.1	2555913	2552999	-	343.5	166
4924at7041	Complete	OZ078037.1	19286254	19285423	-	292.7	135
5026at7041	Complete	OZ078035.1	11327676	11330525	+	733.8	354
5081at7041	Complete	OZ078036.1	29972929	29975395	+	1338.8	575
5143at7041	Complete	OZ078042.1	14165983	14194223	+	1833.8	986
5264at7041	Complete	OZ078025.1	15713306	15692265	-	748.0	398
5310at7041	Complete	OZ078031.1	9554742	9549853	-	1145.5	542
5368at7041	Complete	OZ078025.1	619703	615819	-	503.9	249
5370at7041	Complete	OZ078032.1	32295870	32295249	-	245.1	158
5458at7041	Complete	OZ078028.1	15620263	15628067	+	757.9	391
5498at7041	Complete	OZ078025.1	35606960	35591258	-	435.8	236
5560at7041	Complete	OZ078040.1	3146371	3128794	-	708.8	330
5634at7041	Complete	OZ078032.1	357859	356145	-	237.4	153
5704at7041	Complete	OZ078026.1	1127854	1128905	+	395.0	235
5859at7041	Complete	OZ078031.1	1413227	1423057	+	1097.8	516
5860at7041	Complete	OZ078030.1	27504536	27507963	+	864.0	448
5897at7041	Complete	OZ078029.1	25911609	25914265	+	1300.0	576
5901at7041	Complete	OZ078032.1	22013738	22012623	-	836.0	353
5981at7041	Complete	OZ078028.1	24777032	24778686	+	773.4	388
5990at7041	Complete	OZ078027.1	29193433	29192598	-	307.4	138
6098at7041	Complete	OZ078036.1	19052384	19054209	+	879.2	479
6110at7041	Complete	OZ078030.1	27241488	27235702	-	924.2	578
6118at7041	Complete	OZ078031.1	17899060	17895713	-	2367.5	1108
6163at7041	Complete	OZ078036.1	9327506	9324527	-	659.9	296
6205at7041	Complete	OZ078039.1	24498431	24497696	-	366.2	183
6229at7041	Complete	OZ078025.1	43167566	43173882	+	330.4	180
6310at7041	Complete	OZ078039.1	10892064	10891018	-	498.9	252
6496at7041	Complete	OZ078025.1	42840340	43005473	+	1362.1	649
6508at7041	Complete	OZ078033.1	7913098	7915158	+	893.5	393
6511at7041	Complete	OZ078027.1	30685853	30683364	-	517.0	283
6516at7041	Complete	OZ078030.1	42578	42051	-	343.7	174
6586at7041	Complete	OZ078028.1	25462291	25479296	+	344.3	173
6634at7041	Complete	OZ078025.1	147389	149712	+	206.0	139
6641at7041	Complete	OZ078028.1	24811675	24802942	-	1754.3	921
6674at7041	Complete	OZ078035.1	23669184	23674151	+	702.7	395
6687at7041	Complete	OZ078031.1	17667916	17668367	+	253.0	114
6810at7041	Complete	OZ078033.1	20405273	20406985	+	372.3	217
6913at7041	Complete	OZ078030.1	34500377	34504476	+	1216.8	796
7014at7041	Complete	OZ078033.1	21390096	21389228	-	341.6	226
7019at7041	Complete	OZ078042.1	16679931	16681657	+	475.9	208
7117at7041	Complete	OZ078028.1	26466138	26469007	+	1677.5	758
7188at7041	Complete	OZ078036.1	25488598	25491028	+	681.3	297
7294at7041	Complete	OZ078033.1	6840510	6837643	-	338.6	171
7467at7041	Complete	OZ078037.1	28346583	28353666	+	892.6	433
7483at7041	Complete	OZ078034.1	31715888	31715135	-	247.1	146
7532at7041	Complete	OZ078028.1	5804395	5800125	-	547.6	337
7605at7041	Complete	OZ078032.1	17505252	17450562	-	537.4	248
7698at7041	Complete	OZ078035.1	11386832	11389904	+	860.5	502
7762at7041	Complete	OZ078034.1	11588750	11593443	+	431.9	240
7778at7041	Complete	OZ078036.1	29594841	29596300	+	543.2	242
7815at7041	Fragmented	OZ078034.1	1503398	1504056	+	269.1	173
7823at7041	Complete	OZ078026.1	35531749	35535860	+	945.5	608
7844at7041	Complete	OZ078040.1	20466600	20468418	+	768.1	385
7866at7041	Complete	OZ078029.1	37707548	37706549	-	369.5	248
7976at7041	Complete	OZ078026.1	455332	468799	+	952.2	479
8039at7041	Complete	OZ078026.1	34112113	34111450	-	326.8	179
8128at7041	Complete	OZ078041.1	16165295	16069988	-	709.5	338
8274at7041	Complete	OZ078027.1	30910592	30904842	-	1534.1	873
8327at7041	Complete	OZ078034.1	21891099	21887167	-	926.2	538
8445at7041	Complete	OZ078035.1	7893796	7901372	+	2122.1	1421
8514at7041	Complete	OZ078029.1	38217064	38215996	-	320.6	177
8547at7041	Complete	OZ078025.1	14839382	14799588	-	1221.2	632
8599at7041	Complete	OZ078029.1	34624906	34626143	+	725.0	332
8652at7041	Complete	OZ078031.1	36922213	36909632	-	645.5	417
8676at7041	Complete	OZ078029.1	38208914	38207142	-	847.7	383
8776at7041	Complete	OZ078030.1	30126192	30121911	-	316.5	180
8858at7041	Complete	OZ078029.1	24420787	24420319	-	170.6	98
8983at7041	Complete	OZ078025.1	38509860	38511218	+	558.7	282
8997at7041	Complete	OZ078040.1	7129596	7069863	-	3365.5	1480
9010at7041	Complete	OZ078032.1	34556582	34554079	-	277.2	143
9011at7041	Complete	OZ078028.1	25048298	25040207	-	759.5	380
9013at7041	Complete	OZ078026.1	35810467	35674811	-	4080.0	2170
9060at7041	Complete	OZ078026.1	24137020	24136089	-	471.6	216
9076at7041	Complete	OZ078041.1	17952207	17953400	+	699.5	354
9114at7041	Complete	OZ078027.1	16210274	16205854	-	821.0	454
9153at7041	Complete	OZ078028.1	18223364	18220931	-	968.4	516
9160at7041	Complete	OZ078033.1	24581522	24580983	-	210.4	129
9221at7041	Complete	OZ078039.1	9035443	9044268	+	843.1	420
9303at7041	Complete	OZ078031.1	26692059	26690648	-	446.1	213
9519at7041	Complete	OZ078041.1	11241050	11239192	-	595.5	427
9549at7041	Complete	OZ078029.1	32192690	32193956	+	649.6	345
9562at7041	Complete	OZ078041.1	14242496	14245213	+	618.6	293
9574at7041	Complete	OZ078032.1	19523889	19519827	-	1108.0	520
9598at7041	Complete	OZ078032.1	19135353	19123720	-	445.6	219
9698at7041	Complete	OZ078036.1	15617748	15619067	+	474.1	414
9718at7041	Complete	OZ078033.1	32094453	32085596	-	1343.2	701
9739at7041	Complete	OZ078042.1	14642366	14638348	-	565.2	314
9809at7041	Complete	OZ078032.1	33610929	33623389	+	490.7	228
9860at7041	Complete	OZ078028.1	32522192	32521687	-	278.2	130
9981at7041	Complete	OZ078026.1	247096	250462	+	493.7	230
10053at7041	Complete	OZ078040.1	6101582	6107213	+	2983.5	1531
10287at7041	Complete	OZ078030.1	37476854	37476024	-	264.0	185
10380at7041	Complete	OZ078040.1	6171227	6172530	+	775.2	344
10397at7041	Complete	OZ078025.1	4249399	4253110	+	287.3	143
10508at7041	Duplicated	OZ078025.1	1945284	1943060	-	835.6	494
10508at7041	Duplicated	OZ078038.1	8028079	8025946	-	778.0	494
10560at7041	Complete	OZ078027.1	33028515	33039076	+	437.7	209
10588at7041	Complete	OZ078030.1	33256112	33255328	-	405.5	202
10639at7041	Complete	OZ078032.1	17829127	17839771	+	979.6	580
10662at7041	Complete	OZ078025.1	9736824	9723521	-	676.7	444
10698at7041	Complete	OZ078041.1	12335158	12333800	-	912.1	447
10805at7041	Complete	OZ078036.1	20588153	20586803	-	580.7	257
11065at7041	Complete	OZ078034.1	1505940	1504134	-	352.5	224
11114at7041	Complete	OZ078034.1	29707864	29704990	-	581.2	307
11117at7041	Complete	OZ078036.1	10294269	10295882	+	321.6	223
11245at7041	Complete	OZ078032.1	25487762	25375703	-	1000.9	474
11249at7041	Complete	OZ078027.1	8992870	9001723	+	455.7	265
11507at7041	Complete	OZ078036.1	19936035	19937575	+	551.5	307
11537at7041	Complete	OZ078028.1	31586370	31588254	+	664.1	415
11580at7041	Complete	OZ078028.1	34430982	34430345	-	175.8	87
11765at7041	Complete	OZ078033.1	6683095	6684289	+	619.5	353
11776at7041	Complete	OZ078037.1	2667949	2630120	-	643.7	308
11822at7041	Complete	OZ078035.1	22713010	22714005	+	462.5	299
11882at7041	Complete	OZ078030.1	29862811	29869792	+	2088.1	926
11899at7041	Complete	OZ078026.1	38345418	38354765	+	2383.4	1084
11954at7041	Complete	OZ078030.1	3287734	3157599	-	365.7	165
12047at7041	Complete	OZ078036.1	23885302	23827573	-	296.6	153
12089at7041	Complete	OZ078030.1	99234	100810	+	177.9	115
12138at7041	Complete	OZ078025.1	38742820	38741619	-	428.0	238
12144at7041	Complete	OZ078026.1	7817174	7820143	+	332.9	162
12177at7041	Complete	OZ078040.1	16132717	16134325	+	278.6	263
12178at7041	Complete	OZ078030.1	171177	140525	-	531.3	243
12187at7041	Complete	OZ078037.1	28400260	28401535	+	290.3	183
12206at7041	Complete	OZ078039.1	12419420	12421381	+	748.4	423
12418at7041	Complete	OZ078040.1	5708167	5710256	+	1015.9	552
12428at7041	Complete	OZ078034.1	39007	40098	+	541.5	283
12449at7041	Complete	OZ078041.1	15673024	15674161	+	556.4	301
12516at7041	Complete	OZ078042.1	16269274	16269532	+	134.7	66
12570at7041	Complete	OZ078031.1	28493043	28491400	-	860.3	400
12571at7041	Complete	OZ078029.1	31272828	31269355	-	688.3	309
12599at7041	Complete	OZ078039.1	22895801	22897317	+	696.7	350
12683at7041	Complete	OZ078033.1	27116787	27109050	-	1225.4	562
12725at7041	Complete	OZ078034.1	185082	187308	+	728.2	374
12749at7041	Complete	OZ078032.1	12793221	12796657	+	327.4	157
13014at7041	Complete	OZ078030.1	37983435	37976461	-	1276.8	632
13019at7041	Complete	OZ078036.1	28644211	28621563	-	639.0	387
13093at7041	Complete	OZ078039.1	15983104	15981570	-	444.3	250
13116at7041	Complete	OZ078030.1	37879639	37878254	-	299.3	151
13228at7041	Complete	OZ078036.1	24590474	24591342	+	178.8	103
13297at7041	Complete	OZ078028.1	2293222	2293692	+	244.0	147
13472at7041	Complete	OZ078026.1	34912699	34901584	-	1340.8	866
13483at7041	Complete	OZ078030.1	33250128	33246016	-	209.9	140
13518at7041	Complete	OZ078042.1	17023612	17031633	+	1731.5	854
13540at7041	Complete	OZ078033.1	31746874	31743273	-	423.8	195
13543at7041	Complete	CAXMWO010000001.1	963542	964042	+	261.9	163
13594at7041	Complete	OZ078025.1	279774	282919	+	443.1	283
13619at7041	Complete	OZ078027.1	38474865	38472589	-	833.4	445
13623at7041	Complete	OZ078032.1	19506639	19507562	+	276.9	176
13626at7041	Complete	OZ078040.1	16232924	16241276	+	885.4	366
13694at7041	Complete	OZ078038.1	25895561	25894650	-	453.8	255
13715at7041	Complete	OZ078030.1	27424041	27422748	-	479.4	249
13737at7041	Complete	OZ078027.1	2659163	2662967	+	857.8	563
13754at7041	Complete	OZ078039.1	16754396	16755151	+	449.4	251
13902at7041	Complete	OZ078025.1	32520230	32524419	+	875.5	455
14005at7041	Complete	OZ078032.1	18716127	18719749	+	1225.4	621
14018at7041	Complete	OZ078031.1	25978076	25970701	-	442.1	449
14033at7041	Complete	OZ078027.1	26988463	26993197	+	172.4	78
14106at7041	Complete	OZ078027.1	31060203	31057537	-	997.2	580
14113at7041	Complete	OZ078027.1	25275048	25270560	-	503.5	251
14128at7041	Complete	OZ078038.1	22484639	22487955	+	889.0	560
14129at7041	Complete	OZ078027.1	2647124	2645946	-	733.7	387
14213at7041	Complete	OZ078033.1	28552045	28556248	+	1145.9	771
14284at7041	Fragmented	OZ078030.1	20440673	20434598	-	366.4	212
14314at7041	Complete	OZ078034.1	31376548	31381595	+	2556.8	1132
14330at7041	Complete	OZ078031.1	16318616	16319988	+	580.3	345
14349at7041	Complete	OZ078026.1	191648	187844	-	1214.6	707
14463at7041	Complete	OZ078026.1	30028013	30029893	+	372.5	199
14530at7041	Complete	OZ078030.1	34675439	34686802	+	1157.4	619
14538at7041	Complete	OZ078032.1	9476497	9480826	+	876.7	472
14659at7041	Complete	OZ078033.1	21125038	21123852	-	568.2	289
14692at7041	Complete	OZ078029.1	37431507	37428736	-	627.1	394
14718at7041	Complete	OZ078041.1	14578929	14563552	-	665.6	312
14787at7041	Complete	OZ078036.1	28589897	28586660	-	756.0	391
14801at7041	Complete	OZ078039.1	13859126	13861870	+	430.7	286
14813at7041	Complete	OZ078038.1	8859663	8856476	-	467.3	259
14843at7041	Complete	OZ078030.1	27182678	27187750	+	649.7	298
14865at7041	Complete	OZ078026.1	39164050	39165062	+	258.4	150
14917at7041	Complete	OZ078038.1	12140067	12141407	+	432.2	214
14985at7041	Complete	OZ078031.1	24552628	24649699	+	861.2	373
15026at7041	Complete	OZ078034.1	17137479	17251582	+	2206.7	998
15046at7041	Complete	OZ078029.1	4682880	4656195	-	407.5	211
15153at7041	Complete	OZ078038.1	22917866	22915774	-	965.9	440
15268at7041	Complete	OZ078026.1	22911967	22911372	-	250.8	142
15282at7041	Complete	OZ078032.1	20613044	20614175	+	178.1	130
15319at7041	Complete	OZ078025.1	26770657	26771584	+	283.0	177
15356at7041	Complete	OZ078032.1	34729092	34729916	+	463.0	213
15406at7041	Complete	OZ078041.1	12762540	12769655	+	2388.9	1266
15415at7041	Complete	OZ078037.1	18621716	18623362	+	566.0	284
15522at7041	Complete	OZ078041.1	11797618	11807368	+	670.3	369
15580at7041	Complete	OZ078028.1	22047587	22047907	+	223.2	105
15685at7041	Complete	OZ078039.1	15983784	15984588	+	306.9	153
15717at7041	Complete	OZ078033.1	31769481	31771377	+	431.1	273
15764at7041	Complete	OZ078036.1	20593296	20592457	-	535.3	260
15874at7041	Complete	OZ078037.1	27988225	27988932	+	351.0	193
15887at7041	Complete	OZ078037.1	17121557	17124272	+	1036.4	617
15926at7041	Complete	OZ078026.1	3186381	3184426	-	458.2	214
15944at7041	Complete	OZ078037.1	27823029	27866359	+	580.4	359
15949at7041	Complete	OZ078029.1	29860257	29860785	+	251.2	152
15963at7041	Complete	OZ078036.1	29619855	29616750	-	426.2	225
16073at7041	Complete	OZ078028.1	29387425	29388324	+	320.7	205
16074at7041	Complete	OZ078040.1	16862554	16865415	+	623.7	329
16095at7041	Complete	OZ078027.1	10093625	10090400	-	572.8	262
16179at7041	Complete	OZ078029.1	20878315	20876522	-	770.2	406
16393at7041	Complete	OZ078029.1	38131604	38135482	+	780.9	508
16415at7041	Complete	OZ078036.1	27964416	27963445	-	513.0	252
16432at7041	Complete	OZ078036.1	15617444	15616601	-	410.0	208
16436at7041	Complete	OZ078039.1	18832957	18833682	+	549.4	241
16479at7041	Complete	OZ078032.1	14167488	14176421	+	386.4	174
16490at7041	Complete	OZ078025.1	42374380	42375277	+	432.2	193
16619at7041	Complete	OZ078029.1	35963832	35971745	+	854.6	499
16650at7041	Complete	OZ078028.1	38739591	38740229	+	319.0	206
16672at7041	Complete	OZ078025.1	2406456	2412910	+	1300.0	637
16695at7041	Complete	OZ078036.1	8762374	8775717	+	2091.9	1542
16713at7041	Complete	OZ078026.1	37137013	37135215	-	760.1	383
16904at7041	Complete	OZ078030.1	3806700	3822003	+	986.2	645
16930at7041	Complete	OZ078030.1	2201660	2210460	+	1042.4	561
17024at7041	Complete	OZ078029.1	25187662	25186257	-	690.6	388
17185at7041	Complete	OZ078029.1	18078127	18075082	-	825.1	419
17191at7041	Complete	OZ078032.1	19503776	19502164	-	635.1	325
17247at7041	Complete	OZ078027.1	52474	51301	-	629.4	321
17322at7041	Complete	OZ078036.1	19913377	19911871	-	474.8	275
17377at7041	Complete	OZ078035.1	29764787	29770709	+	789.2	455
17404at7041	Complete	OZ078036.1	19183219	19174651	-	785.7	447
17428at7041	Complete	OZ078035.1	22739001	22740227	+	502.8	242
17493at7041	Complete	OZ078025.1	15163460	15166471	+	548.8	255
17669at7041	Complete	OZ078033.1	21328315	21333014	+	1538.8	893
17722at7041	Complete	OZ078027.1	34764042	34739468	-	786.2	399
17748at7041	Complete	OZ078029.1	20884277	20881064	-	1757.2	805
17780at7041	Complete	OZ078040.1	9504424	9503882	-	408.0	180
17824at7041	Complete	OZ078041.1	13569948	13570700	+	446.9	243
17837at7041	Complete	OZ078025.1	38470847	38482159	+	1690.2	837
17919at7041	Complete	OZ078029.1	29257519	29253741	-	1221.9	707
17942at7041	Complete	OZ078036.1	8841336	8845236	+	247.0	133
17963at7041	Complete	OZ078040.1	11513125	11514498	+	500.8	293
18040at7041	Complete	OZ078027.1	37323629	37312030	-	762.5	388
18068at7041	Complete	OZ078036.1	25969835	25968942	-	379.2	213
18108at7041	Complete	OZ078040.1	13544613	13543124	-	952.8	412
18131at7041	Complete	OZ078036.1	7197565	7201287	+	394.4	197
18138at7041	Complete	OZ078033.1	7921345	7922075	+	304.1	146
18231at7041	Complete	OZ078028.1	32507076	32506017	-	397.1	201
18254at7041	Complete	OZ078027.1	33246296	33249205	+	279.9	225
18266at7041	Complete	OZ078028.1	18556402	18555564	-	247.8	145
18444at7041	Complete	OZ078041.1	9389334	9381963	-	640.7	355
18467at7041	Complete	OZ078040.1	6198228	6199880	+	914.5	457
18511at7041	Complete	OZ078035.1	11392145	11390806	-	441.8	279
18585at7041	Complete	OZ078025.1	41816159	41819080	+	956.6	489
18633at7041	Complete	OZ078026.1	1744649	1625014	-	790.3	425
18652at7041	Complete	OZ078035.1	25643631	25644275	+	268.8	167
18730at7041	Complete	OZ078026.1	37170479	37174983	+	591.9	314
18792at7041	Complete	OZ078025.1	42382594	42381002	-	250.4	136
18878at7041	Complete	OZ078028.1	31416278	31417348	+	712.4	335
18901at7041	Complete	OZ078034.1	15096164	15110313	+	2223.6	1093
18937at7041	Complete	OZ078040.1	12008894	12018819	+	3370.9	2263
19001at7041	Complete	OZ078034.1	17755530	17753353	-	450.5	325
19012at7041	Complete	OZ078028.1	14177786	14177349	-	197.7	122
19013at7041	Complete	OZ078025.1	4111100	4096307	-	1966.1	1098
19175at7041	Complete	OZ078034.1	20167653	20173800	+	1359.3	672
19206at7041	Complete	OZ078038.1	12084514	12083672	-	469.3	278
19210at7041	Complete	OZ078028.1	25312086	25308895	-	1010.6	541
19232at7041	Complete	OZ078032.1	105862	101793	-	882.1	400
19328at7041	Complete	OZ078031.1	501780	502598	+	220.5	117
19359at7041	Complete	OZ078028.1	26499662	26500093	+	172.0	105
19382at7041	Complete	OZ078026.1	3176036	3177642	+	554.5	410
19505at7041	Complete	OZ078034.1	18672945	18672083	-	435.0	225
19538at7041	Complete	OZ078027.1	32029314	32026811	-	514.7	296
19589at7041	Complete	OZ078027.1	8689504	8697860	+	650.1	312
19609at7041	Complete	OZ078034.1	30212217	30208884	-	253.1	127
19626at7041	Complete	OZ078029.1	18176919	18178456	+	908.0	427
19634at7041	Complete	OZ078033.1	29753669	29746442	-	941.7	492
19709at7041	Complete	OZ078036.1	8822498	8819592	-	1946.0	959
19725at7041	Complete	OZ078030.1	36794616	36792756	-	759.7	388
19758at7041	Complete	OZ078036.1	29620483	29622389	+	521.7	252
19804at7041	Complete	OZ078027.1	38553532	38537713	-	512.7	269
19878at7041	Complete	OZ078033.1	10401589	10405945	+	962.6	494
19930at7041	Complete	OZ078038.1	12235092	12249129	+	1770.3	841
19982at7041	Complete	OZ078027.1	23296549	23295902	-	281.4	147
20072at7041	Complete	OZ078035.1	12780326	12781242	+	249.9	158
20148at7041	Complete	OZ078026.1	35633644	35621414	-	951.6	490
20205at7041	Complete	OZ078037.1	28059754	28065990	+	434.3	295
20221at7041	Complete	OZ078025.1	38175883	38178846	+	924.9	597
20331at7041	Complete	OZ078036.1	28891274	28889600	-	600.5	323
20379at7041	Complete	OZ078039.1	10860398	10865350	+	1027.7	481
20440at7041	Complete	OZ078032.1	34734309	34733517	-	329.7	161
20474at7041	Complete	OZ078039.1	10877115	10875727	-	860.2	446
20481at7041	Complete	OZ078033.1	27270005	27267797	-	1131.7	557
20546at7041	Complete	OZ078034.1	31396804	31395623	-	413.4	217
20649at7041	Complete	OZ078041.1	15020314	15012397	-	1659.0	1120
20675at7041	Complete	OZ078028.1	37768611	37766029	-	693.1	343
20746at7041	Complete	OZ078040.1	22216240	22215023	-	567.1	393
20748at7041	Complete	OZ078026.1	225845	224214	-	384.6	192
20767at7041	Complete	OZ078028.1	32505355	32504531	-	527.5	267
20850at7041	Complete	OZ078027.1	35265502	35259918	-	1507.7	760
20916at7041	Complete	OZ078038.1	27245066	27246906	+	923.9	408
20919at7041	Complete	OZ078027.1	111593	110065	-	632.2	304
20929at7041	Complete	OZ078036.1	28043212	28045301	+	389.5	307
20980at7041	Complete	OZ078036.1	8789890	8782037	-	580.6	270
20981at7041	Complete	OZ078040.1	22560889	22559944	-	206.8	256
21066at7041	Complete	OZ078027.1	10087969	10082326	-	2028.3	921
21176at7041	Complete	OZ078038.1	928974	985217	+	880.1	584
21202at7041	Complete	OZ078034.1	17915628	17918759	+	997.3	519
21226at7041	Complete	OZ078026.1	38629569	38623898	-	1273.8	658
21228at7041	Complete	OZ078038.1	21598692	21620315	+	815.6	516
21299at7041	Complete	OZ078031.1	9426001	9422782	-	999.3	824
21311at7041	Complete	OZ078041.1	14041968	14043566	+	523.9	290
21352at7041	Complete	OZ078029.1	18054053	18056036	+	696.8	391
21511at7041	Complete	OZ078040.1	14670785	14668474	-	999.7	536
21523at7041	Complete	OZ078040.1	8473473	8475036	+	278.5	167
21716at7041	Complete	OZ078032.1	31441941	31444012	+	550.6	336
21801at7041	Complete	OZ078041.1	11971837	11966540	-	717.6	308
21812at7041	Complete	OZ078030.1	37948117	37947516	-	208.6	131
21849at7041	Complete	OZ078029.1	31718208	31716835	-	283.8	313
21927at7041	Complete	OZ078036.1	29858165	29859760	+	682.6	391
22116at7041	Complete	OZ078027.1	28483799	28474342	-	1714.5	953
22123at7041	Complete	OZ078026.1	5090254	5075789	-	800.2	368
22192at7041	Complete	OZ078031.1	19437166	19444182	+	1475.3	671
22202at7041	Complete	OZ078033.1	32097384	32098295	+	445.4	258
22338at7041	Complete	OZ078036.1	29467141	29465431	-	338.6	216
22353at7041	Complete	OZ078042.1	17241309	17238871	-	1583.3	806
22366at7041	Complete	OZ078026.1	30701624	30704140	+	1216.3	596
22376at7041	Complete	OZ078035.1	8274694	8264039	-	839.9	569
22566at7041	Complete	OZ078031.1	27087622	26963596	-	908.3	540
22628at7041	Complete	OZ078030.1	22194354	22341749	+	1403.7	612
22646at7041	Complete	OZ078025.1	4116095	4112251	-	915.4	423
22749at7041	Complete	OZ078034.1	16481813	16483074	+	617.1	366
22805at7041	Complete	OZ078028.1	34071247	34074189	+	951.6	563
22882at7041	Complete	OZ078033.1	28420172	28419265	-	201.0	152
22938at7041	Complete	OZ078040.1	6336199	6328036	-	349.8	160
22958at7041	Complete	OZ078032.1	2483671	2466722	-	347.3	217
22961at7041	Complete	OZ078040.1	5622534	5624992	+	1062.5	606
23016at7041	Complete	OZ078031.1	15216927	15214162	-	808.8	376
23138at7041	Complete	OZ078040.1	16260427	16267079	+	876.8	466
23152at7041	Complete	OZ078028.1	12849939	12835007	-	885.3	610
23155at7041	Complete	OZ078037.1	26254091	26252767	-	796.4	379
23274at7041	Complete	OZ078031.1	243550	226297	-	1870.5	1134
23299at7041	Complete	OZ078029.1	37983463	37985297	+	527.8	475
23528at7041	Complete	OZ078037.1	28406106	28402023	-	933.8	509
23577at7041	Complete	OZ078040.1	18448931	18445654	-	758.6	480
23717at7041	Complete	OZ078035.1	25624987	25614583	-	697.1	411
23721at7041	Complete	OZ078028.1	14207777	14208539	+	456.0	229
23838at7041	Complete	OZ078025.1	14172268	14168555	-	302.2	178
23841at7041	Complete	OZ078030.1	63590	68296	+	1091.3	643
23860at7041	Complete	OZ078032.1	34748481	34745200	-	1401.4	867
23861at7041	Complete	OZ078028.1	20948388	20944950	-	1336.2	811
23956at7041	Complete	OZ078036.1	29846465	29848458	+	638.1	550
24066at7041	Complete	OZ078033.1	27271062	27270325	-	354.2	164
24166at7041	Complete	OZ078039.1	24618114	24633562	+	396.2	206
24175at7041	Complete	OZ078037.1	28356707	28359000	+	591.4	282
24212at7041	Complete	OZ078025.1	30313205	30309924	-	1142.3	594
24257at7041	Fragmented	OZ078036.1	23822036	23825214	+	408.6	277
24348at7041	Complete	OZ078027.1	112364	114185	+	986.6	539
24502at7041	Complete	OZ078032.1	17685492	17683370	-	633.1	317
24532at7041	Complete	OZ078040.1	6226111	6224821	-	619.6	280
24536at7041	Complete	OZ078033.1	6860788	6854466	-	561.5	584
24546at7041	Complete	OZ078029.1	37979436	37982132	+	934.7	516
24551at7041	Complete	OZ078026.1	6651228	6653874	+	295.1	134
24571at7041	Complete	OZ078034.1	13492194	13493543	+	651.9	437
24661at7041	Complete	OZ078035.1	4963503	4972673	+	856.8	505
24677at7041	Complete	OZ078039.1	8320080	8320703	+	230.9	168
24680at7041	Complete	OZ078040.1	14711052	14706867	-	1147.9	682
24723at7041	Complete	OZ078028.1	39139622	39138148	-	288.0	230
24761at7041	Complete	OZ078026.1	92210	93454	+	758.3	377
24866at7041	Complete	OZ078033.1	24954965	24953638	-	594.6	302
24883at7041	Complete	OZ078041.1	14561360	14559072	-	711.5	434
24938at7041	Complete	OZ078027.1	28233356	28235006	+	215.7	143
24972at7041	Complete	OZ078041.1	14252543	14257913	+	354.0	168
24993at7041	Complete	OZ078028.1	10216871	10233523	+	1406.5	681
25072at7041	Complete	OZ078038.1	25146933	25143823	-	1030.3	553
25283at7041	Complete	OZ078030.1	38255784	38257139	+	932.6	450
25347at7041	Complete	OZ078027.1	8849439	8855123	+	670.7	426
25396at7041	Complete	OZ078030.1	31038414	31039334	+	476.3	259
25431at7041	Complete	OZ078035.1	25611386	25612666	+	404.8	257
25548at7041	Complete	OZ078040.1	19603507	19605702	+	721.6	380
25599at7041	Complete	OZ078029.1	32145769	32145149	-	409.2	203
25749at7041	Complete	OZ078031.1	8358033	8356901	-	741.3	361
25918at7041	Complete	OZ078032.1	31495702	31494137	-	694.7	478
25928at7041	Complete	OZ078037.1	21586885	21550531	-	959.3	529
26082at7041	Complete	OZ078028.1	30398322	30395990	-	521.1	336
26196at7041	Complete	OZ078030.1	36735822	36732825	-	428.5	258
26221at7041	Complete	OZ078036.1	28068104	28069841	+	627.0	387
26233at7041	Complete	OZ078025.1	27028614	27029923	+	553.4	343
26293at7041	Complete	OZ078035.1	21769592	21772415	+	1417.3	825
26309at7041	Complete	OZ078032.1	14816900	14821085	+	2599.3	1224
26481at7041	Complete	OZ078036.1	19045874	19047853	+	1047.7	515
26559at7041	Complete	OZ078033.1	25431790	25433388	+	701.6	404
26626at7041	Complete	OZ078031.1	17670078	17668643	-	425.2	262
26638at7041	Complete	OZ078033.1	27594209	27594975	+	396.2	210
26702at7041	Complete	OZ078040.1	13268012	13277916	+	328.9	232
26720at7041	Complete	OZ078029.1	33524183	33437074	-	900.7	621
26733at7041	Complete	OZ078038.1	16825721	16830927	+	1675.9	1043
26785at7041	Complete	OZ078027.1	30856533	30858243	+	303.5	152
26887at7041	Complete	OZ078028.1	12624948	12617746	-	514.3	296
26889at7041	Complete	OZ078035.1	10223132	10224879	+	445.6	260
27037at7041	Complete	OZ078033.1	31675931	31675599	-	212.7	110
27069at7041	Complete	OZ078028.1	27516702	27514946	-	613.0	322
27075at7041	Complete	OZ078027.1	5346313	5344698	-	408.2	203
27107at7041	Complete	OZ078027.1	3106745	3101532	-	606.5	495
27220at7041	Complete	OZ078026.1	37250453	37259102	+	298.1	153
27300at7041	Complete	OZ078027.1	11263996	11175899	-	781.0	385
27302at7041	Complete	OZ078027.1	16221216	16240554	+	1388.0	912
27305at7041	Complete	OZ078041.1	7513007	7516047	+	667.8	412
27311at7041	Complete	OZ078026.1	217302	221334	+	758.5	459
27407at7041	Complete	OZ078038.1	21722333	21714015	-	504.8	295
27420at7041	Complete	OZ078042.1	14503454	14487614	-	627.0	314
27503at7041	Complete	OZ078030.1	19546877	19547737	+	518.0	278
27510at7041	Complete	OZ078031.1	9773597	9770774	-	1234.6	577
27721at7041	Complete	OZ078042.1	16672499	16674816	+	916.0	521
27732at7041	Complete	OZ078031.1	27391643	27377848	-	334.8	181
27802at7041	Complete	OZ078034.1	22434218	22435371	+	387.6	191
27850at7041	Complete	OZ078037.1	27632932	27634578	+	1045.4	523
27922at7041	Complete	OZ078025.1	30006560	30010093	+	497.8	299
28054at7041	Complete	OZ078026.1	35644350	35655528	+	1267.4	704
28078at7041	Complete	OZ078032.1	34013481	34014685	+	807.7	374
28127at7041	Complete	OZ078032.1	34877270	34878027	+	337.7	174
28180at7041	Complete	OZ078040.1	13693073	13694912	+	393.7	181
28258at7041	Complete	OZ078037.1	25052105	25099017	+	822.5	409
28269at7041	Complete	OZ078032.1	4032283	4038077	+	529.2	270
28370at7041	Complete	OZ078029.1	38221697	38270720	+	1960.4	1291
28463at7041	Complete	OZ078031.1	23319049	23320224	+	721.1	376
28502at7041	Complete	OZ078034.1	30379844	30384380	+	1286.8	590
28507at7041	Complete	OZ078036.1	3236086	3238378	+	297.2	168
28611at7041	Complete	OZ078035.1	7874693	7882532	+	863.6	444
28619at7041	Complete	OZ078038.1	8846147	8846674	+	169.8	117
28620at7041	Complete	OZ078028.1	12166789	12293218	+	1138.7	527
28628at7041	Complete	OZ078042.1	16950106	16948575	-	581.2	299
28693at7041	Complete	OZ078033.1	17385841	17404575	+	613.9	301
28715at7041	Complete	OZ078028.1	30243972	30145117	-	1567.1	899
28777at7041	Complete	OZ078039.1	17448353	17450004	+	825.3	428
28897at7041	Complete	OZ078038.1	5057061	5059856	+	738.6	418
28920at7041	Complete	OZ078028.1	25061968	25053427	-	1666.5	910
29083at7041	Complete	OZ078031.1	9492218	9494872	+	1502.8	778
29109at7041	Complete	OZ078025.1	29979467	29978884	-	320.6	171
29182at7041	Complete	OZ078032.1	20594616	20592241	-	579.6	426
29214at7041	Complete	OZ078028.1	21077668	21076349	-	563.9	319
29231at7041	Complete	OZ078036.1	26695047	26693562	-	644.7	318
29244at7041	Complete	OZ078026.1	1068719	1067581	-	297.2	172
29248at7041	Complete	OZ078035.1	11363886	11360870	-	924.0	612
29251at7041	Complete	OZ078030.1	16322428	16341330	+	841.3	476
29252at7041	Complete	OZ078033.1	23239854	23243367	+	904.1	470
29352at7041	Complete	OZ078037.1	25568941	25570422	+	404.8	191
29384at7041	Complete	OZ078038.1	23404820	23400025	-	1617.1	896
29429at7041	Complete	OZ078038.1	27353282	27355275	+	648.5	377
29484at7041	Complete	OZ078038.1	7865808	7862921	-	395.8	306
29574at7041	Complete	OZ078028.1	14170657	14169507	-	598.1	312
29663at7041	Complete	OZ078033.1	31779980	31782958	+	1014.8	579
29817at7041	Complete	OZ078036.1	24448467	24449056	+	362.6	177
29861at7041	Complete	OZ078031.1	32672979	32670009	-	816.2	502
29919at7041	Complete	OZ078034.1	17752615	17751844	-	276.0	186
29941at7041	Complete	OZ078030.1	30786069	30783101	-	272.3	251
30013at7041	Complete	OZ078039.1	22898734	22897615	-	381.5	199
30017at7041	Complete	OZ078040.1	22923038	22927756	+	695.3	386
30055at7041	Complete	OZ078026.1	38619381	38618620	-	449.9	212
30096at7041	Complete	OZ078030.1	27527536	27532189	+	1415.5	747
30147at7041	Complete	OZ078034.1	27924788	27920317	-	425.7	239
30173at7041	Complete	OZ078035.1	26059545	26058781	-	358.4	232
30176at7041	Complete	OZ078039.1	17324278	17324745	+	199.8	112
30197at7041	Complete	OZ078031.1	12503965	12502072	-	467.2	279
30222at7041	Complete	OZ078029.1	37750514	37749812	-	344.3	187
30232at7041	Complete	OZ078025.1	31173491	31171258	-	512.1	491
30240at7041	Complete	OZ078038.1	224412	220956	-	1194.2	649
30369at7041	Complete	OZ078027.1	34212260	34203082	-	972.0	617
30397at7041	Complete	OZ078030.1	16321065	16320619	-	183.9	101
30445at7041	Duplicated	OZ078030.1	27656910	27670952	+	1052.9	551
30445at7041	Duplicated	OZ078029.1	2563593	2613245	+	963.5	550
30449at7041	Complete	OZ078028.1	25122016	25123787	+	518.2	291
30505at7041	Complete	OZ078026.1	5600604	5618157	+	1420.4	728
30603at7041	Complete	OZ078032.1	35754751	35755306	+	278.7	130
30650at7041	Complete	OZ078029.1	16058228	16060861	+	1140.5	696
30653at7041	Complete	OZ078035.1	19355038	19385578	+	1152.6	572
30722at7041	Complete	OZ078035.1	1924813	1931769	+	1522.4	903
30727at7041	Complete	OZ078041.1	7377517	7378873	+	432.5	276
30751at7041	Complete	OZ078042.1	13412747	13404026	-	969.2	617
30779at7041	Complete	OZ078035.1	26615651	26617670	+	492.0	269
30805at7041	Complete	OZ078029.1	21155940	21157159	+	358.2	180
30887at7041	Complete	OZ078042.1	13124995	13138556	+	1159.4	648
30936at7041	Complete	OZ078029.1	32456393	32458755	+	869.3	469
31028at7041	Complete	OZ078039.1	9955475	9953804	-	1009.8	432
31110at7041	Complete	OZ078035.1	22699438	22705588	+	254.9	135
31281at7041	Complete	OZ078031.1	28627291	28628990	+	484.7	224
31288at7041	Complete	OZ078030.1	36854199	36858809	+	1453.5	721
31399at7041	Complete	OZ078037.1	27429289	27430527	+	515.2	355
31406at7041	Complete	OZ078026.1	35600338	35607748	+	940.4	548
31496at7041	Complete	OZ078039.1	21987864	21987155	-	323.8	192
31497at7041	Complete	OZ078042.1	16805143	16805862	+	301.3	176
31547at7041	Complete	OZ078029.1	34622147	34623268	+	752.9	334
31672at7041	Complete	OZ078030.1	268170	282054	+	1036.8	534
31726at7041	Complete	OZ078030.1	10577459	10593668	+	1721.0	913
31727at7041	Complete	OZ078025.1	44576969	44583313	+	2119.5	1636
31790at7041	Complete	OZ078040.1	19788818	19792136	+	1005.0	562
31878at7041	Complete	OZ078036.1	29099454	29096898	-	1159.1	589
31894at7041	Complete	OZ078035.1	10259745	10258638	-	372.3	178
31910at7041	Complete	OZ078027.1	36159442	36156415	-	716.9	451
31973at7041	Complete	OZ078033.1	18951633	18947291	-	1773.6	1137
32107at7041	Complete	OZ078040.1	22556435	22558602	+	827.9	457
32109at7041	Complete	OZ078032.1	34876858	34874377	-	1596.0	749
32119at7041	Complete	OZ078033.1	31045076	31127415	+	1607.6	896
32120at7041	Complete	OZ078027.1	38567229	38573049	+	1171.0	938
32136at7041	Complete	OZ078040.1	11970851	11968010	-	727.5	344
32197at7041	Complete	OZ078026.1	298600	289437	-	838.8	503
32218at7041	Complete	OZ078026.1	138676	141307	+	726.4	418
32229at7041	Complete	OZ078032.1	28388498	28394525	+	1588.1	935
32248at7041	Complete	OZ078038.1	26186330	26187289	+	557.7	276
32291at7041	Complete	OZ078036.1	27959535	27960663	+	508.9	351
32356at7041	Complete	OZ078028.1	17240829	17234413	-	716.2	341
32513at7041	Complete	OZ078035.1	25487111	25485609	-	869.1	453
32526at7041	Complete	OZ078030.1	4899520	4890518	-	1389.9	822
32537at7041	Complete	OZ078029.1	37988487	37985639	-	846.4	566
32567at7041	Complete	OZ078030.1	31072	28581	-	1070.8	610
32643at7041	Complete	OZ078025.1	4253400	4252232	-	337.2	175
32743at7041	Complete	OZ078027.1	28577498	28571181	-	881.6	551
32751at7041	Complete	OZ078029.1	37743156	37741040	-	437.1	300
32844at7041	Complete	OZ078035.1	17498577	17494082	-	397.3	375
32876at7041	Complete	OZ078029.1	36320668	36317700	-	542.7	283
33079at7041	Complete	OZ078041.1	12358285	12359895	+	622.2	293
33100at7041	Complete	OZ078036.1	27573684	27574944	+	158.1	81
33120at7041	Complete	OZ078040.1	18366579	18364107	-	601.1	390
33232at7041	Complete	OZ078032.1	34776951	34775232	-	1071.5	543
33262at7041	Complete	OZ078032.1	34732729	34730403	-	291.3	224
33516at7041	Complete	OZ078038.1	16523704	16517720	-	1117.6	600
33607at7041	Complete	OZ078028.1	34008901	34022607	+	2069.9	860
33611at7041	Complete	OZ078028.1	30140678	30139175	-	176.1	113
33618at7041	Complete	OZ078040.1	20718410	20722113	+	827.1	457
33656at7041	Complete	OZ078027.1	10041461	10067696	+	505.1	311
33689at7041	Complete	OZ078027.1	17617057	17669697	+	1227.3	696
33750at7041	Complete	OZ078029.1	31103285	31098937	-	1005.8	656
33788at7041	Complete	OZ078030.1	3661044	3661974	+	296.8	184
33858at7041	Complete	OZ078034.1	14990853	14983058	-	934.8	654
33882at7041	Complete	OZ078038.1	25482134	25425253	-	4751.6	2800
34040at7041	Complete	OZ078036.1	21070879	21180591	+	1361.7	721
34155at7041	Complete	OZ078035.1	23641596	23634992	-	1628.5	829
34169at7041	Complete	OZ078027.1	36147174	36150851	+	1004.8	537
34247at7041	Complete	OZ078036.1	29557243	29558423	+	472.7	291
34287at7041	Complete	OZ078033.1	27882172	27877210	-	739.5	603
34299at7041	Complete	OZ078025.1	38266453	38265247	-	364.7	225
34387at7041	Complete	OZ078040.1	9094037	9113259	+	685.3	441
34426at7041	Complete	OZ078030.1	25753042	25755865	+	434.5	312
34440at7041	Complete	OZ078041.1	9321072	9359857	+	2067.8	1129
34450at7041	Complete	OZ078035.1	22798146	22803764	+	213.2	121
34789at7041	Complete	OZ078025.1	41829313	41828722	-	304.9	159
34796at7041	Complete	OZ078030.1	112724	110428	-	805.6	387
34802at7041	Complete	OZ078035.1	9278587	9271305	-	135.1	207
34821at7041	Complete	OZ078036.1	3265133	3246691	-	670.1	533
34831at7041	Complete	OZ078026.1	3592294	3580743	-	1210.2	635
34880at7041	Complete	OZ078041.1	9938944	9938252	-	430.0	225
35003at7041	Complete	OZ078028.1	12602529	12598909	-	556.0	319
35004at7041	Complete	OZ078035.1	14485875	14489993	+	995.1	506
35033at7041	Complete	OZ078029.1	24448197	24450108	+	1133.5	543
35052at7041	Complete	OZ078027.1	32412781	32414174	+	700.9	363
35115at7041	Complete	OZ078036.1	28953171	28951507	-	401.6	118
35163at7041	Complete	OZ078038.1	25410930	25415476	+	692.5	390
35200at7041	Complete	OZ078026.1	1183460	1182116	-	275.8	158
35209at7041	Complete	OZ078028.1	25538429	25537150	-	397.1	252
35232at7041	Complete	OZ078031.1	27191385	27156458	-	554.0	324
35234at7041	Complete	OZ078026.1	17684511	17682317	-	746.5	381
35248at7041	Complete	OZ078026.1	35952078	35955589	+	589.5	446
35249at7041	Complete	OZ078033.1	25263575	25262343	-	755.7	403
35259at7041	Complete	OZ078039.1	24564540	24561800	-	1125.4	589
35300at7041	Complete	OZ078027.1	11173216	11165191	-	1592.3	853
35324at7041	Complete	OZ078037.1	24344502	24251463	-	1584.6	811
35328at7041	Complete	OZ078027.1	17381474	17116972	-	882.6	422
35639at7041	Complete	OZ078035.1	11867524	11869035	+	599.5	350
35843at7041	Complete	OZ078026.1	2137528	2142991	+	329.5	173
35883at7041	Complete	OZ078037.1	13524819	13531848	+	816.7	444
36031at7041	Complete	OZ078041.1	11823285	11820609	-	785.6	598
36032at7041	Complete	OZ078028.1	29375336	29367441	-	1096.7	514
36206at7041	Complete	OZ078030.1	38183210	38185189	+	529.2	518
36283at7041	Complete	OZ078040.1	18143199	18145572	+	570.1	337
36289at7041	Complete	OZ078028.1	15745828	15759584	+	762.4	493
36390at7041	Complete	OZ078037.1	18532039	18526277	-	1118.1	506
36413at7041	Complete	OZ078035.1	16731990	16726023	-	2006.9	1179
36429at7041	Complete	OZ078031.1	25952586	25955523	+	738.4	348
36491at7041	Complete	OZ078025.1	44725514	44730207	+	647.1	399
36629at7041	Complete	OZ078030.1	36721735	36725777	+	614.6	312
36663at7041	Complete	OZ078029.1	25487235	25488670	+	576.8	339
36701at7041	Complete	OZ078039.1	13931926	13935278	+	392.8	239
36809at7041	Complete	OZ078035.1	25227048	25235903	+	1760.6	853
36896at7041	Complete	OZ078038.1	25372048	25374036	+	1242.7	641
37014at7041	Complete	OZ078031.1	27138766	27133373	-	1225.8	573
37022at7041	Complete	OZ078027.1	34280034	34200496	-	1117.1	451
37034at7041	Complete	OZ078041.1	13557996	13554493	-	612.9	301
37046at7041	Complete	OZ078026.1	33579756	33513956	-	1504.0	728
37053at7041	Complete	OZ078040.1	10212311	10208096	-	501.0	359
37111at7041	Complete	OZ078025.1	26981828	26983387	+	446.4	240
37288at7041	Complete	OZ078025.1	32702729	32703784	+	418.3	197
37385at7041	Complete	OZ078036.1	27038385	27047503	+	994.5	474
37388at7041	Complete	OZ078035.1	735761	710688	-	2758.0	1387
37391at7041	Complete	OZ078033.1	13196348	13269843	+	345.1	202
37549at7041	Complete	OZ078040.1	15252174	15235041	-	1159.8	711
37577at7041	Complete	OZ078036.1	8795903	8794630	-	332.8	176
37666at7041	Complete	OZ078026.1	5294621	5299025	+	399.0	233
37729at7041	Complete	OZ078028.1	30047271	30048980	+	728.4	456
37737at7041	Complete	OZ078032.1	31436005	31439456	+	769.9	387
37756at7041	Complete	OZ078030.1	28189937	28226088	+	1005.0	511
37760at7041	Complete	OZ078039.1	24328059	24340075	+	1044.4	455
37767at7041	Complete	OZ078025.1	30036855	30043426	+	949.7	591
37784at7041	Complete	OZ078031.1	25631730	25628665	-	819.2	658
37869at7041	Complete	OZ078030.1	29102724	29108097	+	698.4	410
37907at7041	Complete	OZ078035.1	21348551	21346241	-	947.5	576
38076at7041	Complete	OZ078030.1	16268181	16258864	-	571.7	271
38078at7041	Complete	OZ078037.1	23869018	23868549	-	215.2	119
38118at7041	Duplicated	OZ078036.1	29740280	29742081	+	680.4	336
38118at7041	Duplicated	OZ078026.1	13573487	13575540	+	665.1	336
38154at7041	Complete	OZ078036.1	28893867	28898061	+	1056.0	538
38169at7041	Complete	OZ078040.1	13416628	13413904	-	743.6	452
38173at7041	Complete	OZ078032.1	2754278	2748140	-	361.0	206
38275at7041	Complete	OZ078039.1	24478690	24476286	-	559.5	455
38344at7041	Complete	OZ078027.1	31045274	31044138	-	445.4	321
38465at7041	Complete	OZ078031.1	33578571	33588316	+	1848.4	1222
38472at7041	Complete	OZ078032.1	35705857	35706816	+	460.8	282
38616at7041	Complete	OZ078029.1	21248594	21250513	+	629.8	432
38688at7041	Complete	OZ078026.1	35947253	35941118	-	466.5	235
38820at7041	Complete	OZ078040.1	13545969	13551687	+	1719.7	855
38850at7041	Complete	OZ078036.1	29972974	29971821	-	248.2	144
38915at7041	Complete	OZ078039.1	22428297	22423967	-	1224.8	1164
39082at7041	Fragmented	OZ078035.1	10242156	10258070	+	248.8	154
39095at7041	Complete	OZ078027.1	7980229	7987722	+	419.0	282
39116at7041	Complete	OZ078029.1	37880093	37878325	-	735.4	445
39130at7041	Complete	OZ078038.1	14497244	14500406	+	841.8	521
39164at7041	Complete	OZ078036.1	24444500	24443603	-	327.3	199
39226at7041	Complete	OZ078036.1	6240180	6243902	+	177.2	99
39282at7041	Complete	OZ078040.1	13527336	13536173	+	852.3	466
39412at7041	Complete	OZ078032.1	35761749	35764321	+	559.7	256
39614at7041	Complete	OZ078040.1	4408523	4407349	-	297.9	143
39648at7041	Complete	OZ078026.1	36076621	36074236	-	374.9	400
39703at7041	Complete	OZ078030.1	3797203	3788253	-	643.3	334
39712at7041	Complete	OZ078038.1	7959368	7956649	-	554.9	428
39810at7041	Complete	OZ078028.1	34608274	34605532	-	941.5	505
39827at7041	Complete	OZ078041.1	17541257	17542513	+	284.4	261
39875at7041	Complete	OZ078029.1	34618664	34619541	+	412.3	222
39958at7041	Complete	OZ078031.1	29654345	29655640	+	763.4	371
39991at7041	Complete	OZ078031.1	36169041	36165163	-	386.4	192
39995at7041	Complete	OZ078040.1	11971393	11972647	+	446.4	234
40020at7041	Complete	OZ078040.1	21052721	21047497	-	1871.2	862
40103at7041	Complete	OZ078028.1	34251187	34256066	+	718.9	364
40174at7041	Complete	OZ078025.1	43010090	43007559	-	943.8	542
40184at7041	Complete	OZ078033.1	21091576	21089685	-	477.2	336
40223at7041	Complete	OZ078025.1	39785812	39787302	+	611.3	375
40264at7041	Complete	OZ078027.1	36142956	36144092	+	678.9	333
40272at7041	Complete	OZ078036.1	21435502	21433222	-	871.8	412
40298at7041	Complete	OZ078031.1	24395675	24395322	-	247.0	113
40342at7041	Complete	OZ078031.1	17707058	17705421	-	895.5	544
40417at7041	Complete	OZ078029.1	19540535	19539773	-	354.6	217
40456at7041	Complete	OZ078040.1	15369862	15375131	+	308.9	160
40502at7041	Complete	OZ078032.1	35709867	35710991	+	544.2	352
40638at7041	Complete	OZ078035.1	24584172	24540266	-	1160.7	607
40658at7041	Complete	OZ078031.1	17523719	17445669	-	466.0	288
40698at7041	Complete	OZ078032.1	30290817	30338789	+	1404.4	789
40853at7041	Complete	OZ078025.1	4524321	4499938	-	608.7	465
41074at7041	Complete	OZ078036.1	21459521	21454711	-	336.2	302
41116at7041	Complete	OZ078036.1	22163408	22138556	-	641.4	299
41144at7041	Complete	OZ078037.1	104230	103434	-	415.7	207
41208at7041	Complete	OZ078025.1	30311978	30315332	+	1014.6	537
41268at7041	Complete	OZ078033.1	3435781	3439332	+	419.9	185
41341at7041	Complete	OZ078029.1	32242042	32243626	+	303.7	192
41475at7041	Complete	OZ078040.1	6170173	6167953	-	473.9	473
41548at7041	Complete	OZ078042.1	16210151	16202664	-	480.9	337
41565at7041	Complete	OZ078025.1	24596292	24596924	+	307.2	174
41576at7041	Complete	OZ078033.1	31574423	31642383	+	1185.5	633
41599at7041	Complete	OZ078032.1	20515034	20516781	+	1021.3	497
41605at7041	Complete	OZ078035.1	20393398	20392315	-	545.9	323
41633at7041	Complete	OZ078041.1	9084525	9089159	+	1369.3	691
41696at7041	Complete	OZ078026.1	40051922	40052587	+	414.0	206
41843at7041	Complete	OZ078025.1	34896714	34897286	+	355.8	184
41865at7041	Complete	OZ078028.1	16175955	16211262	+	654.1	317
41889at7041	Complete	OZ078026.1	35560530	35561506	+	145.4	88
41905at7041	Complete	OZ078036.1	15549803	15546651	-	793.2	394
41910at7041	Complete	OZ078032.1	4089896	4087193	-	1660.8	828
41948at7041	Complete	OZ078027.1	32019847	32022422	+	1084.1	636
41965at7041	Complete	OZ078025.1	34815008	34809551	-	838.1	465
41988at7041	Complete	OZ078036.1	29212954	29206980	-	360.7	208
41989at7041	Complete	OZ078029.1	34632741	34633512	+	361.3	189
41995at7041	Complete	OZ078025.1	32862298	32861896	-	146.2	90
42104at7041	Complete	OZ078030.1	837555	840740	+	431.7	289
42139at7041	Complete	OZ078030.1	35024634	35032677	+	957.5	467
42149at7041	Complete	OZ078042.1	10595530	10632531	+	1133.8	527
42154at7041	Complete	OZ078041.1	15595092	15592677	-	1091.5	561
42162at7041	Complete	OZ078026.1	27452558	27420156	-	341.2	188
42170at7041	Complete	OZ078032.1	34620036	34619022	-	550.5	294
42196at7041	Complete	OZ078036.1	2520071	2495892	-	913.3	905
42350at7041	Complete	OZ078026.1	1043987	1029401	-	440.7	286
42370at7041	Complete	OZ078026.1	38617976	38618461	+	216.4	157
42421at7041	Complete	OZ078028.1	22478938	22474921	-	518.0	274
42432at7041	Complete	OZ078034.1	255812	194144	-	920.6	519
42446at7041	Complete	OZ078035.1	11334919	11333908	-	333.3	169
42608at7041	Complete	OZ078030.1	27191301	27190054	-	407.5	323
42631at7041	Complete	OZ078027.1	43213	50731	+	1290.7	778
42651at7041	Complete	OZ078025.1	752077	721979	-	1364.6	687
42704at7041	Complete	OZ078026.1	27379545	27383003	+	826.7	412
42720at7041	Complete	OZ078025.1	32710884	32706981	-	166.5	133
42737at7041	Complete	OZ078036.1	29274093	29294589	+	1132.6	599
42909at7041	Complete	OZ078031.1	31513574	31511801	-	537.4	356
42914at7041	Complete	OZ078026.1	27531325	27530509	-	428.4	239
42930at7041	Complete	OZ078030.1	4495212	4489925	-	1152.0	641
43003at7041	Complete	OZ078028.1	38990332	39019486	+	545.6	350
43024at7041	Complete	OZ078035.1	29978460	29965601	-	665.1	320
43171at7041	Complete	OZ078034.1	16199416	16204790	+	862.0	396
43315at7041	Complete	OZ078036.1	27143599	27150918	+	748.6	348
43436at7041	Complete	OZ078032.1	19114843	19119884	+	543.5	268
43504at7041	Complete	OZ078025.1	30335260	30333713	-	358.3	187
43514at7041	Complete	OZ078041.1	13597361	13607383	+	789.6	445
43516at7041	Complete	OZ078031.1	16777964	16697979	-	718.4	352
43734at7041	Complete	OZ078034.1	29925570	29947589	+	1178.1	704
43748at7041	Complete	OZ078040.1	8095934	8154028	+	989.6	540
43796at7041	Complete	OZ078025.1	38649159	38646546	-	668.2	395
43810at7041	Complete	OZ078027.1	35727062	35728493	+	317.7	198
43980at7041	Complete	OZ078031.1	20258569	20233312	-	6696.3	3181
44115at7041	Complete	OZ078030.1	37991753	37995855	+	1509.1	765
44169at7041	Complete	OZ078033.1	6674825	6677000	+	1002.2	499
44177at7041	Complete	OZ078041.1	15591367	15592636	+	518.4	316
44188at7041	Complete	OZ078027.1	7888940	7870538	-	2289.4	1127
44203at7041	Complete	OZ078027.1	33050034	33049084	-	427.4	267
44214at7041	Complete	OZ078036.1	29586039	29590389	+	1614.3	962
44256at7041	Complete	OZ078033.1	6770584	6776954	+	1458.7	727
44276at7041	Complete	OZ078037.1	20951871	20947173	-	945.0	538
44353at7041	Complete	OZ078042.1	17174365	17175959	+	610.5	404
44488at7041	Fragmented	OZ078034.1	25911257	25912245	+	321.7	194
44535at7041	Complete	OZ078035.1	28652049	28657128	+	1006.8	554
44752at7041	Complete	OZ078032.1	35716131	35717192	+	643.4	345
44778at7041	Complete	OZ078041.1	17957590	17962294	+	1583.8	941
44880at7041	Complete	OZ078036.1	23618614	23619786	+	593.3	353
44971at7041	Complete	OZ078030.1	32777	31662	-	272.6	220
44973at7041	Complete	OZ078039.1	9952965	9952029	-	514.8	290
45150at7041	Complete	OZ078042.1	17129461	17113025	-	3353.4	1740
45297at7041	Complete	OZ078027.1	35305335	35302466	-	735.5	391
45386at7041	Complete	OZ078031.1	973446	943236	-	2280.9	1203
45391at7041	Complete	OZ078039.1	22432664	22429776	-	966.3	645
45392at7041	Complete	OZ078042.1	16850899	16830284	-	2171.2	1772
45420at7041	Complete	OZ078032.1	17072743	17074269	+	683.3	425
45430at7041	Complete	OZ078028.1	31588734	31588357	-	272.3	126
45468at7041	Complete	OZ078029.1	28555746	28556283	+	242.9	122
45635at7041	Complete	OZ078026.1	26423980	26420119	-	541.7	297
45735at7041	Complete	OZ078033.1	28684601	28654056	-	458.8	278
45784at7041	Complete	OZ078032.1	17141062	17139330	-	1186.5	544
45787at7041	Complete	OZ078026.1	40066827	40053059	-	1545.6	704
45804at7041	Complete	OZ078028.1	25064651	25063083	-	369.2	242
45826at7041	Complete	OZ078032.1	18117167	18111907	-	1710.8	1146
45840at7041	Complete	OZ078030.1	9163365	9158565	-	494.1	288
45895at7041	Complete	OZ078036.1	24598435	24596772	-	934.2	464
45933at7041	Complete	OZ078025.1	31077848	30924102	-	475.3	258
45993at7041	Complete	OZ078036.1	26614596	26615527	+	359.6	233
46039at7041	Complete	OZ078031.1	25984745	25991107	+	469.2	534
46089at7041	Complete	OZ078039.1	24861460	24860963	-	301.5	159
46099at7041	Complete	OZ078029.1	24421309	24421886	+	301.4	167
46140at7041	Complete	OZ078032.1	19508386	19509217	+	383.5	173
46156at7041	Complete	OZ078040.1	21059630	21063452	+	559.9	371
46159at7041	Complete	OZ078035.1	11372089	11369878	-	1206.7	617
46166at7041	Complete	OZ078026.1	33288083	33286920	-	732.0	350
46175at7041	Complete	OZ078038.1	22902786	22905350	+	1037.9	517
46176at7041	Complete	OZ078036.1	8863226	8851533	-	1534.5	762
46186at7041	Complete	OZ078036.1	23011765	23012379	+	291.9	164
46227at7041	Complete	OZ078042.1	17237551	17238300	+	264.8	177
46237at7041	Complete	OZ078025.1	29754228	29785643	+	416.1	253
46294at7041	Complete	OZ078026.1	7894895	7887115	-	456.8	339
46347at7041	Complete	OZ078042.1	16702024	16694470	-	1105.1	535
46425at7041	Complete	OZ078026.1	6567045	6582157	+	384.9	340
46472at7041	Complete	OZ078025.1	32518762	32517276	-	578.0	295
46594at7041	Complete	OZ078027.1	14817615	14816952	-	239.3	132
46641at7041	Complete	OZ078032.1	4196258	4195697	-	207.4	157
46657at7041	Complete	OZ078026.1	41371	40663	-	418.3	200
46713at7041	Complete	OZ078036.1	19943535	19942360	-	247.5	140
46720at7041	Complete	OZ078040.1	13566124	13580013	+	2225.9	1020
46831at7041	Complete	OZ078033.1	25285141	25283125	-	1242.4	585
47071at7041	Complete	OZ078030.1	29127879	29126237	-	152.0	212
47084at7041	Complete	OZ078029.1	23228496	23229469	+	439.7	243
47090at7041	Complete	OZ078025.1	29974672	29970553	-	426.6	197
47137at7041	Complete	OZ078026.1	34112300	34115258	+	518.4	338
47160at7041	Complete	OZ078025.1	39300539	39302204	+	436.7	235
47193at7041	Complete	OZ078041.1	16115914	16125626	+	338.5	236
47251at7041	Complete	OZ078029.1	26036495	26076474	+	656.0	472
47275at7041	Complete	OZ078042.1	17227234	17229016	+	431.2	269
47316at7041	Complete	OZ078035.1	12111548	12114627	+	1372.3	651
47324at7041	Complete	OZ078040.1	12078579	12075432	-	1174.3	655
47442at7041	Complete	OZ078039.1	24240883	24238314	-	785.4	422
47454at7041	Complete	OZ078040.1	3825387	3671479	-	382.3	217
47542at7041	Complete	OZ078026.1	4257207	4281250	+	899.4	516
47638at7041	Complete	OZ078035.1	1903552	1905918	+	968.8	500
47667at7041	Complete	OZ078030.1	3614673	3616426	+	741.8	366
47693at7041	Complete	OZ078027.1	32407047	32406405	-	373.9	187
47781at7041	Complete	OZ078030.1	1981596	1909535	-	4012.9	2028
47815at7041	Complete	OZ078038.1	22529121	22524449	-	1068.5	562
47820at7041	Complete	OZ078032.1	18435886	18430431	-	921.1	625
47836at7041	Complete	OZ078027.1	31984273	31987516	+	332.6	169
47861at7041	Complete	OZ078033.1	6685185	6684516	-	297.6	154
48017at7041	Complete	OZ078028.1	39101971	39099242	-	441.9	276
48058at7041	Complete	OZ078033.1	19788772	19791416	+	536.0	295
48084at7041	Complete	OZ078027.1	118621	116822	-	783.7	481
48087at7041	Complete	OZ078039.1	17344393	17342236	-	782.6	457
48106at7041	Complete	OZ078026.1	32894621	32888659	-	1735.6	1102
48140at7041	Complete	OZ078031.1	7320097	7321428	+	619.6	384
48148at7041	Complete	OZ078025.1	30306406	30310119	+	1493.0	946
48156at7041	Complete	OZ078040.1	21424532	21416422	-	962.3	542
48219at7041	Complete	OZ078029.1	18077664	18079087	+	461.9	289
48226at7041	Complete	OZ078030.1	30301088	30306974	+	550.5	483
48263at7041	Complete	OZ078026.1	269643	268970	-	357.1	197
48271at7041	Complete	OZ078035.1	16553340	16559116	+	732.7	454
48354at7041	Complete	OZ078025.1	32883365	32881125	-	743.1	440
48547at7041	Complete	OZ078032.1	16634418	16635064	+	246.9	126
48575at7041	Complete	OZ078042.1	15978336	15974730	-	625.5	315
48578at7041	Complete	OZ078038.1	382801	395096	+	221.2	156
48637at7041	Complete	OZ078030.1	27557755	27544448	-	1268.6	662
48730at7041	Complete	OZ078028.1	38045546	38042857	-	719.6	457
48795at7041	Complete	OZ078035.1	16943700	16940455	-	1387.2	849
48868at7041	Complete	OZ078035.1	11332069	11333505	+	569.3	366
48918at7041	Complete	OZ078026.1	9375951	9336795	-	834.4	431
48992at7041	Complete	OZ078035.1	12116094	12115345	-	477.4	247
49004at7041	Complete	OZ078027.1	32833774	32832285	-	504.5	256
49012at7041	Complete	OZ078032.1	19240124	19378895	+	755.0	364
49030at7041	Complete	OZ078029.1	18849304	18848564	-	446.0	232
49143at7041	Complete	OZ078038.1	19203917	19229196	+	1040.5	641
49181at7041	Complete	OZ078030.1	38151006	38149884	-	270.8	168
49182at7041	Complete	OZ078033.1	29758375	29758824	+	190.6	120
49194at7041	Complete	OZ078036.1	21454014	21451913	-	442.9	297
49226at7041	Complete	OZ078033.1	27653116	27651930	-	660.8	344
49236at7041	Complete	OZ078026.1	8733509	8728647	-	159.3	124
49281at7041	Complete	OZ078027.1	40179441	40171493	-	2037.4	1333
49323at7041	Complete	OZ078027.1	32185889	32188685	+	898.4	567
49330at7041	Complete	OZ078042.1	16930226	16931446	+	492.5	342
49350at7041	Complete	OZ078031.1	31714873	31713996	-	486.2	245
49357at7041	Complete	OZ078030.1	323308	311753	-	1832.5	1030
49445at7041	Complete	OZ078033.1	9755048	9762694	+	1829.8	1020
49603at7041	Complete	OZ078036.1	27050529	27047783	-	882.9	470
49605at7041	Complete	OZ078038.1	17652254	17648875	-	659.4	424
49607at7041	Complete	OZ078036.1	19045231	19044054	-	536.7	331
49628at7041	Complete	OZ078030.1	30177165	30174506	-	943.3	487
49681at7041	Complete	OZ078029.1	31269118	31266168	-	918.7	586
49697at7041	Complete	OZ078033.1	29548553	29552223	+	745.6	439
49716at7041	Complete	OZ078029.1	28957283	28955297	-	407.9	331
49753at7041	Complete	OZ078026.1	75738	76634	+	420.3	276
49760at7041	Complete	OZ078025.1	33629279	33621339	-	1536.4	837
49786at7041	Complete	OZ078033.1	25282466	25279572	-	939.8	510
49800at7041	Complete	OZ078034.1	12317609	12318717	+	501.8	303
49812at7041	Complete	OZ078027.1	505128	505903	+	405.6	223
49831at7041	Complete	OZ078041.1	15621527	15626791	+	694.3	569
49834at7041	Complete	OZ078040.1	18151997	18145789	-	702.5	436
49842at7041	Complete	OZ078036.1	6561232	6502986	-	1317.2	763
49856at7041	Complete	OZ078041.1	12734872	12721328	-	694.9	396
49921at7041	Complete	OZ078039.1	24965331	24964487	-	404.0	204
49931at7041	Complete	OZ078040.1	18879071	18889413	+	555.4	340
50041at7041	Complete	OZ078026.1	1206566	1199286	-	960.1	523
50052at7041	Complete	OZ078035.1	18317805	18362092	+	2129.7	1024
50103at7041	Complete	OZ078025.1	34818029	34816853	-	368.1	197
50172at7041	Complete	OZ078041.1	18582862	18589872	+	1616.3	986
50234at7041	Complete	OZ078026.1	27529810	27528202	-	510.2	317
50304at7041	Complete	OZ078027.1	2635814	2641615	+	450.4	328
50422at7041	Complete	OZ078032.1	18638225	18684466	+	750.0	360
50436at7041	Complete	OZ078033.1	17870697	17883048	+	779.4	390
50614at7041	Complete	OZ078029.1	35297654	35294377	-	758.7	736
50619at7041	Complete	OZ078032.1	31764952	31762491	-	951.3	445
50621at7041	Complete	OZ078034.1	28597525	28598318	+	477.7	244
50637at7041	Complete	OZ078028.1	26505925	26504367	-	161.6	82
50655at7041	Complete	OZ078033.1	31722262	31682821	-	487.7	341
50750at7041	Complete	OZ078025.1	42373458	42372185	-	480.6	271
50769at7041	Complete	OZ078036.1	29341112	29340261	-	354.3	285
50774at7041	Complete	OZ078029.1	18052092	18043614	-	1377.1	1039
50837at7041	Complete	OZ078030.1	10848741	10853199	+	972.7	473
50844at7041	Complete	OZ078038.1	19825810	19827669	+	401.1	223
50847at7041	Complete	OZ078039.1	17331260	17328302	-	954.3	543
50848at7041	Complete	OZ078040.1	19700103	19714720	+	1851.7	1091
50867at7041	Complete	OZ078030.1	33443114	33444811	+	304.2	199
50918at7041	Complete	OZ078030.1	21137400	21123208	-	343.2	342
50923at7041	Complete	OZ078041.1	17857689	17858759	+	247.1	157
50944at7041	Complete	OZ078039.1	9324555	9305769	-	533.6	269
50972at7041	Complete	OZ078041.1	13049663	13044514	-	1345.9	725
50992at7041	Complete	OZ078026.1	8121063	8105870	-	1043.4	559
51004at7041	Complete	OZ078039.1	21908129	21906830	-	580.7	292
51213at7041	Complete	OZ078040.1	22536710	22535675	-	475.7	262
51302at7041	Complete	OZ078029.1	38290430	38295763	+	2584.2	1450
51320at7041	Complete	OZ078037.1	27983183	27987111	+	819.1	557
51359at7041	Complete	OZ078025.1	1945864	1947776	+	365.6	233
51380at7041	Complete	OZ078041.1	11976372	11973834	-	699.7	384
51443at7041	Complete	OZ078040.1	8637984	8640194	+	551.1	294
51475at7041	Complete	OZ078027.1	31109148	31111970	+	1317.6	682
51478at7041	Complete	OZ078038.1	19829948	19827979	-	612.6	292
51487at7041	Complete	OZ078041.1	11561589	11555439	-	926.3	695
51516at7041	Complete	OZ078027.1	10590307	10533862	-	880.5	524
51541at7041	Complete	OZ078041.1	14251440	14249383	-	142.6	89
51543at7041	Complete	OZ078034.1	28601859	28606265	+	931.0	512
51562at7041	Complete	OZ078027.1	7590508	7552936	-	416.6	227
51617at7041	Fragmented	OZ078036.1	5740363	5772204	+	644.2	381
51646at7041	Complete	OZ078030.1	37832606	37831658	-	334.6	206
51731at7041	Complete	OZ078038.1	13807123	13786060	-	605.4	316
51752at7041	Complete	OZ078036.1	15075540	15071040	-	986.7	472
51784at7041	Complete	OZ078027.1	32317941	32320160	+	481.5	260
51820at7041	Complete	OZ078027.1	33043576	33044050	+	152.5	103
51964at7041	Complete	OZ078030.1	13272172	13293894	+	580.4	372
52055at7041	Complete	OZ078032.1	32028620	32035376	+	1508.8	818
52088at7041	Complete	OZ078025.1	42356949	42358948	+	550.6	267
52123at7041	Complete	OZ078039.1	24680607	24636627	-	1551.5	855
52134at7041	Complete	OZ078026.1	40037424	40036302	-	481.1	288
52271at7041	Complete	OZ078029.1	16492635	16497928	+	1055.3	684
52358at7041	Complete	OZ078025.1	40066953	40057192	-	1282.4	817
52408at7041	Complete	OZ078029.1	32675236	32671734	-	1307.3	784
52426at7041	Complete	OZ078033.1	28741086	28736362	-	1394.7	706
52514at7041	Complete	OZ078028.1	34426142	34429856	+	1320.7	844
52594at7041	Complete	OZ078042.1	16966910	16964941	-	663.2	341
52614at7041	Complete	OZ078026.1	1161214	1166251	+	979.6	654
52669at7041	Complete	OZ078035.1	9367533	9457934	+	490.6	247
52715at7041	Complete	OZ078028.1	37755588	37744107	-	781.8	474
52777at7041	Complete	OZ078036.1	29536918	29534700	-	963.6	523
52868at7041	Complete	OZ078033.1	8004869	8008530	+	676.1	524
52887at7041	Complete	OZ078042.1	12865334	12870620	+	358.3	203
52964at7041	Complete	OZ078042.1	12267962	12247707	-	322.3	189
53082at7041	Complete	OZ078027.1	15556310	15568409	+	696.0	530
53172at7041	Complete	OZ078029.1	26035772	26033094	-	847.9	434
53181at7041	Complete	OZ078041.1	17414677	17416626	+	713.9	389
53196at7041	Complete	OZ078035.1	21081429	21083111	+	669.3	368
53284at7041	Complete	OZ078038.1	3311975	3319723	+	1176.6	638
53308at7041	Complete	OZ078026.1	7878672	7852804	-	1765.3	949
53310at7041	Complete	OZ078042.1	17218881	17221732	+	727.9	511
53365at7041	Complete	OZ078036.1	30047545	30048494	+	327.1	197
53381at7041	Complete	OZ078029.1	38143147	38138445	-	1426.6	772
53412at7041	Complete	OZ078037.1	27389368	27336493	-	1031.7	594
53421at7041	Complete	OZ078036.1	23032998	23034172	+	320.1	197
53438at7041	Complete	OZ078033.1	18944611	18946988	+	1030.0	581
53518at7041	Complete	OZ078027.1	35500433	35499375	-	462.9	328
53535at7041	Complete	OZ078031.1	16296622	16291873	-	602.5	459
53572at7041	Complete	OZ078028.1	10761898	10764336	+	357.3	215
53676at7041	Complete	OZ078029.1	28573065	28565736	-	523.5	303
53711at7041	Complete	OZ078028.1	17136897	17135325	-	356.7	231
53793at7041	Complete	OZ078028.1	33844893	33842278	-	814.9	455
53805at7041	Complete	OZ078031.1	9898394	9868113	-	1075.2	500
53838at7041	Complete	OZ078036.1	4185784	4191297	+	367.2	312
53841at7041	Complete	OZ078033.1	28607379	28609915	+	720.9	461
53883at7041	Complete	OZ078028.1	5521967	5480114	-	728.3	430
53920at7041	Complete	OZ078029.1	30009397	30006262	-	1242.2	753
53983at7041	Complete	OZ078039.1	13517269	13526013	+	514.8	283
54012at7041	Complete	OZ078035.1	25836456	25856032	+	1670.3	995
54021at7041	Complete	OZ078036.1	17247895	17245145	-	641.3	357
54053at7041	Complete	OZ078031.1	36162104	36163405	+	315.4	213
54135at7041	Complete	OZ078026.1	253758	252198	-	627.9	339
54314at7041	Complete	OZ078027.1	32049867	32048835	-	480.8	282
54490at7041	Complete	OZ078040.1	8188716	8200431	+	656.8	368
54536at7041	Complete	OZ078036.1	26934377	26933811	-	234.8	138
54547at7041	Complete	OZ078039.1	22412887	22409037	-	276.8	168
54621at7041	Complete	OZ078039.1	24558040	24558735	+	322.4	172
54678at7041	Complete	OZ078031.1	26562023	26559738	-	1107.0	590
54715at7041	Complete	OZ078030.1	16280415	16311584	+	927.6	659
54813at7041	Complete	OZ078033.1	10444088	10455857	+	2270.1	1177
54842at7041	Complete	OZ078026.1	37133266	37129206	-	1344.2	713
54853at7041	Complete	OZ078033.1	31776189	31778582	+	916.6	613
54871at7041	Complete	OZ078035.1	17504314	17506718	+	657.5	368
54936at7041	Complete	OZ078040.1	4398753	4403961	+	256.2	142
54972at7041	Complete	OZ078037.1	24046112	24046495	+	185.7	124
54990at7041	Complete	OZ078027.1	31989666	31987737	-	545.1	368
55051at7041	Complete	OZ078033.1	17526926	17546087	+	475.7	269
55213at7041	Complete	OZ078036.1	7139887	7115002	-	2118.6	1030
55234at7041	Complete	OZ078032.1	33204336	33203688	-	311.5	169
55274at7041	Complete	OZ078031.1	28134537	28123368	-	1405.2	942
55347at7041	Complete	OZ078037.1	2383036	2472415	+	697.7	422
55434at7041	Complete	OZ078030.1	32063295	32242268	+	2067.0	1110
55467at7041	Complete	OZ078037.1	25672251	25664135	-	1157.0	552
55520at7041	Complete	OZ078026.1	35964530	35957456	-	1848.2	990
55521at7041	Complete	OZ078041.1	9905287	9893731	-	3376.5	1930
55550at7041	Complete	OZ078026.1	38329864	38332675	+	1542.0	834
55552at7041	Complete	OZ078030.1	25210242	25208962	-	761.3	404
55561at7041	Complete	OZ078029.1	32456129	32454079	-	713.6	549
55577at7041	Complete	OZ078036.1	7204015	7225391	+	1572.6	938
55581at7041	Complete	OZ078040.1	21167250	21183719	+	725.7	372
55586at7041	Complete	OZ078041.1	11564345	11562061	-	982.5	490
55679at7041	Complete	OZ078028.1	25306389	25307303	+	275.2	216
55687at7041	Complete	OZ078027.1	31121119	31122130	+	527.3	295
55728at7041	Complete	OZ078041.1	18329801	18347422	+	724.1	429
55783at7041	Complete	OZ078033.1	30294399	30320397	+	1163.3	858
55821at7041	Complete	OZ078034.1	25324582	25328629	+	890.6	475
55916at7041	Complete	OZ078035.1	7605269	7606991	+	447.8	218
56028at7041	Complete	OZ078025.1	38577789	38606250	+	789.8	415
56265at7041	Complete	OZ078040.1	22741527	22743068	+	754.3	401
56281at7041	Complete	OZ078027.1	17585119	17583649	-	372.1	189
56282at7041	Complete	OZ078030.1	12895513	12820112	-	1295.9	615
56328at7041	Complete	OZ078033.1	27264143	27259522	-	1779.0	1223
56361at7041	Complete	OZ078031.1	26510657	26508811	-	250.4	117
56377at7041	Complete	OZ078041.1	9501526	9507228	+	1418.2	1029
56404at7041	Complete	OZ078025.1	597439	603146	+	710.3	362
56435at7041	Complete	OZ078029.1	24451235	24450402	-	383.0	260
56449at7041	Complete	OZ078026.1	39168440	39174859	+	698.3	354
56454at7041	Complete	OZ078030.1	27778941	27845005	+	1895.7	1097
56497at7041	Complete	OZ078031.1	29373857	29374509	+	247.4	146
56535at7041	Complete	OZ078036.1	8713041	8747818	+	630.0	470
56735at7041	Complete	OZ078031.1	252399	251888	-	333.9	151
56888at7041	Complete	OZ078035.1	16526879	16550673	+	1853.9	902
56926at7041	Complete	OZ078027.1	40041973	40043577	+	626.9	305
56956at7041	Complete	OZ078027.1	2631782	2634315	+	763.9	466
56974at7041	Complete	OZ078032.1	17690535	17685830	-	1300.4	763
56977at7041	Complete	OZ078036.1	28888252	28889441	+	503.5	324
57035at7041	Complete	OZ078025.1	19332847	19390037	+	973.6	477
57053at7041	Complete	OZ078038.1	25150499	25151683	+	310.9	170
57058at7041	Complete	OZ078036.1	28958552	28962359	+	1485.2	924
57074at7041	Complete	OZ078027.1	39617257	39619010	+	871.5	470
57146at7041	Complete	OZ078033.1	789704	775793	-	622.6	350
57239at7041	Complete	OZ078032.1	34747966	34749790	+	505.9	275
57244at7041	Complete	OZ078035.1	25870604	25867377	-	713.8	608
57378at7041	Complete	OZ078033.1	27264807	27267194	+	679.5	452
57428at7041	Complete	OZ078035.1	14435708	14467928	+	4407.7	2057
57569at7041	Complete	OZ078034.1	18112090	18112886	+	436.8	224
57581at7041	Complete	OZ078032.1	32295524	32297419	+	348.0	190
57615at7041	Complete	OZ078027.1	35274437	35272453	-	394.8	304
57669at7041	Complete	OZ078034.1	20123922	20126202	+	760.5	580
57700at7041	Complete	OZ078025.1	17429518	17465402	+	1937.7	838
57736at7041	Complete	OZ078029.1	33634196	33634966	+	274.0	199
57765at7041	Fragmented	OZ078026.1	35525174	35526553	+	329.5	140
57800at7041	Complete	OZ078039.1	24792868	24794602	+	685.6	324
57908at7041	Complete	OZ078032.1	16639129	16638596	-	324.5	159
58001at7041	Complete	OZ078038.1	22918850	22930188	+	2182.2	1241
58066at7041	Complete	OZ078032.1	35707272	35709252	+	996.2	542
58106at7041	Complete	OZ078027.1	25714881	25646925	-	826.9	418
58262at7041	Complete	OZ078034.1	24647710	24648857	+	269.0	139
58351at7041	Complete	OZ078033.1	31282601	31287336	+	542.2	563
58432at7041	Complete	OZ078030.1	36853321	36851223	-	666.9	379
58460at7041	Complete	OZ078031.1	28403141	28383608	-	648.0	345
58474at7041	Complete	OZ078037.1	1879378	1876857	-	290.9	146
58484at7041	Complete	OZ078039.1	24515279	24513399	-	1096.6	620
58489at7041	Complete	OZ078036.1	20590197	20591092	+	309.7	238
58492at7041	Complete	OZ078030.1	13271780	13240639	-	994.1	533
58501at7041	Complete	OZ078025.1	2433556	2423056	-	429.6	276
58604at7041	Complete	OZ078031.1	33522894	33521268	-	278.6	128
58696at7041	Complete	OZ078039.1	18707555	18703792	-	784.4	438
58719at7041	Complete	OZ078032.1	460094	455501	-	729.9	333
58873at7041	Complete	OZ078025.1	26798246	26801227	+	648.9	382
58916at7041	Complete	OZ078039.1	12343266	12342244	-	253.6	148
58921at7041	Complete	OZ078025.1	32854940	32861111	+	376.0	309
59005at7041	Complete	OZ078026.1	39435761	39437035	+	597.8	361
59134at7041	Complete	OZ078025.1	34104611	34100515	-	720.8	387
59158at7041	Complete	OZ078032.1	34871701	34874590	+	616.2	332
59175at7041	Complete	OZ078038.1	21477088	21389355	-	1096.0	580
59293at7041	Complete	OZ078040.1	12404158	12367377	-	1168.0	711
59300at7041	Complete	OZ078027.1	8659054	8657091	-	276.2	153
59333at7041	Complete	OZ078036.1	26616621	26615862	-	341.9	189
59353at7041	Complete	OZ078036.1	17329152	17328139	-	701.0	332
59358at7041	Complete	OZ078025.1	44908540	44906997	-	815.6	451
59398at7041	Complete	OZ078039.1	24392744	24391063	-	750.1	414
59406at7041	Complete	OZ078040.1	19247505	19265780	+	1739.8	926
59408at7041	Complete	OZ078025.1	26721309	26730753	+	2818.1	1779
59537at7041	Complete	OZ078034.1	16361035	16300653	-	469.7	322
59574at7041	Complete	OZ078032.1	34823059	34822208	-	255.1	225
59671at7041	Complete	OZ078034.1	25920748	25918208	-	1145.1	532
59696at7041	Complete	OZ078035.1	25745645	25748130	+	640.4	323
59711at7041	Complete	OZ078036.1	23022620	23016937	-	652.2	411
59824at7041	Complete	OZ078032.1	18146448	18137684	-	728.8	391
59842at7041	Complete	OZ078025.1	17801508	17823877	+	952.5	475
59893at7041	Complete	OZ078039.1	20277598	20269580	-	1156.3	684
59906at7041	Complete	OZ078041.1	7493450	7504574	+	522.3	283
59914at7041	Complete	OZ078036.1	25416571	25444606	+	1282.7	628
59929at7041	Complete	OZ078028.1	22511373	22507734	-	212.3	196
59951at7041	Complete	OZ078027.1	40157081	40154192	-	544.4	288
59956at7041	Complete	OZ078029.1	23494319	23489615	-	1240.1	579
60009at7041	Complete	OZ078028.1	32945007	32942234	-	820.1	488
60026at7041	Complete	OZ078032.1	34183394	34189594	+	816.8	448
60087at7041	Complete	OZ078025.1	33958186	33939704	-	560.4	223
60109at7041	Complete	OZ078030.1	11795167	11795937	+	427.3	233
60173at7041	Complete	OZ078027.1	34241086	34243972	+	391.0	270
60232at7041	Complete	OZ078039.1	11551275	11549321	-	799.7	435
60234at7041	Complete	OZ078031.1	31722040	31724394	+	1135.0	533
60309at7041	Complete	OZ078037.1	25096192	25091747	-	263.0	157
60328at7041	Complete	OZ078027.1	16153667	16154072	+	177.6	109
60367at7041	Complete	OZ078029.1	31116523	31113483	-	986.7	561
60495at7041	Complete	OZ078025.1	24642913	24656796	+	891.3	634
60587at7041	Complete	OZ078036.1	18910956	18911650	+	268.4	167
60590at7041	Complete	OZ078041.1	11332465	11285674	-	955.1	462
60625at7041	Complete	OZ078026.1	33753850	33752465	-	681.1	380
60633at7041	Complete	OZ078029.1	35315979	35314013	-	719.5	351
60797at7041	Complete	OZ078039.1	21025693	21024584	-	455.0	276
60799at7041	Complete	OZ078026.1	38323928	38319302	-	835.4	387
60841at7041	Complete	OZ078033.1	20411807	20408832	-	1039.2	751
60855at7041	Complete	OZ078041.1	12704693	12699951	-	1309.2	795
60995at7041	Complete	OZ078028.1	14203527	14205593	+	730.2	345
61038at7041	Complete	OZ078031.1	28334267	28330199	-	1155.7	733
61046at7041	Complete	OZ078027.1	9873729	9870647	-	1519.4	797
61207at7041	Complete	OZ078030.1	7442914	7314517	-	672.7	347
61212at7041	Complete	OZ078037.1	27108061	27107065	-	406.5	257
61280at7041	Complete	OZ078039.1	16440061	16403062	-	582.7	422
61322at7041	Complete	OZ078039.1	17341248	17342111	+	502.7	285
61327at7041	Complete	OZ078030.1	27711599	27757433	+	406.8	264
61433at7041	Complete	OZ078027.1	38435035	38427953	-	1001.1	557
61439at7041	Complete	OZ078033.1	32355813	32360244	+	576.0	255
61458at7041	Complete	OZ078032.1	17086808	17085183	-	786.4	492
61649at7041	Complete	OZ078036.1	26915607	26914798	-	320.0	230
61660at7041	Complete	OZ078029.1	36322319	36324053	+	371.4	244
61698at7041	Complete	OZ078031.1	3826438	3827559	+	349.3	272
61709at7041	Complete	OZ078033.1	31202328	31198584	-	580.3	459
61739at7041	Complete	OZ078036.1	26931537	26932103	+	306.1	142
61760at7041	Complete	OZ078040.1	22855587	22876279	+	702.5	312
61817at7041	Complete	OZ078026.1	318740	324263	+	739.0	363
61824at7041	Complete	OZ078033.1	21300823	21316877	+	565.2	272
62026at7041	Complete	OZ078026.1	38150320	38149298	-	592.4	301
62041at7041	Complete	OZ078025.1	43116005	43113210	-	329.0	235
62051at7041	Complete	OZ078033.1	6817582	6818479	+	263.6	158
62114at7041	Complete	OZ078030.1	2984662	2995265	+	591.8	296
62128at7041	Complete	OZ078030.1	24662791	24659122	-	492.5	231
62305at7041	Complete	OZ078033.1	27832145	27838282	+	692.6	428
62318at7041	Complete	OZ078028.1	32503047	32503947	+	346.2	213
62322at7041	Complete	OZ078041.1	17913025	17924711	+	779.6	404
62328at7041	Complete	OZ078041.1	18296889	18297227	+	201.4	93
62359at7041	Complete	OZ078026.1	40045852	40047729	+	864.1	493
62414at7041	Complete	OZ078029.1	35116038	35116754	+	192.1	141
62454at7041	Complete	OZ078040.1	22592969	22591956	-	464.5	327
62562at7041	Complete	OZ078026.1	28626860	28631262	+	168.7	91
62670at7041	Complete	OZ078041.1	18473270	18474607	+	403.1	432
62724at7041	Complete	OZ078035.1	16022727	16024667	+	457.9	320
62761at7041	Complete	OZ078028.1	27046761	27047324	+	283.3	189
62874at7041	Complete	OZ078032.1	20609174	20609834	+	181.2	124
62921at7041	Complete	OZ078030.1	35234409	35233121	-	553.0	347
62951at7041	Complete	OZ078036.1	29335173	29335970	+	303.2	191
62961at7041	Complete	OZ078030.1	11287638	11283986	-	312.1	209
63030at7041	Complete	OZ078041.1	8847732	8844411	-	657.9	480
63065at7041	Complete	OZ078038.1	24660329	24659604	-	222.4	143
63112at7041	Complete	OZ078036.1	7773780	7772333	-	358.4	215
63145at7041	Complete	OZ078033.1	14018971	13994973	-	1520.5	723
63152at7041	Fragmented	OZ078037.1	28398534	28399575	+	370.6	239
63239at7041	Complete	OZ078026.1	1207411	1209607	+	573.5	363
63242at7041	Complete	OZ078031.1	9729579	9727861	-	1105.6	542
63423at7041	Complete	OZ078040.1	16908082	16910476	+	900.5	459
63444at7041	Complete	OZ078027.1	2816047	2804399	-	695.7	461
63496at7041	Complete	OZ078036.1	25392498	25395057	+	1438.0	716
63537at7041	Complete	OZ078040.1	5994921	5996938	+	1021.9	537
63595at7041	Duplicated	OZ078029.1	34781439	34779632	-	586.1	560
63595at7041	Duplicated	OZ078029.1	34948411	34946623	-	657.3	557
63620at7041	Complete	OZ078032.1	17447135	17445343	-	567.2	303
63674at7041	Complete	OZ078036.1	19944306	19947879	+	553.8	310
63703at7041	Complete	OZ078030.1	37862253	37861715	-	138.9	85
63734at7041	Complete	OZ078025.1	41829803	41832446	+	757.3	474
63764at7041	Complete	OZ078026.1	6643736	6638379	-	452.7	335
63798at7041	Complete	OZ078029.1	28760658	28759216	-	437.0	260
63874at7041	Complete	OZ078041.1	18279166	18285116	+	811.9	415
63882at7041	Complete	OZ078033.1	26264807	26258746	-	1699.9	1189
64000at7041	Complete	OZ078029.1	38196419	38206798	+	1926.6	1003
64010at7041	Complete	OZ078036.1	7764084	7767563	+	369.6	211
64062at7041	Complete	OZ078037.1	27660675	27663544	+	483.2	269
64109at7041	Fragmented	OZ078036.1	2273172	2273599	+	77.1	84
64117at7041	Complete	OZ078027.1	32663085	32662246	-	393.3	204
64120at7041	Complete	OZ078035.1	24029724	24036093	+	977.2	895
64171at7041	Complete	OZ078036.1	26044153	26072075	+	681.6	442
64186at7041	Complete	OZ078030.1	2141390	2137966	-	827.5	403
64199at7041	Complete	OZ078033.1	6876115	6872965	-	757.7	432
64203at7041	Complete	OZ078028.1	34608926	34609976	+	610.1	280
64233at7041	Complete	OZ078027.1	33082601	33078729	-	547.1	293
64249at7041	Complete	OZ078036.1	23533920	23535105	+	686.0	308
64269at7041	Complete	OZ078040.1	16029318	15969292	-	713.7	370
64407at7041	Complete	OZ078027.1	35636827	35645090	+	1208.8	644
64415at7041	Complete	OZ078026.1	234018	238049	+	741.7	423
64463at7041	Complete	OZ078030.1	1587740	1583668	-	519.2	252
64521at7041	Complete	OZ078033.1	24949207	24946658	-	1190.0	691
64522at7041	Complete	OZ078032.1	34282449	34280265	-	632.2	369
64571at7041	Complete	OZ078026.1	20135128	20138516	+	538.7	327
64595at7041	Complete	OZ078042.1	16794925	16786094	-	382.1	283
64787at7041	Complete	OZ078036.1	28947067	28945703	-	699.0	347
64816at7041	Complete	OZ078040.1	23096249	23090292	-	1981.6	1015
64945at7041	Complete	OZ078028.1	15840876	15842497	+	635.0	330
64973at7041	Complete	OZ078039.1	18937163	18936694	-	209.3	129
65003at7041	Complete	OZ078029.1	32440994	32440506	-	366.2	162
65038at7041	Complete	OZ078032.1	4114877	4111911	-	320.4	204
65068at7041	Complete	OZ078028.1	26506367	26508927	+	1485.6	747
65101at7041	Complete	OZ078041.1	8873631	8865668	-	1107.9	632
65186at7041	Complete	OZ078025.1	38135138	38131227	-	861.0	528
65332at7041	Complete	OZ078027.1	8863177	8863915	+	269.9	184
65404at7041	Complete	OZ078025.1	41782060	41784395	+	773.1	409
65492at7041	Complete	OZ078041.1	9754890	9802756	+	3238.8	1795
65511at7041	Complete	OZ078036.1	3243848	3239340	-	439.0	272
65542at7041	Complete	OZ078033.1	29771242	29769692	-	709.5	452
65625at7041	Complete	OZ078032.1	31077966	31077469	-	209.1	110
65639at7041	Complete	OZ078025.1	30352176	30355596	+	1306.3	659
65654at7041	Complete	OZ078036.1	6094793	6085970	-	608.6	348
65909at7041	Complete	OZ078025.1	30293434	30281721	-	4533.6	2322
65980at7041	Complete	OZ078032.1	28396268	28397743	+	575.2	294
65982at7041	Complete	OZ078026.1	24470301	24472895	+	524.7	416
66003at7041	Complete	OZ078030.1	36696105	36700368	+	474.9	269
66008at7041	Fragmented	OZ078031.1	7419284	7317136	-	546.4	264
66082at7041	Complete	OZ078025.1	44391836	44393169	+	432.4	317
66148at7041	Complete	OZ078035.1	1932942	1933960	+	358.3	292
66170at7041	Complete	OZ078026.1	19380493	19367531	-	1338.2	776
66230at7041	Complete	OZ078031.1	12398254	12397766	-	259.0	144
66328at7041	Complete	OZ078028.1	17337793	17339555	+	930.0	501
66395at7041	Complete	OZ078030.1	8154129	8155524	+	369.1	203
66570at7041	Complete	OZ078029.1	32199746	32197221	-	435.3	252
66709at7041	Complete	OZ078029.1	32158274	32156610	-	148.1	118
66712at7041	Complete	OZ078040.1	10195156	10203806	+	2014.0	1225
66820at7041	Complete	OZ078035.1	11359210	11360606	+	523.4	354
66843at7041	Complete	OZ078025.1	30338279	30335874	-	384.2	185
66856at7041	Complete	OZ078026.1	5191420	5226238	+	1437.0	686
66890at7041	Fragmented	OZ078041.1	17482962	17452925	-	405.8	195
66900at7041	Complete	OZ078027.1	34320947	34332647	+	1292.7	841
67129at7041	Complete	OZ078035.1	19994846	19989755	-	1433.9	696
67137at7041	Complete	OZ078038.1	12138130	12139113	+	644.2	325
67153at7041	Complete	OZ078028.1	31804550	31833398	+	597.0	364
67187at7041	Complete	OZ078029.1	21212805	21216163	+	939.6	586
67252at7041	Complete	OZ078029.1	34625380	34623392	-	434.7	280
67257at7041	Complete	OZ078041.1	13737260	13740180	+	531.0	341
67274at7041	Complete	OZ078037.1	1431532	1429610	-	798.3	555
67288at7041	Fragmented	OZ078028.1	13925118	13876732	-	493.1	279
67298at7041	Fragmented	OZ078030.1	33446085	33445177	-	240.0	187
67593at7041	Complete	OZ078031.1	23024526	23021841	-	674.3	457
67668at7041	Complete	OZ078030.1	30049868	30048019	-	411.1	312
67835at7041	Complete	OZ078040.1	5831118	5834285	+	327.8	388
67879at7041	Complete	OZ078034.1	30419872	30431573	+	279.1	218
67956at7041	Complete	OZ078034.1	29987200	29984409	-	465.0	257
68030at7041	Complete	OZ078042.1	16970157	16973190	+	621.8	404
68032at7041	Complete	OZ078028.1	37672588	37674129	+	242.4	243
68098at7041	Complete	OZ078033.1	10171856	10108789	-	1018.3	511
68146at7041	Complete	OZ078026.1	3179138	3179766	+	332.9	170
68147at7041	Complete	OZ078036.1	28496833	28496168	-	269.4	157
68148at7041	Complete	OZ078042.1	17215480	17216591	+	423.5	194
68160at7041	Complete	OZ078030.1	27644416	27650847	+	1200.5	859
68195at7041	Complete	OZ078040.1	6299903	6302422	+	995.7	652
68231at7041	Complete	OZ078028.1	30140190	30140793	+	265.1	147
68385at7041	Complete	OZ078033.1	18633091	18629032	-	1032.5	733
68393at7041	Complete	OZ078036.1	29628177	29632648	+	1424.4	771
68414at7041	Complete	OZ078037.1	25574344	25577042	+	581.1	291
68426at7041	Complete	OZ078029.1	32246536	32250886	+	2495.6	1293
68473at7041	Complete	OZ078042.1	16689397	16682690	-	893.2	515
68545at7041	Complete	OZ078042.1	14614154	14612323	-	480.9	315
68567at7041	Complete	OZ078025.1	15336215	15343005	+	348.9	204
68589at7041	Complete	OZ078036.1	8616835	8620244	+	314.1	165
68601at7041	Complete	OZ078036.1	24704376	24701912	-	502.8	401
68623at7041	Complete	OZ078029.1	21109906	21112134	+	336.4	174
68814at7041	Complete	OZ078039.1	10703460	10704350	+	361.3	223
68930at7041	Complete	OZ078030.1	7068502	7073113	+	814.8	513
68931at7041	Complete	OZ078041.1	13541641	13543253	+	764.2	471
68969at7041	Complete	OZ078033.1	26359447	26358098	-	538.7	310
68970at7041	Complete	OZ078035.1	12782821	12780701	-	374.2	253
69143at7041	Fragmented	OZ078038.1	25896515	25896095	-	156.9	112
69163at7041	Complete	OZ078032.1	34298770	34295388	-	589.5	687
69299at7041	Complete	OZ078039.1	24231146	24228029	-	940.0	580
69321at7041	Complete	OZ078028.1	38025914	38028226	+	523.3	443
69348at7041	Complete	OZ078033.1	28005961	28003907	-	887.4	567
69350at7041	Complete	OZ078037.1	27625305	27629235	+	397.1	222
69401at7041	Complete	OZ078029.1	32585002	32575360	-	860.5	427
69481at7041	Complete	OZ078036.1	15477099	15476341	-	255.0	146
69484at7041	Complete	OZ078033.1	16260362	16177594	-	1430.2	796
69498at7041	Complete	OZ078040.1	9692993	9702722	+	1028.4	494
69568at7041	Complete	OZ078026.1	38470041	38473726	+	546.2	303
69604at7041	Complete	OZ078033.1	16114877	16111565	-	778.0	558
69628at7041	Complete	OZ078027.1	32428621	32430399	+	606.7	429
69647at7041	Complete	OZ078029.1	35508758	35516866	+	1528.2	785
69672at7041	Complete	OZ078035.1	23602953	23609767	+	341.4	387
69674at7041	Complete	OZ078029.1	32785593	32864237	+	2014.3	1088
69710at7041	Complete	OZ078039.1	17351433	17348898	-	661.8	423
69711at7041	Complete	OZ078035.1	23488708	23487440	-	605.8	366
69749at7041	Complete	OZ078040.1	11004894	11005493	+	210.4	192
69820at7041	Complete	OZ078030.1	34489131	34490875	+	819.5	421
70060at7041	Complete	OZ078030.1	28233783	28231944	-	423.6	260
70068at7041	Complete	OZ078030.1	27515480	27521368	+	1201.7	898
70169at7041	Complete	OZ078030.1	34236045	34232279	-	1338.6	807
70238at7041	Complete	OZ078027.1	30903992	30904762	+	197.4	131
70366at7041	Complete	OZ078038.1	22909538	22910506	+	395.8	290
70405at7041	Complete	OZ078028.1	19422212	19417097	-	1586.0	878
70521at7041	Complete	OZ078033.1	31335656	31337739	+	501.3	283
70566at7041	Complete	OZ078035.1	24829430	24811821	-	462.3	312
70572at7041	Complete	OZ078026.1	38328141	38329109	+	560.9	307
70648at7041	Complete	OZ078029.1	29817186	29815313	-	768.4	427
70655at7041	Complete	OZ078041.1	12697888	12697340	-	209.3	119
70709at7041	Complete	OZ078036.1	8837917	8828063	-	754.4	521
70723at7041	Complete	OZ078040.1	12029544	12027619	-	586.3	384
70811at7041	Fragmented	OZ078040.1	5714564	5713953	-	144.1	148
70824at7041	Complete	OZ078036.1	30091494	30090193	-	513.3	307
70840at7041	Complete	OZ078034.1	25302532	25308049	+	448.7	227
70927at7041	Complete	OZ078040.1	19808258	19811767	+	1043.5	565
70931at7041	Complete	OZ078041.1	7480815	7475013	-	989.0	545
70968at7041	Complete	OZ078029.1	25895691	25904219	+	4208.4	1969
71018at7041	Complete	OZ078042.1	16201454	16200584	-	346.6	255
71037at7041	Complete	OZ078032.1	34394998	34445375	+	683.1	260
71051at7041	Duplicated	OZ078026.1	40462507	40469511	+	2410.8	1258
71051at7041	Duplicated	OZ078037.1	28506432	28513426	+	2371.6	1258
71083at7041	Complete	OZ078039.1	24350545	24353135	+	1190.9	596
71090at7041	Complete	OZ078040.1	12033967	12073060	+	164.6	124
71097at7041	Complete	OZ078030.1	2295132	2296640	+	557.9	373
71128at7041	Complete	OZ078033.1	31413725	31412634	-	470.8	359
71152at7041	Complete	OZ078029.1	24416674	24418051	+	247.6	183
71160at7041	Complete	OZ078029.1	25188291	25193287	+	1747.5	986
71261at7041	Complete	OZ078042.1	17038736	17036963	-	711.5	365
71289at7041	Complete	OZ078032.1	34800287	34801638	+	721.5	420
71398at7041	Complete	OZ078033.1	21082862	21082130	-	215.4	184
71403at7041	Complete	OZ078027.1	10498286	10494615	-	946.3	508
71414at7041	Complete	OZ078035.1	11797105	11824936	+	1066.1	527
71465at7041	Complete	OZ078041.1	11632571	11634495	+	905.3	469
71466at7041	Complete	OZ078036.1	7774874	7783289	+	616.7	332
71518at7041	Complete	OZ078029.1	37757194	37762640	+	2478.1	1346
71553at7041	Complete	OZ078032.1	17143352	17145138	+	441.0	459
71555at7041	Complete	OZ078038.1	25877995	25876819	-	615.1	308
71678at7041	Fragmented	OZ078025.1	39997498	40010596	+	299.2	182
71763at7041	Complete	OZ078026.1	27394006	27413001	+	1076.4	589
71768at7041	Complete	OZ078031.1	9774507	9775456	+	397.6	247
71942at7041	Complete	OZ078027.1	30879238	30883929	+	876.1	388
72102at7041	Complete	OZ078037.1	2531624	2537129	+	485.5	266
72130at7041	Fragmented	OZ078030.1	30039897	30042239	+	362.8	167
72183at7041	Complete	OZ078029.1	32684849	32676197	-	965.3	569
72185at7041	Complete	OZ078036.1	22952021	22939705	-	925.3	509
72222at7041	Complete	OZ078030.1	3660616	3656201	-	1269.3	652
72318at7041	Complete	OZ078035.1	16059652	16059023	-	344.5	178
72476at7041	Complete	OZ078030.1	71084	68428	-	959.3	477
72501at7041	Complete	OZ078027.1	38442493	38451253	+	629.8	368
72686at7041	Complete	OZ078034.1	28305805	28306146	+	199.4	111
72709at7041	Complete	OZ078030.1	33636511	33591593	-	430.8	214
72721at7041	Complete	OZ078028.1	24823790	24821510	-	1145.4	631
72741at7041	Complete	OZ078042.1	15621150	15622886	+	573.9	420
72880at7041	Complete	OZ078028.1	29336399	29339743	+	200.3	248
72896at7041	Complete	OZ078027.1	38459871	38458282	-	593.3	310
72939at7041	Complete	OZ078027.1	32899442	32892988	-	778.6	575
72997at7041	Complete	OZ078033.1	30164789	30161697	-	522.4	266
73007at7041	Complete	OZ078033.1	31227645	31228456	+	267.3	198
73020at7041	Complete	OZ078036.1	23031080	23028126	-	892.9	472
73038at7041	Complete	OZ078027.1	19844730	19844401	-	232.7	104
73339at7041	Complete	OZ078027.1	2800143	2800820	+	166.6	177
73383at7041	Complete	OZ078030.1	7061728	7063169	+	429.1	218
73539at7041	Complete	OZ078036.1	26605984	26606653	+	269.6	174
73550at7041	Complete	OZ078028.1	18566831	18563963	-	1717.4	778
73584at7041	Complete	OZ078037.1	27579752	27580396	+	360.9	171
73609at7041	Complete	OZ078029.1	25468504	25473234	+	962.8	641
73659at7041	Complete	OZ078026.1	159897	155189	-	1427.9	786
73743at7041	Complete	OZ078026.1	29345960	29340154	-	1159.2	615
73781at7041	Complete	OZ078038.1	22657237	22654586	-	1459.3	807
73810at7041	Complete	OZ078028.1	31427041	31420086	-	1477.9	912
73862at7041	Fragmented	OZ078027.1	32673955	32674407	+	67.8	81
73972at7041	Complete	OZ078029.1	14370070	14377271	+	945.6	501
73991at7041	Complete	OZ078026.1	27117115	26934674	-	971.4	475
74167at7041	Complete	OZ078025.1	42159591	42160237	+	248.9	148
74174at7041	Complete	OZ078030.1	4340137	4382224	+	857.2	466
74392at7041	Fragmented	OZ078035.1	12495852	12496619	+	259.7	229
74425at7041	Complete	OZ078041.1	11602512	11607532	+	652.9	592
74475at7041	Complete	OZ078034.1	21115411	21114148	-	73.7	207
74598at7041	Complete	OZ078025.1	29983472	29981171	-	344.8	295
74599at7041	Complete	OZ078032.1	17097977	17101422	+	518.4	268
74685at7041	Complete	OZ078029.1	19775343	19792086	+	447.2	297
74706at7041	Complete	OZ078036.1	27169380	27152958	-	1468.9	818
74755at7041	Complete	OZ078027.1	23295329	23295784	+	248.8	149
74765at7041	Complete	OZ078040.1	22587358	22577246	-	1540.2	1530
74978at7041	Complete	OZ078032.1	33176281	33179899	+	1057.3	645
75014at7041	Complete	OZ078035.1	2786622	2783586	-	516.2	310
75037at7041	Complete	OZ078036.1	8597557	8596922	-	239.3	198
75078at7041	Complete	OZ078033.1	18182266	18180403	-	845.4	506
75088at7041	Complete	OZ078036.1	26935595	26936317	+	420.8	237
75165at7041	Complete	OZ078035.1	17687467	17680081	-	839.1	588
75173at7041	Complete	OZ078040.1	4412937	4410727	-	1075.7	670
75226at7041	Complete	OZ078027.1	30670988	30672815	+	605.4	309
75259at7041	Complete	OZ078034.1	17116324	17109842	-	703.8	533
75280at7041	Complete	OZ078027.1	14402340	14401426	-	480.2	292
75303at7041	Complete	OZ078032.1	34726748	34727672	+	465.5	258
75367at7041	Complete	OZ078036.1	25386992	25387836	+	371.7	218
75419at7041	Complete	OZ078025.1	38609385	38614685	+	241.7	146
75423at7041	Complete	OZ078035.1	8370539	8367293	-	1218.2	736
75427at7041	Complete	OZ078026.1	328260	326776	-	147.9	191
75473at7041	Complete	OZ078031.1	7189218	7187053	-	570.7	354
75544at7041	Complete	OZ078036.1	15579642	15575599	-	1263.9	654
75550at7041	Complete	OZ078035.1	25735884	25738699	+	470.4	273
75553at7041	Complete	OZ078036.1	27958886	27955821	-	874.8	523
75611at7041	Complete	OZ078032.1	18428618	18430327	+	511.8	299
75614at7041	Complete	OZ078032.1	34305426	34300909	-	1344.4	774
75629at7041	Complete	OZ078027.1	31998492	32005377	+	639.1	478
75689at7041	Complete	OZ078040.1	10136143	10123453	-	448.9	281
75747at7041	Complete	OZ078039.1	13449209	13448044	-	650.5	327
75754at7041	Complete	OZ078038.1	16850577	16848681	-	389.4	283
75772at7041	Complete	OZ078027.1	39630950	39631594	+	256.2	146
75799at7041	Complete	OZ078036.1	28644680	28646167	+	588.7	346
75952at7041	Complete	OZ078028.1	1975494	1976531	+	242.5	200
76003at7041	Complete	OZ078036.1	26221773	26220729	-	255.7	180
76011at7041	Complete	OZ078026.1	26147385	25862235	-	1331.4	660
76041at7041	Complete	OZ078029.1	28591501	28592656	+	437.6	218
76076at7041	Complete	OZ078028.1	27524360	27527025	+	425.2	313
76103at7041	Complete	OZ078031.1	28013792	28013172	-	169.0	173
76130at7041	Complete	OZ078035.1	7096126	7097598	+	453.3	314
76143at7041	Complete	OZ078029.1	37712165	37709818	-	541.2	480
76177at7041	Complete	OZ078026.1	3469141	3455395	-	880.8	439
76228at7041	Complete	OZ078025.1	32705871	32705050	-	442.1	259
76338at7041	Complete	OZ078042.1	17206950	17197114	-	2571.8	1673
76376at7041	Fragmented	OZ078032.1	17077798	17074511	-	164.2	160
76533at7041	Complete	OZ078036.1	8139495	8138857	-	149.1	107
76550at7041	Complete	OZ078040.1	19585659	19588345	+	1014.2	492
76568at7041	Complete	OZ078030.1	38203331	38201638	-	291.6	493
76602at7041	Complete	OZ078030.1	27482236	27480130	-	246.0	125
76651at7041	Complete	OZ078033.1	31469517	31471898	+	1004.9	576
76654at7041	Complete	OZ078033.1	18852464	18857117	+	995.8	683
76705at7041	Complete	OZ078038.1	16832733	16831578	-	565.7	293
76725at7041	Complete	OZ078037.1	27403360	27405085	+	859.9	517
76826at7041	Complete	OZ078025.1	35360859	35362336	+	513.9	301
77170at7041	Complete	OZ078027.1	2653095	2657940	+	181.3	120
77196at7041	Complete	OZ078040.1	14840103	14846467	+	1683.3	966
77355at7041	Complete	OZ078029.1	23227810	23226618	-	521.7	339
77476at7041	Complete	OZ078031.1	29408384	29421394	+	479.2	264
77487at7041	Complete	OZ078035.1	26628204	26623440	-	717.1	453
77498at7041	Complete	OZ078036.1	21474290	21476504	+	843.1	421
77510at7041	Complete	OZ078038.1	22934262	22931008	-	916.1	604
77512at7041	Complete	OZ078040.1	11940384	11938702	-	539.0	317
77593at7041	Complete	OZ078040.1	9398364	9345175	-	1600.9	861
77693at7041	Complete	OZ078042.1	16625173	16622018	-	1018.3	560
77700at7041	Complete	OZ078032.1	34182292	34180683	-	747.1	488
77734at7041	Fragmented	OZ078033.1	2090913	2092111	+	415.9	237
77758at7041	Complete	OZ078027.1	8662582	8664545	+	412.8	215
77787at7041	Complete	OZ078035.1	10218462	10215114	-	489.7	275
77811at7041	Complete	OZ078027.1	9030162	9068107	+	686.4	504
77910at7041	Complete	OZ078033.1	20286964	20290792	+	609.6	399
78215at7041	Complete	OZ078041.1	13563222	13564218	+	367.7	197
78248at7041	Complete	OZ078037.1	23846099	23848789	+	401.2	282
78271at7041	Complete	OZ078040.1	13364745	13345377	-	4370.6	2825
78356at7041	Complete	OZ078035.1	25448211	25441436	-	1649.1	930
78361at7041	Complete	OZ078032.1	16634016	16632180	-	276.1	162
78368at7041	Complete	OZ078033.1	12984508	12897721	-	1086.6	545
78369at7041	Complete	OZ078036.1	24100774	24269302	+	1211.6	643
78442at7041	Complete	OZ078029.1	26098020	26099294	+	624.6	377
78463at7041	Complete	OZ078038.1	17632118	17626878	-	768.9	419
78665at7041	Complete	OZ078030.1	33239613	33236726	-	833.3	603
78668at7041	Duplicated	OZ078031.1	28630626	28631962	+	229.3	138
78668at7041	Duplicated	OZ078042.1	437288	437828	+	207.5	116
78691at7041	Complete	OZ078025.1	28186328	28182239	-	1556.4	909
78742at7041	Complete	OZ078037.1	24043558	24037797	-	1278.6	796
78770at7041	Complete	OZ078039.1	15292292	15293086	+	159.7	157
78778at7041	Complete	OZ078036.1	20718116	20717132	-	479.4	276
78966at7041	Complete	OZ078040.1	13691879	13690924	-	326.9	268
79082at7041	Complete	OZ078030.1	21001679	21017352	+	746.3	421
79192at7041	Complete	OZ078033.1	16121829	16122188	+	157.7	108
79216at7041	Complete	OZ078039.1	12426446	12428650	+	424.4	271
79281at7041	Complete	OZ078030.1	83818	81942	-	588.3	307
79467at7041	Complete	OZ078032.1	16832612	16815949	-	1194.9	605
79515at7041	Complete	OZ078032.1	398730	394573	-	1141.6	657
79642at7041	Complete	OZ078027.1	5871097	5868069	-	561.2	402
79646at7041	Complete	OZ078041.1	18058583	18110126	+	794.0	409
79659at7041	Complete	OZ078029.1	18213192	18211642	-	367.4	340
79694at7041	Complete	OZ078034.1	22652767	22651978	-	383.4	223
79785at7041	Complete	OZ078035.1	21998496	21997452	-	576.4	306
79838at7041	Complete	OZ078028.1	33507750	33506385	-	603.7	360
79961at7041	Complete	OZ078038.1	23787910	23789328	+	446.3	281
80014at7041	Complete	OZ078028.1	30531881	30533379	+	384.2	316
80030at7041	Complete	OZ078032.1	934721	941169	+	219.4	147
80069at7041	Complete	OZ078030.1	10846085	10848218	+	297.5	261
80072at7041	Complete	OZ078037.1	27981496	27979795	-	589.1	372
80148at7041	Complete	OZ078040.1	15626332	15621383	-	838.2	533
80179at7041	Complete	OZ078034.1	41023	40325	-	289.4	204
80272at7041	Fragmented	OZ078036.1	29557261	29461673	-	163.1	120
80364at7041	Complete	OZ078037.1	18566834	18566161	-	155.1	174
80487at7041	Complete	OZ078029.1	20552059	20548979	-	917.4	663
80563at7041	Complete	OZ078027.1	3496706	3499734	+	703.8	384
80601at7041	Complete	OZ078026.1	27388954	27388432	-	225.1	121
80745at7041	Fragmented	OZ078026.1	1254571	1259539	+	446.2	219
80757at7041	Complete	OZ078026.1	212268	216557	+	1286.2	894
80792at7041	Complete	OZ078036.1	4195543	4205554	+	301.8	201
80821at7041	Complete	OZ078035.1	21086180	21084180	-	596.1	453
80870at7041	Complete	OZ078028.1	14199305	14202477	+	963.6	652
80890at7041	Complete	OZ078026.1	26268727	26265041	-	502.4	351
80919at7041	Complete	OZ078031.1	28758821	28759928	+	529.4	315
80931at7041	Complete	OZ078025.1	34879662	34877685	-	549.8	342
80961at7041	Complete	OZ078039.1	16524487	16500282	-	925.5	728
80981at7041	Complete	OZ078029.1	24136765	24137678	+	363.0	243
81103at7041	Complete	OZ078042.1	14243355	14255378	+	1381.9	729
81146at7041	Complete	OZ078027.1	17581756	17578860	-	594.2	288
81198at7041	Duplicated	OZ078033.1	16495670	16494330	-	625.8	427
81198at7041	Duplicated	OZ078040.1	8627863	8625989	-	647.9	416
81199at7041	Fragmented	OZ078025.1	4446305	4576904	+	391.2	215
81311at7041	Complete	OZ078026.1	2629645	2656103	+	1632.0	927
81322at7041	Complete	OZ078029.1	29249752	29249269	-	222.1	137
81353at7041	Complete	OZ078032.1	13002660	13001795	-	337.1	229
81411at7041	Complete	OZ078026.1	24485893	24474482	-	953.1	423
81668at7041	Complete	OZ078025.1	4124820	4122956	-	470.9	270
81670at7041	Complete	OZ078037.1	27437109	27445616	+	2408.8	1314
81674at7041	Fragmented	OZ078039.1	11832498	11833212	+	256.7	192
81824at7041	Complete	OZ078026.1	132175	133691	+	468.6	251
81840at7041	Complete	OZ078029.1	34636034	34634372	-	813.1	460
82021at7041	Complete	OZ078028.1	33978838	34001148	+	733.9	435
82054at7041	Complete	OZ078029.1	29705907	29704307	-	415.2	247
82064at7041	Complete	OZ078029.1	30280676	30259318	-	893.3	414
82079at7041	Complete	OZ078027.1	3360177	3455609	+	1359.4	854
82105at7041	Complete	OZ078033.1	14171671	14248023	+	708.4	400
82237at7041	Complete	OZ078036.1	29566772	29580896	+	301.4	231
82297at7041	Complete	OZ078026.1	336755	350119	+	908.8	436
82327at7041	Complete	OZ078032.1	17112091	17111273	-	356.0	201
82356at7041	Complete	OZ078031.1	22696590	22700093	+	868.3	438
82362at7041	Complete	OZ078031.1	24396332	24398939	+	510.6	357
82406at7041	Complete	OZ078032.1	35600020	35602967	+	728.5	605
82423at7041	Complete	OZ078039.1	21913182	21908538	-	1493.8	1048
82441at7041	Complete	OZ078026.1	30021930	30026056	+	90.9	187
82453at7041	Duplicated	OZ078040.1	6369158	6367817	-	561.4	281
82453at7041	Duplicated	OZ078027.1	9931627	9930773	-	489.1	281
82456at7041	Fragmented	OZ078032.1	34319656	34317966	-	188.4	110
82480at7041	Complete	OZ078036.1	16858797	16852764	-	409.2	251
82560at7041	Complete	OZ078041.1	13572382	13579507	+	745.5	431
82616at7041	Complete	OZ078029.1	24171245	24139539	-	1066.7	628
82660at7041	Complete	OZ078032.1	29018310	29019284	+	591.9	319
82676at7041	Complete	OZ078033.1	18810736	18811323	+	185.3	119
82691at7041	Complete	OZ078030.1	16650405	16643594	-	579.8	339
82750at7041	Complete	OZ078028.1	37143780	37142923	-	336.7	205
82766at7041	Complete	OZ078033.1	21109953	21104806	-	604.6	323
82808at7041	Complete	OZ078035.1	29750535	29752400	+	637.9	381
82946at7041	Complete	OZ078036.1	29730662	29733463	+	771.8	565
82957at7041	Complete	OZ078029.1	22266351	22263236	-	496.5	418
82989at7041	Complete	OZ078040.1	8177918	8171870	-	591.0	287
83031at7041	Complete	OZ078034.1	28323026	28322453	-	240.7	139
83194at7041	Complete	OZ078029.1	37179153	37087654	-	596.0	336
83264at7041	Complete	OZ078026.1	2784400	2791664	+	637.8	359
83294at7041	Complete	OZ078033.1	30165418	30165959	+	154.5	96
83333at7041	Complete	OZ078039.1	7769112	7777820	+	593.3	422
83506at7041	Complete	OZ078025.1	2041214	2033663	-	1467.9	1041
83510at7041	Complete	OZ078037.1	28373232	28370186	-	386.4	238
83539at7041	Complete	OZ078032.1	31219545	31218692	-	324.5	202
83556at7041	Complete	OZ078042.1	16703855	16702880	-	643.0	307
83565at7041	Complete	OZ078040.1	22490757	22488797	-	526.9	386
83583at7041	Complete	OZ078031.1	7690055	7680694	-	924.2	817
83594at7041	Complete	OZ078030.1	12137981	12134017	-	549.0	564
83671at7041	Complete	OZ078029.1	36284331	36285722	+	729.4	433
83680at7041	Complete	OZ078029.1	21212666	21203477	-	2252.8	1329
83685at7041	Complete	OZ078036.1	29050759	28992292	-	162.9	110
83693at7041	Complete	OZ078038.1	22660580	22663466	+	414.8	364
83776at7041	Complete	OZ078035.1	9840534	9838126	-	459.2	571
83821at7041	Complete	OZ078031.1	22915850	22981701	+	664.3	420
83906at7041	Complete	OZ078036.1	25974995	25974247	-	333.1	209
83908at7041	Complete	OZ078032.1	17691526	17690789	-	258.0	145
83968at7041	Complete	OZ078028.1	34079391	34076257	-	818.7	425
84030at7041	Complete	OZ078034.1	26743449	26737626	-	1870.3	1103
84065at7041	Complete	OZ078028.1	36970947	36971613	+	283.2	165
84083at7041	Complete	OZ078028.1	10433787	10431529	-	733.9	356
84088at7041	Complete	OZ078037.1	18538420	18541092	+	603.9	359
84186at7041	Complete	OZ078033.1	14830230	14830901	+	380.0	218
84273at7041	Complete	OZ078025.1	26489518	26494974	+	350.5	193
84279at7041	Complete	OZ078040.1	5202896	5119954	-	1269.3	719
84352at7041	Complete	OZ078034.1	22353263	22351766	-	252.0	146
84376at7041	Complete	OZ078034.1	23891117	23886979	-	1175.2	772
84395at7041	Complete	OZ078029.1	17296509	17303845	+	1386.0	1090
84402at7041	Complete	OZ078039.1	24294555	24288676	-	702.4	364
84411at7041	Complete	OZ078032.1	31444322	31446109	+	459.5	252
84474at7041	Complete	OZ078037.1	28140483	28142535	+	717.9	373
84627at7041	Complete	OZ078040.1	12883804	12884873	+	467.0	285
84690at7041	Complete	OZ078027.1	38555986	38559453	+	1346.6	866
84698at7041	Complete	OZ078030.1	34223150	34224654	+	376.8	209
84699at7041	Complete	OZ078033.1	31296873	31299232	+	399.7	220
84753at7041	Complete	OZ078038.1	8860227	8861312	+	616.3	320
84905at7041	Complete	OZ078029.1	34575611	34577026	+	322.5	152
84925at7041	Complete	OZ078025.1	48172	55341	+	1097.9	663
84932at7041	Complete	OZ078035.1	17509408	17508300	-	440.1	269
84939at7041	Complete	OZ078035.1	14411160	14416348	+	1327.6	829
84977at7041	Complete	OZ078033.1	6680402	6682502	+	634.3	501
84984at7041	Complete	OZ078040.1	5734278	5739824	+	363.7	189
84994at7041	Complete	OZ078025.1	41834176	41835207	+	434.7	242
85004at7041	Fragmented	OZ078034.1	28599872	28599162	-	66.4	72
85026at7041	Complete	OZ078040.1	5617413	5619452	+	863.7	541
85097at7041	Complete	OZ078035.1	25491286	25489722	-	326.3	238
85134at7041	Complete	OZ078038.1	26211443	26213657	+	588.8	361
85216at7041	Complete	OZ078041.1	13571950	13570788	-	457.1	267
85332at7041	Complete	OZ078036.1	27962291	27960889	-	201.5	245
85349at7041	Complete	OZ078031.1	17416290	17335647	-	681.1	400
85436at7041	Complete	OZ078031.1	31709515	31712910	+	890.3	497
85552at7041	Complete	OZ078035.1	28656569	28654772	-	332.0	324
85602at7041	Complete	OZ078026.1	266829	268535	+	647.8	484
85667at7041	Complete	OZ078025.1	26355208	26345775	-	510.4	319
85734at7041	Complete	OZ078025.1	33617577	33745086	+	758.8	510
85807at7041	Complete	OZ078039.1	10636236	10639231	+	981.3	708
85814at7041	Complete	OZ078035.1	9263684	9266929	+	373.1	392
85815at7041	Complete	OZ078031.1	25295775	25299471	+	819.1	624
85832at7041	Complete	OZ078036.1	20586171	20582693	-	1246.1	668
85835at7041	Complete	OZ078032.1	13423041	13425062	+	941.4	514
85916at7041	Complete	OZ078027.1	6409095	6393121	-	616.1	336
85970at7041	Complete	OZ078036.1	25499430	25493832	-	996.8	553
86006at7041	Complete	OZ078034.1	20141472	20139393	-	389.9	295
86010at7041	Complete	OZ078028.1	24813678	24816193	+	908.8	650
86111at7041	Complete	OZ078031.1	9711668	9713055	+	688.9	369
86119at7041	Complete	OZ078029.1	36295349	36298718	+	596.1	364
86131at7041	Complete	OZ078036.1	21441129	21438138	-	941.8	628
86139at7041	Complete	OZ078038.1	8682591	8664945	-	535.8	402
86142at7041	Complete	OZ078039.1	9950804	9951825	+	354.0	267
86201at7041	Complete	OZ078036.1	25391194	25388132	-	1118.9	694
86219at7041	Complete	OZ078026.1	332781	330202	-	760.8	459
86264at7041	Complete	OZ078025.1	33610565	33613605	+	349.5	212
86307at7041	Complete	OZ078035.1	25667844	25671953	+	694.3	465
86328at7041	Complete	OZ078036.1	8624313	8622507	-	123.8	106
86392at7041	Complete	OZ078027.1	28495306	28485162	-	578.6	349
86414at7041	Complete	OZ078028.1	31861198	31858894	-	508.5	264
86418at7041	Complete	OZ078040.1	8366249	8371777	+	459.7	245
86427at7041	Complete	OZ078030.1	22369392	22354835	-	739.8	518
86536at7041	Complete	OZ078039.1	9098738	9094274	-	321.6	155
86658at7041	Complete	OZ078035.1	17910284	17910800	+	237.9	120
86669at7041	Complete	OZ078034.1	12721445	12729320	+	722.8	469
86700at7041	Complete	OZ078036.1	15149530	15151982	+	1186.0	590
86909at7041	Complete	OZ078025.1	17588986	17591601	+	276.3	197
86923at7041	Complete	OZ078027.1	36967657	36972316	+	1483.9	934
87126at7041	Complete	OZ078042.1	17010251	17009181	-	425.8	293
87171at7041	Complete	OZ078034.1	30434957	30432686	-	661.1	361
87188at7041	Complete	OZ078033.1	9979349	9978365	-	274.2	227
87224at7041	Complete	OZ078027.1	5284187	5286260	+	512.5	334
87303at7041	Complete	OZ078026.1	24448543	24452145	+	730.0	588
87328at7041	Complete	OZ078034.1	13486206	13480036	-	1012.9	642
87360at7041	Complete	OZ078037.1	26439073	26439816	+	437.0	242
87362at7041	Complete	OZ078034.1	30379917	30379291	-	342.7	198
87367at7041	Complete	OZ078037.1	28356015	28355133	-	408.5	222
87384at7041	Complete	OZ078035.1	25716061	25713547	-	383.6	296
87429at7041	Complete	OZ078028.1	33902000	33899882	-	553.6	367
87610at7041	Complete	OZ078031.1	32173913	32174535	+	201.9	134
87621at7041	Complete	OZ078041.1	11433457	11510111	+	1467.9	663
87808at7041	Complete	OZ078036.1	17241280	17233251	-	3794.1	1967
87816at7041	Complete	OZ078037.1	27428360	27424866	-	1215.4	790
87842at7041	Complete	OZ078036.1	15562565	15561288	-	597.6	337
87844at7041	Complete	OZ078037.1	20017145	20014895	-	684.8	420
87873at7041	Complete	OZ078032.1	29017886	29015935	-	499.7	415
87941at7041	Complete	OZ078030.1	35052628	35054248	+	327.7	184
87961at7041	Complete	OZ078028.1	39066669	39060344	-	299.3	199
87998at7041	Complete	OZ078038.1	579181	566856	-	730.0	673
88020at7041	Complete	OZ078029.1	33457744	33459903	+	389.3	240
88200at7041	Fragmented	OZ078034.1	24393625	24382783	-	305.3	200
88223at7041	Complete	OZ078033.1	27999807	28002850	+	555.1	417
88265at7041	Complete	OZ078031.1	24392618	24394015	+	703.2	448
88466at7041	Complete	OZ078028.1	15819046	15820929	+	364.8	338
88478at7041	Complete	OZ078033.1	27940095	27936006	-	868.7	511
88587at7041	Complete	OZ078025.1	3666427	3660533	-	904.2	619
88701at7041	Complete	OZ078040.1	21066175	21064438	-	605.2	405
88765at7041	Complete	OZ078037.1	28007987	28012693	+	361.3	387
88778at7041	Complete	OZ078032.1	18117505	18123158	+	785.2	534
88832at7041	Complete	OZ078041.1	13846209	13840742	-	352.5	203
88900at7041	Complete	OZ078042.1	14633297	14637362	+	539.6	395
88929at7041	Complete	OZ078025.1	18942223	18955126	+	253.5	231
89157at7041	Complete	OZ078037.1	27667964	27665394	-	1211.8	644
89294at7041	Complete	OZ078033.1	32402655	32407103	+	389.5	266
89323at7041	Complete	OZ078025.1	44444534	44445252	+	337.9	195
89328at7041	Complete	OZ078032.1	11098512	11099345	+	331.1	260
89369at7041	Complete	OZ078026.1	3528377	3517846	-	848.5	448
89374at7041	Complete	OZ078031.1	9474260	9471646	-	889.8	520
89533at7041	Complete	OZ078025.1	26984889	26983511	-	357.8	331
89562at7041	Complete	OZ078033.1	6850425	6848805	-	401.3	424
89588at7041	Complete	OZ078039.1	11370511	11369076	-	488.3	348
89616at7041	Complete	OZ078030.1	37833132	37835806	+	1451.4	739
89644at7041	Complete	OZ078041.1	18614305	18616555	+	700.6	576
89686at7041	Complete	OZ078038.1	26169838	26171635	+	944.6	475
89759at7041	Complete	OZ078031.1	14249775	14249144	-	265.8	186
89763at7041	Complete	OZ078041.1	11613636	11609358	-	572.8	443
89801at7041	Complete	OZ078031.1	14577335	14574724	-	869.2	587
89840at7041	Complete	OZ078037.1	28416798	28420108	+	904.3	806
89904at7041	Complete	OZ078033.1	20700778	20699768	-	474.9	288
89939at7041	Complete	OZ078034.1	31383143	31382338	-	384.2	206
90029at7041	Complete	OZ078026.1	37261776	37264513	+	463.6	320
90167at7041	Complete	OZ078028.1	22525805	22526917	+	281.1	237
90169at7041	Complete	OZ078029.1	20859892	20861376	+	295.2	202
90290at7041	Complete	OZ078026.1	1558050	1581062	+	429.2	227
90296at7041	Complete	OZ078039.1	24344116	24346365	+	625.0	417
90404at7041	Complete	OZ078037.1	25633737	25579654	-	393.6	206
90435at7041	Complete	OZ078039.1	23248980	23246694	-	790.5	531
90439at7041	Complete	OZ078032.1	31217767	31216498	-	388.3	260
90495at7041	Complete	OZ078028.1	5837986	5839143	+	636.0	349
90609at7041	Complete	OZ078036.1	22790754	22788334	-	318.8	324
90732at7041	Complete	OZ078026.1	2545625	2543213	-	181.6	126
90748at7041	Complete	OZ078030.1	27188658	27187438	-	271.1	307
90751at7041	Complete	OZ078037.1	27678663	27671544	-	705.2	432
90773at7041	Complete	OZ078029.1	26099516	26101687	+	816.7	401
90776at7041	Complete	OZ078040.1	5760114	5761735	+	647.4	432
90912at7041	Complete	OZ078031.1	10552086	10545177	-	592.4	629
90924at7041	Complete	OZ078038.1	25873343	25876276	+	661.5	519
90976at7041	Complete	OZ078039.1	23238027	23239214	+	368.1	351
91003at7041	Complete	OZ078029.1	37840567	37851057	+	771.8	565
91014at7041	Complete	OZ078036.1	29624647	29626765	+	750.5	565
91076at7041	Complete	OZ078027.1	33538525	33541678	+	665.3	345
91119at7041	Complete	OZ078035.1	16929010	16927382	-	585.4	410
91122at7041	Complete	OZ078030.1	37871061	37869767	-	443.9	247
91198at7041	Complete	OZ078036.1	20589702	20588822	-	344.5	215
91284at7041	Complete	OZ078027.1	29216197	29214840	-	390.8	253
91389at7041	Complete	OZ078032.1	20513752	20510032	-	498.6	317
91406at7041	Complete	OZ078025.1	38171188	38149940	-	280.2	170
91437at7041	Complete	OZ078030.1	687516	686153	-	645.2	416
91451at7041	Complete	OZ078026.1	163410	162319	-	351.3	280
91588at7041	Complete	OZ078028.1	26529031	26531137	+	625.2	356
91663at7041	Complete	OZ078032.1	34814610	34817481	+	359.2	203
91697at7041	Complete	OZ078026.1	58424	57173	-	490.1	304
91730at7041	Complete	OZ078027.1	35664430	35664751	+	86.0	73
91742at7041	Complete	OZ078033.1	30324269	30323192	-	462.4	280
91747at7041	Complete	OZ078026.1	38616326	38614757	-	548.6	276
91774at7041	Complete	OZ078036.1	4313942	4323746	+	790.3	482
91895at7041	Complete	OZ078035.1	21352105	21351288	-	332.0	154
92051at7041	Complete	OZ078041.1	7240070	7287039	+	742.4	409
92093at7041	Complete	OZ078026.1	34923085	34915890	-	777.0	392
92118at7041	Complete	OZ078034.1	27956914	27950962	-	1557.4	1059
92148at7041	Complete	OZ078040.1	5598269	5591608	-	980.7	509
92160at7041	Complete	OZ078030.1	8597836	8617618	+	3359.1	1639
92163at7041	Duplicated	OZ078032.1	6492827	6493411	+	134.1	75
92163at7041	Duplicated	OZ078032.1	6016619	6016035	-	133.2	72
92177at7041	Complete	OZ078040.1	23067638	23066196	-	158.2	102
92178at7041	Complete	OZ078032.1	4086729	4087076	+	109.8	85
92191at7041	Complete	OZ078026.1	37642383	37631480	-	2434.9	1681
92203at7041	Complete	OZ078025.1	38486578	38485068	-	604.1	361
92227at7041	Complete	OZ078039.1	22428903	22429660	+	231.7	180
92266at7041	Complete	OZ078031.1	32220102	32218940	-	260.0	154
92277at7041	Complete	OZ078033.1	24945720	24947084	+	465.0	351
92325at7041	Complete	OZ078041.1	13905133	13885737	-	440.1	301
92329at7041	Complete	OZ078032.1	17692174	17694429	+	594.6	343
92335at7041	Complete	OZ078027.1	25395801	25395446	-	168.6	98
92353at7041	Complete	OZ078037.1	23678061	23678549	+	167.0	127
92377at7041	Complete	OZ078040.1	23070572	23073199	+	900.9	522
92412at7041	Fragmented	OZ078035.1	1851361	1853421	+	425.1	131
92413at7041	Complete	OZ078031.1	14606423	14607474	+	449.6	232
92456at7041	Complete	OZ078025.1	2416529	2415797	-	371.7	196
92495at7041	Complete	OZ078042.1	12915527	12955124	+	587.6	322
92496at7041	Complete	OZ078040.1	5664253	5666265	+	631.2	489
92506at7041	Complete	CAXMWO010000001.1	1155895	1139914	-	752.9	547
92510at7041	Complete	OZ078028.1	34257463	34256860	-	155.8	91
92539at7041	Complete	OZ078041.1	12029467	12030889	+	514.8	329
92630at7041	Complete	OZ078025.1	34026186	34030145	+	1166.8	639
92632at7041	Complete	OZ078035.1	17933275	17934354	+	405.6	264
92666at7041	Complete	OZ078042.1	1146389	1275678	+	149.3	88
92747at7041	Complete	OZ078033.1	18609068	18603466	-	1328.6	678
92759at7041	Complete	OZ078037.1	26257495	26271516	+	899.5	567
92783at7041	Complete	OZ078028.1	15846462	15843047	-	852.3	574
92849at7041	Complete	OZ078036.1	29623789	29622228	-	410.5	263
92884at7041	Complete	OZ078029.1	26024236	25918456	-	1127.7	689
92911at7041	Complete	OZ078026.1	111183	105058	-	812.4	494
92985at7041	Complete	OZ078032.1	34655704	34648963	-	366.1	283
93028at7041	Complete	OZ078035.1	23562286	23551764	-	1305.6	880
93077at7041	Complete	OZ078040.1	4933521	4929358	-	934.2	569
93160at7041	Complete	OZ078033.1	24582328	24584514	+	578.7	351
93181at7041	Complete	OZ078030.1	34523263	34520129	-	268.4	234
93212at7041	Complete	OZ078034.1	21107935	21111189	+	654.5	347
93303at7041	Complete	OZ078032.1	31241004	31241687	+	319.1	205
93355at7041	Complete	OZ078032.1	34003346	34006623	+	737.6	374
93372at7041	Complete	OZ078030.1	38210487	38206110	-	1424.1	1026
93385at7041	Complete	OZ078029.1	16004021	15997953	-	1291.7	811
93419at7041	Complete	OZ078028.1	32721444	32722940	+	671.2	435
93420at7041	Complete	OZ078039.1	9841559	9844609	+	186.8	204
93436at7041	Complete	OZ078034.1	29948689	29951559	+	888.8	643
93453at7041	Complete	OZ078041.1	18472440	18450391	-	1833.3	893
93519at7041	Complete	OZ078031.1	13619083	13617677	-	390.1	230
93569at7041	Complete	OZ078041.1	15007181	15008545	+	467.8	261
93591at7041	Complete	OZ078041.1	17179331	17182995	+	637.0	686
93641at7041	Complete	OZ078041.1	13000108	12994731	-	640.8	500
93655at7041	Complete	OZ078035.1	25428390	25425507	-	739.6	452
93769at7041	Complete	OZ078032.1	18461024	18457154	-	1261.8	851
93801at7041	Complete	OZ078042.1	16480766	16472339	-	322.0	445
93865at7041	Complete	OZ078033.1	14622676	14621108	-	513.0	269
94039at7041	Complete	OZ078034.1	25135045	25117214	-	462.0	292
94386at7041	Complete	OZ078035.1	2796127	2790633	-	873.0	512
94438at7041	Complete	OZ078029.1	26026070	26031654	+	1129.9	998
94481at7041	Complete	OZ078029.1	32694185	32705611	+	924.4	517
94489at7041	Complete	OZ078042.1	17099868	17097500	-	511.7	375
94523at7041	Complete	OZ078030.1	37858814	37861393	+	892.3	702
94524at7041	Complete	OZ078032.1	4128934	4127345	-	332.2	299
94564at7041	Complete	OZ078025.1	277926	277057	-	254.3	209
94693at7041	Complete	OZ078030.1	36726595	36727359	+	224.0	186
94712at7041	Complete	OZ078036.1	14162030	14167191	+	893.5	641
94778at7041	Complete	OZ078031.1	28493780	28498730	+	1052.1	670
94801at7041	Complete	OZ078039.1	8287497	8310904	+	2298.2	1684
94844at7041	Complete	OZ078028.1	29386025	29379034	-	1467.3	816
94845at7041	Complete	OZ078033.1	27271541	27273465	+	957.8	528
94911at7041	Complete	OZ078033.1	19776530	19786144	+	1264.4	733
94958at7041	Complete	OZ078036.1	28892174	28893370	+	511.1	320
94961at7041	Complete	OZ078028.1	22026653	22026008	-	185.9	143
95003at7041	Complete	OZ078041.1	18125251	18131041	+	693.7	590
95024at7041	Complete	OZ078041.1	10848526	10801977	-	1076.1	616
95046at7041	Complete	OZ078030.1	23092449	23126511	+	1855.2	962
95149at7041	Complete	OZ078035.1	12783968	12785804	+	266.9	212
95245at7041	Complete	OZ078025.1	26736729	26731720	-	515.8	299
95402at7041	Complete	OZ078025.1	24597439	24598395	+	242.9	222
95418at7041	Complete	OZ078040.1	6402878	6398473	-	843.3	641
95714at7041	Complete	OZ078027.1	31947351	31945854	-	460.9	243
95741at7041	Complete	OZ078036.1	25465439	25459070	-	746.7	473
95805at7041	Complete	OZ078039.1	13957352	13955878	-	426.9	338
95883at7041	Complete	OZ078030.1	28238199	28235617	-	240.8	159
95904at7041	Complete	OZ078025.1	34880146	34884526	+	1411.7	956
95917at7041	Complete	OZ078040.1	13539635	13541640	+	649.9	505
95949at7041	Complete	OZ078032.1	16605616	16602078	-	921.7	472
95965at7041	Complete	OZ078028.1	18567325	18580266	+	889.7	630
96056at7041	Complete	OZ078034.1	28265642	28263901	-	331.1	217
96109at7041	Complete	OZ078025.1	32863339	32866241	+	484.0	241
96209at7041	Complete	OZ078042.1	14603579	14610525	+	517.0	328
96234at7041	Complete	OZ078028.1	36837873	36841706	+	525.5	463
96252at7041	Complete	OZ078025.1	28134425	28132621	-	385.3	202
96277at7041	Complete	OZ078027.1	11626610	11629174	+	609.8	343
96344at7041	Complete	OZ078034.1	2844078	2869754	+	442.7	273
96351at7041	Complete	OZ078035.1	7012343	7013563	+	590.1	274
96363at7041	Complete	OZ078026.1	38620169	38622539	+	451.7	258
96414at7041	Complete	OZ078040.1	5742349	5740826	-	271.2	323
96422at7041	Complete	OZ078035.1	29119746	29129756	+	1145.7	718
96446at7041	Complete	OZ078036.1	5922274	5927617	+	219.4	200
96545at7041	Complete	OZ078033.1	27860442	27859061	-	506.4	282
96548at7041	Complete	OZ078033.1	871484	873384	+	255.6	159
96559at7041	Complete	OZ078029.1	31323446	31337455	+	360.1	332
96622at7041	Complete	OZ078034.1	22654427	22652973	-	789.9	475
96668at7041	Complete	OZ078034.1	25170514	25296975	+	418.1	184
96678at7041	Complete	OZ078040.1	22701491	22705432	+	769.6	766
96714at7041	Complete	OZ078036.1	28655625	28653540	-	842.8	505
96898at7041	Complete	OZ078036.1	25386498	25384859	-	551.7	322
97029at7041	Complete	OZ078031.1	16332936	16335366	+	326.9	249
97039at7041	Complete	OZ078025.1	40061832	40083626	+	367.9	221
97123at7041	Complete	OZ078030.1	21099376	21108347	+	540.5	388
97213at7041	Complete	OZ078042.1	15890094	15894784	+	1146.4	746
97268at7041	Complete	OZ078038.1	23897048	23942016	+	336.8	173
97288at7041	Complete	OZ078026.1	4241598	4231903	-	692.4	335
97357at7041	Complete	OZ078028.1	15604105	15603422	-	318.2	203
97390at7041	Complete	OZ078041.1	13474410	13471677	-	258.0	187
97482at7041	Complete	OZ078041.1	13482860	13475405	-	1774.8	1016
97656at7041	Complete	OZ078025.1	30297257	30294519	-	906.6	544
97674at7041	Complete	OZ078037.1	24620459	24610945	-	674.8	459
97854at7041	Complete	OZ078031.1	26957911	26958668	+	224.4	138
97862at7041	Complete	OZ078033.1	5806064	5806995	+	262.1	166
97870at7041	Complete	OZ078025.1	40205433	40207411	+	473.5	283
97882at7041	Complete	OZ078030.1	27622166	27639782	+	1286.8	832
97898at7041	Complete	OZ078028.1	34627609	34626683	-	354.1	256
97914at7041	Complete	OZ078039.1	22961852	22965176	+	312.4	239
97941at7041	Complete	OZ078037.1	2381235	2337323	-	362.1	334
97990at7041	Complete	OZ078038.1	157439	156068	-	582.9	363
98020at7041	Complete	OZ078040.1	19599905	19602070	+	141.2	153
98080at7041	Complete	OZ078027.1	35223742	35138894	-	580.9	277
98197at7041	Complete	OZ078031.1	8256089	8257462	+	492.2	312
98244at7041	Complete	OZ078027.1	31053662	31057142	+	1212.8	785
98385at7041	Complete	OZ078029.1	29863477	29861459	-	325.7	177
98594at7041	Complete	OZ078027.1	34734066	34734647	+	332.0	174
98692at7041	Complete	OZ078025.1	38317264	38323902	+	606.7	623
98695at7041	Complete	OZ078041.1	13525655	13529273	+	574.6	396
98769at7041	Complete	OZ078027.1	15550635	15524354	-	424.2	216
98771at7041	Complete	OZ078030.1	27689583	27688935	-	311.0	166
98810at7041	Complete	OZ078042.1	14438386	14431617	-	830.6	553
98815at7041	Complete	OZ078040.1	11645984	11643884	-	698.2	446
98835at7041	Fragmented	OZ078026.1	9483003	9481771	-	102.6	48
98867at7041	Complete	OZ078041.1	18542301	18534807	-	238.8	110
98969at7041	Complete	OZ078041.1	11275050	11273467	-	409.6	497
99058at7041	Complete	OZ078040.1	22800487	22798703	-	433.2	355
99138at7041	Complete	OZ078031.1	27463162	27458419	-	969.7	571
99179at7041	Complete	OZ078030.1	34576876	34558246	-	1149.9	302
99183at7041	Complete	OZ078033.1	28093071	28088514	-	1386.5	794
99236at7041	Complete	OZ078041.1	11631831	11631129	-	170.5	130
99238at7041	Complete	OZ078040.1	12355815	12354649	-	453.3	329
99265at7041	Complete	OZ078030.1	29942789	29965096	+	305.9	197
99309at7041	Complete	OZ078038.1	21682269	21681139	-	502.5	328
99364at7041	Complete	OZ078026.1	2763816	2755382	-	944.3	624
99450at7041	Complete	OZ078029.1	37733175	37731408	-	346.9	225
99508at7041	Complete	OZ078028.1	27221270	27222329	+	263.2	194
99552at7041	Complete	OZ078031.1	1465644	1460616	-	394.5	366
99560at7041	Complete	OZ078040.1	22811583	22803189	-	1036.2	678
99576at7041	Complete	OZ078030.1	25942299	26176109	+	417.1	271
99595at7041	Complete	OZ078025.1	29790336	29855834	+	461.7	270
99641at7041	Complete	OZ078026.1	6644733	6650654	+	404.0	255
99689at7041	Complete	OZ078039.1	23532982	23534410	+	306.1	234
99714at7041	Complete	OZ078025.1	34546552	34544859	-	565.0	333
99835at7041	Complete	OZ078032.1	17137097	17134244	-	460.2	271
99885at7041	Complete	OZ078025.1	850674	849721	-	244.2	246
99928at7041	Complete	OZ078041.1	13559754	13560984	+	214.2	189
99974at7041	Complete	OZ078029.1	31381758	31367498	-	655.9	402
99980at7041	Complete	OZ078033.1	18193550	18192068	-	196.8	157
100009at7041	Complete	OZ078030.1	38224766	38229678	+	390.0	240
100120at7041	Complete	OZ078039.1	15945443	15976967	+	1375.1	857
100357at7041	Complete	OZ078033.1	14265392	14259283	-	344.2	199
100406at7041	Complete	OZ078025.1	42075063	42071923	-	821.5	443
100433at7041	Complete	OZ078032.1	27558238	27556103	-	367.6	328
100503at7041	Complete	OZ078032.1	4180962	4184053	+	512.9	369
100520at7041	Complete	OZ078041.1	7492208	7488146	-	682.5	457
100529at7041	Complete	OZ078027.1	15452608	15461310	+	502.4	345
100544at7041	Complete	OZ078027.1	35023179	35021199	-	244.0	204
100706at7041	Complete	OZ078033.1	31220023	31217142	-	824.9	444
100767at7041	Complete	OZ078037.1	2796499	2815705	+	362.1	242
100781at7041	Complete	OZ078030.1	37894512	37903730	+	1132.2	793
100792at7041	Complete	OZ078034.1	13489088	13491938	+	894.2	516
100793at7041	Complete	OZ078027.1	30913095	30914120	+	510.0	292
100922at7041	Complete	OZ078036.1	27577627	27576581	-	493.8	342
100937at7041	Complete	OZ078032.1	501441	487726	-	720.8	499
100939at7041	Complete	OZ078029.1	14730606	14736263	+	1203.1	552
100971at7041	Complete	OZ078026.1	37245844	37241027	-	1129.2	1100
101100at7041	Complete	OZ078038.1	21685135	21686529	+	771.8	420
101156at7041	Complete	OZ078027.1	34730632	34732112	+	603.1	375
101313at7041	Complete	OZ078032.1	18477908	18477450	-	225.9	156
101330at7041	Complete	OZ078027.1	14477393	14474951	-	703.5	578
101361at7041	Fragmented	OZ078026.1	695615	699718	+	548.9	354
101400at7041	Complete	OZ078032.1	12971759	12886898	-	1085.2	682
101502at7041	Complete	OZ078038.1	16383429	16384328	+	352.8	193
101570at7041	Complete	OZ078030.1	38189700	38191634	+	1027.3	560
101802at7041	Complete	OZ078031.1	27347695	27375668	+	494.0	411
101816at7041	Complete	OZ078027.1	30827127	30829504	+	716.3	347
101843at7041	Complete	OZ078042.1	15968707	15974422	+	459.8	354
101860at7041	Complete	OZ078034.1	22438570	22436147	-	270.9	170
101884at7041	Complete	OZ078031.1	15178377	15189764	+	118.0	72
101895at7041	Complete	OZ078033.1	25421323	25419512	-	355.7	207
101951at7041	Complete	OZ078030.1	35740967	35745379	+	1203.3	1006
102082at7041	Complete	OZ078033.1	24569773	24572690	+	1389.1	834
102196at7041	Complete	OZ078025.1	41714964	41719365	+	1548.7	1014
102220at7041	Complete	OZ078030.1	3540232	3539111	-	516.3	354
102292at7041	Complete	OZ078025.1	39956017	39940103	-	708.9	431
102356at7041	Complete	OZ078041.1	11813045	11819884	+	3159.4	1607
102506at7041	Complete	OZ078028.1	5452348	5429120	-	930.0	818
102687at7041	Complete	OZ078033.1	7915720	7918432	+	852.1	531
102775at7041	Complete	OZ078025.1	42243332	42290721	+	783.1	437
102805at7041	Complete	OZ078041.1	18483129	18487573	+	609.0	350
102863at7041	Complete	OZ078036.1	19939813	19938568	-	470.2	279
103039at7041	Complete	OZ078027.1	33245578	33243743	-	175.2	102
103083at7041	Complete	OZ078034.1	27940390	27938572	-	124.8	196
103130at7041	Complete	OZ078028.1	35634333	35644397	+	416.2	251
103153at7041	Complete	OZ078030.1	32329081	32321872	-	207.3	136
103208at7041	Complete	OZ078040.1	12787832	12788270	+	140.4	102
103218at7041	Complete	OZ078036.1	18907523	18906579	-	367.8	240
103222at7041	Complete	OZ078031.1	28631124	28629653	-	628.2	371
103236at7041	Complete	OZ078030.1	4449750	4427147	-	275.8	184
103293at7041	Complete	OZ078040.1	21516364	21522560	+	607.6	469
103349at7041	Complete	OZ078042.1	17185648	17186477	+	239.4	210
103383at7041	Complete	OZ078033.1	31723804	31726231	+	413.3	329
103386at7041	Fragmented	OZ078030.1	16526913	16520138	-	255.8	369
103539at7041	Complete	OZ078034.1	29824671	29869905	+	1002.5	531
103696at7041	Complete	OZ078026.1	38182534	38178247	-	1655.4	929
103741at7041	Complete	OZ078032.1	19099799	19112121	+	874.6	544
103749at7041	Complete	OZ078040.1	18156113	18158725	+	737.6	346
103762at7041	Complete	OZ078028.1	15508249	15510416	+	351.3	252
103923at7041	Complete	OZ078038.1	16273452	16275025	+	338.3	236
103942at7041	Complete	OZ078029.1	33600526	33601633	+	347.3	254
104057at7041	Complete	OZ078038.1	23098419	22949603	-	659.1	421
104090at7041	Complete	OZ078029.1	2874495	2855780	-	512.3	434
104221at7041	Complete	OZ078034.1	29265443	29271308	+	230.9	132
104253at7041	Complete	OZ078032.1	29534516	29541305	+	468.7	312
104265at7041	Complete	OZ078030.1	27509997	27509186	-	296.7	209
104363at7041	Complete	OZ078026.1	8759516	8749657	-	209.8	295
104441at7041	Complete	OZ078030.1	36901106	36899399	-	227.8	174
104461at7041	Complete	OZ078027.1	37164113	37160234	-	808.9	579
104543at7041	Complete	OZ078026.1	358768	374341	+	1373.0	931
104552at7041	Complete	OZ078036.1	7343452	7328894	-	608.8	382
104571at7041	Complete	OZ078036.1	24302745	24303977	+	308.0	233
104594at7041	Complete	OZ078041.1	17261858	17346120	+	424.8	258
104597at7041	Complete	OZ078025.1	38514620	38515237	+	181.8	168
104684at7041	Complete	OZ078040.1	18183925	18182462	-	512.1	355
104721at7041	Complete	OZ078032.1	35777703	35778594	+	294.9	243
104793at7041	Complete	OZ078029.1	4715294	4718661	+	400.6	201
104815at7041	Complete	OZ078032.1	18691020	18697019	+	159.6	130
104821at7041	Complete	OZ078029.1	24129986	24132483	+	1172.4	595
104936at7041	Complete	OZ078025.1	42308104	42313164	+	920.3	510
104949at7041	Complete	OZ078031.1	17578623	17577390	-	288.8	151
105015at7041	Complete	OZ078026.1	25587946	25582170	-	1392.7	985
105088at7041	Complete	OZ078042.1	17107357	17105939	-	543.4	409
105189at7041	Complete	OZ078030.1	29901280	29902803	+	345.0	311
105205at7041	Complete	OZ078036.1	14069079	14072356	+	450.3	458
105210at7041	Complete	OZ078026.1	40048070	40047513	-	186.1	172
105229at7041	Complete	OZ078040.1	22715119	22716561	+	235.0	162
105294at7041	Complete	OZ078033.1	6813948	6815078	+	436.0	287
105414at7041	Complete	OZ078034.1	30190356	30181065	-	1301.1	782
105449at7041	Complete	OZ078025.1	35588717	35591024	+	768.2	387
105452at7041	Complete	OZ078030.1	27404567	27407514	+	460.3	300
105574at7041	Complete	OZ078040.1	6138618	6138115	-	266.6	161
105589at7041	Complete	OZ078026.1	24124356	24125824	+	401.6	248
105735at7041	Complete	OZ078027.1	32303190	32291942	-	2274.4	1234
105749at7041	Fragmented	OZ078040.1	20578122	20576222	-	378.9	325
105766at7041	Complete	OZ078031.1	3584429	3554505	-	304.4	266
105771at7041	Complete	OZ078032.1	34773986	34774991	+	380.3	269
105863at7041	Complete	OZ078030.1	698914	699159	+	131.2	76
105867at7041	Complete	OZ078036.1	19322762	19329025	+	1499.7	865
105984at7041	Complete	OZ078038.1	7996206	7995290	-	270.3	238
106012at7041	Complete	OZ078027.1	35255173	35253253	-	491.5	313
106027at7041	Fragmented	OZ078031.1	20359987	20350073	-	1293.9	960
106094at7041	Complete	OZ078025.1	17752418	17746214	-	260.3	233
106105at7041	Complete	OZ078030.1	84339	85627	+	621.7	334
106159at7041	Complete	OZ078027.1	38402538	38396388	-	271.5	187
106196at7041	Complete	OZ078033.1	22097483	22093480	-	498.5	363
106208at7041	Complete	OZ078033.1	21088903	21089631	+	334.8	239
106250at7041	Duplicated	OZ078025.1	1739323	1737032	-	721.7	621
106250at7041	Duplicated	OZ078025.1	1966769	1969186	+	699.6	621
106261at7041	Complete	OZ078025.1	30366621	30356063	-	763.3	499
106303at7041	Complete	OZ078039.1	22884617	22881978	-	329.5	216
106529at7041	Complete	OZ078037.1	18543883	18549050	+	456.2	548
106677at7041	Complete	OZ078029.1	32213378	32212595	-	456.0	223
106710at7041	Complete	OZ078042.1	17044969	17049626	+	979.8	759
106815at7041	Fragmented	OZ078035.1	11327054	11324573	-	282.1	164
106822at7041	Complete	OZ078041.1	7508454	7507785	-	165.1	93
106867at7041	Complete	OZ078037.1	20000997	20013333	+	568.4	328
106903at7041	Complete	OZ078036.1	5856600	5859114	+	300.4	201
106918at7041	Complete	OZ078028.1	31530310	31535442	+	1570.4	1147
106926at7041	Complete	OZ078030.1	3170495	3164127	-	1242.9	670
106951at7041	Complete	OZ078033.1	18954670	18963429	+	1593.0	1288
106957at7041	Complete	OZ078025.1	41723234	41737647	+	582.5	330
107045at7041	Complete	OZ078032.1	30066170	30067433	+	403.6	217
107072at7041	Complete	OZ078038.1	12330535	12332306	+	192.0	134
107087at7041	Complete	OZ078040.1	13525722	13524405	-	304.6	255
107145at7041	Complete	OZ078036.1	22791065	22796056	+	721.1	732
107154at7041	Complete	OZ078038.1	12962621	12966518	+	824.1	647
107185at7041	Complete	OZ078041.1	11577131	11573108	-	282.0	281
107233at7041	Complete	OZ078032.1	34596472	34600795	+	1616.3	877
107254at7041	Complete	OZ078036.1	18007811	18011982	+	548.4	541
107344at7041	Complete	OZ078039.1	13957959	13959468	+	415.2	276
107359at7041	Complete	OZ078027.1	37632442	37639718	+	992.7	734
107365at7041	Complete	OZ078028.1	24787086	24780164	-	1418.6	940
107444at7041	Complete	OZ078030.1	36702149	36714245	+	1546.5	889
107601at7041	Complete	OZ078040.1	13654578	13643550	-	1192.8	405
107606at7041	Complete	OZ078032.1	12774061	12661040	-	387.1	216
107631at7041	Complete	OZ078031.1	23056881	23054023	-	1405.2	830
107840at7041	Fragmented	OZ078025.1	17478963	17472959	-	324.6	221
107902at7041	Complete	OZ078029.1	24452874	24456201	+	798.8	659
107951at7041	Complete	OZ078036.1	5586616	5602055	+	925.5	600
107988at7041	Complete	OZ078027.1	35658130	35655831	-	439.7	276
108169at7041	Complete	OZ078030.1	16511105	16502740	-	797.7	517
108206at7041	Complete	OZ078034.1	22508244	22506810	-	299.8	269
108210at7041	Complete	OZ078027.1	36146658	36144599	-	432.2	302
108321at7041	Complete	OZ078027.1	1552948	1558297	+	1168.0	744
108346at7041	Complete	OZ078025.1	33597592	33604356	+	1378.0	803
108381at7041	Complete	OZ078027.1	34109440	34111295	+	467.1	291
108407at7041	Complete	OZ078025.1	29999337	30001137	+	625.0	446
108413at7041	Complete	OZ078037.1	12861669	12817902	-	818.9	431
108457at7041	Complete	OZ078035.1	25592664	25591645	-	381.2	316
108466at7041	Complete	OZ078031.1	9405217	9406014	+	414.6	225
108515at7041	Fragmented	OZ078032.1	32022347	32021918	-	150.5	125
108556at7041	Fragmented	OZ078026.1	35643921	35643612	-	121.6	86
108601at7041	Fragmented	OZ078039.1	15991328	15988092	-	686.2	287
108730at7041	Complete	OZ078027.1	35312066	35313859	+	331.5	307
108743at7041	Complete	OZ078036.1	29463538	29464752	+	649.5	376
108986at7041	Complete	OZ078036.1	20843383	20849781	+	548.6	476
109014at7041	Complete	OZ078039.1	24516030	24520645	+	1248.1	692
109036at7041	Complete	OZ078030.1	21055434	21077507	+	556.0	785
109058at7041	Complete	OZ078026.1	36247456	36241106	-	748.3	659
109067at7041	Complete	OZ078031.1	8364096	8361157	-	648.1	629
109191at7041	Fragmented	OZ078037.1	947347	913604	-	319.8	248
109201at7041	Complete	OZ078025.1	43190088	43188905	-	547.1	321
109245at7041	Complete	OZ078040.1	5360094	5353209	-	2341.5	1216
109255at7041	Complete	OZ078031.1	640635	638671	-	286.6	524
109325at7041	Complete	OZ078027.1	17614229	17606442	-	1270.3	739
109329at7041	Complete	OZ078025.1	41786244	41792186	+	1136.1	834
109450at7041	Complete	OZ078030.1	34219057	34218024	-	471.7	296
109569at7041	Complete	OZ078030.1	38179031	38182266	+	1371.8	803
109603at7041	Complete	OZ078042.1	16354730	16359557	+	372.8	225
109661at7041	Complete	OZ078027.1	5359143	5357291	-	726.5	336
109696at7041	Complete	OZ078029.1	29250346	29253547	+	720.4	474
109713at7041	Complete	OZ078033.1	9976289	9974430	-	152.1	140
109763at7041	Complete	OZ078033.1	32419130	32418222	-	317.9	239
109809at7041	Complete	OZ078031.1	32170892	32169133	-	431.9	264
109855at7041	Complete	OZ078028.1	33505238	33504517	-	204.7	118
109858at7041	Complete	OZ078032.1	31214156	31212528	-	301.3	220
109939at7041	Complete	OZ078028.1	25391653	25388847	-	648.3	549
110007at7041	Fragmented	OZ078041.1	9729018	9728515	-	240.4	146
110093at7041	Complete	OZ078028.1	27043600	27040330	-	495.7	302
110103at7041	Complete	OZ078032.1	34824053	34823243	-	300.7	171
110181at7041	Complete	OZ078037.1	27169108	27118479	-	842.4	466
110195at7041	Complete	OZ078038.1	522670	537142	+	810.0	656
110202at7041	Complete	OZ078036.1	23740784	23744937	+	431.0	314
110257at7041	Fragmented	OZ078035.1	26681370	26682157	+	165.9	125
110291at7041	Complete	OZ078041.1	9511980	9508162	-	128.8	119
110323at7041	Complete	OZ078041.1	11599231	11601873	+	575.7	452
110718at7041	Complete	OZ078029.1	38069464	38068752	-	174.2	120
110778at7041	Complete	OZ078028.1	38466949	38467990	+	491.3	314
110790at7041	Complete	OZ078032.1	34292286	34293872	+	764.9	472
110876at7041	Complete	OZ078036.1	16964830	16958774	-	1738.6	1065
110962at7041	Complete	OZ078040.1	19683313	19687089	+	1331.2	690
111038at7041	Complete	OZ078038.1	308349	279631	-	1133.7	675
111043at7041	Complete	OZ078042.1	16658699	16669335	+	491.2	379
111046at7041	Complete	OZ078034.1	21832574	21724741	-	429.0	246
111099at7041	Complete	OZ078030.1	29913178	29912388	-	230.1	142
111129at7041	Complete	OZ078030.1	35020702	35018419	-	676.2	458
111151at7041	Complete	OZ078035.1	6406730	6327958	-	848.7	433
111152at7041	Complete	OZ078026.1	38617653	38616656	-	309.3	288
111198at7041	Complete	OZ078041.1	13570048	13567050	-	889.4	463
111217at7041	Complete	OZ078037.1	20049083	20049739	+	297.6	213
111218at7041	Complete	OZ078028.1	30134770	30138640	+	392.1	397
111219at7041	Complete	OZ078033.1	31484398	31479239	-	487.5	307
111456at7041	Complete	OZ078031.1	31737387	31739660	+	662.5	627
111459at7041	Complete	OZ078039.1	22110909	22116487	+	513.4	282
111502at7041	Complete	OZ078027.1	32031848	32030143	-	263.3	172
111590at7041	Complete	OZ078028.1	28927862	29076074	+	287.6	268
111604at7041	Complete	OZ078037.1	21765159	21765760	+	223.0	155
111626at7041	Complete	OZ078038.1	7935526	7936416	+	400.9	271
111674at7041	Complete	OZ078033.1	6816964	6815167	-	202.6	191
111741at7041	Complete	OZ078033.1	6871124	6872654	+	519.8	393
111847at7041	Complete	OZ078035.1	11386119	11385124	-	337.7	244
111940at7041	Complete	OZ078032.1	31573162	31562392	-	1948.2	1148
112096at7041	Complete	OZ078039.1	7943705	7886997	-	908.2	686
112128at7041	Complete	OZ078029.1	38210544	38215860	+	1143.3	795
112139at7041	Complete	OZ078037.1	27565711	27574003	+	319.2	293
112162at7041	Complete	OZ078036.1	7158554	7167604	+	437.7	241
112186at7041	Complete	OZ078041.1	15272252	15268900	-	665.6	569
112534at7041	Complete	OZ078026.1	34508876	34513721	+	973.4	625
112791at7041	Complete	OZ078027.1	36169616	36168477	-	220.7	164
112934at7041	Complete	OZ078028.1	34566609	34572451	+	1005.2	632
112971at7041	Complete	OZ078035.1	21364391	21363962	-	185.1	115
113077at7041	Complete	OZ078040.1	11016544	11008911	-	214.9	140
113220at7041	Complete	OZ078025.1	31264313	31265226	+	205.4	229
113232at7041	Complete	OZ078042.1	16303463	16305151	+	647.4	419
113337at7041	Complete	OZ078025.1	34097114	34099675	+	589.0	317
113436at7041	Complete	OZ078041.1	17423057	17416732	-	995.0	661
113476at7041	Complete	OZ078039.1	8203756	8203441	-	139.7	86
113497at7041	Complete	OZ078041.1	10307188	10308200	+	253.7	150
113530at7041	Complete	OZ078025.1	24589886	24594865	+	753.9	553
113588at7041	Complete	OZ078028.1	23223905	23226006	+	587.6	343
113644at7041	Complete	OZ078035.1	26275303	26279570	+	285.8	283
113812at7041	Complete	OZ078033.1	29769030	29761055	-	1031.2	656
113868at7041	Complete	OZ078037.1	24813423	24738593	-	258.6	141
113989at7041	Complete	OZ078031.1	32215724	32217110	+	238.6	238
114061at7041	Complete	OZ078029.1	27897906	27891423	-	312.8	331
114226at7041	Complete	OZ078028.1	20948305	20949759	+	676.7	373
114460at7041	Complete	OZ078031.1	17641617	17640482	-	511.1	272
114486at7041	Complete	OZ078029.1	37485755	37488313	+	462.4	489
114565at7041	Complete	OZ078037.1	24597035	24602745	+	284.5	194
114708at7041	Complete	OZ078029.1	32451613	32442004	-	1392.9	1550
114788at7041	Complete	OZ078026.1	36566564	36565652	-	351.9	198
114812at7041	Complete	OZ078034.1	29148199	29153640	+	422.6	392
114999at7041	Complete	OZ078027.1	146267	147705	+	367.5	224
115050at7041	Complete	OZ078036.1	26608222	26609741	+	529.8	306
115117at7041	Complete	OZ078028.1	30082856	30078305	-	617.3	643
115118at7041	Complete	OZ078042.1	17150421	17140938	-	937.0	793
115137at7041	Complete	OZ078026.1	25605045	25610217	+	368.6	287
115172at7041	Complete	OZ078041.1	9892854	9888516	-	649.7	509
115196at7041	Complete	OZ078033.1	20398555	20401825	+	665.7	580
115224at7041	Complete	OZ078033.1	14823080	14824801	+	666.3	513
115264at7041	Complete	OZ078028.1	25527379	25528940	+	820.9	446
115315at7041	Complete	OZ078036.1	17095721	17091613	-	560.8	342
115524at7041	Complete	OZ078036.1	19009727	19011698	+	435.0	271
115597at7041	Complete	OZ078031.1	29462083	29471938	+	580.1	305
115598at7041	Complete	OZ078036.1	29096397	29094773	-	303.9	292
115609at7041	Complete	OZ078028.1	38375889	38371130	-	547.0	624
115615at7041	Complete	OZ078033.1	32231111	32256246	+	670.1	396
115668at7041	Complete	OZ078033.1	31493294	31485061	-	1026.5	675
115724at7041	Complete	OZ078033.1	9769108	9770004	+	288.8	251
115734at7041	Complete	OZ078031.1	35246848	35245566	-	368.8	208
115771at7041	Complete	OZ078032.1	35788720	35786610	-	261.5	338
115980at7041	Complete	OZ078027.1	2318693	2306553	-	443.5	289
116046at7041	Complete	OZ078033.1	31311164	31312923	+	375.4	218
116058at7041	Complete	OZ078027.1	40092645	40102438	+	1212.1	1006
116158at7041	Complete	OZ078027.1	35300098	35301240	+	237.7	203
116190at7041	Complete	OZ078026.1	35986578	35977281	-	718.9	440
116222at7041	Complete	OZ078034.1	12794993	12729829	-	1573.1	1030
116354at7041	Complete	OZ078040.1	5963899	5962599	-	572.7	320
116369at7041	Complete	OZ078035.1	16066504	16069160	+	508.2	444
116379at7041	Complete	OZ078033.1	22016251	22018404	+	421.5	243
116386at7041	Complete	OZ078036.1	19049946	19050335	+	135.1	101
116392at7041	Complete	OZ078028.1	12475469	12483201	+	1842.0	892
116433at7041	Complete	OZ078031.1	1343298	1365464	+	602.3	344
116500at7041	Complete	OZ078035.1	12776007	12779335	+	881.8	512
116597at7041	Complete	OZ078038.1	8849825	8852598	+	598.2	377
116637at7041	Complete	OZ078040.1	11620610	11574141	-	463.8	292
116913at7041	Complete	OZ078036.1	8602770	8615447	+	1180.0	721
117113at7041	Complete	OZ078036.1	19935640	19931717	-	569.9	339
117191at7041	Complete	OZ078031.1	18810451	18807573	-	483.7	352
117201at7041	Complete	OZ078032.1	32059001	32076524	+	529.3	309
117203at7041	Complete	OZ078038.1	21687669	21698100	+	814.1	695
117248at7041	Complete	OZ078025.1	43211452	43212205	+	235.1	204
117266at7041	Complete	OZ078039.1	9964524	9973599	+	478.8	288
117306at7041	Complete	OZ078029.1	28422073	28419643	-	758.6	520
117371at7041	Complete	OZ078030.1	24656374	24657438	+	219.3	228
117426at7041	Complete	OZ078026.1	13357246	13288805	-	1039.0	679
117506at7041	Complete	OZ078035.1	11870350	11873385	+	581.9	381
117574at7041	Complete	OZ078028.1	19291342	19286663	-	836.2	465
117585at7041	Complete	OZ078027.1	5360967	5361599	+	263.0	184
117805at7041	Complete	OZ078034.1	22466192	22460673	-	1335.9	1067
117851at7041	Complete	OZ078040.1	8613809	8612918	-	264.7	169
117992at7041	Complete	OZ078033.1	23362426	23373550	+	869.5	600
118168at7041	Complete	OZ078027.1	8731762	8730521	-	460.9	392
118284at7041	Complete	OZ078025.1	33911381	33914699	+	1125.9	548
118360at7041	Complete	OZ078042.1	16496763	16497896	+	475.3	306
118442at7041	Complete	OZ078025.1	42101088	42094893	-	539.2	772
118461at7041	Complete	OZ078040.1	6134883	6130437	-	166.6	136
118570at7041	Complete	OZ078039.1	22721502	22823800	+	1260.5	890
118703at7041	Complete	OZ078034.1	28302722	28303486	+	347.7	243
118771at7041	Complete	OZ078029.1	35297779	35298443	+	232.1	166
118791at7041	Complete	OZ078032.1	34865315	34867569	+	103.0	137
118899at7041	Complete	OZ078031.1	36454667	36462015	+	573.6	499
118957at7041	Complete	OZ078026.1	28339584	28327201	-	1899.7	1316
119043at7041	Complete	OZ078027.1	34782863	34792840	+	376.0	266
119129at7041	Complete	OZ078028.1	14207393	14206629	-	232.1	207
119152at7041	Complete	OZ078036.1	20864468	20853492	-	523.2	346
119165at7041	Complete	OZ078039.1	18937441	18941214	+	1098.5	700
119223at7041	Complete	OZ078026.1	8096455	8104727	+	402.3	313
119289at7041	Complete	OZ078034.1	24279417	24258215	-	378.8	196
119391at7041	Complete	OZ078040.1	18395787	18400304	+	1259.5	719
119499at7041	Complete	OZ078032.1	17079929	17078189	-	396.2	230
119690at7041	Complete	OZ078030.1	44524	43342	-	530.1	335
119941at7041	Complete	OZ078026.1	882183	887290	+	636.2	528
119947at7041	Complete	OZ078032.1	32293054	32294229	+	290.5	288
120016at7041	Complete	OZ078026.1	3826523	3793513	-	1178.8	1066
120219at7041	Complete	OZ078025.1	24672694	24672323	-	179.8	113
120377at7041	Complete	OZ078025.1	39308568	39304338	-	1619.9	819
120508at7041	Complete	OZ078032.1	392142	394356	+	800.0	489
120524at7041	Complete	OZ078034.1	2299098	2306872	+	390.1	398
120539at7041	Complete	OZ078036.1	24448041	24446617	-	766.1	404
120577at7041	Complete	OZ078041.1	14394915	14391931	-	853.1	538
120806at7041	Complete	OZ078029.1	29744409	29805959	+	151.9	114
120833at7041	Complete	OZ078026.1	65408	66888	+	634.7	400
120980at7041	Complete	OZ078042.1	17211914	17209806	-	322.9	232
121006at7041	Complete	OZ078033.1	2351314	2363962	+	229.6	191
121048at7041	Complete	OZ078031.1	28771209	28774153	+	432.7	476
121237at7041	Complete	OZ078033.1	27482771	27467041	-	626.8	402
121301at7041	Complete	OZ078040.1	22493585	22492190	-	482.8	401
121476at7041	Complete	OZ078026.1	3180828	3182454	+	213.3	139
121556at7041	Complete	OZ078026.1	15639148	15630296	-	390.1	260
121645at7041	Complete	OZ078026.1	1288359	1292714	+	614.9	470
121685at7041	Complete	OZ078032.1	34884772	34884100	-	344.5	203
121842at7041	Complete	OZ078029.1	24458803	24456413	-	411.1	446
121879at7041	Complete	OZ078040.1	22441914	22434925	-	257.3	155
122139at7041	Complete	OZ078039.1	22417494	22419546	+	668.4	407
122237at7041	Complete	OZ078030.1	25771555	25780519	+	1663.8	1533
122251at7041	Complete	OZ078033.1	28605586	28597713	-	2457.1	1665
122275at7041	Complete	OZ078041.1	7397227	7395211	-	409.3	402
122499at7041	Complete	OZ078027.1	36922148	36924017	+	514.3	342
122564at7041	Complete	OZ078042.1	17160109	17163368	+	673.4	585
122760at7041	Complete	OZ078040.1	18405917	18401472	-	621.0	326
122770at7041	Complete	OZ078025.1	39557703	39556011	-	625.5	402
122830at7041	Complete	OZ078034.1	16406260	16409019	+	329.1	326
122837at7041	Complete	OZ078032.1	35770218	35772775	+	224.5	209
122857at7041	Complete	OZ078030.1	34483914	34488424	+	709.1	1313
122900at7041	Complete	OZ078025.1	32871981	32876841	+	1182.7	801
123136at7041	Complete	OZ078029.1	25906038	25908696	+	855.6	584
123259at7041	Complete	OZ078030.1	35733044	35736697	+	563.1	437
123290at7041	Complete	OZ078025.1	30050037	30045923	-	992.5	752
123332at7041	Complete	OZ078030.1	29992118	29984874	-	1391.1	1119
123351at7041	Complete	OZ078033.1	27087934	27090386	+	401.9	245
123400at7041	Complete	OZ078027.1	32409228	32411991	+	554.3	558
123451at7041	Complete	OZ078036.1	25473166	25469431	-	383.8	417
123488at7041	Complete	OZ078026.1	1266232	1264748	-	437.8	462
123564at7041	Complete	OZ078026.1	32952779	32954242	+	261.5	231
123781at7041	Complete	OZ078025.1	44593976	44595180	+	188.0	130
123788at7041	Complete	OZ078026.1	2747834	2754138	+	1348.6	707
123828at7041	Complete	OZ078038.1	201627	160749	-	446.0	314
123899at7041	Complete	OZ078027.1	33483587	33484912	+	409.0	255
124026at7041	Complete	OZ078029.1	38217665	38220674	+	418.8	338
124044at7041	Complete	OZ078030.1	33188972	33190243	+	173.8	201
124138at7041	Complete	OZ078035.1	14550896	14546779	-	461.8	288
124195at7041	Complete	OZ078031.1	17670477	17673482	+	846.7	745
124473at7041	Complete	OZ078028.1	38032548	38033333	+	441.6	231
124654at7041	Complete	OZ078028.1	38721655	38720030	-	192.9	149
124821at7041	Complete	OZ078041.1	16063308	16066935	+	582.0	452
124857at7041	Complete	OZ078032.1	870381	876734	+	244.9	155
124875at7041	Complete	OZ078041.1	11891251	11876611	-	1057.0	988
124968at7041	Complete	OZ078039.1	18701839	18699699	-	351.7	243
124990at7041	Complete	OZ078027.1	33492247	33489199	-	592.4	392
124994at7041	Complete	OZ078025.1	31190495	31248014	+	1429.5	574
125046at7041	Complete	OZ078027.1	33056333	33053988	-	413.4	371
125168at7041	Complete	OZ078039.1	16754107	16752513	-	372.6	347
125271at7041	Complete	OZ078031.1	28960876	28958811	-	628.3	419
125286at7041	Complete	OZ078031.1	28000550	27998850	-	312.4	199
125289at7041	Complete	OZ078039.1	21129443	21122264	-	1204.7	891
125290at7041	Complete	OZ078028.1	24727870	24725483	-	576.6	437
125366at7041	Complete	OZ078041.1	11958989	11954555	-	844.1	641
125370at7041	Complete	OZ078038.1	585349	583715	-	462.6	410
125486at7041	Complete	OZ078038.1	3111802	3104554	-	400.6	276
125741at7041	Fragmented	OZ078025.1	38200731	38205475	+	597.1	298
125887at7041	Complete	OZ078039.1	18831345	18829799	-	432.9	452
125894at7041	Complete	OZ078028.1	15905065	15905631	+	136.4	80
126049at7041	Complete	OZ078026.1	20119967	20127556	+	407.8	438
126168at7041	Complete	OZ078036.1	12603114	12605933	+	333.7	258
126246at7041	Complete	OZ078034.1	1509556	1510366	+	287.0	208
126254at7041	Complete	OZ078027.1	18475072	18473821	-	209.2	242
126330at7041	Complete	OZ078032.1	24868117	24861313	-	642.0	493
126429at7041	Complete	OZ078041.1	16429026	16424364	-	499.1	382
126453at7041	Complete	OZ078029.1	25185980	25184314	-	785.2	500
126615at7041	Complete	OZ078038.1	16272267	16268411	-	964.9	696
126977at7041	Complete	OZ078038.1	21066924	21075477	+	231.0	229
127084at7041	Complete	OZ078031.1	1650776	1649480	-	438.3	313
127093at7041	Complete	OZ078025.1	1798521	1777821	-	605.7	419
127146at7041	Complete	OZ078026.1	34514029	34515420	+	347.0	335
127272at7041	Complete	OZ078025.1	26990792	26988620	-	301.7	242
127517at7041	Fragmented	OZ078035.1	6325590	6326919	+	357.1	307
127523at7041	Complete	OZ078026.1	97709	101618	+	1155.1	898
127618at7041	Complete	OZ078029.1	23585881	23587890	+	585.5	413
127640at7041	Complete	OZ078037.1	19286669	19288063	+	263.0	159
127770at7041	Complete	OZ078025.1	622050	636950	+	417.6	261
127817at7041	Complete	OZ078034.1	33684	36733	+	960.1	730
127920at7041	Complete	OZ078033.1	25812930	25820782	+	1217.0	772
127977at7041	Complete	OZ078026.1	37228409	37234016	+	568.5	443
128081at7041	Complete	OZ078033.1	30715419	30718487	+	665.7	504
128093at7041	Complete	OZ078031.1	20170966	20178395	+	1463.8	1043
128134at7041	Complete	OZ078035.1	21081139	21078282	-	664.8	633
128138at7041	Complete	OZ078037.1	17140072	17137955	-	361.5	327
128271at7041	Complete	OZ078035.1	26866821	26739892	-	10110.2	4422
128520at7041	Complete	OZ078028.1	38470268	38477898	+	253.8	170
128594at7041	Complete	OZ078026.1	36868993	36873742	+	626.6	547
128637at7041	Complete	OZ078026.1	37126362	37128938	+	760.7	504
128650at7041	Complete	OZ078036.1	24586506	24585166	-	247.5	140
128785at7041	Complete	OZ078042.1	16976440	16975881	-	128.4	88
128789at7041	Complete	OZ078040.1	14689446	14685719	-	743.9	416
128931at7041	Complete	OZ078040.1	22589769	22588758	-	136.4	183
129095at7041	Complete	OZ078025.1	30321309	30318566	-	521.0	554
129360at7041	Complete	OZ078034.1	29627849	29622927	-	516.7	518
129403at7041	Complete	OZ078033.1	31316940	31314743	-	566.5	337
129442at7041	Complete	OZ078029.1	37896821	37888973	-	212.3	128
129499at7041	Fragmented	OZ078032.1	6654142	6653261	-	95.1	169
129547at7041	Complete	OZ078034.1	17744248	17749972	+	637.1	397
129780at7041	Complete	OZ078042.1	17083709	17079999	-	1014.2	561
129837at7041	Complete	OZ078028.1	18556758	18557790	+	289.8	223
129933at7041	Complete	OZ078041.1	14449508	14448630	-	302.9	252
130044at7041	Complete	OZ078027.1	16167768	16166881	-	250.2	190
130101at7041	Complete	OZ078042.1	16288137	16286920	-	101.8	222
130532at7041	Complete	OZ078033.1	24955333	24958034	+	505.9	332
130670at7041	Complete	OZ078027.1	131975	122106	-	782.8	725
130941at7041	Complete	OZ078035.1	7003436	7007755	+	493.8	404
130957at7041	Complete	OZ078035.1	18493008	18499834	+	452.9	363
131167at7041	Complete	CAXMWO010000001.1	824302	807375	-	329.3	336
131243at7041	Complete	OZ078030.1	37997110	37998973	+	408.4	361
131550at7041	Complete	OZ078040.1	9185192	9186868	+	452.1	496
131665at7041	Complete	OZ078037.1	23901289	23894268	-	165.1	312
131696at7041	Complete	OZ078036.1	7157975	7141367	-	827.8	672
131776at7041	Complete	OZ078035.1	11846717	11843286	-	642.7	560
131940at7041	Complete	OZ078037.1	16954118	16957539	+	235.3	236
132167at7041	Complete	OZ078040.1	8628812	8632871	+	837.2	626
132223at7041	Complete	OZ078036.1	26656273	26658570	+	203.2	198
132418at7041	Complete	OZ078039.1	21098924	21095794	-	326.5	340
132505at7041	Complete	OZ078035.1	29159719	29155812	-	308.3	360
132551at7041	Complete	OZ078040.1	18860448	18853290	-	760.0	430
132691at7041	Complete	OZ078027.1	27876049	27730626	-	1670.0	974
133026at7041	Complete	OZ078037.1	1324977	1319688	-	176.2	224
133090at7041	Complete	OZ078036.1	29264974	29268533	+	593.8	398
133100at7041	Complete	OZ078036.1	12533024	12531514	-	58.4	93
133173at7041	Complete	OZ078031.1	32195090	32196569	+	63.4	61
133269at7041	Complete	OZ078034.1	13625300	13496670	-	960.3	493
133306at7041	Complete	OZ078029.1	18192415	18190622	-	396.2	402
133316at7041	Complete	OZ078031.1	12504484	12507228	+	1457.3	752
133627at7041	Complete	OZ078031.1	26686317	26687133	+	313.6	212
133642at7041	Complete	OZ078027.1	34726476	34728248	+	275.8	201
133960at7041	Complete	OZ078025.1	43039239	43035465	-	610.6	476
134050at7041	Complete	OZ078027.1	10445782	10450414	+	465.3	236
134329at7041	Complete	OZ078027.1	40184879	40187127	+	316.6	277
134437at7041	Complete	OZ078033.1	29561355	29557127	-	483.1	365
134537at7041	Complete	OZ078033.1	31510929	31495471	-	517.2	407
134824at7041	Complete	OZ078035.1	29149235	29144139	-	293.6	210
135107at7041	Complete	OZ078039.1	11366058	11368003	+	381.4	195
135299at7041	Complete	OZ078034.1	15362510	15351227	-	1094.0	705
135673at7041	Complete	OZ078028.1	39122915	39131445	+	2227.4	1516
135736at7041	Complete	OZ078029.1	21199962	21193146	-	203.0	279
135746at7041	Complete	OZ078036.1	26600862	26605430	+	422.9	668
135753at7041	Complete	OZ078029.1	31622188	31626403	+	514.9	698
135785at7041	Complete	OZ078036.1	12595662	12602364	+	205.4	372
135814at7041	Complete	OZ078028.1	17128958	17130966	+	354.0	388
136253at7041	Complete	OZ078025.1	19578988	19584948	+	338.1	566
136380at7041	Complete	OZ078030.1	696311	692910	-	649.2	227
136400at7041	Complete	OZ078030.1	31038103	31029668	-	363.6	482
163411at7041	Complete	OZ078031.1	25251275	25231034	-	519.6	211
163426at7041	Complete	OZ078034.1	31398523	31397348	-	765.0	341
163431at7041	Complete	OZ078028.1	31858356	31857335	-	396.8	176
163432at7041	Complete	OZ078041.1	11960877	11962139	+	724.2	309
163443at7041	Fragmented	OZ078041.1	9040976	9037296	-	322.3	174
163444at7041	Complete	OZ078025.1	39303541	39302905	-	210.7	96
163448at7041	Complete	OZ078035.1	12114975	12113669	-	371.6	169
163451at7041	Complete	OZ078030.1	33203023	33215550	+	771.9	332
163457at7041	Complete	OZ078033.1	24949981	24951302	+	302.3	135
163459at7041	Complete	OZ078025.1	34871704	34870146	-	1110.4	484
163460at7041	Complete	OZ078041.1	11899716	11901812	+	437.4	209
163461at7041	Complete	OZ078033.1	26256963	26258535	+	694.6	320
163468at7041	Complete	OZ078040.1	19693018	19695156	+	406.1	175
163470at7041	Complete	OZ078027.1	29206102	29201259	-	906.4	429
163472at7041	Complete	OZ078026.1	29365535	29368275	+	350.3	151
163487at7041	Complete	OZ078034.1	22347707	22348753	+	489.3	220
163492at7041	Complete	OZ078036.1	20713736	20715801	+	1096.5	479
163495at7041	Complete	OZ078025.1	32633013	32697296	+	880.6	387
163500at7041	Complete	OZ078033.1	19038779	19041241	+	561.1	247
163506at7041	Complete	OZ078025.1	14494515	14346791	-	651.2	345
163509at7041	Complete	OZ078033.1	9973604	9974356	+	425.0	190
163517at7041	Complete	OZ078032.1	37303	42107	+	807.3	376
163519at7041	Complete	OZ078034.1	31750616	31749586	-	461.2	217
163521at7041	Complete	OZ078030.1	29900873	29899188	-	410.7	181
163526at7041	Complete	OZ078031.1	9427773	9427118	-	453.1	194
163533at7041	Complete	OZ078041.1	16062652	16044344	-	679.9	315
163535at7041	Complete	OZ078028.1	12360323	12362065	+	705.0	345
163537at7041	Complete	OZ078039.1	15996706	15997761	+	445.2	207
163542at7041	Complete	OZ078028.1	34002680	34001887	-	350.8	154
163546at7041	Complete	OZ078030.1	33187225	33187952	+	254.7	116
163550at7041	Complete	OZ078025.1	30316169	30317971	+	1114.1	499
163551at7041	Complete	OZ078029.1	37482739	37483401	+	246.5	118
163557at7041	Complete	OZ078036.1	29230397	29231431	+	361.4	163
163560at7041	Complete	OZ078025.1	41836413	41837383	+	269.5	130
163561at7041	Complete	OZ078026.1	8468937	8470152	+	331.1	164
163572at7041	Complete	OZ078036.1	19949145	19954825	+	2267.0	1089
163574at7041	Complete	OZ078027.1	35030660	35031161	+	288.1	125
163578at7041	Complete	OZ078032.1	33176057	33172574	-	749.3	390
163579at7041	Complete	OZ078028.1	25428622	25432760	+	759.6	347
163582at7041	Complete	OZ078026.1	38175319	38172244	-	468.4	213
163583at7041	Complete	OZ078030.1	29995347	29994402	-	323.7	146
163584at7041	Complete	OZ078034.1	15217128	15214910	-	1090.1	476
163587at7041	Complete	OZ078032.1	20622304	20620331	-	655.0	326
163593at7041	Complete	OZ078030.1	3296480	3291215	-	1012.8	431
163597at7041	Complete	OZ078035.1	26429119	26426378	-	740.7	380
163611at7041	Complete	OZ078028.1	30386154	30384430	-	783.4	368
163613at7041	Complete	OZ078032.1	31261309	31255301	-	1657.6	713
163622at7041	Complete	OZ078038.1	796106	797693	+	791.6	401
163628at7041	Complete	OZ078032.1	17440131	17437797	-	516.2	297
163639at7041	Duplicated	OZ078038.1	25411304	25409084	-	353.3	160
163639at7041	Duplicated	OZ078039.1	7380977	7379672	-	324.2	160
163639at7041	Duplicated	OZ078041.1	10318032	10316727	-	322.9	160
163639at7041	Duplicated	OZ078041.1	10782655	10779420	-	312.3	160
163646at7041	Complete	OZ078034.1	11703593	11697822	-	2260.3	1035
163654at7041	Complete	OZ078041.1	17848829	17849444	+	365.5	167
163655at7041	Complete	OZ078042.1	17287499	17288231	+	240.3	124
163663at7041	Complete	OZ078031.1	26685575	26686026	+	221.1	131
163666at7041	Complete	OZ078040.1	5725012	5725658	+	331.1	174
163687at7041	Complete	OZ078031.1	329474	352051	+	688.2	368
163694at7041	Complete	OZ078030.1	676515	673608	-	1132.0	491
163695at7041	Complete	OZ078032.1	17106595	17103701	-	465.3	225
163699at7041	Complete	OZ078025.1	34860840	34868731	+	4997.9	2156
163700at7041	Complete	OZ078026.1	38023267	38026821	+	915.0	400
163703at7041	Complete	OZ078035.1	19734156	19746001	+	2491.8	1231
163707at7041	Complete	OZ078034.1	27435423	27431291	-	1046.8	473
163712at7041	Complete	OZ078028.1	12552884	12553444	+	384.0	182
163722at7041	Complete	OZ078027.1	37419327	37426437	+	806.1	416
163724at7041	Complete	OZ078026.1	6738527	6744002	+	313.8	161
163726at7041	Complete	OZ078036.1	26937188	26939749	+	854.9	446
163740at7041	Complete	OZ078036.1	5870406	5912777	+	1048.5	480
163748at7041	Complete	OZ078039.1	22899205	22900047	+	440.4	215
163761at7041	Complete	OZ078031.1	28000905	28001493	+	233.4	123
163768at7041	Complete	OZ078025.1	39553295	39555050	+	694.2	339
163769at7041	Complete	OZ078025.1	831573	833225	+	737.8	338
163771at7041	Complete	OZ078031.1	17579087	17580793	+	351.2	159
163779at7041	Complete	OZ078027.1	14440486	14442099	+	558.7	279
163781at7041	Complete	OZ078038.1	25386682	25389683	+	940.3	454
163784at7041	Complete	OZ078037.1	27728546	27762203	+	3203.3	1473
163787at7041	Complete	OZ078035.1	29833290	29832003	-	522.1	247
163790at7041	Complete	OZ078026.1	39082353	39077708	-	1255.5	677
163799at7041	Complete	OZ078029.1	23225625	23226291	+	414.9	184
163801at7041	Complete	OZ078036.1	24675379	24677882	+	1517.0	691
163802at7041	Complete	OZ078033.1	2236054	2225277	-	438.8	198
163803at7041	Fragmented	OZ078032.1	35402542	35586083	+	363.1	252
163810at7041	Complete	OZ078035.1	11408341	11403571	-	1050.7	573
163813at7041	Complete	OZ078041.1	7373407	7375264	+	865.0	506
163815at7041	Complete	OZ078033.1	31430109	31427233	-	893.4	388
163817at7041	Complete	OZ078025.1	42065098	42061629	-	857.9	494
163825at7041	Complete	OZ078033.1	8071244	8069022	-	735.8	349
163826at7041	Complete	OZ078028.1	37735120	37740326	+	1308.3	642
163827at7041	Complete	OZ078031.1	28756538	28757134	+	358.7	186
163831at7041	Complete	OZ078028.1	38559440	38556060	-	1365.3	836
163832at7041	Complete	OZ078027.1	28782217	28914689	+	751.4	251
163833at7041	Complete	OZ078039.1	24564987	24566563	+	803.6	419
163855at7041	Fragmented	OZ078035.1	16754026	16753740	-	140.4	73
163858at7041	Complete	OZ078033.1	27841555	27839092	-	602.6	326
163861at7041	Complete	OZ078030.1	3303359	3301663	-	528.6	243
163866at7041	Complete	OZ078032.1	35603759	35603242	-	260.0	132
163870at7041	Complete	OZ078035.1	19751024	19752324	+	349.7	214
163883at7041	Complete	OZ078031.1	14585862	14591988	+	392.1	208
163895at7041	Complete	OZ078037.1	23849996	23849180	-	166.2	91
163905at7041	Complete	OZ078030.1	30154655	30161016	+	779.8	386
163910at7041	Complete	OZ078036.1	8922924	8923740	+	374.1	183
163913at7041	Complete	OZ078030.1	171745	172164	+	223.8	106
163931at7041	Complete	OZ078040.1	18154985	18155631	+	285.5	174
163933at7041	Complete	OZ078028.1	31589877	31591229	+	965.8	445
163936at7041	Complete	OZ078032.1	4119430	4122490	+	470.6	295
163943at7041	Complete	OZ078026.1	29473775	29480438	+	546.8	268
163945at7041	Complete	OZ078031.1	9402159	9404937	+	1077.0	512
163951at7041	Complete	OZ078026.1	1173875	1180222	+	1016.9	461
163953at7041	Complete	OZ078037.1	2550440	2544235	-	850.8	406
163956at7041	Complete	OZ078041.1	9856175	9845921	-	957.1	531
163959at7041	Complete	OZ078039.1	15296172	15297998	+	500.6	258
163970at7041	Complete	OZ078036.1	29468681	29472133	+	714.8	348
163973at7041	Complete	OZ078033.1	26256206	26253901	-	671.4	354
163994at7041	Complete	OZ078037.1	23481997	23481461	-	272.8	147
163996at7041	Complete	OZ078035.1	3953546	3948960	-	650.6	358
163998at7041	Complete	OZ078029.1	26081878	26083130	+	602.5	303
164003at7041	Complete	OZ078026.1	38452894	38460263	+	2304.2	1093
164009at7041	Complete	OZ078027.1	5355989	5353806	-	515.0	239
164011at7041	Complete	OZ078038.1	23792654	23793432	+	435.4	212
164018at7041	Complete	OZ078036.1	25487406	25481182	-	955.7	457
164025at7041	Complete	OZ078027.1	5341913	5342345	+	239.1	125
164042at7041	Complete	OZ078026.1	29364600	29358903	-	2331.6	1055
164049at7041	Complete	OZ078026.1	5634449	5623212	-	662.1	561
164054at7041	Complete	OZ078038.1	12061583	12063299	+	392.5	181
164063at7041	Complete	OZ078041.1	12752278	12744459	-	985.5	512
164066at7041	Complete	OZ078038.1	3342843	3331160	-	1123.0	595
164069at7041	Complete	OZ078036.1	19042468	19043651	+	543.5	294
164075at7041	Complete	OZ078032.1	320638	323192	+	315.4	141
164085at7041	Complete	OZ078034.1	30887411	30919797	+	1482.4	812
164090at7041	Complete	OZ078037.1	24057731	24047463	-	4537.7	2360
164093at7041	Complete	OZ078031.1	28613544	28621112	+	2293.4	1145
164096at7041	Complete	OZ078036.1	7725971	7727464	+	239.1	134
164099at7041	Complete	OZ078026.1	30712603	30710571	-	921.8	497
164102at7041	Complete	OZ078040.1	22156715	22166031	+	1578.9	986
164108at7041	Complete	OZ078034.1	1194406	1199585	+	1040.3	608
164112at7041	Complete	OZ078035.1	16022413	16019942	-	497.1	302
164115at7041	Complete	OZ078030.1	37983311	37989110	+	2374.4	1250
164119at7041	Complete	OZ078040.1	23017480	23023322	+	696.8	366
164125at7041	Complete	OZ078025.1	42089840	42084750	-	920.2	510
164135at7041	Complete	OZ078041.1	7372077	7369745	-	661.4	313
164150at7041	Complete	OZ078025.1	14161995	14137005	-	1370.8	658
164162at7041	Complete	OZ078034.1	31371076	31374108	+	923.7	614
164164at7041	Complete	OZ078038.1	23754417	23767930	+	1311.3	663
164171at7041	Complete	OZ078034.1	12432782	12501339	+	213.6	120
164172at7041	Complete	OZ078027.1	39867779	39767586	-	621.9	336
164177at7041	Complete	OZ078033.1	22094547	22092947	-	731.0	311
164186at7041	Complete	OZ078030.1	32272957	32277700	+	890.4	413
164191at7041	Complete	OZ078037.1	19087603	19090070	+	226.0	190
164200at7041	Complete	OZ078030.1	36794953	36795814	+	390.3	231
164202at7041	Complete	OZ078036.1	26458699	26462106	+	1757.1	912
164206at7041	Complete	OZ078028.1	38292715	38322323	+	1641.7	927
164213at7041	Complete	OZ078026.1	35444986	35449808	+	1176.7	604
164214at7041	Complete	OZ078029.1	3154874	3200386	+	1461.4	728
164233at7041	Complete	OZ078026.1	40045660	40043866	-	883.7	439
164236at7041	Complete	OZ078029.1	21140985	21150353	+	785.4	289
164243at7041	Complete	OZ078032.1	34802261	34805704	+	1204.7	630
164250at7041	Complete	OZ078033.1	1020251	1174256	+	1275.8	628
164254at7041	Complete	OZ078038.1	21091542	21098941	+	638.9	322
164262at7041	Complete	OZ078036.1	7236014	7254806	+	792.1	483
164270at7041	Complete	OZ078025.1	32699520	32701742	+	1192.9	651
164275at7041	Complete	OZ078034.1	28611530	28610545	-	218.1	119
164278at7041	Complete	OZ078038.1	12068572	12066944	-	410.3	224
164288at7041	Complete	OZ078026.1	262160	265195	+	448.8	235
164289at7041	Complete	OZ078035.1	11396585	11393966	-	1142.0	537
164291at7041	Complete	OZ078027.1	30912474	30911654	-	541.8	248
164294at7041	Complete	OZ078028.1	22549229	22551772	+	425.4	301
164295at7041	Complete	OZ078041.1	18413093	18415647	+	403.0	433
164298at7041	Complete	OZ078030.1	36862187	36860860	-	630.8	357
164301at7041	Complete	OZ078042.1	14644012	14650833	+	1067.2	493
164305at7041	Complete	OZ078026.1	26362301	26419408	+	1241.7	620
164308at7041	Complete	OZ078041.1	14556332	14555100	-	723.6	394
164313at7041	Complete	OZ078026.1	197211	194608	-	946.2	465
164322at7041	Complete	OZ078031.1	30890239	30892587	+	620.6	339
164324at7041	Complete	OZ078035.1	16925840	16927117	+	499.5	260
164333at7041	Complete	OZ078028.1	38040046	38042781	+	1097.0	521
164335at7041	Complete	OZ078040.1	12359940	12362543	+	1159.4	696
164342at7041	Complete	OZ078025.1	8159529	8249645	+	689.1	252
164346at7041	Complete	OZ078030.1	27486845	27500034	+	3599.1	1584
164350at7041	Complete	OZ078040.1	16098074	16088927	-	1197.9	646
164353at7041	Complete	OZ078025.1	30335381	30337355	+	753.2	394
164355at7041	Complete	OZ078038.1	22912722	22915873	+	1378.0	700
164367at7041	Complete	OZ078032.1	16297347	16301703	+	2468.0	1209
164374at7041	Complete	OZ078034.1	22422071	22425333	+	1034.3	525
164378at7041	Complete	OZ078028.1	30398002	30402644	+	1044.7	619
164383at7041	Complete	OZ078036.1	29553957	29554611	+	252.8	159
164384at7041	Complete	OZ078031.1	19037797	19025722	-	3258.1	1603
164386at7041	Complete	OZ078033.1	25439698	25440870	+	591.3	336
164389at7041	Complete	OZ078027.1	10072792	10068098	-	591.7	377
164391at7041	Complete	OZ078040.1	6272836	6276746	+	2058.4	917
164397at7041	Complete	OZ078035.1	12786211	12791009	+	1966.9	1028
164414at7041	Complete	OZ078027.1	5367821	5364759	-	795.8	416
164418at7041	Complete	OZ078026.1	35638318	35639945	+	921.2	436
164419at7041	Complete	OZ078034.1	22512482	22519728	+	823.1	415
164420at7041	Complete	OZ078037.1	24415704	24412303	-	1195.1	541
164427at7041	Complete	OZ078034.1	24708601	24705326	-	890.8	458
164429at7041	Complete	OZ078033.1	8071576	8072507	+	302.1	176
164432at7041	Complete	OZ078036.1	25187372	25130709	-	1697.6	927
164435at7041	Complete	OZ078031.1	25288501	25258820	-	624.6	236
164444at7041	Complete	OZ078035.1	14252637	14266727	+	1063.1	658
164451at7041	Complete	OZ078027.1	29137842	29188279	+	355.0	198
164453at7041	Complete	OZ078033.1	28796899	28797845	+	383.5	172
164458at7041	Complete	OZ078041.1	11845979	11841038	-	1526.6	746
164461at7041	Complete	OZ078033.1	32311409	32308903	-	620.3	330
164462at7041	Complete	OZ078028.1	10215481	10199115	-	942.1	548
164468at7041	Complete	OZ078032.1	31752516	31753815	+	431.9	286
164472at7041	Complete	OZ078025.1	15954370	15978870	+	1386.2	654
164478at7041	Complete	OZ078040.1	15296503	15299495	+	1214.2	781
164481at7041	Complete	OZ078026.1	40048874	40050830	+	1091.0	489
164492at7041	Complete	OZ078032.1	35760136	35758915	-	635.4	374
164502at7041	Complete	OZ078025.1	34082579	34081869	-	398.8	198
164511at7041	Complete	OZ078032.1	13007597	13015411	+	1891.2	1114
164514at7041	Complete	OZ078040.1	14680508	14677401	-	1101.1	479
164519at7041	Complete	OZ078035.1	25450099	25452976	+	1095.3	529
164523at7041	Complete	OZ078041.1	17067020	17065326	-	671.2	423
164525at7041	Complete	OZ078030.1	27181883	27180903	-	628.1	322
164532at7041	Complete	OZ078041.1	8822828	8826884	+	491.5	272
164537at7041	Complete	OZ078038.1	25367344	25363904	-	1322.6	616
164538at7041	Complete	OZ078025.1	30006547	30001703	-	2100.4	1056
164539at7041	Complete	OZ078041.1	14332024	14322310	-	945.3	488
164540at7041	Complete	OZ078028.1	5456767	5455271	-	514.4	301
164551at7041	Complete	OZ078041.1	10600632	10572440	-	1924.9	883
164552at7041	Complete	OZ078026.1	201166	206996	+	1882.6	969
164554at7041	Complete	OZ078032.1	34824454	34827071	+	1224.2	684
164564at7041	Complete	OZ078036.1	26408385	26410322	+	733.5	355
164570at7041	Complete	OZ078032.1	31498133	31496789	-	752.9	412
164575at7041	Complete	OZ078027.1	9078695	9076664	-	393.0	181
164590at7041	Complete	OZ078026.1	5191610	5187537	-	401.3	182
164592at7041	Complete	OZ078042.1	17057993	17054102	-	1396.1	687
164603at7041	Complete	OZ078041.1	9371040	9374030	+	466.1	270
164604at7041	Complete	OZ078037.1	2199569	2200119	+	259.3	146
164608at7041	Complete	OZ078034.1	29934775	29933548	-	740.0	330
164610at7041	Complete	OZ078041.1	12063056	12069647	+	370.9	188
164611at7041	Complete	OZ078031.1	36160806	36158465	-	572.8	294
164621at7041	Complete	OZ078029.1	3127602	3105143	-	1123.4	583
164627at7041	Complete	OZ078037.1	27422151	27424738	+	984.8	537
164630at7041	Complete	OZ078029.1	14389340	14392304	+	367.6	265
164638at7041	Complete	OZ078040.1	15307813	15301467	-	1375.3	833
164641at7041	Complete	OZ078034.1	31375773	31375040	-	412.1	199
164642at7041	Complete	OZ078040.1	5818293	5811604	-	2080.2	1113
164644at7041	Complete	OZ078029.1	18179527	18189081	+	1164.2	539
164646at7041	Complete	OZ078034.1	29600685	29599376	-	768.2	412
164650at7041	Complete	OZ078036.1	15156365	15159756	+	457.2	213
164654at7041	Complete	OZ078029.1	34629242	34628128	-	438.1	223
164656at7041	Complete	OZ078027.1	26695684	26700525	+	535.1	326
164657at7041	Complete	OZ078025.1	19023439	19032073	+	1454.8	829
164662at7041	Complete	OZ078033.1	6604531	6600472	-	1541.6	846
164663at7041	Complete	OZ078032.1	43228	48478	+	862.6	494
164667at7041	Complete	OZ078036.1	8643546	8630375	-	1265.5	723
164669at7041	Complete	OZ078041.1	11964345	11962305	-	815.2	426
164670at7041	Complete	OZ078039.1	24942777	24944242	+	425.9	229
164678at7041	Complete	OZ078033.1	10008354	10007614	-	261.3	162
164689at7041	Complete	OZ078028.1	37144617	37148635	+	822.9	465
164699at7041	Complete	OZ078036.1	21428979	21428098	-	593.5	272
164709at7041	Complete	OZ078039.1	9049206	9048766	-	318.6	141
164710at7041	Complete	OZ078037.1	28415113	28412723	-	972.7	598
164714at7041	Complete	OZ078028.1	27517969	27522944	+	1907.8	1149
164718at7041	Complete	OZ078028.1	8701457	8699111	-	631.7	328
164719at7041	Complete	OZ078027.1	30870939	30867006	-	1103.7	525
164721at7041	Complete	OZ078039.1	24811812	24813175	+	614.4	308
164729at7041	Complete	OZ078031.1	9557178	9555031	-	1211.7	586
164730at7041	Complete	OZ078026.1	3168819	3174727	+	746.1	348
164733at7041	Complete	OZ078026.1	1170026	1172997	+	748.1	462
164736at7041	Complete	OZ078027.1	35264961	35266413	+	732.5	395
164738at7041	Complete	OZ078032.1	22300260	22304683	+	2292.7	1198
164741at7041	Complete	OZ078033.1	29728437	29735484	+	1800.2	897
164745at7041	Complete	OZ078026.1	40321351	40314340	-	1206.5	690
164751at7041	Complete	OZ078027.1	2605763	2623858	+	2696.7	1449
164762at7041	Complete	OZ078040.1	5837796	5836831	-	205.1	109
164769at7041	Complete	OZ078025.1	1759270	1755794	-	1407.4	707
164771at7041	Complete	OZ078031.1	1337922	1329653	-	996.6	541
164773at7041	Complete	OZ078039.1	18465366	18458490	-	710.4	401
164778at7041	Complete	OZ078038.1	23792202	23789995	-	514.5	318
164780at7041	Complete	OZ078030.1	11513619	11451585	-	857.8	391
164788at7041	Complete	OZ078032.1	19529151	19525750	-	821.3	424
164789at7041	Complete	OZ078040.1	18338829	18345969	+	1230.6	603
164793at7041	Complete	OZ078039.1	24460709	24320733	-	370.8	185
164803at7041	Complete	OZ078026.1	31250964	31249472	-	274.2	207
164805at7041	Complete	OZ078029.1	37730320	37731198	+	301.9	155
164822at7041	Complete	OZ078031.1	31437098	31435985	-	529.0	287
164823at7041	Complete	OZ078036.1	29339159	29340023	+	409.7	213
164826at7041	Complete	OZ078037.1	26233446	26239515	+	721.7	364
164833at7041	Complete	OZ078027.1	35268194	35267127	-	127.4	95
164839at7041	Complete	OZ078034.1	22554524	22637417	+	1115.7	529
164843at7041	Complete	OZ078031.1	32128522	32126520	-	966.3	477
164848at7041	Complete	OZ078026.1	1074901	1069282	-	1318.4	597
164854at7041	Complete	OZ078030.1	29909298	29907909	-	261.6	138
164872at7041	Complete	OZ078039.1	24488713	24485579	-	1060.5	670
164873at7041	Complete	OZ078040.1	12762696	12760674	-	1116.1	503
164874at7041	Complete	OZ078029.1	32317083	32375845	+	1187.0	751
164877at7041	Complete	OZ078028.1	31835943	31840959	+	766.4	444
164882at7041	Complete	OZ078031.1	24995519	24990439	-	1507.6	967
164886at7041	Complete	OZ078040.1	22514783	22515770	+	368.0	178
164889at7041	Complete	OZ078029.1	25380303	25381824	+	875.6	405
164895at7041	Complete	OZ078029.1	25443770	25445623	+	653.2	457
164911at7041	Complete	OZ078031.1	31732694	31735236	+	686.7	362
164916at7041	Complete	OZ078026.1	39062058	39054851	-	1377.6	764
164917at7041	Complete	OZ078032.1	31219926	31221744	+	488.3	338
164924at7041	Complete	OZ078031.1	16781200	16778043	-	613.5	325
164926at7041	Complete	OZ078028.1	10851875	10765986	-	1333.1	637
164935at7041	Complete	OZ078040.1	6139028	6142905	+	1953.5	1083
164937at7041	Complete	OZ078039.1	24556776	24557696	+	529.3	307
164955at7041	Complete	OZ078033.1	31155554	31150252	-	1366.4	706
164956at7041	Complete	OZ078035.1	26687993	26689551	+	581.7	329
164957at7041	Complete	OZ078028.1	17065768	17016097	-	1742.9	827
164961at7041	Fragmented	OZ078037.1	27580941	27580512	-	171.6	103
164962at7041	Complete	OZ078036.1	21185808	21189000	+	336.5	218
164963at7041	Complete	OZ078032.1	4193883	4188724	-	1414.5	623
164964at7041	Complete	OZ078042.1	17192722	17188169	-	971.0	436
164974at7041	Complete	OZ078034.1	17096906	17107578	+	1730.7	1051
164976at7041	Complete	OZ078030.1	36482748	36474054	-	1879.4	806
164990at7041	Complete	OZ078030.1	37288568	37279949	-	752.2	496
164994at7041	Complete	OZ078025.1	44910932	44908970	-	996.1	487
164998at7041	Complete	OZ078033.1	13189961	13175829	-	621.1	304
165000at7041	Complete	OZ078036.1	28955761	28956201	+	174.2	98
165002at7041	Complete	OZ078030.1	16487429	16502612	+	1720.2	855
165004at7041	Complete	OZ078036.1	29419135	29418595	-	252.1	127
165012at7041	Complete	OZ078026.1	27365948	27358984	-	413.0	210
165015at7041	Complete	OZ078030.1	29034430	29080465	+	1510.5	752
165023at7041	Complete	OZ078041.1	12009086	12007430	-	450.7	244
165025at7041	Complete	OZ078037.1	23838491	23843358	+	613.5	445
165037at7041	Complete	OZ078025.1	26604274	26603352	-	479.8	258
165043at7041	Complete	OZ078042.1	16030418	16000609	-	692.4	372
165077at7041	Complete	OZ078029.1	14399931	14392604	-	1189.2	709
165081at7041	Complete	OZ078028.1	21073908	21075218	+	788.1	420
165085at7041	Complete	OZ078041.1	14349459	14355035	+	3387.1	1603
165086at7041	Complete	OZ078028.1	39083582	39095297	+	2174.4	1507
165095at7041	Complete	OZ078035.1	25380214	25372198	-	811.4	504
165096at7041	Complete	OZ078028.1	31880607	31884516	+	873.6	517
165097at7041	Complete	OZ078029.1	23239461	23236954	-	1403.5	748
165100at7041	Complete	OZ078031.1	31725362	31724586	-	315.3	205
165104at7041	Complete	OZ078041.1	18602218	18603128	+	361.2	198
165109at7041	Complete	OZ078036.1	28957804	28956571	-	238.5	134
165119at7041	Fragmented	OZ078030.1	8528049	8538985	+	413.8	241
165127at7041	Complete	OZ078034.1	28597071	28596371	-	297.9	191
165131at7041	Complete	OZ078034.1	12987780	12980768	-	1525.3	1111
165137at7041	Complete	OZ078026.1	35598450	35594456	-	1667.9	868
165140at7041	Complete	OZ078028.1	25529982	25534009	+	2279.4	1199
165148at7041	Complete	OZ078032.1	19518619	19510715	-	2524.9	1469
165152at7041	Complete	OZ078037.1	25555378	25556772	+	431.0	229
165155at7041	Complete	OZ078033.1	31400852	31412537	+	1097.7	608
165162at7041	Complete	OZ078028.1	32532688	32533701	+	521.1	260
165172at7041	Complete	OZ078028.1	38617556	38620047	+	945.6	431
165180at7041	Complete	OZ078025.1	34092799	34095904	+	940.3	487
165187at7041	Complete	OZ078029.1	38113361	38130085	+	1200.5	625
165190at7041	Complete	OZ078032.1	34618446	34615350	-	1553.8	855
165205at7041	Complete	OZ078033.1	18818465	18823749	+	477.2	238
165206at7041	Complete	OZ078025.1	42316725	42315222	-	339.7	222
165208at7041	Complete	OZ078028.1	14677539	14862990	+	1424.6	681
165217at7041	Complete	OZ078036.1	30046965	30044451	-	1379.5	699
165220at7041	Complete	OZ078033.1	22302589	22307107	+	1114.9	634
165227at7041	Complete	OZ078037.1	24400386	24396604	-	1315.7	673
165237at7041	Complete	OZ078032.1	32345845	32347845	+	497.0	293
165243at7041	Complete	OZ078033.1	18349415	18346995	-	596.4	322
165247at7041	Complete	OZ078030.1	3540794	3541532	+	191.8	118
165261at7041	Complete	OZ078026.1	1143414	1140333	-	771.6	469
165267at7041	Complete	OZ078029.1	18031336	18038033	+	808.3	509
165268at7041	Complete	OZ078032.1	33167293	33161979	-	609.8	316
165279at7041	Complete	OZ078033.1	18193955	18199939	+	1295.2	785
165280at7041	Complete	OZ078039.1	7809364	7823828	+	1927.5	904
165302at7041	Complete	OZ078035.1	6664626	6661702	-	732.8	421
165322at7041	Complete	OZ078032.1	34778954	34778391	-	296.6	172
165323at7041	Complete	OZ078040.1	14424085	14451105	+	1486.4	856
165324at7041	Complete	OZ078029.1	38182588	38185483	+	559.3	354
165326at7041	Complete	OZ078030.1	687951	690080	+	804.6	464
165329at7041	Complete	OZ078026.1	37179604	37177334	-	378.9	222
165337at7041	Complete	OZ078042.1	16975122	16975655	+	328.6	173
165341at7041	Complete	OZ078025.1	40117776	40104874	-	1950.4	1100
165342at7041	Complete	OZ078029.1	25916447	25915209	-	246.7	190
165343at7041	Complete	OZ078031.1	20097426	20098707	+	371.9	185
165346at7041	Complete	OZ078035.1	26690083	26691589	+	354.4	210
165357at7041	Complete	OZ078032.1	31760956	31762263	+	403.0	241
165360at7041	Complete	OZ078027.1	30885714	30887177	+	1038.0	482
165361at7041	Complete	OZ078029.1	28559272	28560574	+	264.4	121
165375at7041	Complete	OZ078036.1	28963030	28975865	+	1879.9	1140
165377at7041	Complete	OZ078029.1	32144315	32142435	-	562.2	381
165394at7041	Complete	OZ078028.1	18183070	18182232	-	390.7	191
165396at7041	Complete	OZ078028.1	25311852	25313217	+	494.1	252
165398at7041	Complete	OZ078030.1	656526	649241	-	1276.6	786
165399at7041	Complete	OZ078027.1	16168743	16200250	+	3013.2	1690
165402at7041	Complete	OZ078040.1	5718537	5718149	-	171.6	100
165412at7041	Complete	OZ078029.1	26080791	26078873	-	1146.4	564
165416at7041	Complete	OZ078034.1	22447306	22448965	+	379.3	244
165423at7041	Complete	OZ078025.1	24667277	24672695	+	979.0	482
165430at7041	Complete	OZ078036.1	7111128	7092733	-	489.1	327
165434at7041	Complete	OZ078025.1	843148	833694	-	1236.3	683
165439at7041	Complete	OZ078038.1	25371450	25369274	-	898.8	551
165445at7041	Complete	OZ078035.1	12795497	12798886	+	771.6	494
165451at7041	Complete	OZ078039.1	22881332	22879532	-	526.0	304
165453at7041	Complete	OZ078025.1	26583139	26600893	+	2221.8	1365
165454at7041	Complete	OZ078032.1	35755691	35758826	+	653.7	433
165455at7041	Complete	OZ078040.1	22971392	22965187	-	666.5	326
165460at7041	Complete	OZ078026.1	36562589	36555100	-	1175.5	714
165461at7041	Complete	OZ078038.1	19265134	19315907	+	1650.0	550
165470at7041	Complete	OZ078042.1	16239730	16247552	+	994.3	742
165471at7041	Complete	OZ078027.1	38435650	38437660	+	503.8	292
165477at7041	Complete	OZ078026.1	71676	70192	-	804.4	428
165483at7041	Complete	OZ078032.1	9674494	9676726	+	503.3	307
165493at7041	Complete	OZ078028.1	30049582	30051596	+	825.8	451
165515at7041	Complete	OZ078031.1	19044114	19039866	-	525.1	271
165526at7041	Complete	OZ078041.1	14724854	14730216	+	1027.2	559
165533at7041	Complete	OZ078025.1	3597361	3605832	+	747.0	412
165540at7041	Complete	OZ078030.1	37228536	37226713	-	782.1	539
165544at7041	Complete	OZ078028.1	31861479	31863988	+	402.9	205
165568at7041	Complete	OZ078027.1	2127368	2125115	-	282.1	206
165569at7041	Complete	OZ078040.1	14675413	14674061	-	325.2	231
165579at7041	Complete	OZ078028.1	26500869	26503066	+	439.9	242
165593at7041	Fragmented	OZ078041.1	13564655	13563588	-	158.5	85
165602at7041	Complete	OZ078041.1	17794440	17791114	-	399.8	248
165608at7041	Complete	OZ078032.1	2452355	2453890	+	654.1	438
165609at7041	Complete	OZ078026.1	4523934	4538150	+	1272.7	673
165624at7041	Complete	OZ078031.1	26613989	26616537	+	909.1	460
165626at7041	Fragmented	OZ078028.1	23237133	23226596	-	910.5	515
165627at7041	Complete	OZ078040.1	23103067	23101452	-	597.9	368
165633at7041	Complete	OZ078039.1	24307596	24311468	+	1490.3	747
165637at7041	Complete	OZ078027.1	23631219	23623733	-	1457.1	712
165639at7041	Complete	OZ078027.1	5373373	5370489	-	998.6	732
165648at7041	Complete	OZ078027.1	39024211	39015137	-	133.1	158
165649at7041	Complete	OZ078028.1	18191514	18190848	-	374.0	202
165651at7041	Complete	OZ078026.1	38464491	38462136	-	660.5	439
165653at7041	Complete	OZ078027.1	30827407	30825848	-	384.1	181
165656at7041	Complete	OZ078028.1	28120375	28123572	+	844.6	622
165666at7041	Complete	OZ078028.1	38468749	38468390	-	232.4	119
165670at7041	Complete	OZ078036.1	28252286	28253197	+	405.4	233
165690at7041	Complete	OZ078041.1	16570304	16556848	-	646.6	379
165692at7041	Complete	OZ078025.1	42132281	42130375	-	728.5	367
165694at7041	Complete	OZ078030.1	645780	647063	+	596.2	340
165703at7041	Complete	OZ078029.1	35276280	35277482	+	467.6	319
165711at7041	Complete	OZ078030.1	27410099	27418743	+	1722.7	871
165720at7041	Complete	OZ078027.1	10498933	10507201	+	497.9	371
165724at7041	Complete	OZ078030.1	10635811	10631962	-	737.9	348
165731at7041	Complete	OZ078036.1	4228474	4205257	-	1320.6	601
165733at7041	Complete	OZ078026.1	229418	232799	+	783.7	446
165749at7041	Complete	OZ078040.1	22518995	22524746	+	1918.0	1349
165752at7041	Complete	OZ078026.1	35640783	35643051	+	773.9	373
165764at7041	Complete	OZ078038.1	12401455	12400970	-	222.0	127
165767at7041	Complete	OZ078033.1	29698006	29707605	+	1691.9	1046
165769at7041	Complete	OZ078038.1	12332944	12332136	-	164.3	86
165773at7041	Complete	OZ078026.1	29949057	29944801	-	692.3	472
165778at7041	Complete	OZ078026.1	93764	95233	+	696.8	421
165779at7041	Complete	OZ078027.1	34113134	34111344	-	755.5	391
165797at7041	Complete	OZ078025.1	17662772	17596151	-	1412.7	733
165804at7041	Complete	OZ078031.1	36936069	36933647	-	741.6	423
165810at7041	Complete	OZ078031.1	26674781	26672171	-	827.4	625
165811at7041	Complete	OZ078033.1	25465551	25467367	+	647.4	370
165813at7041	Complete	OZ078034.1	20122127	20120882	-	305.3	188
165818at7041	Complete	OZ078039.1	14015213	14021655	+	587.4	366
165833at7041	Complete	OZ078031.1	12473620	12471456	-	646.4	369
165839at7041	Complete	OZ078033.1	16888375	17043084	+	2137.4	889
165844at7041	Complete	OZ078037.1	12704506	12708465	+	142.2	132
165851at7041	Complete	OZ078031.1	36343920	36332048	-	282.7	164
165852at7041	Complete	OZ078031.1	31434634	31433152	-	695.1	411
165853at7041	Complete	OZ078030.1	7068785	7065602	-	931.2	396
165864at7041	Complete	OZ078036.1	25967147	25964516	-	434.7	221
165870at7041	Complete	OZ078030.1	4453843	4403212	-	434.7	283
165873at7041	Complete	OZ078035.1	14596922	14598781	+	1030.3	575
165877at7041	Complete	OZ078030.1	36616771	36615674	-	512.6	248
165882at7041	Complete	OZ078032.1	30393396	30394979	+	588.6	372
165883at7041	Complete	OZ078040.1	15233524	15229501	-	1075.8	725
165885at7041	Complete	OZ078041.1	6749162	6752746	+	468.8	231
165895at7041	Complete	OZ078038.1	13217392	13220480	+	371.8	193
165897at7041	Complete	OZ078026.1	23625179	23619008	-	555.2	341
165900at7041	Complete	OZ078028.1	10762956	10760548	-	228.1	112
165911at7041	Complete	OZ078036.1	8597721	8599166	+	308.1	202
165912at7041	Complete	OZ078032.1	18964890	18962141	-	558.7	323
165913at7041	Complete	OZ078034.1	12896746	12872499	-	819.7	445
165917at7041	Complete	OZ078028.1	39031879	39034287	+	908.8	704
165921at7041	Complete	OZ078036.1	27833479	27783900	-	645.1	426
165934at7041	Complete	OZ078039.1	16735848	16737920	+	471.0	343
165942at7041	Complete	OZ078032.1	24616187	24612165	-	2428.7	1263
165947at7041	Complete	OZ078038.1	27250101	27253345	+	1197.9	629
165955at7041	Complete	OZ078037.1	28366154	28367677	+	993.5	502
165965at7041	Complete	OZ078026.1	77166	77681	+	280.4	169
165971at7041	Complete	OZ078035.1	2030802	2043188	+	1150.9	595
165977at7041	Complete	OZ078027.1	10510023	10507830	-	342.8	197
165999at7041	Complete	OZ078025.1	28115909	28113835	-	969.7	584
166002at7041	Complete	OZ078034.1	27929357	27925611	-	1163.1	607
166010at7041	Complete	OZ078039.1	24232093	24234082	+	459.2	258
166012at7041	Complete	OZ078032.1	35740310	35745053	+	1209.1	661
166034at7041	Complete	OZ078028.1	17354562	17381493	+	2592.9	1228
166038at7041	Complete	CAXMWO010000001.1	973274	970707	-	188.8	109
166044at7041	Complete	OZ078035.1	24650760	24652104	+	614.5	316
166045at7041	Complete	OZ078027.1	13682402	13683040	+	425.0	198
166048at7041	Complete	OZ078025.1	7963948	7941664	-	498.4	290
166072at7041	Complete	OZ078027.1	32676637	32675712	-	416.6	269
166075at7041	Complete	OZ078029.1	18081802	18078813	-	572.9	330
166090at7041	Complete	OZ078034.1	30528654	30529789	+	449.7	189
166105at7041	Complete	OZ078026.1	35455649	35461216	+	1396.5	806
166113at7041	Complete	OZ078038.1	17216733	17214035	-	800.7	468
166118at7041	Complete	OZ078035.1	19382999	19381186	-	456.0	313
166123at7041	Complete	OZ078040.1	22766235	22768749	+	1016.7	522
166137at7041	Complete	OZ078029.1	34621396	34620695	-	317.2	172
166139at7041	Complete	OZ078031.1	13519610	13522601	+	404.4	220
166141at7041	Complete	OZ078032.1	34016422	34015472	-	415.6	305
166156at7041	Complete	OZ078025.1	30044016	30045465	+	434.6	283
166159at7041	Complete	OZ078041.1	17067245	17068138	+	299.9	189
166168at7041	Complete	OZ078030.1	29233117	29130574	-	677.5	320
166178at7041	Complete	OZ078039.1	23241255	23239377	-	477.8	330
166179at7041	Complete	OZ078039.1	17345200	17347497	+	1227.1	634
166194at7041	Complete	OZ078026.1	3511123	3474802	-	666.9	313
166198at7041	Complete	OZ078030.1	34219420	34222679	+	1731.5	917
166206at7041	Complete	OZ078034.1	17747589	17747038	-	189.6	128
166209at7041	Complete	OZ078041.1	11981844	11983199	+	494.2	305
166212at7041	Complete	OZ078032.1	31192511	31191271	-	541.5	294
166223at7041	Complete	OZ078031.1	9731791	9732560	+	228.7	165
166226at7041	Complete	OZ078027.1	35259414	35257672	-	631.1	420
166228at7041	Complete	OZ078025.1	24596085	24595063	-	229.2	139
166233at7041	Complete	OZ078031.1	24996926	24998582	+	335.4	206
166235at7041	Complete	OZ078036.1	15874317	15875567	+	666.8	351
166246at7041	Complete	OZ078027.1	32217856	32211403	-	830.9	576
166247at7041	Complete	OZ078026.1	73020	73649	+	380.6	181
166254at7041	Complete	OZ078029.1	32222960	32221477	-	531.4	248
166255at7041	Complete	OZ078031.1	26463527	26473782	+	2605.4	1432
166256at7041	Complete	OZ078027.1	30855749	30852439	-	584.3	319
166258at7041	Complete	OZ078030.1	6060292	6048870	-	1467.3	842
166263at7041	Complete	OZ078030.1	4462393	4489243	+	1094.4	508
166271at7041	Complete	OZ078035.1	24717910	24678786	-	504.9	327
166272at7041	Complete	OZ078026.1	900682	901833	+	439.4	243
166277at7041	Complete	OZ078025.1	28142898	28180098	+	1979.2	1310
166278at7041	Complete	OZ078027.1	35310175	35305053	-	943.5	501
166280at7041	Complete	OZ078039.1	11830646	11830022	-	210.8	101
166281at7041	Complete	OZ078031.1	20077214	20088169	+	889.3	615
166294at7041	Complete	OZ078028.1	39081376	39074657	-	1512.7	868
166299at7041	Complete	OZ078033.1	29452466	29457066	+	1016.6	505
166300at7041	Complete	OZ078035.1	24676171	24668648	-	1972.5	956
166302at7041	Complete	OZ078032.1	16636580	16635187	-	627.5	315
166308at7041	Complete	OZ078025.1	877173	877764	+	164.3	104
166314at7041	Complete	OZ078026.1	39111980	39109059	-	670.6	409
166316at7041	Complete	OZ078028.1	36958973	36963148	+	1335.5	1032
166329at7041	Complete	OZ078028.1	28010038	28007486	-	746.0	514
166331at7041	Fragmented	OZ078038.1	21105350	21104203	-	262.8	225
166338at7041	Complete	OZ078035.1	18129113	18139363	+	1038.3	804
166350at7041	Complete	OZ078025.1	44586503	44584203	-	968.7	481
166366at7041	Complete	OZ078025.1	14870555	14898688	+	774.7	428
166372at7041	Complete	OZ078028.1	30393340	30394387	+	539.5	297
166373at7041	Complete	OZ078034.1	27917450	27851432	-	665.7	460
166375at7041	Complete	OZ078031.1	31531061	31536801	+	977.2	683
166389at7041	Complete	OZ078036.1	14033882	14036473	+	682.0	414
166395at7041	Complete	OZ078031.1	17180903	17230409	+	1160.7	669
166407at7041	Complete	OZ078030.1	37886716	37884909	-	645.0	486
166412at7041	Complete	OZ078032.1	4069588	4070196	+	301.3	189
166416at7041	Complete	OZ078029.1	34571311	34572619	+	471.0	271
166418at7041	Complete	OZ078034.1	25301920	25300599	-	291.0	232
166422at7041	Complete	OZ078030.1	53311	45067	-	1491.8	863
166431at7041	Complete	OZ078025.1	40194156	40201210	+	1169.1	749
166434at7041	Complete	OZ078028.1	37769696	37770541	+	279.8	176
166441at7041	Complete	OZ078028.1	11022294	11006949	-	1055.2	736
166448at7041	Complete	OZ078040.1	5727284	5730129	+	1570.1	762
166452at7041	Complete	OZ078041.1	11812151	11810050	-	966.5	574
166454at7041	Complete	OZ078039.1	10667740	10670541	+	517.8	371
166456at7041	Complete	OZ078034.1	29702201	29705194	+	768.2	563
166460at7041	Complete	OZ078038.1	27242275	27244068	+	812.3	556
166464at7041	Complete	OZ078033.1	17057034	17052771	-	1540.6	900
166465at7041	Complete	OZ078041.1	18580640	18581648	+	525.1	273
166473at7041	Complete	OZ078026.1	26263302	26255229	-	956.9	563
166482at7041	Complete	OZ078028.1	36278345	36300689	+	1681.4	877
166487at7041	Complete	OZ078031.1	20850723	20852266	+	795.5	460
166493at7041	Complete	OZ078026.1	39194958	39188532	-	1059.1	789
166505at7041	Complete	OZ078034.1	26913331	26768366	-	1022.3	530
166506at7041	Complete	OZ078031.1	19044658	19045474	+	414.1	234
166509at7041	Complete	OZ078041.1	7766607	7765258	-	565.6	361
166513at7041	Complete	OZ078040.1	5339088	5346245	+	1978.2	1155
166521at7041	Complete	OZ078027.1	39870386	39868200	-	874.6	541
166523at7041	Complete	OZ078034.1	11114633	11115664	+	428.9	246
166524at7041	Complete	OZ078026.1	38656095	38653755	-	857.7	543
166526at7041	Complete	OZ078030.1	16465681	16463535	-	344.9	193
166530at7041	Complete	OZ078039.1	7841554	7839357	-	594.2	337
166532at7041	Complete	OZ078034.1	25917256	25914307	-	423.6	233
166548at7041	Complete	OZ078036.1	15560844	15553202	-	2257.6	1219
166550at7041	Complete	OZ078041.1	17828904	17829410	+	221.1	120
166551at7041	Complete	OZ078030.1	38077673	38073652	-	1209.2	649
166557at7041	Complete	OZ078025.1	38709445	38739963	+	421.9	225
166561at7041	Complete	OZ078025.1	41839317	41837565	-	600.6	408
166563at7041	Complete	OZ078033.1	21066162	21067799	+	418.0	353
166564at7041	Complete	OZ078028.1	39067701	39068669	+	615.5	302
166565at7041	Complete	OZ078028.1	29387504	29386464	-	426.7	265
166570at7041	Complete	OZ078030.1	3683931	3683349	-	232.1	172
166571at7041	Complete	OZ078033.1	10393353	10390422	-	692.5	387
166576at7041	Complete	OZ078034.1	15112832	15213047	+	1074.3	570
166582at7041	Complete	OZ078036.1	24693811	24692716	-	411.7	213
166586at7041	Complete	OZ078027.1	31925919	31924312	-	534.3	265
166588at7041	Complete	OZ078029.1	28589719	28588841	-	272.3	178
166591at7041	Complete	OZ078029.1	23212854	23208657	-	858.3	554
166592at7041	Complete	OZ078029.1	35060585	35062644	+	1176.8	599
166599at7041	Complete	OZ078041.1	15705554	15704951	-	362.7	181
166600at7041	Complete	OZ078028.1	35648745	35644843	-	556.7	369
166610at7041	Complete	OZ078036.1	15125290	15086047	-	794.3	466
166613at7041	Complete	OZ078038.1	21669633	21666320	-	995.1	585
166614at7041	Complete	OZ078032.1	16870532	16867980	-	868.7	527
166621at7041	Complete	OZ078036.1	26218758	26220568	+	717.0	388
166622at7041	Complete	OZ078040.1	12030286	12031264	+	157.2	77
166632at7041	Complete	OZ078038.1	19471480	19326938	-	6480.7	3271
166633at7041	Complete	OZ078026.1	36144779	36185168	+	1768.2	952
166634at7041	Complete	OZ078034.1	30081034	30083760	+	785.3	404
166639at7041	Complete	OZ078033.1	16178440	16180275	+	1170.5	598
166644at7041	Complete	OZ078025.1	26752712	26747176	-	1474.2	695
166651at7041	Complete	OZ078036.1	17242010	17243425	+	807.8	446
166654at7041	Complete	OZ078026.1	24430913	24444236	+	1107.6	586
166669at7041	Complete	OZ078031.1	25958703	25956466	-	435.6	298
166680at7041	Complete	OZ078034.1	28259685	28257702	-	859.0	465
166684at7041	Complete	OZ078041.1	18120087	18121299	+	376.5	236
166689at7041	Complete	OZ078032.1	34799734	34795421	-	653.0	438
166708at7041	Complete	OZ078032.1	2051734	2055179	+	792.4	432
166712at7041	Complete	OZ078036.1	28900300	28898943	-	381.2	241
166713at7041	Complete	OZ078033.1	22082036	22085102	+	755.1	570
166715at7041	Complete	OZ078025.1	15725027	15715966	-	1029.3	656
166721at7041	Complete	OZ078036.1	19893924	19896950	+	1308.0	733
166727at7041	Complete	OZ078035.1	16960389	16961900	+	542.8	293
166732at7041	Complete	OZ078038.1	8853157	8851866	-	584.2	387
166735at7041	Complete	OZ078036.1	20593727	20596230	+	803.4	488
166740at7041	Complete	OZ078039.1	24326852	24325552	-	517.5	293
166743at7041	Complete	OZ078026.1	31246575	31247399	+	282.5	234
166748at7041	Complete	OZ078036.1	26941393	26940544	-	237.7	135
166753at7041	Complete	OZ078042.1	16888217	16889551	+	594.5	309
166774at7041	Complete	OZ078030.1	16639402	16643744	+	661.1	310
166776at7041	Complete	OZ078032.1	34609918	34606981	-	1317.4	944
166780at7041	Complete	OZ078027.1	35653536	35654702	+	384.4	243
166785at7041	Complete	OZ078036.1	8814582	8818192	+	637.6	349
166789at7041	Complete	OZ078029.1	28783188	28782419	-	286.9	220
166791at7041	Complete	OZ078035.1	29776885	29779432	+	757.1	474
166792at7041	Duplicated	OZ078033.1	27867066	27863981	-	404.8	228
166792at7041	Duplicated	OZ078033.1	13020119	13026348	+	403.1	223
166796at7041	Complete	OZ078037.1	18550521	18551785	+	359.4	177
166801at7041	Complete	OZ078029.1	18176450	18172933	-	1361.1	691
166804at7041	Complete	OZ078031.1	17638943	17639893	+	551.9	309
166808at7041	Complete	OZ078032.1	22289464	22283027	-	793.0	384
166809at7041	Complete	OZ078026.1	29766708	29780518	+	2059.2	1484
166818at7041	Complete	OZ078032.1	25321762	25328152	+	331.1	257
166823at7041	Complete	OZ078029.1	16507576	16508119	+	263.1	124
166836at7041	Complete	OZ078032.1	18961716	18962428	+	321.0	143
166843at7041	Complete	OZ078029.1	26086222	26085618	-	246.9	158
166850at7041	Complete	OZ078027.1	8678948	8677001	-	183.0	117
166852at7041	Complete	OZ078032.1	18942470	18950620	+	2224.3	1468
166859at7041	Complete	OZ078041.1	12970664	12969278	-	469.7	273
166869at7041	Complete	OZ078028.1	18150635	18147322	-	333.2	176
166871at7041	Complete	OZ078037.1	18553507	18552247	-	480.0	406
166872at7041	Complete	OZ078025.1	9737506	9751077	+	333.1	158
166886at7041	Complete	OZ078029.1	14388127	14388893	+	325.0	185
166890at7041	Complete	OZ078027.1	31112693	31116359	+	356.2	244
166892at7041	Complete	OZ078029.1	28561220	28560340	-	543.6	252
166894at7041	Complete	OZ078026.1	35946103	35945003	-	830.9	358
166898at7041	Complete	OZ078036.1	8689034	8692937	+	292.5	175
166903at7041	Complete	OZ078027.1	8718662	8730315	+	744.9	419
166906at7041	Complete	OZ078039.1	22929801	22933855	+	462.5	268
166907at7041	Complete	OZ078041.1	12015910	12014658	-	348.9	245
166914at7041	Complete	OZ078037.1	13649241	13641174	-	396.0	220
166920at7041	Complete	OZ078036.1	28650372	28648259	-	716.5	530
166921at7041	Complete	OZ078031.1	28541364	28558157	+	797.4	548
166942at7041	Complete	OZ078030.1	37953917	37951436	-	1239.5	693
166946at7041	Complete	OZ078031.1	14244054	14242734	-	142.4	124
166947at7041	Complete	OZ078030.1	36457241	36458543	+	526.6	311
166957at7041	Complete	OZ078032.1	34928555	34925689	-	999.2	649
166968at7041	Complete	OZ078030.1	30016698	30010998	-	1100.0	624
166978at7041	Complete	OZ078040.1	22836062	22845049	+	1686.9	1217
166982at7041	Complete	OZ078026.1	36764826	36574320	-	1279.4	770
166984at7041	Complete	OZ078036.1	29299369	29296560	-	258.9	162
166993at7041	Complete	OZ078040.1	5561459	5526775	-	814.5	584
166996at7041	Complete	OZ078040.1	22884551	22887348	+	1327.3	729
167000at7041	Complete	OZ078036.1	15569909	15566195	-	1414.1	730
167002at7041	Complete	OZ078035.1	22796690	22794099	-	301.5	212
167005at7041	Complete	OZ078037.1	24524974	24525828	+	371.6	245
167013at7041	Complete	OZ078036.1	30082029	30085414	+	530.7	385
167019at7041	Complete	OZ078036.1	29321229	29322415	+	307.9	226
167022at7041	Complete	OZ078041.1	10797910	10794921	-	874.7	486
167025at7041	Complete	OZ078032.1	34307852	34306580	-	315.1	204
167027at7041	Complete	OZ078029.1	35054174	35055589	+	520.5	310
167043at7041	Complete	OZ078041.1	12023488	12027721	+	792.1	475
167048at7041	Fragmented	OZ078026.1	87296	86664	-	300.9	150
167054at7041	Complete	OZ078040.1	14569152	14567339	-	626.3	326
167057at7041	Complete	OZ078030.1	28238910	28242408	+	687.4	442
167070at7041	Complete	OZ078040.1	5320390	5321214	+	249.9	215
167072at7041	Complete	OZ078036.1	20800221	20801738	+	359.7	302
167088at7041	Complete	OZ078036.1	20338124	20556321	+	823.0	467
167104at7041	Complete	OZ078033.1	907932	920701	+	679.7	389
167121at7041	Complete	OZ078031.1	17666895	17664916	-	564.3	364
167127at7041	Complete	OZ078039.1	16531064	16525872	-	1077.5	658
167130at7041	Complete	OZ078035.1	23634175	23613415	-	3470.7	1972
167150at7041	Complete	OZ078042.1	16083861	16130271	+	483.4	289
167160at7041	Complete	OZ078027.1	34772453	34767094	-	1612.9	953
167161at7041	Complete	OZ078037.1	21773611	21772505	-	603.6	342
167164at7041	Complete	OZ078042.1	11199343	11206673	+	627.4	414
167177at7041	Complete	OZ078034.1	20119828	20120645	+	450.0	248
167178at7041	Complete	OZ078034.1	22512259	22511036	-	480.4	254
167183at7041	Complete	OZ078031.1	27036095	27034242	-	1075.1	512
167184at7041	Complete	OZ078035.1	20721872	20711835	-	1405.4	747
167195at7041	Complete	OZ078033.1	31384158	31383145	-	419.7	247
167197at7041	Complete	OZ078038.1	7870790	7871939	+	512.9	300
167205at7041	Complete	OZ078040.1	18207084	18204816	-	732.3	448
167216at7041	Complete	OZ078035.1	21778951	21779832	+	428.4	276
167243at7041	Complete	OZ078031.1	19039217	19039732	+	195.4	127
167247at7041	Complete	OZ078039.1	21746956	21744321	-	707.3	415
167251at7041	Complete	OZ078032.1	31760011	31754720	-	1941.7	1213
167280at7041	Complete	OZ078036.1	23825587	23827340	+	511.5	396
167293at7041	Complete	OZ078027.1	35547076	35540248	-	673.3	402
167294at7041	Complete	OZ078039.1	16197297	16216394	+	2046.0	970
167296at7041	Complete	OZ078036.1	28083005	28071383	-	874.8	450
167302at7041	Complete	OZ078040.1	11003944	10992992	-	1208.1	629
167304at7041	Complete	OZ078025.1	17785017	17765895	-	1232.7	674
167308at7041	Complete	OZ078029.1	24447545	24446599	-	400.9	250
167324at7041	Complete	OZ078038.1	2100163	2145682	+	336.8	135
167332at7041	Complete	OZ078028.1	25130472	25128507	-	881.6	528
167336at7041	Complete	OZ078040.1	6264923	6268167	+	1158.4	593
167337at7041	Complete	OZ078041.1	11588542	11589434	+	196.4	130
167356at7041	Complete	OZ078027.1	32009863	32006973	-	576.6	381
167357at7041	Complete	OZ078026.1	39157827	39162484	+	1669.7	1347
167358at7041	Complete	OZ078028.1	15986453	15988595	+	581.0	392
167365at7041	Complete	OZ078037.1	18586022	18581407	-	1176.6	749
167373at7041	Complete	OZ078027.1	32034324	32046920	+	1839.7	1079
167386at7041	Complete	OZ078031.1	26480075	26483294	+	576.9	447
167408at7041	Complete	OZ078031.1	24662670	24741328	+	756.1	431
167410at7041	Complete	OZ078033.1	32419622	32422586	+	1454.1	656
167411at7041	Complete	OZ078030.1	35020583	35023685	+	649.2	421
167418at7041	Complete	OZ078036.1	24601574	24602668	+	455.0	297
167419at7041	Complete	OZ078028.1	25005955	25004081	-	900.3	433
167429at7041	Complete	OZ078036.1	25466275	25467944	+	589.7	348
167431at7041	Complete	OZ078027.1	11163631	11164012	+	157.7	106
167432at7041	Complete	OZ078026.1	26510420	26498972	-	2083.0	1260
167438at7041	Complete	OZ078035.1	29759192	29760583	+	383.7	215
167439at7041	Complete	OZ078037.1	28444300	28444897	+	274.0	164
167440at7041	Complete	OZ078026.1	40331514	40329519	-	888.2	477
167449at7041	Complete	OZ078037.1	25039281	25033892	-	375.1	270
167456at7041	Complete	OZ078026.1	1146030	1156391	+	1702.4	1018
167459at7041	Complete	OZ078028.1	31845624	31843383	-	795.8	483
167473at7041	Complete	OZ078036.1	23036105	23034037	-	318.6	222
167478at7041	Complete	OZ078037.1	21765041	21763834	-	539.3	294
167479at7041	Complete	OZ078034.1	25310084	25309251	-	402.4	227
167507at7041	Complete	OZ078025.1	24692836	24690331	-	1107.7	647
167520at7041	Complete	OZ078032.1	27572972	27587060	+	1962.1	1169
167533at7041	Complete	OZ078034.1	30528308	30527709	-	193.3	167
167546at7041	Complete	OZ078032.1	463369	461368	-	490.8	320
167547at7041	Complete	OZ078035.1	14569267	14571550	+	908.8	497
167559at7041	Complete	OZ078037.1	20345445	20251552	-	848.0	525
167563at7041	Complete	OZ078027.1	27411564	27395542	-	475.5	274
167571at7041	Complete	OZ078029.1	37708397	37709747	+	487.0	361
167574at7041	Complete	OZ078029.1	28415149	28410616	-	1279.0	857
167582at7041	Complete	OZ078031.1	253566	291133	+	2878.0	1490
167585at7041	Complete	OZ078034.1	29944630	29942956	-	444.8	309
167588at7041	Complete	OZ078037.1	27979503	27977419	-	739.9	504
167591at7041	Complete	OZ078026.1	2934611	2917425	-	1036.6	559
167598at7041	Complete	OZ078030.1	27191614	27192549	+	403.8	232
167606at7041	Complete	OZ078028.1	14183732	14187797	+	1810.8	1211
167618at7041	Complete	OZ078029.1	38177567	38181372	+	1177.4	772
167624at7041	Complete	OZ078030.1	26355997	26501677	+	1006.1	600
167645at7041	Complete	OZ078040.1	5791930	5790847	-	474.8	288
167654at7041	Complete	OZ078031.1	17741944	17740673	-	731.6	359
167658at7041	Complete	OZ078027.1	31961287	31960116	-	485.0	288
167659at7041	Complete	OZ078032.1	9460322	9463536	+	1467.2	757
167660at7041	Complete	OZ078031.1	23057377	23060068	+	524.0	379
167663at7041	Complete	OZ078027.1	38566028	38560560	-	531.5	384
167664at7041	Complete	OZ078029.1	26922981	26921520	-	495.2	294
167667at7041	Complete	OZ078028.1	18189137	18189835	+	448.1	213
167672at7041	Complete	OZ078038.1	18623216	18592652	-	2365.5	1469
167675at7041	Complete	OZ078026.1	13576738	13575772	-	411.7	250
167677at7041	Complete	OZ078028.1	29079762	29081329	+	613.0	338
167678at7041	Complete	OZ078039.1	17489633	17490100	+	270.2	145
167682at7041	Complete	OZ078032.1	19381527	19384209	+	645.1	655
167683at7041	Complete	OZ078027.1	16131950	16150212	+	669.8	562
167688at7041	Complete	OZ078026.1	19672878	19727441	+	801.4	372
167691at7041	Complete	OZ078030.1	27653400	27650995	-	1428.2	704
167692at7041	Complete	OZ078025.1	44397152	44398661	+	511.2	333
167701at7041	Complete	OZ078035.1	26040993	26056713	+	748.6	588
167705at7041	Complete	OZ078032.1	5033239	4984944	-	1044.3	807
167707at7041	Complete	OZ078033.1	17886572	17888241	+	506.4	307
167709at7041	Complete	OZ078038.1	7987082	7994825	+	1168.9	684
167710at7041	Complete	OZ078037.1	1552802	1543842	-	825.6	510
167713at7041	Complete	OZ078039.1	17643068	17640315	-	542.2	334
167715at7041	Complete	OZ078033.1	29422534	29443080	+	510.3	313
167726at7041	Complete	OZ078035.1	21364029	21366762	+	711.8	369
167736at7041	Complete	OZ078030.1	37428	36418	-	423.3	237
167742at7041	Complete	OZ078029.1	35161622	35161980	+	127.6	91
167758at7041	Complete	OZ078032.1	12657050	12653131	-	917.1	566
167765at7041	Complete	OZ078041.1	12815600	12818004	+	616.3	412
167781at7041	Complete	OZ078042.1	16947928	16941423	-	1302.9	675
167786at7041	Complete	OZ078040.1	5094001	5095498	+	504.3	287
167789at7041	Complete	OZ078034.1	28639603	28630597	-	886.2	429
167795at7041	Complete	OZ078036.1	26607550	26606468	-	277.4	196
167796at7041	Complete	OZ078037.1	20945395	20946598	+	278.6	158
167797at7041	Complete	OZ078038.1	16288782	16272585	-	703.4	382
167798at7041	Complete	OZ078036.1	8965494	8961630	-	908.5	430
167807at7041	Complete	OZ078029.1	25357658	25362170	+	195.4	109
167817at7041	Complete	OZ078028.1	30895964	30899060	+	822.1	474
167819at7041	Complete	OZ078027.1	33488385	33486811	-	555.6	356
167820at7041	Complete	OZ078035.1	26694136	26691834	-	543.3	393
167827at7041	Complete	OZ078035.1	9490974	9489059	-	273.9	216
167839at7041	Complete	OZ078030.1	12138482	12147197	+	1031.5	783
167843at7041	Complete	OZ078040.1	8445353	8468652	+	2351.3	1254
167851at7041	Complete	OZ078032.1	24838893	24836624	-	613.7	389
167873at7041	Complete	OZ078036.1	19955580	19957586	+	690.2	479
167882at7041	Complete	OZ078036.1	23684655	23707493	+	640.6	360
167888at7041	Complete	OZ078031.1	31042628	31041518	-	407.8	262
167897at7041	Complete	OZ078037.1	104926	149827	+	1011.2	552
167902at7041	Complete	OZ078034.1	31383724	31388286	+	1393.8	661
167915at7041	Complete	OZ078038.1	493774	492893	-	406.2	257
167919at7041	Complete	OZ078033.1	6600148	6596698	-	489.0	287
167922at7041	Complete	OZ078036.1	17892126	17898876	+	1798.8	1040
167928at7041	Complete	OZ078035.1	26618830	26622458	+	495.2	277
167930at7041	Complete	OZ078036.1	12592143	12592816	+	295.5	163
167935at7041	Complete	OZ078039.1	21905231	21906592	+	658.8	343
167944at7041	Complete	OZ078025.1	42132096	42140956	+	1243.0	627
167954at7041	Complete	OZ078035.1	1932751	1932030	-	205.4	158
167956at7041	Complete	OZ078039.1	13446692	13447880	+	338.5	210
167960at7041	Complete	OZ078040.1	15889151	15885657	-	1111.6	541
167968at7041	Fragmented	OZ078040.1	15217167	15214332	-	274.3	242
167976at7041	Complete	OZ078026.1	34723106	34677964	-	753.2	419
167988at7041	Complete	OZ078037.1	26097142	26091941	-	236.8	122
167994at7041	Complete	OZ078029.1	35138416	35132729	-	832.2	661
167997at7041	Complete	OZ078040.1	18202821	18203442	+	209.1	128
168003at7041	Complete	OZ078031.1	24654384	24653876	-	203.0	115
168008at7041	Complete	OZ078027.1	2072616	2069526	-	857.1	490
168012at7041	Complete	OZ078026.1	19463220	19475137	+	360.3	205
168013at7041	Complete	OZ078030.1	36728125	36727422	-	365.3	193
168015at7041	Complete	OZ078036.1	23589965	23588263	-	623.0	435
168018at7041	Complete	OZ078037.1	28077743	28076571	-	645.5	343
168019at7041	Complete	OZ078026.1	40038765	40042221	+	549.9	351
168023at7041	Complete	OZ078034.1	22432778	22432025	-	250.3	190
168025at7041	Complete	OZ078030.1	27303	28332	+	518.6	262
168028at7041	Complete	OZ078029.1	2955187	2967829	+	608.9	334
168032at7041	Complete	OZ078026.1	34128903	34130258	+	507.3	304
168034at7041	Complete	OZ078036.1	17230719	17227657	-	366.0	200
168053at7041	Complete	OZ078027.1	7468373	7472833	+	718.3	499
168059at7041	Complete	OZ078037.1	18532567	18536720	+	714.0	462
168063at7041	Complete	OZ078033.1	7724621	7751790	+	163.8	104
168065at7041	Complete	OZ078036.1	15570471	15571459	+	267.0	170
168068at7041	Complete	OZ078036.1	26411320	26413209	+	823.1	453
168074at7041	Complete	OZ078027.1	40167836	40166178	-	436.8	234
168076at7041	Complete	OZ078038.1	5065837	5061716	-	461.3	262
168081at7041	Complete	OZ078027.1	32830951	32824923	-	945.2	711
168091at7041	Complete	OZ078033.1	31216241	31211229	-	837.8	407
168092at7041	Complete	OZ078035.1	14406874	14380429	-	270.0	188
168104at7041	Complete	OZ078036.1	12373121	12372214	-	324.4	238
168131at7041	Complete	OZ078040.1	5351417	5349752	-	793.0	433
168152at7041	Complete	OZ078031.1	29438784	29440645	+	504.3	305
168164at7041	Complete	OZ078028.1	26463766	26465632	+	612.2	457
168166at7041	Complete	OZ078026.1	30030487	30034979	+	1238.2	696
168171at7041	Duplicated	OZ078025.1	28602825	28515605	-	388.8	223
168171at7041	Duplicated	OZ078025.1	29101440	29073981	-	378.3	220
168183at7041	Complete	OZ078035.1	19926294	19986840	+	915.7	567
168209at7041	Complete	OZ078028.1	34635666	34753530	+	456.3	238
168223at7041	Complete	OZ078036.1	29855196	29857637	+	676.7	374
168229at7041	Complete	OZ078029.1	24651614	24616650	-	4117.8	2241
168232at7041	Complete	OZ078036.1	4338662	4337128	-	685.4	390
168236at7041	Complete	OZ078037.1	18275032	18245607	-	188.1	129
168238at7041	Complete	OZ078030.1	4580383	4559712	-	400.1	254
168243at7041	Complete	OZ078027.1	32519844	32622101	+	364.7	196
168244at7041	Complete	OZ078032.1	32365120	32444562	+	850.1	425
168245at7041	Complete	OZ078030.1	6986798	6985342	-	189.1	115
168253at7041	Complete	OZ078040.1	19663901	19676383	+	908.0	514
168274at7041	Complete	OZ078034.1	29601473	29602657	+	456.6	365
168275at7041	Complete	OZ078026.1	128960	129641	+	257.9	126
168286at7041	Complete	OZ078036.1	12555161	12555964	+	408.0	226
168288at7041	Complete	OZ078032.1	34486806	34483558	-	396.6	251
168292at7041	Complete	OZ078042.1	15712227	15717287	+	982.1	713
168294at7041	Complete	OZ078036.1	27020077	27019078	-	357.8	214
168298at7041	Complete	OZ078035.1	25243605	25237013	-	647.7	368
168299at7041	Complete	OZ078034.1	27929919	27934717	+	848.9	691
168303at7041	Complete	OZ078027.1	37263124	37255233	-	1104.2	916
168304at7041	Complete	OZ078031.1	29399221	29397980	-	420.2	216
168306at7041	Complete	OZ078035.1	1900727	1901441	+	223.5	199
168307at7041	Complete	OZ078033.1	25437106	25438884	+	975.7	507
168313at7041	Complete	OZ078031.1	22447085	22660615	+	574.2	384
168324at7041	Complete	OZ078027.1	14488324	14490210	+	739.3	392
168331at7041	Complete	OZ078030.1	34495082	34493130	-	477.5	281
168332at7041	Complete	OZ078033.1	14638066	14641242	+	617.3	328
168351at7041	Complete	OZ078036.1	25979653	25982559	+	817.7	471
168352at7041	Complete	OZ078027.1	35734128	35729638	-	1200.7	798
168358at7041	Complete	OZ078032.1	37053	28612	-	982.6	624
168364at7041	Complete	OZ078026.1	37180690	37183379	+	627.6	460
168365at7041	Complete	OZ078034.1	21207625	21117633	-	1685.6	882
168366at7041	Complete	OZ078042.1	17207425	17208021	+	365.6	194
168370at7041	Complete	OZ078030.1	25229284	25225943	-	522.4	385
168375at7041	Complete	OZ078026.1	4405156	4488583	+	688.2	411
168389at7041	Complete	OZ078028.1	38031162	38028976	-	350.9	265
168392at7041	Complete	OZ078033.1	1348986	1350131	+	399.5	257
168396at7041	Complete	OZ078025.1	4682632	4678821	-	561.4	414
168406at7041	Complete	OZ078037.1	23198438	23258544	+	532.2	299
168418at7041	Complete	OZ078027.1	28252294	28262701	+	1322.3	768
168424at7041	Complete	OZ078033.1	22026569	22025682	-	401.5	263
168426at7041	Complete	OZ078032.1	106585	108297	+	140.7	83
168433at7041	Complete	OZ078028.1	31592153	31594352	+	633.5	434
168456at7041	Complete	OZ078034.1	21048272	21050525	+	504.5	288
168457at7041	Complete	OZ078037.1	19278785	19281758	+	843.7	537
168458at7041	Complete	OZ078036.1	23549513	23535998	-	1570.3	1077
168460at7041	Complete	OZ078028.1	39036817	39034529	-	478.2	305
168462at7041	Complete	OZ078036.1	19197806	19194211	-	795.9	624
168464at7041	Complete	OZ078032.1	32344915	32327009	-	1183.2	732
168465at7041	Complete	OZ078031.1	9910909	9909263	-	704.4	420
168466at7041	Complete	OZ078031.1	25994216	25996640	+	482.5	296
168468at7041	Complete	OZ078034.1	29981727	29984010	+	389.5	371
168477at7041	Complete	OZ078027.1	31047660	31046256	-	678.6	440
168487at7041	Complete	OZ078028.1	38453972	38409240	-	3390.7	1767
168493at7041	Complete	OZ078036.1	23533608	23527243	-	1226.9	668
168501at7041	Complete	OZ078025.1	12477813	12507459	+	1356.6	845
168502at7041	Complete	OZ078027.1	33056806	33057915	+	557.2	367
168503at7041	Complete	OZ078039.1	17204437	17202457	-	465.6	329
168504at7041	Complete	OZ078035.1	17634128	17656227	+	1781.2	896
168507at7041	Complete	OZ078041.1	17815481	17821875	+	378.3	218
168523at7041	Complete	OZ078036.1	12370598	12368485	-	649.5	434
168525at7041	Complete	OZ078033.1	26339758	26341700	+	618.2	411
168527at7041	Complete	OZ078038.1	17653034	17658158	+	764.4	502
168529at7041	Complete	OZ078038.1	7936611	7939385	+	1054.0	704
168533at7041	Complete	OZ078033.1	31367432	31374654	+	655.0	430
168543at7041	Complete	OZ078025.1	42327657	42325963	-	652.3	442
168547at7041	Complete	OZ078030.1	36461742	36458423	-	1028.5	806
168584at7041	Complete	OZ078028.1	37140136	37141416	+	118.5	116
168592at7041	Complete	OZ078036.1	19154325	19143394	-	551.2	316
168599at7041	Complete	OZ078036.1	7784903	7785658	+	340.9	269
168605at7041	Complete	OZ078026.1	37206790	37222392	+	939.3	791
168612at7041	Fragmented	OZ078039.1	18636892	18627522	-	201.8	106
168614at7041	Complete	OZ078035.1	16930653	16933350	+	684.5	383
168626at7041	Complete	OZ078041.1	15171375	15177960	+	810.1	483
168628at7041	Complete	OZ078040.1	22834091	22832787	-	381.0	262
168630at7041	Complete	OZ078027.1	30704787	30706598	+	340.7	251
168631at7041	Complete	OZ078026.1	34175006	34179842	+	783.1	430
168632at7041	Complete	OZ078030.1	37637749	37637096	-	196.3	161
168635at7041	Complete	OZ078039.1	8274987	8282673	+	802.2	573
168654at7041	Complete	OZ078028.1	38376862	38380022	+	1626.5	842
168661at7041	Complete	OZ078031.1	20092685	20094444	+	585.8	293
168663at7041	Complete	OZ078025.1	38193953	38192949	-	228.9	233
168668at7041	Complete	OZ078033.1	31905921	31907613	+	205.1	215
168672at7041	Complete	OZ078038.1	8861742	8868030	+	660.9	661
168673at7041	Complete	OZ078027.1	6217885	6223378	+	517.3	309
168676at7041	Complete	OZ078035.1	11368406	11367623	-	275.1	156
168678at7041	Complete	OZ078031.1	36180761	36178897	-	433.5	204
168679at7041	Complete	OZ078033.1	7785177	7803363	+	423.8	224
168688at7041	Complete	OZ078035.1	26614688	26614120	-	212.0	134
168691at7041	Fragmented	OZ078036.1	29593845	29591433	-	504.0	411
168692at7041	Complete	OZ078041.1	11827668	11826082	-	338.9	238
168726at7041	Complete	OZ078039.1	10706231	10703107	-	582.9	521
168738at7041	Complete	OZ078040.1	4729454	4728546	-	498.0	248
168740at7041	Complete	OZ078034.1	28310905	28317016	+	530.1	319
168743at7041	Complete	OZ078026.1	38335301	38333538	-	615.1	509
168746at7041	Complete	OZ078026.1	9870696	9875515	+	310.4	163
168749at7041	Complete	OZ078035.1	22001780	22000280	-	479.4	328
168752at7041	Complete	OZ078025.1	29975538	29977342	+	484.6	311
168753at7041	Complete	OZ078025.1	44737583	44854295	+	624.9	330
168756at7041	Complete	OZ078034.1	25525325	25562126	+	841.7	437
168770at7041	Complete	OZ078028.1	16770718	16678151	-	1742.2	1096
168776at7041	Complete	OZ078035.1	23661017	23658184	-	768.1	444
168778at7041	Complete	OZ078032.1	4040655	4048220	+	808.5	584
168779at7041	Complete	OZ078032.1	5633157	5563315	-	452.1	271
168783at7041	Complete	OZ078027.1	35250917	35252569	+	168.4	184
168791at7041	Complete	OZ078032.1	9665163	9661613	-	611.3	562
168797at7041	Complete	OZ078040.1	22504086	22501053	-	762.5	504
168801at7041	Complete	OZ078030.1	31108299	31039775	-	459.8	400
168814at7041	Complete	OZ078040.1	14831654	14838782	+	2717.1	1700
168816at7041	Complete	OZ078038.1	25391530	25405504	+	426.6	249
168817at7041	Complete	OZ078033.1	17496180	17522688	+	659.6	380
168819at7041	Complete	OZ078029.1	14482517	14483860	+	404.7	233
168838at7041	Complete	OZ078030.1	30017730	30021911	+	1655.8	949
168844at7041	Complete	OZ078038.1	26188184	26188754	+	229.7	158
168849at7041	Complete	OZ078028.1	34558862	34562585	+	914.8	589
168853at7041	Complete	OZ078027.1	15810113	15829266	+	313.3	275
168857at7041	Complete	OZ078025.1	32877963	32880961	+	958.8	644
168859at7041	Complete	OZ078033.1	10479861	10478611	-	259.2	179
168862at7041	Complete	OZ078025.1	24573057	24584820	+	207.5	159
168867at7041	Complete	OZ078029.1	32574168	32571631	-	780.3	511
168873at7041	Complete	OZ078034.1	29709038	29713982	+	942.7	632
168874at7041	Complete	OZ078036.1	7725627	7724564	-	238.7	121
168878at7041	Complete	OZ078028.1	36663916	36669673	+	1722.7	1049
168879at7041	Complete	OZ078037.1	23849932	23858984	+	1544.1	990
168883at7041	Complete	OZ078036.1	29607681	29609487	+	806.4	393
168889at7041	Complete	OZ078040.1	9204277	9202829	-	254.0	379
168893at7041	Complete	OZ078040.1	5479098	5480971	+	353.7	171
168899at7041	Complete	OZ078037.1	21766241	21766915	+	347.2	217
168900at7041	Complete	OZ078025.1	39147645	39139683	-	1141.3	600
168904at7041	Complete	OZ078034.1	28392	27901	-	319.5	158
168909at7041	Complete	OZ078031.1	12715752	12711248	-	1113.7	654
168920at7041	Complete	OZ078026.1	24144718	24153960	+	746.4	441
168923at7041	Complete	OZ078026.1	36550623	36504555	-	286.4	195
168926at7041	Complete	OZ078025.1	4053770	4049080	-	820.9	442
168932at7041	Complete	OZ078040.1	23065526	23062119	-	1077.6	803
168936at7041	Complete	OZ078027.1	39751644	39748706	-	753.4	345
168941at7041	Complete	OZ078042.1	17138866	17136973	-	500.2	319
168959at7041	Complete	OZ078025.1	44390228	44391711	+	569.1	364
168962at7041	Complete	OZ078027.1	32286168	32284976	-	349.8	266
168963at7041	Complete	OZ078042.1	15737795	15749235	+	626.5	456
168978at7041	Fragmented	OZ078029.1	38144923	38152023	+	1013.2	541
168993at7041	Complete	OZ078025.1	29979883	29980748	+	389.7	186
169000at7041	Complete	OZ078036.1	15147412	15145177	-	643.8	379
169004at7041	Complete	OZ078032.1	31230849	31224284	-	547.0	546
169008at7041	Complete	OZ078036.1	29553601	29551808	-	419.9	409
169010at7041	Complete	OZ078027.1	5333158	5339952	+	1315.2	870
169013at7041	Duplicated	OZ078040.1	18392062	18382575	-	968.3	523
169013at7041	Duplicated	OZ078040.1	9690841	9688796	-	966.9	494
169014at7041	Complete	OZ078033.1	6822586	6826265	+	952.2	600
169025at7041	Complete	OZ078030.1	29908934	29910500	+	352.7	220
169027at7041	Complete	OZ078032.1	20501221	20497230	-	339.6	240
169030at7041	Complete	OZ078026.1	28319273	28321504	+	727.3	555
169034at7041	Complete	OZ078031.1	20228192	20223904	-	844.8	541
169035at7041	Fragmented	OZ078025.1	26736471	26737744	+	192.7	120
169036at7041	Complete	OZ078031.1	26530940	26532133	+	515.0	324
169051at7041	Complete	OZ078033.1	18871694	18872485	+	409.3	245
169058at7041	Complete	OZ078033.1	25516104	25604853	+	386.4	219
169062at7041	Complete	OZ078025.1	440250	409494	-	1877.9	1000
169083at7041	Complete	OZ078027.1	32432029	32439355	+	452.9	251
169095at7041	Complete	OZ078030.1	29894547	29891664	-	337.5	191
169105at7041	Complete	OZ078036.1	8864186	8868853	+	580.5	341
169106at7041	Complete	OZ078034.1	31706754	31705437	-	312.0	244
169108at7041	Complete	OZ078039.1	17229393	17228071	-	653.5	387
169114at7041	Complete	OZ078041.1	15646762	15644280	-	1123.2	596
169120at7041	Complete	OZ078027.1	30915367	30914305	-	456.7	279
169121at7041	Complete	OZ078037.1	17126741	17134451	+	727.9	524
169133at7041	Complete	OZ078036.1	20580060	20574726	-	1649.6	1152
169147at7041	Complete	OZ078027.1	14427149	14428492	+	534.0	372
169162at7041	Complete	OZ078027.1	34099251	34096404	-	448.2	294
169164at7041	Complete	OZ078028.1	13947740	13946052	-	832.0	484
169166at7041	Complete	OZ078032.1	17065799	17066641	+	212.0	186
169168at7041	Complete	OZ078029.1	23585248	23520637	-	1497.0	913
169174at7041	Complete	OZ078028.1	2197142	2163072	-	517.7	356
169175at7041	Complete	OZ078028.1	36497709	36478385	-	414.5	248
169177at7041	Complete	OZ078028.1	24816569	24817110	+	199.8	145
169179at7041	Complete	OZ078025.1	27003850	27002511	-	688.6	335
169181at7041	Complete	OZ078034.1	25722357	25724872	+	835.0	609
169184at7041	Complete	OZ078035.1	15602954	15583808	-	1261.3	853
169186at7041	Complete	OZ078026.1	38197161	38199024	+	208.9	179
169189at7041	Complete	OZ078034.1	26388392	26525528	+	630.4	353
169198at7041	Complete	OZ078040.1	22710764	22713069	+	406.1	511
169212at7041	Fragmented	OZ078030.1	33224412	33222419	-	483.2	250
169222at7041	Complete	OZ078031.1	31434798	31435875	+	362.1	198
169237at7041	Complete	OZ078032.1	20606831	20608412	+	806.2	369
169244at7041	Complete	OZ078033.1	18618257	18615745	-	352.3	253
169253at7041	Complete	OZ078036.1	5739735	5721225	-	783.4	524
169263at7041	Complete	OZ078038.1	16747433	16824015	+	1217.4	1023
169275at7041	Complete	OZ078029.1	18070181	18057151	-	775.6	576
169287at7041	Complete	OZ078027.1	17576128	17576829	+	291.8	176
169293at7041	Complete	OZ078025.1	1999526	2014582	+	186.0	134
169295at7041	Complete	OZ078032.1	49860	59814	+	869.7	624
169296at7041	Complete	OZ078033.1	31779499	31772596	-	698.8	479
169307at7041	Fragmented	OZ078033.1	29850782	29841233	-	506.3	270
169312at7041	Complete	OZ078026.1	1605482	1619417	+	764.8	541
169317at7041	Complete	OZ078029.1	32214037	32220617	+	1110.1	715
169319at7041	Complete	OZ078028.1	22536070	22533169	-	1042.2	638
169340at7041	Complete	OZ078041.1	18483277	18476595	-	328.4	274
169347at7041	Complete	OZ078026.1	38581713	38584571	+	609.8	419
169351at7041	Complete	OZ078038.1	26175230	26177598	+	639.7	552
169353at7041	Complete	OZ078027.1	668773	652928	-	615.7	640
169354at7041	Complete	OZ078027.1	36965640	36966458	+	257.0	153
169358at7041	Complete	OZ078042.1	14541698	14534044	-	390.4	223
169366at7041	Complete	OZ078028.1	39053495	39057367	+	584.5	364
169374at7041	Complete	OZ078030.1	35076185	35115598	+	796.9	591
169399at7041	Complete	OZ078039.1	22938539	22952141	+	876.7	574
169408at7041	Complete	OZ078036.1	15609341	15606573	-	479.2	351
169420at7041	Complete	OZ078034.1	30207788	30205414	-	584.4	292
169423at7041	Complete	OZ078040.1	19725692	19718415	-	1031.6	1377
169425at7041	Complete	OZ078041.1	10459777	10439199	-	421.2	370
169432at7041	Complete	OZ078036.1	29102382	29101330	-	347.7	223
169441at7041	Complete	OZ078028.1	37759740	37757348	-	237.6	184
169461at7041	Complete	OZ078037.1	28446170	28445235	-	206.2	238
169477at7041	Complete	OZ078036.1	28248404	28246570	-	182.0	202
169482at7041	Complete	OZ078040.1	21100246	21098804	-	588.6	406
169485at7041	Complete	OZ078028.1	18150295	18150780	+	125.8	87
169488at7041	Complete	OZ078038.1	13834680	13836137	+	669.6	470
169494at7041	Complete	OZ078037.1	28054135	28053046	-	348.1	225
169495at7041	Complete	OZ078030.1	28906763	28912022	+	310.1	230
169503at7041	Complete	OZ078039.1	18728046	18714559	-	2702.2	1703
169504at7041	Complete	OZ078031.1	483720	486118	+	561.6	311
169523at7041	Complete	OZ078039.1	7792334	7806805	+	778.3	509
169524at7041	Complete	OZ078032.1	18988325	18986112	-	348.1	279
169538at7041	Complete	OZ078027.1	36949315	36960597	+	426.9	323
169547at7041	Complete	OZ078040.1	19022926	19031278	+	627.3	360
169550at7041	Complete	OZ078042.1	16470011	16465672	-	654.4	376
169568at7041	Complete	OZ078030.1	9886855	9883490	-	1200.8	785
169569at7041	Complete	OZ078035.1	11856428	11861782	+	1728.6	1117
169579at7041	Complete	OZ078033.1	14588153	14586332	-	360.9	209
169607at7041	Complete	OZ078027.1	20285262	20289622	+	1218.2	756
169629at7041	Complete	OZ078041.1	15159980	15135615	-	477.9	327
169639at7041	Complete	OZ078038.1	21864068	21862604	-	139.8	141
169644at7041	Complete	OZ078038.1	25390975	25389933	-	169.0	111
169648at7041	Complete	OZ078034.1	20098239	19906413	-	1485.9	1057
169651at7041	Complete	OZ078030.1	34506409	34511268	+	1077.6	718
169662at7041	Complete	OZ078041.1	9645429	9709634	+	458.6	271
169668at7041	Complete	OZ078025.1	26791885	26795059	+	976.3	619
169677at7041	Complete	OZ078030.1	35070322	35067648	-	1013.4	598
169678at7041	Complete	OZ078036.1	29953268	29955814	+	598.2	495
169679at7041	Complete	OZ078038.1	23969653	23970349	+	110.7	106
169680at7041	Complete	OZ078032.1	31765283	31768462	+	1201.6	717
169690at7041	Complete	OZ078028.1	20941586	20944032	+	511.1	319
169692at7041	Complete	OZ078028.1	33596152	33511254	-	494.9	283
169698at7041	Complete	OZ078040.1	19687761	19691962	+	1284.5	920
169701at7041	Complete	OZ078028.1	27044042	27044588	+	255.1	163
169706at7041	Complete	OZ078029.1	20875473	20872165	-	814.5	578
169710at7041	Complete	OZ078029.1	16061451	16064163	+	531.1	327
169716at7041	Complete	OZ078030.1	35066529	35065667	-	193.2	110
169718at7041	Complete	OZ078037.1	23891485	23892087	+	118.4	169
169722at7041	Complete	OZ078029.1	33630761	33633040	+	577.9	361
169725at7041	Complete	OZ078042.1	17231307	17229862	-	556.8	321
169726at7041	Complete	OZ078038.1	26372588	26375867	+	794.6	546
169732at7041	Complete	OZ078028.1	33902571	33904889	+	416.4	250
169747at7041	Complete	OZ078037.1	24059123	24062581	+	984.3	588
169758at7041	Complete	OZ078033.1	32583645	32626127	+	674.9	420
169764at7041	Complete	OZ078030.1	5970821	5965733	-	881.1	485
169768at7041	Complete	OZ078032.1	477727	480905	+	535.6	363
169773at7041	Complete	OZ078031.1	33551384	33524133	-	432.4	218
169776at7041	Complete	OZ078026.1	8583945	8538991	-	1305.0	852
169782at7041	Complete	OZ078035.1	673934	647289	-	1319.2	1030
169788at7041	Complete	OZ078031.1	14718830	14705145	-	566.3	460
169789at7041	Complete	OZ078028.1	15518412	15519569	+	416.8	324
169790at7041	Complete	OZ078028.1	12442475	12465814	+	536.8	317
169793at7041	Complete	OZ078028.1	36812520	36816738	+	775.7	447
169794at7041	Complete	OZ078025.1	4138617	4130339	-	618.6	433
169803at7041	Complete	OZ078026.1	37290063	37286908	-	432.2	290
169809at7041	Complete	OZ078030.1	86993	85967	-	306.9	207
169813at7041	Complete	OZ078035.1	22856224	22855397	-	299.5	204
169818at7041	Complete	OZ078029.1	37988762	37990048	+	464.3	261
169824at7041	Complete	OZ078028.1	39136979	39135384	-	419.4	249
169840at7041	Complete	OZ078026.1	38147683	38149094	+	435.8	328
169860at7041	Complete	OZ078035.1	20705471	20703633	-	192.4	157
169865at7041	Complete	OZ078031.1	17709856	17708088	-	623.1	369
169876at7041	Complete	OZ078032.1	391603	381891	-	1073.5	720
169885at7041	Complete	OZ078036.1	30005883	30042594	+	325.4	213
169890at7041	Complete	OZ078028.1	27054811	27050675	-	913.5	595
169892at7041	Complete	OZ078037.1	2202863	2200507	-	702.3	413
169895at7041	Complete	OZ078037.1	20398119	20387920	-	594.8	394
169899at7041	Complete	OZ078034.1	28289485	28269063	-	544.8	359
169905at7041	Complete	OZ078026.1	38656906	38658017	+	279.9	233
169920at7041	Complete	OZ078037.1	20758259	20760232	+	669.6	339
169921at7041	Complete	OZ078036.1	8114677	8096033	-	1052.3	764
169926at7041	Complete	OZ078033.1	9710214	9713554	+	520.6	471
169932at7041	Complete	OZ078036.1	23525584	23526000	+	196.0	131
169933at7041	Complete	OZ078033.1	32076766	32077862	+	268.2	182
169935at7041	Complete	OZ078037.1	17151347	17152954	+	496.9	416
169936at7041	Complete	OZ078026.1	83936	84972	+	337.1	249
169942at7041	Complete	OZ078041.1	17987493	17993047	+	1176.3	920
169954at7041	Complete	OZ078033.1	9982909	9987547	+	857.0	529
169959at7041	Complete	OZ078031.1	36932664	36933600	+	322.3	215
169972at7041	Complete	OZ078032.1	34178664	34176060	-	393.5	252
169983at7041	Complete	OZ078027.1	36281324	36278619	-	338.2	229
169992at7041	Complete	OZ078027.1	33839428	33741288	-	86.6	79
170000at7041	Complete	OZ078034.1	31280083	31278511	-	307.2	191
170006at7041	Complete	OZ078027.1	23621955	23621029	-	310.7	211
170013at7041	Complete	OZ078041.1	15674988	15674227	-	273.8	190
170026at7041	Complete	OZ078032.1	20503025	20505971	+	180.3	254
170027at7041	Complete	OZ078032.1	92535	96632	+	1329.0	617
170038at7041	Complete	OZ078036.1	3269491	3265443	-	1022.6	718
170046at7041	Complete	OZ078033.1	31295816	31290254	-	1049.2	689
170050at7041	Complete	OZ078028.1	33735495	33733882	-	246.1	150
170061at7041	Complete	OZ078037.1	1433124	1433747	+	182.7	166
170073at7041	Complete	OZ078030.1	25223374	25226447	+	636.8	433
170074at7041	Complete	OZ078039.1	15746878	15869851	+	745.5	450
170076at7041	Complete	OZ078026.1	15589159	15587297	-	423.3	285
170085at7041	Complete	OZ078025.1	34873086	34877532	+	1010.8	740
170092at7041	Complete	OZ078036.1	28686682	28685095	-	270.8	237
170104at7041	Complete	OZ078040.1	19910901	19845428	-	397.0	191
170116at7041	Complete	OZ078035.1	10232791	10228713	-	919.1	846
170129at7041	Complete	OZ078026.1	35583489	35589056	+	310.5	270
170133at7041	Complete	OZ078030.1	3297375	3299209	+	246.7	204
170136at7041	Fragmented	OZ078028.1	35428940	35427433	-	380.4	294
170142at7041	Complete	OZ078030.1	9163940	9169609	+	520.6	552
170151at7041	Complete	OZ078027.1	5858416	5866053	+	1126.8	940
170155at7041	Complete	OZ078033.1	17065283	17059257	-	865.0	609
170165at7041	Complete	OZ078028.1	21112868	21111897	-	487.4	299
170166at7041	Complete	OZ078032.1	21080723	21081451	+	345.7	240
170191at7041	Complete	OZ078030.1	30451739	30453331	+	466.1	356
170197at7041	Complete	OZ078031.1	20640311	20638956	-	408.4	325
170218at7041	Complete	OZ078027.1	33458637	33460112	+	298.8	316
170222at7041	Fragmented	OZ078025.1	3867386	3852421	-	1341.9	987
170223at7041	Complete	OZ078026.1	27387588	27384894	-	407.0	213
170229at7041	Complete	OZ078026.1	38482805	38480388	-	358.0	294
170248at7041	Complete	OZ078032.1	34829398	34837593	+	164.6	117
170254at7041	Complete	OZ078026.1	30862673	30856043	-	671.4	469
170255at7041	Complete	OZ078035.1	26968429	26978549	+	1411.8	1090
170257at7041	Complete	OZ078032.1	31243778	31241880	-	460.6	375
170258at7041	Complete	OZ078042.1	15837212	15849057	+	1049.9	822
170260at7041	Complete	OZ078039.1	24529685	24531641	+	338.6	282
170266at7041	Complete	OZ078035.1	705833	708190	+	674.9	551
170268at7041	Complete	OZ078037.1	27101023	27092997	-	901.7	435
170274at7041	Complete	OZ078040.1	21634182	21601841	-	394.9	178
170282at7041	Complete	OZ078031.1	33764497	33666337	-	826.8	610
170288at7041	Complete	OZ078041.1	15111263	15110511	-	334.2	218
170290at7041	Complete	OZ078038.1	18623947	18624972	+	309.1	262
170292at7041	Complete	OZ078033.1	28316396	28307713	-	539.0	383
170299at7041	Complete	OZ078037.1	27525180	27527843	+	234.1	211
170315at7041	Complete	OZ078035.1	22742957	22751111	+	1060.6	850
170330at7041	Complete	OZ078025.1	42378352	42381722	+	1056.1	623
170337at7041	Complete	OZ078028.1	27261530	27264480	+	592.8	575
170338at7041	Fragmented	OZ078030.1	28468540	28429436	-	399.7	296
170340at7041	Complete	OZ078041.1	18579937	18579200	-	274.0	222
170353at7041	Complete	OZ078025.1	41781554	41777302	-	530.5	362
170357at7041	Complete	OZ078027.1	10437416	10418651	-	672.1	475
170358at7041	Complete	OZ078039.1	17322967	17315335	-	637.3	706
170361at7041	Complete	OZ078033.1	7923726	7923149	-	275.7	145
170366at7041	Complete	OZ078029.1	25173841	25176294	+	349.8	300
170368at7041	Complete	OZ078035.1	25596003	25603937	+	503.9	440
170380at7041	Complete	OZ078029.1	37493721	37492918	-	268.2	163
170383at7041	Complete	OZ078027.1	32218539	32220864	+	535.1	461
170388at7041	Complete	OZ078028.1	20759779	20756562	-	783.6	660
170391at7041	Complete	OZ078035.1	14558205	14551881	-	796.6	654
170395at7041	Complete	OZ078025.1	39130200	39128859	-	314.9	358
170396at7041	Fragmented	OZ078033.1	5746193	5726031	-	267.0	140
170406at7041	Complete	OZ078025.1	26742996	26744414	+	382.6	286
170427at7041	Complete	OZ078030.1	34472702	34471818	-	285.5	192
170444at7041	Complete	OZ078026.1	667008	679570	+	592.1	408
170453at7041	Complete	OZ078033.1	28087096	28088339	+	286.6	175
170457at7041	Complete	OZ078028.1	31878374	31867656	-	560.0	384
170466at7041	Complete	OZ078030.1	27197321	27199890	+	323.7	254
170468at7041	Complete	OZ078029.1	2878199	2949884	+	236.7	208
170507at7041	Complete	OZ078042.1	17224260	17221893	-	328.0	311
170524at7041	Complete	OZ078025.1	33842694	33847350	+	343.3	208
170525at7041	Complete	OZ078034.1	29694800	29695495	+	171.4	101
170536at7041	Complete	OZ078038.1	8849288	8846733	-	389.3	324
170543at7041	Complete	OZ078029.1	23590335	23588504	-	298.3	227
170546at7041	Complete	OZ078036.1	18744323	18745540	+	132.0	147
170577at7041	Complete	OZ078026.1	35938067	35922521	-	1175.9	719
170582at7041	Complete	OZ078040.1	12802002	12799290	-	395.2	284
170585at7041	Complete	OZ078031.1	25624426	25628396	+	683.9	654
170597at7041	Complete	OZ078032.1	19497439	19501658	+	453.2	522
170598at7041	Complete	OZ078041.1	15789335	15755690	-	588.5	330
170609at7041	Complete	OZ078040.1	16600198	16616308	+	902.4	415
170632at7041	Complete	OZ078029.1	24441801	24446294	+	1308.8	791
170635at7041	Complete	OZ078025.1	14624089	14615739	-	542.3	338
170644at7041	Complete	OZ078039.1	8616696	8685821	+	1193.7	884
170647at7041	Complete	OZ078035.1	20063574	20060846	-	244.0	167
170664at7041	Complete	OZ078030.1	36896183	36898102	+	381.8	302
170673at7041	Complete	OZ078026.1	30708637	30709746	+	288.2	277
170676at7041	Complete	OZ078029.1	30237492	30242577	+	327.1	508
170679at7041	Complete	OZ078027.1	33017718	33019110	+	499.7	310
170680at7041	Complete	OZ078033.1	6667287	6662565	-	790.8	740
170681at7041	Complete	OZ078025.1	26605165	26612883	+	1483.3	1240
170685at7041	Complete	OZ078037.1	25557892	25558987	+	255.0	215
170686at7041	Complete	OZ078039.1	23243359	23246485	+	1003.1	718
170690at7041	Complete	OZ078026.1	33426896	33418842	-	824.2	583
170693at7041	Complete	OZ078036.1	29600047	29606137	+	909.3	661
170704at7041	Complete	OZ078039.1	8254225	8273152	+	518.8	362
170710at7041	Complete	OZ078030.1	9172034	9180485	+	244.2	193
170712at7041	Complete	OZ078041.1	17169259	17171599	+	494.4	374
170722at7041	Complete	OZ078027.1	34733598	34732234	-	267.2	173
170733at7041	Complete	OZ078040.1	6161583	6160025	-	301.8	352
170748at7041	Complete	OZ078032.1	5939551	5938910	-	293.2	203
170757at7041	Complete	OZ078036.1	26686873	26691685	+	590.6	630
170790at7041	Complete	OZ078037.1	25218351	25540463	+	441.5	272
170794at7041	Complete	OZ078041.1	15444582	15440548	-	436.5	560
170795at7041	Complete	OZ078028.1	18142852	18144415	+	114.4	179
170816at7041	Complete	OZ078025.1	8944582	8933955	-	438.5	294
170824at7041	Complete	OZ078026.1	6693247	6730439	+	620.2	403
170826at7041	Complete	OZ078042.1	16713233	16704689	-	864.0	714
170830at7041	Complete	OZ078038.1	21673545	21678965	+	1023.4	1089
170834at7041	Complete	OZ078033.1	18809335	18803779	-	499.5	518
170838at7041	Complete	OZ078030.1	37743554	37740373	-	482.8	387
170841at7041	Complete	OZ078031.1	14593528	14592563	-	267.7	243
170854at7041	Complete	OZ078040.1	12158433	12166199	+	642.7	547
170869at7041	Complete	OZ078031.1	24834886	24836660	+	216.9	204
170885at7041	Complete	OZ078039.1	18941522	18942961	+	503.7	392
170929at7041	Complete	OZ078026.1	38338554	38336503	-	645.3	683
170930at7041	Complete	OZ078034.1	29248123	29251135	+	158.0	89
170949at7041	Complete	OZ078027.1	37118866	36972747	-	533.5	314
170959at7041	Complete	OZ078034.1	18673449	18678004	+	203.9	144
170978at7041	Complete	OZ078037.1	24441700	24444960	+	322.1	251
171004at7041	Complete	OZ078034.1	20699028	20705274	+	644.7	444
171010at7041	Complete	OZ078026.1	38151484	38155734	+	1053.2	1038
171017at7041	Complete	OZ078032.1	18450874	18444848	-	1723.3	1171
171023at7041	Complete	OZ078040.1	20263742	20260473	-	919.2	947
171025at7041	Complete	OZ078033.1	27654259	27655792	+	137.1	125
171050at7041	Complete	OZ078036.1	23025979	23023205	-	548.1	360
171071at7041	Complete	OZ078032.1	1070787	1137682	+	421.5	384
171084at7041	Complete	OZ078032.1	34461038	34457758	-	108.6	76
171088at7041	Complete	OZ078033.1	24550736	24554258	+	916.0	851
171093at7041	Fragmented	OZ078039.1	24556280	24555579	-	252.3	216
171102at7041	Complete	OZ078026.1	39437962	39437086	-	371.5	231
171128at7041	Complete	OZ078031.1	35570104	35470595	-	199.9	165
171131at7041	Complete	OZ078026.1	1295411	1294395	-	424.4	299
171144at7041	Complete	OZ078033.1	6821242	6819462	-	331.0	415
171172at7041	Complete	OZ078039.1	18697887	18698788	+	159.6	158
171187at7041	Complete	OZ078037.1	1875407	1876777	+	216.7	206
171192at7041	Fragmented	OZ078039.1	24959367	24952611	-	357.3	369
