# BUSCO version is: 5.8.2 		
# The lineage dataset is: coleoptera_odb12 (Creation date: 2025-04-11, number of genomes: 64, number of BUSCOs: 3729)		
# Busco id	Status	Sequence	Gene Start	Gene End	Strand	Score	Length
48at7041	Complete	OU426881.1	47793399	47794689	+	285.5	126
110at7041	Complete	OU426880.1	50780447	50781561	+	418.4	200
157at7041	Complete	OU426877.1	108377501	108374753	-	445.0	231
165at7041	Complete	OU426877.1	20192200	20191070	-	801.2	356
180at7041	Complete	OU426881.1	10858594	10856891	-	709.2	313
425at7041	Complete	OU426881.1	47735068	47735488	+	212.0	101
447at7041	Complete	OU426881.1	19604408	19614983	+	724.9	307
495at7041	Complete	OU426883.1	26051784	26049205	-	1130.5	586
517at7041	Complete	OU426879.1	49970556	50039022	+	775.9	366
583at7041	Complete	OU426879.1	7086608	7076989	-	465.3	225
631at7041	Complete	OU426877.1	24185953	24185343	-	337.7	171
648at7041	Duplicated	OU426880.1	38623663	38623279	-	169.8	87
648at7041	Duplicated	OU426880.1	38613627	38613234	-	169.6	87
648at7041	Duplicated	OU426880.1	38628392	38628785	+	169.6	87
648at7041	Duplicated	OU426877.1	65155583	65155213	-	194.3	86
676at7041	Complete	OU426879.1	54259955	54260404	+	322.7	145
754at7041	Complete	OU426880.1	46935627	46933989	-	806.9	381
757at7041	Complete	OU426880.1	50250682	50251474	+	232.7	136
793at7041	Complete	OU426879.1	3831905	3830930	-	510.6	261
849at7041	Complete	OU426879.1	3088864	3088082	-	363.5	177
860at7041	Complete	OU426877.1	91325835	91323926	-	930.7	412
862at7041	Complete	OU426877.1	113212010	113211069	-	738.3	314
898at7041	Complete	OU426881.1	33341196	33346898	+	673.5	320
981at7041	Complete	OU426877.1	124748181	124745478	-	1162.0	521
1086at7041	Complete	OU426878.1	51539440	51540930	+	332.7	176
1095at7041	Complete	OU426880.1	40822724	40821973	-	268.3	194
1119at7041	Complete	OU426877.1	2041291	2042307	+	678.0	297
1235at7041	Complete	OU426877.1	33556166	33553561	-	788.6	419
1246at7041	Complete	OU426879.1	8970764	8969832	-	629.4	308
1358at7041	Complete	OU426877.1	30003073	30004011	+	633.2	302
1422at7041	Complete	OU426877.1	112888246	112881857	-	395.6	204
1472at7041	Complete	OU426882.1	13682164	13682864	+	490.7	213
1605at7041	Complete	OU426877.1	93309988	93308667	-	611.1	414
1728at7041	Complete	OU426877.1	124725662	124720981	-	1211.5	534
1777at7041	Complete	OU426881.1	8539182	8543365	+	390.6	214
1789at7041	Complete	OU426877.1	99962114	99955782	-	350.1	164
1840at7041	Complete	OU426881.1	41372939	41372017	-	422.2	191
1906at7041	Complete	OU426881.1	35742215	35743126	+	670.7	302
1923at7041	Complete	OU426882.1	13067123	13066728	-	136.4	105
1929at7041	Complete	OU426877.1	532520	533721	+	791.6	348
1948at7041	Complete	OU426877.1	24126633	24125264	-	735.2	365
1957at7041	Complete	OU426880.1	42711523	42705724	-	932.7	425
1983at7041	Complete	OU426877.1	25962248	25962814	+	350.0	159
1986at7041	Complete	OU426877.1	44594504	44588591	-	906.7	429
2034at7041	Complete	OU426878.1	7044839	7045306	+	264.5	137
2084at7041	Complete	OU426877.1	26030786	26029039	-	254.9	113
2099at7041	Complete	OU426882.1	31165737	31161826	-	361.2	162
2104at7041	Complete	OU426879.1	53333556	53331741	-	525.2	336
2131at7041	Complete	OU426877.1	26449627	26448761	-	595.4	283
2207at7041	Complete	OU426877.1	45271096	45269657	-	205.1	124
2233at7041	Complete	OU426878.1	53060861	53061865	+	482.8	272
2260at7041	Complete	OU426878.1	68565160	68564651	-	204.6	143
2281at7041	Complete	OU426878.1	55756945	55771737	+	1300.4	671
2499at7041	Complete	OU426877.1	132390947	132385649	-	429.4	191
2574at7041	Complete	OU426882.1	16049694	16050056	+	267.3	121
2603at7041	Complete	OU426877.1	132200583	132201516	+	441.7	211
2696at7041	Complete	OU426877.1	42993080	42990258	-	623.3	291
2710at7041	Complete	OU426883.1	18062502	18055522	-	221.8	172
2764at7041	Complete	OU426877.1	128151478	128149749	-	964.0	530
2893at7041	Complete	OU426882.1	38791119	38789929	-	717.1	380
2962at7041	Complete	OU426877.1	40612446	40611616	-	514.3	271
3085at7041	Complete	OU426882.1	18671760	18670231	-	1159.2	507
3092at7041	Complete	OU426877.1	118500829	118498408	-	790.7	434
3247at7041	Complete	OU426877.1	130824204	130815896	-	1691.1	876
3317at7041	Complete	OU426879.1	20704592	20703777	-	243.7	180
3360at7041	Complete	OU426877.1	111734997	111731670	-	487.4	301
3369at7041	Complete	OU426877.1	31489067	31489935	+	421.9	187
3396at7041	Complete	OU426877.1	144337023	144326998	-	2694.4	1594
3439at7041	Complete	OU426881.1	21935396	21934803	-	289.3	153
3448at7041	Complete	OU426877.1	26450166	26450678	+	221.7	155
3540at7041	Complete	OU426883.1	23985039	23985542	+	316.1	147
3587at7041	Complete	OU426879.1	9303141	9302453	-	322.5	158
3590at7041	Complete	OU426877.1	29980865	29982646	+	1334.0	592
3723at7041	Complete	OU426880.1	41130642	41131664	+	657.1	338
3733at7041	Complete	OU426879.1	52648952	52649599	+	353.6	202
3751at7041	Duplicated	OU426877.1	22357380	22356252	-	437.4	192
3751at7041	Duplicated	OU426882.1	36386120	36385545	-	410.2	192
3751at7041	Duplicated	OU426882.1	36379727	36379152	-	382.9	192
3841at7041	Complete	OU426882.1	40341941	40345867	+	824.3	361
4002at7041	Complete	OU426877.1	19938194	19938818	+	349.6	184
4118at7041	Complete	OU426879.1	48925594	48926305	+	475.9	218
4306at7041	Complete	OU426881.1	42994243	42992905	-	798.4	355
4406at7041	Duplicated	OU426877.1	113878282	113877277	-	536.8	263
4406at7041	Duplicated	OU426879.1	8878286	8877347	-	489.1	259
4511at7041	Complete	OU426881.1	38621309	38619860	-	762.3	401
4574at7041	Complete	OU426881.1	11650266	11664007	+	643.6	315
4621at7041	Complete	OU426881.1	46892652	46894750	+	1118.4	594
4628at7041	Complete	OU426883.1	25919028	25922185	+	810.3	355
4657at7041	Complete	OU426877.1	68761606	68759417	-	1010.9	554
4775at7041	Complete	OU426882.1	44194018	44186780	-	1966.1	1020
4803at7041	Complete	OU426878.1	7008494	7014224	+	398.7	177
4864at7041	Complete	OU426880.1	44713063	44714286	+	609.0	323
4870at7041	Complete	OU426879.1	3088757	3090640	+	346.7	167
4924at7041	Complete	OU426881.1	22101495	22105185	+	284.5	135
5026at7041	Complete	OU426878.1	70207792	70214804	+	775.6	357
5081at7041	Complete	OU426877.1	133587890	133591525	+	1343.6	577
5143at7041	Complete	OU426882.1	1192782	1188715	-	1905.8	985
5264at7041	Complete	OU426877.1	23157329	23156022	-	854.5	400
5310at7041	Complete	OU426879.1	48938265	48930721	-	1136.5	544
5368at7041	Complete	OU426877.1	26472239	26473058	+	505.8	248
5370at7041	Complete	OU426879.1	43459550	43460029	+	294.1	158
5458at7041	Complete	OU426882.1	39506173	39504722	-	780.7	390
5498at7041	Complete	OU426877.1	37077915	37076569	-	452.2	236
5560at7041	Complete	OU426883.1	19443538	19449739	+	716.8	330
5634at7041	Complete	OU426877.1	31128757	31197649	+	254.5	156
5704at7041	Complete	OU426881.1	44183939	44184787	+	383.1	235
5859at7041	Complete	OU426879.1	46392974	46390202	-	1083.3	516
5860at7041	Complete	OU426881.1	36249977	36248035	-	883.8	449
5897at7041	Complete	OU426878.1	69258089	69260316	+	1297.8	576
5901at7041	Complete	OU426879.1	46464528	46465640	+	837.6	353
5981at7041	Complete	OU426877.1	136524368	136522885	-	907.2	465
5990at7041	Complete	OU426877.1	41236364	41235741	-	326.3	152
6098at7041	Complete	OU426877.1	116571362	116564331	-	778.2	465
6110at7041	Complete	OU426881.1	40815237	40813230	-	1060.9	577
6118at7041	Complete	OU426879.1	55952783	55949421	-	2405.9	1112
6163at7041	Complete	OU426877.1	131157516	131155883	-	653.6	296
6205at7041	Complete	OU426877.1	38579540	38580346	+	394.5	183
6229at7041	Complete	OU426877.1	57678998	57681955	+	337.9	187
6310at7041	Complete	OU426877.1	67395095	67380850	-	530.9	259
6496at7041	Complete	OU426877.1	60619404	60727317	+	1397.0	650
6508at7041	Complete	OU426880.1	47669513	47667132	-	888.3	393
6511at7041	Complete	OU426877.1	131421504	131425411	+	538.4	287
6516at7041	Complete	OU426881.1	38630603	38631227	+	354.6	174
6586at7041	Complete	OU426881.1	16404809	16408080	+	364.3	178
6634at7041	Complete	OU426877.1	68182456	68181826	-	223.1	152
6641at7041	Complete	OU426881.1	21149772	21134874	-	1822.5	921
6674at7041	Complete	OU426881.1	30631482	30633823	+	765.1	399
6687at7041	Complete	OU426879.1	47294424	47294830	+	255.4	113
6810at7041	Complete	OU426877.1	78965421	78964539	-	399.5	217
6913at7041	Complete	OU426881.1	33605132	33608950	+	1471.8	798
7014at7041	Duplicated	OU426880.1	2175190	2172667	-	375.9	228
7014at7041	Duplicated	OU426880.1	3512704	3511834	-	369.2	228
7019at7041	Complete	OU426882.1	43983235	43982534	-	451.1	209
7117at7041	Complete	OU426880.1	2161083	2158377	-	1479.0	700
7188at7041	Complete	OU426877.1	107416376	107410727	-	683.8	297
7190at7041	Complete	OU426881.1	15359484	15363463	+	336.0	149
7467at7041	Complete	OU426877.1	48090993	48087202	-	926.0	433
7483at7041	Complete	OU426882.1	179454	180318	+	318.4	163
7532at7041	Complete	OU426881.1	18487583	18486348	-	590.5	345
7605at7041	Complete	OU426879.1	3947248	3958764	+	545.5	248
7698at7041	Complete	OU426881.1	38576161	38577996	+	839.8	502
7762at7041	Complete	OU426882.1	35024368	35030565	+	436.7	240
7778at7041	Complete	OU426877.1	105212960	105211561	-	510.2	242
7815at7041	Complete	OU426882.1	39170208	39171196	+	336.4	257
7823at7041	Complete	OU426879.1	3900776	3903417	+	965.4	617
7844at7041	Complete	OU426881.1	8166488	8167875	+	806.1	385
7866at7041	Complete	OU426878.1	12925129	12926209	+	438.0	249
7976at7041	Complete	OU426881.1	39107082	39121902	+	865.6	464
8039at7041	Complete	OU426879.1	431184	430526	-	335.8	179
8274at7041	Complete	OU426877.1	134666279	134677397	+	1424.4	830
8327at7041	Complete	OU426882.1	981200	982888	+	1015.3	538
8445at7041	Complete	OU426878.1	832780	851801	+	2458.6	1437
8514at7041	Complete	OU426878.1	5822363	5823110	+	343.6	177
8547at7041	Complete	OU426877.1	120578670	120583813	+	1267.3	634
8599at7041	Complete	OU426877.1	121119947	121121976	+	729.9	331
8632at7041	Complete	OU426880.1	46362376	46371622	+	562.3	326
8652at7041	Complete	OU426879.1	25308339	25299013	-	581.1	370
8676at7041	Complete	OU426878.1	2042543	2044021	+	847.1	384
8776at7041	Complete	OU426881.1	32625421	32623883	-	340.5	176
8858at7041	Complete	OU426877.1	114843975	114843609	-	184.8	100
8983at7041	Complete	OU426877.1	31084138	31085252	+	566.7	282
8997at7041	Complete	OU426883.1	25058860	25134671	+	3397.9	1513
9011at7041	Complete	OU426881.1	21210119	21226250	+	810.6	379
9013at7041	Complete	OU426879.1	57620246	57664136	+	4318.4	2208
9060at7041	Complete	OU426879.1	39819947	39815740	-	486.9	215
9114at7041	Complete	OU426881.1	9373091	9371273	-	789.3	452
9153at7041	Complete	OU426877.1	79574227	79572335	-	1025.5	521
9221at7041	Complete	OU426877.1	18463691	18456597	-	870.7	420
9519at7041	Complete	OU426877.1	99714720	99712980	-	720.1	472
9549at7041	Complete	OU426878.1	68643972	68642549	-	637.4	345
9562at7041	Complete	OU426881.1	10927457	10934487	+	627.4	291
9574at7041	Complete	OU426882.1	43967274	43965072	-	978.8	476
9598at7041	Complete	OU426879.1	4180560	4175646	-	455.3	222
9698at7041	Complete	OU426877.1	85484417	85483122	-	525.3	414
9718at7041	Complete	OU426877.1	44736996	44727428	-	1378.9	704
9739at7041	Complete	OU426881.1	40863114	40864271	+	600.1	318
9809at7041	Complete	OU426879.1	18961087	18981274	+	489.2	223
9860at7041	Complete	OU426877.1	78846532	78851543	+	269.0	129
9981at7041	Complete	OU426881.1	40203050	40197750	-	499.3	230
10053at7041	Complete	OU426883.1	10745774	10738072	-	3138.0	1567
10287at7041	Complete	OU426881.1	5729132	5730151	+	303.1	190
10380at7041	Complete	OU426883.1	23926898	23921470	-	780.6	344
10397at7041	Complete	OU426877.1	120959018	120957762	-	254.0	132
10508at7041	Complete	OU426877.1	47351474	47353436	+	880.0	501
10560at7041	Complete	OU426877.1	42318805	42318013	-	445.9	208
10588at7041	Complete	OU426881.1	33612421	33614021	+	417.8	201
10639at7041	Complete	OU426879.1	8874160	8877082	+	1050.7	600
10662at7041	Complete	OU426877.1	26606649	26609440	+	684.7	429
10698at7041	Complete	OU426881.1	21476785	21474990	-	944.1	448
10805at7041	Complete	OU426877.1	113599844	113600730	+	567.3	257
11065at7041	Complete	OU426882.1	39169904	39168965	-	362.7	211
11114at7041	Complete	OU426882.1	14746143	14747596	+	585.7	310
11117at7041	Complete	OU426877.1	102149990	102150733	+	310.7	222
11245at7041	Complete	OU426879.1	20450912	20462899	+	993.4	474
11249at7041	Complete	OU426881.1	42828525	42827686	-	459.5	265
11275at7041	Complete	OU426883.1	3434274	3431014	-	870.4	602
11507at7041	Complete	OU426877.1	111677631	111664791	-	584.9	306
11537at7041	Complete	OU426877.1	101490945	101497212	+	703.1	417
11580at7041	Complete	OU426877.1	48522174	48522725	+	187.2	83
11765at7041	Complete	OU426880.1	50339125	50337942	-	621.1	353
11776at7041	Complete	OU426877.1	49654890	49656801	+	641.7	308
11822at7041	Complete	OU426881.1	30687270	30686269	-	348.7	297
11882at7041	Complete	OU426877.1	54556471	54559380	+	2178.6	965
11899at7041	Complete	OU426879.1	40222045	40211556	-	2374.8	1084
11954at7041	Complete	OU426881.1	16849712	16850221	+	371.4	167
12047at7041	Complete	OU426877.1	114184844	114183549	-	307.5	153
12089at7041	Complete	OU426882.1	1877470	1866346	-	153.3	112
12138at7041	Complete	OU426877.1	30981780	30977881	-	434.2	241
12144at7041	Complete	OU426881.1	19957151	19952217	-	355.8	162
12177at7041	Complete	OU426883.1	17917067	17913139	-	347.3	267
12178at7041	Complete	OU426882.1	14460021	14494494	+	539.6	243
12187at7041	Complete	OU426881.1	40618799	40619990	+	329.0	200
12206at7041	Complete	OU426877.1	32920784	32918175	-	698.0	423
12418at7041	Complete	OU426883.1	1494281	1489289	-	1054.8	552
12428at7041	Complete	OU426882.1	11949367	11948279	-	569.1	281
12449at7041	Complete	OU426881.1	9083287	9082011	-	559.5	283
12516at7041	Complete	OU426882.1	39428615	39428364	-	126.8	66
12570at7041	Complete	OU426879.1	40708209	40711331	+	823.6	398
12571at7041	Complete	OU426877.1	111152714	111166329	+	676.0	309
12599at7041	Complete	OU426877.1	22352751	22351427	-	695.8	353
12683at7041	Complete	OU426877.1	77824732	77708005	-	1275.7	562
12725at7041	Complete	OU426882.1	37688723	37690105	+	679.1	377
12749at7041	Complete	OU426879.1	38760319	38759060	-	312.6	151
13014at7041	Complete	OU426877.1	4029284	4026758	-	1301.4	633
13019at7041	Complete	OU426877.1	426566	435338	+	647.0	398
13093at7041	Complete	OU426877.1	67925625	67927182	+	467.1	248
13116at7041	Complete	OU426877.1	3642003	3642578	+	313.5	154
13228at7041	Complete	OU426877.1	108825768	108825276	-	186.8	110
13297at7041	Complete	OU426881.1	1024389	1024874	+	262.6	148
13472at7041	Complete	OU426879.1	3341126	3327088	-	1434.7	860
13483at7041	Complete	OU426881.1	33623788	33627402	+	251.1	141
13518at7041	Complete	OU426882.1	42219245	42222483	+	2041.3	928
13540at7041	Duplicated	OU426878.1	61521456	61522046	+	343.7	196
13540at7041	Duplicated	OU426877.1	122178264	122167628	-	376.3	193
13543at7041	Complete	OU426877.1	34419430	34436355	+	288.9	180
13594at7041	Complete	OU426877.1	26446625	26445378	-	467.8	283
13619at7041	Complete	OU426877.1	116500379	116498759	-	849.1	444
13623at7041	Complete	OU426879.1	4291011	4291983	+	290.2	176
13626at7041	Complete	OU426883.1	11789055	11777160	-	842.9	386
13694at7041	Complete	OU426878.1	14739355	14743713	+	472.0	236
13715at7041	Complete	OU426881.1	36187499	36191815	+	479.2	247
13737at7041	Complete	OU426881.1	2604949	2608859	+	917.1	565
13754at7041	Complete	OU426877.1	37448279	37447524	-	445.5	251
13902at7041	Complete	OU426877.1	29236928	29229867	-	861.5	456
14005at7041	Complete	OU426882.1	35042894	35031499	-	1304.3	642
14018at7041	Complete	OU426879.1	47879414	47881354	+	507.1	465
14033at7041	Complete	OU426877.1	35278514	35279125	+	171.4	76
14106at7041	Complete	OU426877.1	21043917	21046847	+	1072.6	602
14113at7041	Complete	OU426877.1	30909366	30910383	+	519.8	270
14128at7041	Complete	OU426878.1	12163987	12158193	-	866.5	560
14129at7041	Complete	OU426880.1	49743589	49742426	-	779.3	386
14213at7041	Complete	OU426880.1	43033683	43029297	-	970.4	682
14284at7041	Complete	OU426877.1	44381576	44382578	+	493.8	281
14314at7041	Complete	OU426882.1	32346473	32352484	+	2638.0	1143
14330at7041	Complete	OU426879.1	21627750	21624851	-	593.1	343
14349at7041	Complete	OU426881.1	40530260	40537691	+	1336.4	707
14463at7041	Complete	OU426879.1	6025621	6024931	-	394.7	195
14530at7041	Complete	OU426877.1	40531935	40524017	-	1186.9	619
14538at7041	Complete	OU426879.1	17731475	17728331	-	885.5	461
14659at7041	Complete	OU426880.1	12569246	12570282	+	630.4	294
14692at7041	Complete	OU426878.1	869596	871319	+	656.3	398
14718at7041	Complete	OU426881.1	192064	139186	-	670.3	311
14787at7041	Complete	OU426877.1	453593	458239	+	789.8	404
14801at7041	Complete	OU426877.1	3198023	3195510	-	451.6	288
14813at7041	Complete	OU426878.1	522972	524238	+	500.4	259
14843at7041	Complete	OU426881.1	37506841	37510999	+	642.4	303
14865at7041	Complete	OU426879.1	54303158	54302215	-	261.5	144
14917at7041	Complete	OU426878.1	3847274	3846523	-	432.1	214
14985at7041	Complete	OU426879.1	18479460	18513984	+	884.0	373
15026at7041	Complete	OU426882.1	44350196	44380548	+	2215.3	1005
15046at7041	Complete	OU426877.1	120641322	120644147	+	423.6	211
15153at7041	Complete	OU426878.1	11811403	11808677	-	1093.8	501
15268at7041	Complete	OU426879.1	57344920	57345979	+	229.3	143
15282at7041	Complete	OU426881.1	22807817	22807422	-	165.8	129
15319at7041	Complete	OU426877.1	31195661	31195026	-	290.7	177
15356at7041	Complete	OU426879.1	31893897	31893093	-	450.6	213
15406at7041	Complete	OU426877.1	91970594	91962167	-	2575.7	1268
15415at7041	Complete	OU426881.1	15074080	15075368	+	565.3	284
15522at7041	Complete	OU426881.1	21418340	21373819	-	699.3	374
15580at7041	Complete	OU426881.1	11088202	11088519	+	222.1	105
15685at7041	Complete	OU426877.1	67100049	67098989	-	338.9	165
15717at7041	Complete	OU426877.1	104735461	104742033	+	490.2	274
15764at7041	Complete	OU426877.1	107940671	107941874	+	554.3	260
15874at7041	Complete	OU426881.1	1010371	1013526	+	347.7	195
15887at7041	Complete	OU426881.1	5155238	5152767	-	1038.5	617
15926at7041	Complete	OU426881.1	40437949	40437281	-	457.8	204
15944at7041	Complete	OU426880.1	47974385	47977371	+	629.0	357
15949at7041	Complete	OU426878.1	11750354	11749474	-	244.6	149
15963at7041	Complete	OU426877.1	105166448	105167713	+	337.9	252
16073at7041	Complete	OU426880.1	50621374	50620736	-	323.7	205
16074at7041	Complete	OU426883.1	17414400	17423546	+	625.9	330
16095at7041	Duplicated	OU426881.1	47988507	47992106	+	586.1	262
16095at7041	Duplicated	OU426879.1	36260183	36259428	-	553.9	249
16179at7041	Complete	OU426881.1	45946083	45947410	+	797.6	406
16393at7041	Complete	OU426881.1	43167469	43174904	+	717.1	507
16415at7041	Complete	OU426877.1	135935527	135936420	+	505.7	252
16432at7041	Duplicated	OU426877.1	85485274	85486099	+	422.7	210
16432at7041	Duplicated	OU426881.1	6982789	6983605	+	433.0	206
16436at7041	Complete	OU426877.1	22261382	22262229	+	547.8	241
16479at7041	Complete	OU426879.1	2945123	3015958	+	384.3	174
16490at7041	Complete	OU426877.1	60301429	60309374	+	458.7	208
16619at7041	Complete	OU426878.1	69214753	69226147	+	929.2	496
16650at7041	Complete	OU426881.1	14652502	14653161	+	318.9	206
16672at7041	Complete	OU426877.1	29207246	29209533	+	1300.8	635
16695at7041	Complete	OU426877.1	112979261	112971685	-	2221.9	1484
16713at7041	Complete	OU426879.1	7577907	7580069	+	777.7	383
16904at7041	Complete	OU426882.1	17003180	17007604	+	1184.8	681
16930at7041	Complete	OU426882.1	44645968	44635844	-	1126.4	561
17024at7041	Duplicated	OU426878.1	70251825	70253321	+	690.8	388
17024at7041	Duplicated	OU426879.1	7409029	7407857	-	646.4	387
17185at7041	Complete	OU426877.1	101582195	101583781	+	784.6	420
17191at7041	Complete	OU426877.1	48889304	48888288	-	650.5	326
17247at7041	Complete	OU426877.1	135861335	135860128	-	656.6	321
17322at7041	Complete	OU426877.1	116895562	116896687	+	407.4	271
17377at7041	Complete	OU426878.1	1538398	1541668	+	827.5	470
17404at7041	Complete	OU426877.1	136200756	136199007	-	785.6	436
17428at7041	Complete	OU426880.1	48979500	48978654	-	457.9	243
17493at7041	Complete	OU426877.1	44452493	44451414	-	555.5	256
17669at7041	Complete	OU426880.1	3489225	3492396	+	1652.4	894
17722at7041	Complete	OU426877.1	32386313	32361803	-	746.3	373
17748at7041	Complete	OU426877.1	116891329	116894049	+	1683.5	805
17780at7041	Complete	OU426883.1	1848476	1847934	-	409.9	180
17824at7041	Complete	OU426881.1	5552953	5553696	+	451.4	243
17837at7041	Complete	OU426877.1	33129780	33111224	-	1754.5	835
17919at7041	Complete	OU426878.1	66041243	66037558	-	1195.2	708
17942at7041	Complete	OU426877.1	118379097	118388211	+	233.3	108
17963at7041	Complete	OU426883.1	11883213	11882059	-	574.6	313
18029at7041	Complete	OU426877.1	127998319	127999690	+	327.8	176
18040at7041	Complete	OU426877.1	26515412	26516608	+	792.6	389
18068at7041	Complete	OU426877.1	113000914	113001636	+	411.8	213
18108at7041	Complete	OU426883.1	2848536	2844010	-	963.2	412
18131at7041	Complete	OU426877.1	120673879	120673123	-	399.9	197
18138at7041	Duplicated	OU426880.1	47661829	47662326	+	284.9	146
18138at7041	Duplicated	OU426880.1	47493392	47492896	-	279.0	146
18231at7041	Complete	OU426877.1	104944091	104943399	-	421.3	211
18254at7041	Complete	OU426877.1	35740860	35739414	-	309.6	225
18266at7041	Complete	OU426877.1	79841098	79917325	+	237.4	148
18444at7041	Complete	OU426881.1	342171	351161	+	638.3	348
18467at7041	Complete	OU426883.1	3320307	3314893	-	939.0	458
18511at7041	Complete	OU426878.1	1451307	1441103	-	500.9	280
18585at7041	Complete	OU426877.1	40572277	40564576	-	953.8	487
18633at7041	Complete	OU426881.1	46486404	46558662	+	775.9	425
18652at7041	Complete	OU426881.1	39818045	39817398	-	288.8	168
18730at7041	Complete	OU426879.1	3173367	3176726	+	585.9	319
18792at7041	Complete	OU426877.1	60316925	60316393	-	287.0	157
18878at7041	Complete	OU426879.1	3349585	3350644	+	702.6	335
18901at7041	Complete	OU426882.1	10339380	10334279	-	2353.2	1153
18937at7041	Complete	OU426883.1	2492044	2500984	+	3653.2	2268
19001at7041	Complete	OU426882.1	35236953	35235518	-	473.6	326
19012at7041	Complete	OU426877.1	47672894	47672461	-	205.4	122
19013at7041	Complete	OU426877.1	123503220	123493923	-	2036.7	1049
19175at7041	Complete	OU426882.1	9688770	9679787	-	1331.3	664
19206at7041	Complete	OU426878.1	5194108	5194944	+	518.3	278
19210at7041	Complete	OU426881.1	22208069	22210704	+	940.4	513
19232at7041	Complete	OU426879.1	52492544	52490471	-	914.1	402
19328at7041	Complete	OU426879.1	9370474	9370836	+	225.3	117
19359at7041	Complete	OU426881.1	15345310	15344863	-	167.5	106
19382at7041	Complete	OU426881.1	44164489	44166094	+	552.4	410
19505at7041	Complete	OU426882.1	18937577	18938420	+	456.5	225
19538at7041	Complete	OU426877.1	2765167	2763397	-	518.3	296
19589at7041	Complete	OU426877.1	103814844	103813024	-	649.1	308
19609at7041	Complete	OU426882.1	16306606	16306164	-	257.6	125
19626at7041	Complete	OU426877.1	137154216	137155662	+	910.2	422
19634at7041	Complete	OU426880.1	50786981	50784654	-	935.6	480
19644at7041	Complete	OU426883.1	3306340	3307825	+	592.7	243
19709at7041	Complete	OU426877.1	116958740	116953175	-	1939.0	939
19725at7041	Complete	OU426877.1	2977278	2975476	-	751.4	390
19758at7041	Complete	OU426877.1	20191915	20194782	+	535.2	252
19804at7041	Complete	OU426877.1	116562188	116553380	-	542.4	268
19878at7041	Complete	OU426877.1	97104542	97108477	+	993.8	493
19930at7041	Complete	OU426878.1	13150897	13165262	+	1840.2	892
19982at7041	Complete	OU426877.1	37097359	37096395	-	290.3	143
20072at7041	Complete	OU426878.1	68959403	68960129	+	289.7	172
20148at7041	Complete	OU426879.1	6079323	6087761	+	933.2	473
20205at7041	Complete	OU426881.1	7464673	7478119	+	455.6	292
20221at7041	Complete	OU426877.1	33502714	33500254	-	979.9	599
20331at7041	Complete	OU426877.1	123443474	123446636	+	615.0	316
20379at7041	Complete	OU426877.1	19631900	19646148	+	1051.8	486
20440at7041	Complete	OU426879.1	57347538	57350823	+	327.3	161
20474at7041	Complete	OU426877.1	54300610	54299228	-	831.7	450
20481at7041	Complete	OU426877.1	79435200	79429004	-	1147.9	561
20546at7041	Complete	OU426880.1	44016508	44015560	-	410.6	220
20649at7041	Complete	OU426881.1	5530881	5538882	+	1599.6	1126
20675at7041	Complete	OU426881.1	40252576	40251092	-	689.5	342
20746at7041	Complete	OU426879.1	47296777	47295377	-	665.3	395
20748at7041	Complete	OU426881.1	47576048	47577769	+	372.1	192
20767at7041	Complete	OU426880.1	33872342	33873181	+	530.4	267
20850at7041	Complete	OU426877.1	30933699	30927652	-	1555.3	760
20916at7041	Complete	OU426878.1	56374145	56385944	+	928.4	407
20919at7041	Complete	OU426877.1	1055286	1054005	-	647.2	304
20929at7041	Complete	OU426877.1	331115	332565	+	435.5	306
20980at7041	Complete	OU426877.1	116572720	116571684	-	591.2	270
20981at7041	Complete	OU426883.1	17844591	17843689	-	263.7	255
21066at7041	Complete	OU426881.1	40480838	40483630	+	1929.7	921
21176at7041	Complete	OU426882.1	20656135	20648966	-	911.9	583
21202at7041	Complete	OU426882.1	35298312	35301001	+	949.3	511
21226at7041	Complete	OU426879.1	4111911	4106987	-	1334.4	660
21228at7041	Complete	OU426878.1	68514961	68522527	+	996.7	590
21299at7041	Complete	OU426877.1	50514775	50512103	-	1250.7	823
21311at7041	Complete	OU426881.1	41530545	41529485	-	543.4	287
21352at7041	Complete	OU426877.1	119981599	119975800	-	726.1	399
21511at7041	Complete	OU426883.1	2883181	2880618	-	978.0	533
21523at7041	Complete	OU426880.1	40924675	40925217	+	274.6	160
21716at7041	Complete	OU426879.1	53619208	53618036	-	541.2	337
21801at7041	Complete	OU426881.1	10864899	10871613	+	729.1	308
21812at7041	Complete	OU426877.1	53451992	53452468	+	216.2	135
21849at7041	Fragmented	OU426877.1	123920270	123917044	-	234.6	242
21927at7041	Complete	OU426879.1	428118	429476	+	678.8	392
22116at7041	Complete	OU426877.1	40999636	40989648	-	1715.6	953
22123at7041	Complete	OU426881.1	47483765	47482138	-	797.9	368
22192at7041	Complete	OU426879.1	9087701	9083848	-	1503.4	685
22202at7041	Complete	OU426877.1	44742758	44743585	+	433.2	258
22338at7041	Complete	OU426877.1	108107318	108113399	+	333.2	215
22353at7041	Complete	OU426877.1	121724129	121726687	+	1681.6	814
22366at7041	Complete	OU426879.1	5775665	5780992	+	1135.2	577
22376at7041	Complete	OU426878.1	65591858	65597255	+	998.0	644
22566at7041	Complete	OU426879.1	6877386	6866824	-	1018.7	540
22628at7041	Complete	OU426877.1	47654021	47636783	-	1378.6	612
22646at7041	Complete	OU426877.1	532008	530488	-	905.1	423
22749at7041	Complete	OU426882.1	9317367	9318623	+	567.6	364
22805at7041	Complete	OU426882.1	40801357	40793849	-	1003.0	562
22882at7041	Complete	OU426880.1	43167179	43166584	-	212.8	153
22938at7041	Complete	OU426883.1	2024920	2029103	+	361.9	159
22958at7041	Complete	OU426879.1	3094157	3096039	+	380.9	216
22961at7041	Complete	OU426877.1	143330590	143334625	+	1107.8	617
23016at7041	Complete	OU426879.1	45974150	45976556	+	810.2	374
23138at7041	Complete	OU426883.1	14855574	14865611	+	1034.2	503
23152at7041	Complete	OU426881.1	11435594	11437696	+	825.4	599
23155at7041	Complete	OU426881.1	38192383	38205450	+	819.6	378
23274at7041	Complete	OU426879.1	55886229	55890432	+	2061.5	1140
23299at7041	Complete	OU426878.1	3860893	3863555	+	591.5	482
23528at7041	Complete	OU426881.1	40623281	40621124	-	1173.0	598
23577at7041	Complete	OU426883.1	14991731	14986242	-	830.0	481
23717at7041	Complete	OU426881.1	39844455	39849202	+	768.2	412
23838at7041	Complete	OU426877.1	111935491	111934784	-	346.3	178
23841at7041	Complete	OU426882.1	212170	214840	+	1253.9	643
23860at7041	Complete	OU426879.1	23213036	23220353	+	1526.0	866
23861at7041	Complete	OU426877.1	88345278	88354058	+	1309.1	811
23956at7041	Complete	OU426877.1	113799432	113791600	-	721.3	552
24066at7041	Complete	OU426877.1	91286258	91287213	+	329.6	164
24166at7041	Complete	OU426877.1	30056327	30032487	-	414.6	205
24175at7041	Complete	OU426877.1	89048799	89045093	-	563.2	284
24212at7041	Complete	OU426877.1	111612228	111609865	-	1100.2	597
24257at7041	Complete	OU426877.1	137571950	137573672	+	559.2	364
24348at7041	Complete	OU426877.1	231035	228766	-	983.1	543
24502at7041	Complete	OU426879.1	7827237	7828536	+	644.0	317
24532at7041	Complete	OU426883.1	1864805	1863523	-	629.1	284
24536at7041	Complete	OU426877.1	81954866	81985287	+	824.0	585
24546at7041	Complete	OU426878.1	50170172	50171941	+	890.4	520
24551at7041	Complete	OU426881.1	40276442	40277068	+	283.7	134
24571at7041	Complete	OU426882.1	1588160	1589503	+	734.3	437
24661at7041	Complete	OU426878.1	9420751	9414808	-	933.7	507
24677at7041	Complete	OU426877.1	52041132	52040444	-	226.5	173
24680at7041	Complete	OU426877.1	143722023	143724707	+	1227.3	682
24723at7041	Complete	OU426880.1	50607920	50608834	+	297.2	229
24761at7041	Complete	OU426881.1	45246027	45244703	-	773.4	385
24866at7041	Complete	OU426877.1	93345393	93344025	-	580.1	303
24883at7041	Complete	OU426881.1	132098	136967	+	793.2	459
24938at7041	Complete	OU426877.1	24307303	24311931	+	192.0	131
24972at7041	Complete	OU426881.1	10935183	10937445	+	363.3	168
24993at7041	Complete	OU426881.1	11677425	11669411	-	1402.6	674
25072at7041	Complete	OU426878.1	788232	786142	-	1047.2	556
25283at7041	Complete	OU426881.1	41295790	41302082	+	981.9	450
25347at7041	Complete	OU426877.1	92246569	92248993	+	742.1	455
25396at7041	Complete	OU426881.1	31155938	31155013	-	464.0	259
25431at7041	Complete	OU426879.1	43243867	43242879	-	402.6	258
25548at7041	Complete	OU426883.1	7059718	7056706	-	785.2	388
25599at7041	Complete	OU426877.1	137142089	137142709	+	417.2	204
25604at7041	Complete	OU426877.1	53460388	53462757	+	1148.1	777
25749at7041	Complete	OU426879.1	23072587	23067893	-	754.6	362
25918at7041	Complete	OU426879.1	43594818	43578574	-	725.3	477
25928at7041	Complete	OU426881.1	6166992	6154549	-	911.3	523
26082at7041	Complete	OU426877.1	50519157	50521322	+	540.1	336
26196at7041	Complete	OU426877.1	19801720	19802750	+	437.8	258
26221at7041	Complete	OU426877.1	103181080	103173373	-	763.3	387
26233at7041	Complete	OU426877.1	60224823	60223474	-	568.4	343
26293at7041	Complete	OU426879.1	52393432	52390125	-	1542.8	825
26309at7041	Complete	OU426879.1	54826540	54822692	-	2641.1	1224
26481at7041	Complete	OU426877.1	114807859	114804371	-	1024.9	509
26626at7041	Complete	OU426879.1	15908452	15909429	+	448.4	266
26638at7041	Complete	OU426877.1	91427346	91417162	-	398.8	209
26702at7041	Complete	OU426877.1	143685436	143704287	+	372.9	241
26720at7041	Complete	OU426877.1	104390458	104393981	+	1162.2	769
26733at7041	Complete	OU426878.1	68494612	68490453	-	1578.0	1042
26785at7041	Complete	OU426877.1	60838947	60839592	+	322.1	162
26887at7041	Complete	OU426881.1	11497404	11500446	+	529.9	294
26889at7041	Complete	OU426878.1	47409512	47410641	+	449.5	263
27037at7041	Complete	OU426877.1	85651258	85651584	+	202.4	108
27069at7041	Complete	OU426880.1	38180641	38181958	+	618.2	323
27075at7041	Complete	OU426881.1	9350385	9349647	-	417.7	203
27107at7041	Complete	OU426877.1	93734480	93744174	+	552.9	495
27220at7041	Complete	OU426879.1	393981	395654	+	297.4	153
27300at7041	Complete	OU426877.1	94845382	94934803	+	836.4	385
27305at7041	Complete	OU426881.1	4837186	4834967	-	765.6	420
27311at7041	Complete	OU426881.1	47583505	47579598	-	753.5	490
27407at7041	Complete	OU426878.1	791156	789666	-	513.9	297
27420at7041	Complete	OU426882.1	42398785	42397677	-	630.9	327
27503at7041	Complete	OU426877.1	51772824	51771829	-	572.7	313
27510at7041	Complete	OU426879.1	28342167	28329999	-	1351.3	604
27721at7041	Complete	OU426882.1	9367136	9369368	+	1086.0	577
27732at7041	Complete	OU426879.1	6841739	6843092	+	327.2	183
27802at7041	Complete	OU426882.1	16071163	16070385	-	397.3	193
27850at7041	Complete	OU426881.1	8520361	8518721	-	1080.3	524
28054at7041	Complete	OU426879.1	323025	327244	+	1545.8	758
28078at7041	Complete	OU426879.1	19235084	19233299	-	829.0	388
28127at7041	Complete	OU426879.1	169058	168428	-	345.3	176
28180at7041	Complete	OU426883.1	7604036	7596691	-	388.2	181
28258at7041	Complete	OU426881.1	22566155	22567702	+	819.7	411
28269at7041	Complete	OU426879.1	9035819	9040162	+	565.3	270
28370at7041	Complete	OU426878.1	5749631	5780454	+	2246.4	1294
28463at7041	Complete	OU426879.1	10695689	10727640	+	699.4	361
28502at7041	Complete	OU426882.1	16560349	16556259	-	1304.2	590
28507at7041	Complete	OU426877.1	112067581	112069136	+	248.2	166
28611at7041	Complete	OU426878.1	511426	515167	+	1316.1	445
28619at7041	Complete	OU426879.1	52981735	52981376	-	213.1	114
28620at7041	Complete	OU426881.1	15024654	15042849	+	1154.9	528
28628at7041	Complete	OU426882.1	43346689	43348227	+	578.8	295
28693at7041	Complete	OU426880.1	50470117	50471701	+	647.2	300
28715at7041	Complete	OU426880.1	50015297	49983276	-	1596.1	898
28759at7041	Complete	OU426878.1	60895763	60896228	+	175.0	100
28777at7041	Complete	OU426877.1	2887312	2885445	-	834.1	429
28897at7041	Complete	OU426882.1	5821319	5814710	-	747.5	419
28920at7041	Complete	OU426881.1	20032936	20049333	+	1697.5	910
29083at7041	Complete	OU426879.1	46280598	46283215	+	1552.8	778
29109at7041	Complete	OU426877.1	37095755	37095179	-	324.6	171
29182at7041	Complete	OU426879.1	54324764	54326317	+	673.2	426
29214at7041	Complete	OU426877.1	87912274	87910650	-	590.7	320
29231at7041	Complete	OU426877.1	127537754	127539762	+	640.8	318
29244at7041	Duplicated	OU426881.1	39465403	39466045	+	325.4	172
29244at7041	Duplicated	OU426881.1	39472750	39472107	-	323.4	172
29244at7041	Duplicated	OU426881.1	39467134	39466489	-	305.5	172
29248at7041	Complete	OU426878.1	7035614	7040298	+	1008.1	643
29252at7041	Complete	OU426877.1	77584796	77494580	-	900.9	473
29352at7041	Complete	OU426877.1	80604643	80605446	+	402.2	194
29384at7041	Complete	OU426880.1	37011129	37020746	+	1599.9	872
29429at7041	Complete	OU426878.1	68588381	68589804	+	717.0	379
29484at7041	Complete	OU426882.1	6472556	6474003	+	369.4	333
29574at7041	Complete	OU426877.1	48843298	48848274	+	620.1	306
29663at7041	Complete	OU426877.1	122217735	122215635	-	1145.1	579
29817at7041	Complete	OU426877.1	127627538	127628175	+	362.0	177
29861at7041	Complete	OU426879.1	53596191	53593879	-	857.5	504
29919at7041	Complete	OU426877.1	30923404	30922624	-	316.4	185
29941at7041	Complete	OU426881.1	37517906	37528027	+	347.6	273
30017at7041	Complete	OU426883.1	9555246	9553572	-	732.0	386
30096at7041	Complete	OU426881.1	31156159	31159318	+	1475.7	747
30147at7041	Complete	OU426882.1	44659765	44654170	-	454.0	240
30173at7041	Complete	OU426877.1	82024071	82023298	-	369.9	233
30176at7041	Fragmented	OU426877.1	52915774	52915430	-	133.6	80
30197at7041	Complete	OU426879.1	52131920	52133199	+	414.6	282
30222at7041	Complete	OU426878.1	12938383	12937655	-	319.7	184
30232at7041	Complete	OU426877.1	113365687	113369153	+	574.8	491
30240at7041	Complete	OU426878.1	2909477	2914687	+	1196.0	650
30369at7041	Complete	OU426877.1	55915467	55923699	+	956.5	616
30397at7041	Complete	OU426882.1	16320378	16320793	+	196.6	100
30445at7041	Complete	OU426881.1	36854832	36861625	+	1106.8	563
30449at7041	Complete	OU426881.1	21302379	21308959	+	368.7	287
30505at7041	Complete	OU426878.1	68509142	68513360	+	1504.6	726
30603at7041	Complete	OU426877.1	30005027	30004584	-	281.3	131
30650at7041	Complete	OU426879.1	14319201	14321846	+	1163.9	684
30653at7041	Complete	OU426878.1	56885088	56875701	-	1211.5	571
30722at7041	Complete	OU426880.1	177252	172206	-	2043.7	1055
30727at7041	Complete	OU426880.1	47938762	47939781	+	502.5	279
30751at7041	Complete	OU426882.1	22558835	22541503	-	1139.7	634
30779at7041	Complete	OU426881.1	33632202	33631357	-	476.6	245
30805at7041	Complete	OU426877.1	88718796	88719511	+	369.4	180
30887at7041	Complete	OU426882.1	12557468	12563275	+	1257.1	648
30936at7041	Complete	OU426878.1	10130685	10132894	+	857.3	469
31028at7041	Complete	OU426877.1	51718279	51683263	-	998.8	435
31110at7041	Complete	OU426881.1	18929024	18934488	+	240.3	121
31281at7041	Complete	OU426879.1	23153027	23152338	-	477.1	226
31288at7041	Complete	OU426877.1	42143499	42152519	+	1389.5	731
31406at7041	Complete	OU426879.1	6103407	6095101	-	938.7	549
31496at7041	Complete	OU426877.1	2100087	2100802	+	344.7	196
31497at7041	Complete	OU426881.1	40485630	40484704	-	292.3	185
31547at7041	Complete	OU426877.1	121561749	121556017	-	730.9	335
31672at7041	Complete	OU426882.1	1348358	1354626	+	1089.5	546
31726at7041	Complete	OU426882.1	5430938	5438704	+	1727.8	913
31727at7041	Complete	OU426877.1	42163780	42152917	-	2376.7	1635
31790at7041	Complete	OU426883.1	4027662	4034516	+	945.2	543
31878at7041	Complete	OU426877.1	132406593	132410059	+	1134.4	589
31894at7041	Complete	OU426878.1	47443170	47443870	+	383.3	178
31910at7041	Complete	OU426877.1	110936049	110938093	+	797.7	475
31973at7041	Complete	OU426877.1	69589134	69632364	+	1959.5	1149
32107at7041	Complete	OU426883.1	17838502	17841992	+	916.5	462
32109at7041	Complete	OU426879.1	166529	161186	-	1558.5	749
32119at7041	Complete	OU426881.1	2860211	2900913	+	1858.6	986
32120at7041	Complete	OU426877.1	116484610	116475578	-	1228.0	938
32136at7041	Complete	OU426883.1	2382406	2380957	-	651.9	345
32197at7041	Complete	OU426881.1	40235944	40232798	-	931.0	501
32218at7041	Complete	OU426881.1	36290805	36316410	+	897.5	454
32229at7041	Complete	OU426879.1	19841712	19830642	-	1625.1	930
32248at7041	Complete	OU426878.1	60701039	60701957	+	585.4	275
32291at7041	Complete	OU426877.1	258848	257699	-	576.3	352
32356at7041	Complete	OU426882.1	43761809	43748118	-	891.4	409
32513at7041	Complete	OU426881.1	40048510	40046866	-	885.7	453
32526at7041	Complete	OU426882.1	2493340	2498977	+	1510.2	821
32537at7041	Complete	OU426878.1	1451949	1454696	+	874.1	565
32567at7041	Complete	OU426879.1	2723822	2728195	+	1093.9	621
32643at7041	Complete	OU426877.1	120957530	120958213	+	322.1	175
32743at7041	Complete	OU426877.1	41039077	41032839	-	859.8	546
32751at7041	Complete	OU426878.1	13305278	13304174	-	465.6	299
32844at7041	Complete	OU426878.1	3622425	3629011	+	438.3	405
32876at7041	Complete	OU426878.1	5995103	6002471	+	549.7	289
33079at7041	Complete	OU426881.1	4168744	4170056	+	648.7	293
33100at7041	Complete	OU426877.1	116996487	116996896	+	163.6	81
33120at7041	Complete	OU426877.1	67238452	67240526	+	693.2	428
33232at7041	Complete	OU426879.1	199995	189981	-	1098.0	543
33262at7041	Complete	OU426879.1	31891650	31892690	+	291.8	225
33516at7041	Complete	OU426882.1	1186296	1188629	+	1122.5	600
33607at7041	Complete	OU426880.1	39207253	39224094	+	2074.3	860
33611at7041	Complete	OU426880.1	8831122	8829401	-	180.1	112
33618at7041	Complete	OU426883.1	23697349	23695568	-	875.5	467
33656at7041	Complete	OU426881.1	47979827	47983130	+	549.5	313
33689at7041	Complete	OU426881.1	9292419	9295026	+	1305.3	680
33750at7041	Complete	OU426877.1	117561931	117564968	+	1043.5	646
33788at7041	Complete	OU426882.1	19576732	19576036	-	298.2	179
33858at7041	Complete	OU426882.1	1843748	1840751	-	1005.0	657
33882at7041	Complete	OU426878.1	3699867	3674005	-	5115.9	2786
34040at7041	Complete	OU426877.1	108925120	109003507	+	1271.9	645
34155at7041	Complete	OU426881.1	17477593	17487889	+	1636.8	828
34169at7041	Complete	OU426881.1	30015530	30020895	+	1073.6	543
34247at7041	Complete	OU426877.1	112968575	112967414	-	518.0	302
34287at7041	Complete	OU426881.1	2647475	2651907	+	795.2	605
34299at7041	Complete	OU426877.1	33374747	33375963	+	369.8	222
34387at7041	Complete	OU426883.1	1726335	1761782	+	707.8	443
34426at7041	Complete	OU426877.1	1977182	1972743	-	435.7	316
34440at7041	Complete	OU426881.1	605582	588636	-	1973.8	1064
34450at7041	Complete	OU426881.1	37937683	37949343	+	214.8	120
34789at7041	Complete	OU426877.1	39605648	39605066	-	308.5	159
34796at7041	Complete	OU426882.1	1859815	1861413	+	839.3	389
34802at7041	Complete	OU426878.1	6406126	6396124	-	363.7	211
34821at7041	Complete	OU426877.1	112079555	112075081	-	808.5	534
34831at7041	Complete	OU426881.1	47669887	47672942	+	1265.7	641
34880at7041	Complete	OU426881.1	47944505	47943801	-	432.2	225
35003at7041	Complete	OU426881.1	8559839	8562677	+	545.4	319
35004at7041	Complete	OU426878.1	1478370	1480061	+	1011.5	509
35033at7041	Complete	OU426877.1	111759246	111761591	+	1140.3	551
35052at7041	Complete	OU426877.1	20205924	20204290	-	715.6	363
35115at7041	Complete	OU426877.1	122271738	122268135	-	315.5	109
35163at7041	Complete	OU426878.1	3903384	3907153	+	520.6	369
35200at7041	Complete	OU426881.1	40218783	40222127	+	292.2	158
35209at7041	Complete	OU426879.1	39891660	39889794	-	396.9	258
35232at7041	Complete	OU426879.1	6993008	6989837	-	625.7	324
35234at7041	Complete	OU426879.1	24277990	24259011	-	768.9	375
35248at7041	Complete	OU426879.1	39935638	39934135	-	560.7	390
35259at7041	Complete	OU426877.1	40201021	40210788	+	1136.7	590
35300at7041	Complete	OU426877.1	94956307	94969812	+	1690.1	855
35324at7041	Complete	OU426877.1	81461893	81372577	-	1335.2	765
35328at7041	Complete	OU426880.1	50117723	50122131	+	889.7	423
35639at7041	Complete	OU426878.1	65903078	65901289	-	650.5	364
35843at7041	Complete	OU426881.1	29675778	29679370	+	378.5	185
35883at7041	Complete	OU426880.1	38056772	38051598	-	845.4	442
36031at7041	Complete	OU426881.1	9913710	9917050	+	918.4	625
36032at7041	Complete	OU426880.1	47793261	47798125	+	1105.6	514
36206at7041	Complete	OU426881.1	32194666	32198924	+	695.8	632
36283at7041	Complete	OU426883.1	18147542	18146079	-	582.8	329
36289at7041	Complete	OU426882.1	2853251	2860471	+	871.7	493
36390at7041	Complete	OU426880.1	40872101	40861105	-	1218.9	553
36413at7041	Complete	OU426878.1	67747787	67740982	-	2058.9	1182
36429at7041	Complete	OU426879.1	12378446	12371675	-	751.1	349
36491at7041	Complete	OU426877.1	53189761	53191448	+	614.1	399
36629at7041	Complete	OU426877.1	19765466	19766763	+	620.0	307
36663at7041	Complete	OU426878.1	69355793	69360454	+	564.8	339
36701at7041	Complete	OU426877.1	2413815	2414633	+	407.3	239
36809at7041	Complete	OU426881.1	17589424	17601707	+	1676.9	851
36896at7041	Complete	OU426878.1	68604056	68601718	-	1294.2	644
37014at7041	Complete	OU426879.1	6979303	6977349	-	1246.1	574
37022at7041	Complete	OU426877.1	56217780	56215956	-	1110.4	508
37034at7041	Complete	OU426881.1	10690325	10691324	+	632.5	303
37046at7041	Complete	OU426877.1	20223656	20218186	-	1404.7	727
37053at7041	Complete	OU426883.1	2490985	2489794	-	557.8	346
37111at7041	Complete	OU426877.1	132414846	132415883	+	443.5	246
37288at7041	Complete	OU426877.1	57352301	57350729	-	436.5	197
37385at7041	Complete	OU426877.1	134651845	134646017	-	1009.8	475
37391at7041	Complete	OU426877.1	118750926	118711058	-	349.5	202
37549at7041	Complete	OU426883.1	26186783	26183210	-	1221.1	723
37577at7041	Complete	OU426879.1	46656952	46655983	-	328.9	176
37666at7041	Complete	OU426881.1	47413087	47412105	-	407.5	233
37729at7041	Complete	OU426880.1	596860	595314	-	736.6	458
37737at7041	Complete	OU426879.1	53786133	53788024	+	790.7	390
37756at7041	Complete	OU426881.1	42100232	42110975	+	985.6	510
37760at7041	Complete	OU426877.1	19906102	19890634	-	1045.7	462
37767at7041	Complete	OU426877.1	108033150	108036703	+	1073.5	605
37784at7041	Complete	OU426879.1	15906980	15896784	-	942.4	642
37869at7041	Complete	OU426881.1	45745603	45753603	+	792.8	411
37907at7041	Complete	OU426878.1	68897190	68894161	-	813.1	511
38076at7041	Complete	OU426882.1	6433239	6438503	+	580.6	270
38078at7041	Complete	OU426880.1	677112	676702	-	219.2	121
38118at7041	Complete	OU426877.1	106854998	106857135	+	696.4	335
38154at7041	Complete	OU426877.1	123432542	123437122	+	1049.9	538
38169at7041	Complete	OU426877.1	144187629	144186259	-	796.1	451
38173at7041	Complete	OU426879.1	2226652	2227774	+	366.4	192
38275at7041	Complete	OU426877.1	4029641	4033981	+	640.3	455
38344at7041	Complete	OU426877.1	134827994	134826924	-	463.8	318
38465at7041	Complete	OU426879.1	14235566	14221166	-	1915.0	1223
38472at7041	Complete	OU426879.1	54196385	54197366	+	504.8	282
38575at7041	Complete	OU426881.1	40049023	40051713	+	607.9	400
38616at7041	Complete	OU426878.1	48855449	48852839	-	794.5	440
38688at7041	Complete	OU426879.1	35401807	35400995	-	431.3	233
38820at7041	Complete	OU426883.1	2861908	2865500	+	1867.7	874
38850at7041	Complete	OU426877.1	133586600	133585832	-	216.0	144
38915at7041	Complete	OU426877.1	54598035	54603516	+	1366.7	1161
39082at7041	Complete	OU426878.1	47447721	47446972	-	341.6	196
39116at7041	Complete	OU426878.1	65067904	65066276	-	781.1	451
39130at7041	Complete	OU426878.1	16912379	16917078	+	871.4	523
39164at7041	Complete	OU426877.1	137168495	137163244	-	540.9	199
39226at7041	Complete	OU426877.1	128018178	128018654	+	197.8	99
39282at7041	Complete	OU426877.1	143843130	143850263	+	929.5	485
39412at7041	Complete	OU426879.1	43258804	43260579	+	532.7	256
39614at7041	Complete	OU426881.1	35532254	35532727	+	305.6	154
39648at7041	Complete	OU426879.1	18138834	18140756	+	573.5	445
39703at7041	Complete	OU426882.1	16966869	16970459	+	630.7	333
39712at7041	Complete	OU426882.1	40745419	40743143	-	639.1	439
39723at7041	Complete	OU426880.1	12859730	12854506	-	628.0	635
39810at7041	Complete	OU426880.1	12862050	12860059	-	1060.4	567
39827at7041	Complete	OU426880.1	47763776	47765052	+	306.9	259
39875at7041	Complete	OU426877.1	121564074	121563207	-	406.7	222
39958at7041	Complete	OU426879.1	11190875	11165396	-	774.4	373
39991at7041	Complete	OU426879.1	12895272	12894531	-	390.7	191
40020at7041	Complete	OU426881.1	38300201	38297565	-	1855.5	860
40103at7041	Complete	OU426877.1	48651160	48658370	+	725.5	365
40174at7041	Complete	OU426877.1	57178596	57176588	-	980.8	545
40184at7041	Complete	OU426877.1	78998144	79002479	+	533.4	336
40223at7041	Complete	OU426877.1	41838925	41837369	-	651.5	380
40264at7041	Complete	OU426877.1	110961904	110963007	+	667.8	337
40272at7041	Complete	OU426877.1	108794480	108789959	-	849.7	413
40298at7041	Complete	OU426879.1	26057062	26057456	+	248.5	112
40342at7041	Complete	OU426879.1	15878678	15876990	-	1043.6	555
40417at7041	Complete	OU426877.1	121729158	121728281	-	417.6	234
40456at7041	Complete	OU426883.1	21343940	21375884	+	320.6	188
40502at7041	Complete	OU426879.1	54212200	54213360	+	585.6	353
40638at7041	Complete	OU426881.1	19030225	19039751	+	1161.4	613
40658at7041	Complete	OU426880.1	48041241	48039902	-	470.4	288
40698at7041	Complete	OU426879.1	7910110	7958019	+	1609.3	815
40853at7041	Complete	OU426883.1	11526775	11541802	+	988.5	523
41074at7041	Complete	OU426877.1	127207776	127205836	-	566.7	346
41116at7041	Complete	OU426877.1	133936379	134097797	+	642.9	297
41144at7041	Complete	OU426877.1	85898608	85899417	+	427.8	209
41208at7041	Complete	OU426877.1	108870165	108871919	+	1090.8	536
41268at7041	Complete	OU426877.1	48628026	48628816	+	424.4	188
41341at7041	Complete	OU426878.1	55742130	55741188	-	211.3	192
41475at7041	Complete	OU426881.1	39334634	39332468	-	757.3	529
41548at7041	Complete	OU426882.1	37220307	37222044	+	568.4	381
41565at7041	Complete	OU426877.1	39304808	39304173	-	313.1	174
41576at7041	Complete	OU426877.1	85574884	85607995	+	1240.8	632
41599at7041	Duplicated	OU426882.1	36655528	36657135	+	986.9	495
41599at7041	Duplicated	OU426882.1	36635611	36637170	+	984.9	489
41605at7041	Complete	OU426878.1	11290438	11291615	+	548.5	324
41633at7041	Complete	OU426881.1	694645	691140	-	1365.9	691
41696at7041	Complete	OU426879.1	39607729	39607070	-	418.4	205
41843at7041	Complete	OU426877.1	243746	244303	+	350.1	184
41865at7041	Complete	OU426882.1	13077184	13091612	+	669.4	320
41889at7041	Complete	OU426879.1	3923445	3924501	+	151.8	85
41905at7041	Complete	OU426877.1	773060	771423	-	786.8	396
41910at7041	Complete	OU426879.1	32872953	32883387	+	1640.2	828
41948at7041	Complete	OU426877.1	2956199	2958534	+	1143.6	636
41965at7041	Complete	OU426877.1	107318078	107315110	-	915.2	469
41988at7041	Complete	OU426877.1	117305199	117317173	+	379.7	202
41989at7041	Complete	OU426877.1	121137955	121138729	+	367.6	191
41995at7041	Complete	OU426877.1	57192885	57193341	+	165.9	90
42104at7041	Complete	OU426882.1	11060732	11059233	-	449.0	288
42139at7041	Complete	OU426877.1	38452069	38445216	-	908.6	438
42149at7041	Complete	OU426882.1	36822567	36825331	+	1138.9	518
42154at7041	Complete	OU426880.1	49727979	49724796	-	1141.4	561
42162at7041	Complete	OU426879.1	38342579	38348765	+	347.3	188
42170at7041	Complete	OU426879.1	7831608	7832506	+	529.8	278
42196at7041	Complete	OU426877.1	132328579	132324476	-	1726.3	1005
42350at7041	Complete	OU426881.1	30766876	30774053	+	427.4	282
42370at7041	Complete	OU426879.1	3352395	3351904	-	251.0	157
42421at7041	Complete	OU426881.1	38695236	38684900	-	541.3	275
42432at7041	Complete	OU426882.1	37743109	37714854	-	952.5	530
42446at7041	Complete	OU426878.1	70222758	70222098	-	327.1	168
42608at7041	Complete	OU426881.1	37959219	37958035	-	436.8	312
42631at7041	Complete	OU426877.1	135848951	135858518	+	1236.1	779
42651at7041	Complete	OU426877.1	18438566	18427060	-	1389.7	699
42704at7041	Complete	OU426879.1	33075350	33069819	-	808.1	410
42720at7041	Complete	OU426880.1	3487765	3488193	+	181.8	135
42737at7041	Complete	OU426877.1	132380573	132362981	-	1160.6	617
42909at7041	Complete	OU426879.1	33095053	33093080	-	673.4	424
42914at7041	Complete	OU426879.1	38295321	38294515	-	430.4	241
42918at7041	Complete	OU426877.1	46343809	46342296	-	447.1	426
42930at7041	Complete	OU426882.1	43109415	43107423	-	1167.3	635
43003at7041	Complete	OU426881.1	10129357	10164918	+	703.6	402
43024at7041	Complete	OU426877.1	50156626	50146065	-	657.5	320
43171at7041	Complete	OU426882.1	8611195	8609331	-	852.9	420
43315at7041	Complete	OU426877.1	134559704	134557770	-	790.0	348
43436at7041	Complete	OU426879.1	4165143	4169305	+	619.7	320
43504at7041	Complete	OU426877.1	136675868	136674771	-	358.6	188
43514at7041	Complete	OU426881.1	10895333	10887459	-	924.6	446
43516at7041	Complete	OU426879.1	55596977	55564509	-	737.0	355
43606at7041	Complete	OU426877.1	228008	224675	-	265.5	207
43734at7041	Complete	OU426882.1	17119193	17108835	-	1712.3	853
43748at7041	Complete	OU426883.1	25028276	25006314	-	1004.5	541
43796at7041	Complete	OU426877.1	35081945	35080421	-	632.0	395
43810at7041	Complete	OU426877.1	122095447	122094492	-	346.5	200
43980at7041	Complete	OU426879.1	12302315	12317037	+	6710.6	3182
44115at7041	Complete	OU426877.1	12686130	12682586	-	1259.3	620
44169at7041	Complete	OU426880.1	33675756	33681208	+	978.3	495
44177at7041	Complete	OU426880.1	49689032	49687608	-	431.8	255
44203at7041	Complete	OU426877.1	20196649	20195690	-	400.4	266
44214at7041	Complete	OU426877.1	42268035	42264069	-	1695.6	990
44256at7041	Complete	OU426880.1	50364753	50369269	+	1504.4	729
44276at7041	Complete	OU426881.1	6239131	6241320	+	993.1	540
44353at7041	Complete	OU426882.1	36829863	36826185	-	563.1	376
44488at7041	Complete	OU426882.1	37043308	37044386	+	471.2	239
44535at7041	Complete	OU426880.1	44686518	44683572	-	996.9	551
44752at7041	Complete	OU426879.1	18150203	18149139	-	667.2	345
44778at7041	Complete	OU426881.1	10485951	10493525	+	1766.8	965
44880at7041	Complete	OU426877.1	127930333	127929140	-	602.0	356
44971at7041	Complete	OU426882.1	32330450	32328628	-	278.3	220
44973at7041	Complete	OU426877.1	51700296	51701343	+	474.1	294
45150at7041	Complete	OU426882.1	8972235	8957054	-	3667.8	1807
45386at7041	Complete	OU426879.1	9445396	9439502	-	2232.8	1204
45391at7041	Complete	OU426877.1	54585965	54589848	+	1015.6	646
45392at7041	Complete	OU426882.1	44646486	44653577	+	2946.3	1814
45420at7041	Complete	OU426879.1	874854	768781	-	712.3	427
45468at7041	Complete	OU426878.1	7087979	7088400	+	249.7	123
45635at7041	Complete	OU426879.1	8485227	8486799	+	420.0	296
45735at7041	Complete	OU426877.1	44557223	44535688	-	521.4	278
45784at7041	Complete	OU426879.1	244701	242974	-	1158.7	543
45787at7041	Complete	OU426879.1	39672063	39661141	-	1556.8	705
45804at7041	Complete	OU426881.1	21242258	21232025	-	377.4	243
45826at7041	Complete	OU426877.1	13656935	13652498	-	1917.7	1144
45840at7041	Complete	OU426882.1	16308736	16310367	+	507.6	309
45895at7041	Complete	OU426877.1	108809592	108811191	+	1000.3	475
45933at7041	Complete	OU426877.1	133548447	133482054	-	336.6	224
45993at7041	Complete	OU426877.1	106636664	106635601	-	336.2	233
46039at7041	Complete	OU426880.1	12578398	12570691	-	652.5	575
46077at7041	Complete	OU426881.1	38607117	38608439	+	489.4	219
46089at7041	Complete	OU426877.1	44421030	44420527	-	311.2	164
46099at7041	Complete	OU426877.1	101581624	101581041	-	319.3	168
46140at7041	Complete	OU426879.1	33193848	33195146	+	385.3	174
46156at7041	Complete	OU426883.1	12044808	12031830	-	608.5	389
46159at7041	Complete	OU426878.1	7019355	7023193	+	1231.8	617
46166at7041	Complete	OU426879.1	35966529	35967725	+	753.4	351
46175at7041	Complete	OU426878.1	68624624	68629022	+	855.2	488
46176at7041	Complete	OU426877.1	127396799	127385386	-	1587.5	762
46186at7041	Complete	OU426877.1	128233856	128233275	-	273.2	159
46227at7041	Complete	OU426882.1	13973811	13973066	-	271.9	177
46294at7041	Complete	OU426881.1	38509169	38507636	-	565.4	379
46347at7041	Complete	OU426882.1	43342870	43346191	+	1149.1	536
46425at7041	Complete	OU426877.1	137162561	137161308	-	576.9	361
46472at7041	Complete	OU426877.1	44299247	44300498	+	592.3	320
46594at7041	Complete	OU426877.1	93821563	93822012	+	260.7	134
46641at7041	Complete	OU426879.1	33095457	33096304	+	236.7	166
46657at7041	Complete	OU426881.1	40424022	40423341	-	431.2	207
46713at7041	Complete	OU426877.1	112114611	112115369	+	231.5	141
46720at7041	Complete	OU426883.1	7862399	7845211	-	2213.6	1020
47071at7041	Complete	OU426880.1	40610103	40611188	+	185.3	218
47084at7041	Complete	OU426878.1	67781846	67777069	-	457.2	242
47090at7041	Complete	OU426877.1	46910218	46900292	-	439.9	198
47137at7041	Complete	OU426879.1	419101	415852	-	623.4	336
47160at7041	Complete	OU426877.1	40791919	40793864	+	449.6	238
47210at7041	Complete	OU426878.1	68932805	68936969	+	785.1	551
47251at7041	Complete	OU426878.1	2337780	2353535	+	753.0	494
47275at7041	Complete	OU426882.1	9359776	9357717	-	456.8	271
47316at7041	Complete	OU426877.1	93338285	93336276	-	1368.2	665
47324at7041	Complete	OU426883.1	17722298	17738060	+	1278.4	656
47442at7041	Complete	OU426877.1	13639308	13646006	+	805.7	414
47454at7041	Complete	OU426883.1	19143040	19206929	+	409.3	217
47542at7041	Complete	OU426881.1	13748477	13745226	-	861.2	539
47638at7041	Complete	OU426880.1	44275583	44277407	+	949.6	505
47667at7041	Complete	OU426882.1	14343289	14348511	+	759.0	380
47693at7041	Complete	OU426877.1	25898081	25897458	-	391.7	186
47781at7041	Complete	OU426882.1	44632182	44561124	-	3944.2	1964
47815at7041	Complete	OU426878.1	17193401	17185612	-	1155.6	524
47820at7041	Complete	OU426879.1	31864989	31849103	-	941.3	610
47836at7041	Complete	OU426877.1	2149603	2150300	+	352.8	167
47861at7041	Complete	OU426880.1	50340253	50339658	-	308.1	153
48017at7041	Complete	OU426881.1	14637070	14632286	-	440.2	277
48058at7041	Complete	OU426880.1	42540637	42541700	+	557.4	295
48084at7041	Complete	OU426877.1	221144	224077	+	828.9	481
48087at7041	Complete	OU426877.1	22349159	22347353	-	815.7	459
48106at7041	Complete	OU426879.1	17131252	17137010	+	1758.5	1118
48140at7041	Complete	OU426879.1	47500210	47498823	-	689.5	385
48148at7041	Complete	OU426877.1	108840405	108845083	+	1593.9	946
48156at7041	Complete	OU426883.1	23575245	23572651	-	942.0	538
48219at7041	Complete	OU426877.1	111864930	111863722	-	451.3	291
48226at7041	Complete	OU426881.1	41324399	41322198	-	704.1	485
48263at7041	Complete	OU426881.1	38596824	38597643	+	392.7	202
48271at7041	Complete	OU426878.1	8669854	8664357	-	843.4	454
48354at7041	Complete	OU426877.1	109347588	109349024	+	665.3	440
48547at7041	Complete	OU426879.1	52645572	52646158	+	246.1	126
48575at7041	Complete	OU426882.1	44761397	44760089	-	646.0	313
48578at7041	Complete	OU426882.1	42420438	42419464	-	246.5	156
48637at7041	Complete	OU426881.1	32696207	32693292	-	1291.2	662
48730at7041	Complete	OU426877.1	103747000	103749937	+	760.2	460
48795at7041	Complete	OU426883.1	17866755	17855866	-	1525.8	850
48868at7041	Complete	OU426878.1	70218236	70221933	+	645.1	398
48918at7041	Complete	OU426881.1	40472984	40475548	+	732.0	391
48992at7041	Complete	OU426878.1	58406888	58423560	+	481.0	245
49004at7041	Complete	OU426877.1	33560002	33560937	+	480.8	258
49012at7041	Complete	OU426879.1	4214596	4275295	+	725.8	365
49030at7041	Complete	OU426878.1	10701437	10702138	+	438.2	232
49143at7041	Complete	OU426878.1	66596148	66598600	+	1011.3	638
49181at7041	Complete	OU426881.1	36878245	36877372	-	314.9	173
49182at7041	Complete	OU426880.1	47690382	47689922	-	175.3	122
49194at7041	Complete	OU426877.1	127199291	127190732	-	464.1	300
49226at7041	Complete	OU426877.1	47124356	47119790	-	665.5	343
49236at7041	Complete	OU426877.1	120703868	120704420	+	174.1	126
49281at7041	Complete	OU426877.1	132454632	132461668	+	2294.8	1359
49323at7041	Complete	OU426882.1	9450887	9453095	+	821.3	564
49330at7041	Complete	OU426881.1	39786391	39787823	+	512.9	342
49350at7041	Complete	OU426879.1	24491448	24490591	-	469.5	246
49357at7041	Complete	OU426882.1	43883708	43890157	+	2067.6	1084
49445at7041	Complete	OU426877.1	95599354	95593927	-	1880.0	1020
49603at7041	Complete	OU426877.1	134631245	134645563	+	965.4	475
49605at7041	Complete	OU426878.1	11833757	11836988	+	634.1	423
49607at7041	Complete	OU426877.1	101572775	101566727	-	553.2	339
49628at7041	Complete	OU426881.1	41362623	41364447	+	960.2	483
49681at7041	Complete	OU426877.1	1045487	1048352	+	1021.8	586
49697at7041	Complete	OU426877.1	99211404	99208889	-	775.1	442
49716at7041	Complete	OU426877.1	125696780	125693284	-	460.5	339
49753at7041	Complete	OU426881.1	47485621	47486569	+	455.3	277
49760at7041	Complete	OU426877.1	109735221	109725149	-	1563.5	843
49800at7041	Complete	OU426877.1	97222607	97223527	+	546.1	303
49812at7041	Complete	OU426879.1	18331805	18332554	+	416.4	224
49831at7041	Complete	OU426881.1	8564491	8568243	+	1042.8	653
49834at7041	Complete	OU426883.1	3000270	3004247	+	735.3	438
49842at7041	Complete	OU426877.1	127483685	127490927	+	1593.4	771
49856at7041	Complete	OU426877.1	79459548	79515141	+	709.7	397
49921at7041	Complete	OU426877.1	2554716	2553893	-	405.9	205
49931at7041	Complete	OU426883.1	22085546	22092396	+	642.0	342
50041at7041	Complete	OU426881.1	38624839	38627781	+	1023.0	542
50052at7041	Complete	OU426878.1	5422887	5399220	-	2175.7	1024
50103at7041	Complete	OU426877.1	107327380	107322993	-	340.8	188
50172at7041	Complete	OU426881.1	719749	724244	+	1778.2	987
50234at7041	Complete	OU426879.1	38292755	38291363	-	521.9	317
50237at7041	Complete	OU426881.1	40438296	40439207	+	292.4	189
50304at7041	Complete	OU426879.1	6431338	6433052	+	478.7	345
50422at7041	Complete	OU426879.1	14478525	14450105	-	744.3	367
50436at7041	Complete	OU426880.1	50680819	50635050	-	787.1	390
50614at7041	Complete	OU426878.1	66006317	66011378	+	855.7	781
50619at7041	Complete	OU426880.1	42927303	42925978	-	920.7	445
50621at7041	Complete	OU426882.1	35401318	35400380	-	458.8	244
50637at7041	Complete	OU426877.1	93324702	93321451	-	169.5	86
50655at7041	Complete	OU426877.1	100695120	100714276	+	583.4	342
50750at7041	Complete	OU426877.1	60250305	60248832	-	571.3	282
50769at7041	Complete	OU426877.1	114297140	114298102	+	298.9	285
50774at7041	Complete	OU426877.1	120285543	120297625	+	1095.2	1038
50837at7041	Complete	OU426879.1	32887838	32889322	+	939.9	474
50844at7041	Complete	OU426878.1	12808939	12809719	+	432.0	226
50847at7041	Complete	OU426877.1	52898761	52907387	+	784.9	480
50848at7041	Complete	OU426883.1	3009528	3004444	-	2098.4	1101
50867at7041	Complete	OU426881.1	35212971	35211699	-	318.9	199
50918at7041	Complete	OU426877.1	47576396	47578589	+	456.7	380
50923at7041	Complete	OU426880.1	50752711	50751695	-	229.1	157
50944at7041	Complete	OU426877.1	26851253	26848898	-	530.2	269
50972at7041	Complete	OU426880.1	44043737	44051142	+	1375.0	723
50992at7041	Complete	OU426881.1	19661460	19656552	-	1090.9	559
51004at7041	Complete	OU426877.1	18465060	18470109	+	589.9	293
51083at7041	Complete	OU426879.1	245570	246070	+	210.1	132
51186at7041	Complete	OU426881.1	36261935	36264613	+	267.9	196
51213at7041	Complete	OU426883.1	15013467	15014261	+	526.1	262
51302at7041	Complete	OU426878.1	48880916	48890151	+	2655.4	1459
51320at7041	Complete	OU426883.1	21214969	21208810	-	453.5	547
51359at7041	Complete	OU426877.1	46946078	46961679	+	370.9	233
51380at7041	Complete	OU426877.1	103865748	103868822	+	592.6	354
51475at7041	Complete	OU426877.1	33567514	33574796	+	1317.6	683
51478at7041	Complete	OU426878.1	14180825	14187426	+	607.0	282
51487at7041	Complete	OU426880.1	50705854	50708535	+	1110.8	723
51516at7041	Complete	OU426877.1	68516247	68374875	-	903.6	524
51543at7041	Complete	OU426882.1	35473584	35496283	+	953.4	511
51562at7041	Complete	OU426880.1	44090077	44074072	-	439.1	225
51617at7041	Complete	OU426877.1	984386	981807	-	843.9	477
51646at7041	Complete	OU426877.1	123480678	123481416	+	329.0	205
51731at7041	Complete	OU426878.1	5051921	5062006	+	902.3	317
51752at7041	Complete	OU426877.1	131000650	130982858	-	1031.1	472
51784at7041	Complete	OU426877.1	42276264	42275172	-	661.1	317
51820at7041	Complete	OU426877.1	21042495	21042976	+	174.2	104
51964at7041	Complete	OU426882.1	32781202	32776734	-	615.3	372
52055at7041	Complete	OU426879.1	43656741	43652095	-	1370.8	787
52088at7041	Complete	OU426877.1	34218199	34217102	-	651.6	321
52123at7041	Complete	OU426877.1	30006975	30016965	+	1715.9	915
52134at7041	Complete	OU426879.1	16486840	16487905	+	518.1	289
52271at7041	Complete	OU426877.1	126039613	126029038	-	1346.8	762
52358at7041	Complete	OU426877.1	27093597	27082652	-	1383.6	791
52408at7041	Complete	OU426878.1	9557045	9561217	+	1362.3	785
52426at7041	Complete	OU426877.1	100939566	100942681	+	1370.6	709
52514at7041	Complete	OU426877.1	48534594	48526197	-	1374.2	847
52594at7041	Complete	OU426882.1	37171959	37170637	-	665.2	341
52614at7041	Complete	OU426881.1	38356506	38352904	-	1169.0	726
52669at7041	Complete	OU426878.1	4521311	4505520	-	407.5	214
52715at7041	Complete	OU426881.1	22924852	22928538	+	827.4	478
52777at7041	Complete	OU426877.1	133259415	133257118	-	966.2	526
52868at7041	Complete	OU426877.1	48868795	48880443	+	826.2	562
52887at7041	Complete	OU426882.1	5823412	5827549	+	366.8	204
52964at7041	Complete	OU426882.1	1200831	1195253	-	350.6	189
53082at7041	Complete	OU426881.1	40706015	40708185	+	828.7	530
53172at7041	Complete	OU426878.1	70418337	70412942	-	831.9	435
53181at7041	Complete	OU426880.1	48165785	48167277	+	683.5	388
53196at7041	Complete	OU426878.1	61883657	61874025	-	685.3	365
53284at7041	Complete	OU426882.1	16319224	16209017	-	1047.1	622
53308at7041	Complete	OU426881.1	40316508	40325852	+	1940.0	949
53310at7041	Complete	OU426882.1	598793	602027	+	885.7	514
53365at7041	Complete	OU426877.1	47384744	47384037	-	365.2	199
53381at7041	Complete	OU426878.1	2040249	2034259	-	1417.2	771
53412at7041	Complete	OU426877.1	96887567	96926457	+	1006.5	603
53421at7041	Complete	OU426877.1	110257480	110259090	+	313.6	197
53438at7041	Complete	OU426877.1	71939122	72103342	+	1019.1	580
53518at7041	Complete	OU426877.1	46626089	46627171	+	554.6	346
53535at7041	Complete	OU426879.1	9320383	9314817	-	697.8	462
53572at7041	Complete	OU426881.1	12098834	12099675	+	378.2	215
53676at7041	Complete	OU426878.1	58680371	58678686	-	514.3	302
53711at7041	Complete	OU426882.1	43402372	43397888	-	419.8	242
53793at7041	Complete	OU426880.1	41338912	41337164	-	1006.7	455
53805at7041	Complete	OU426879.1	52729774	52736460	+	1070.8	500
53838at7041	Complete	OU426880.1	47936372	47935248	-	130.5	291
53841at7041	Complete	OU426880.1	50774740	50777582	+	659.1	467
53883at7041	Complete	OU426881.1	18421202	18408417	-	774.8	431
53920at7041	Complete	OU426878.1	11646613	11649448	+	1308.3	754
53983at7041	Complete	OU426877.1	3352133	3366352	+	552.6	283
54012at7041	Complete	OU426881.1	47690399	47682536	-	1740.3	992
54021at7041	Complete	OU426877.1	108373015	108370579	-	631.0	376
54053at7041	Complete	OU426879.1	12891942	12892735	+	306.8	212
54135at7041	Complete	OU426881.1	40241137	40236652	-	692.6	340
54314at7041	Complete	OU426877.1	2787620	2786308	-	497.9	284
54490at7041	Complete	OU426883.1	14835780	14837327	+	665.9	361
54536at7041	Complete	OU426877.1	127399685	127398311	-	227.9	135
54547at7041	Complete	OU426877.1	40805193	40804630	-	225.0	163
54621at7041	Complete	OU426877.1	40216890	40214961	-	330.7	174
54678at7041	Complete	OU426879.1	24527840	24512200	-	1090.8	590
54715at7041	Complete	OU426882.1	16328916	16322630	-	1032.6	659
54745at7041	Complete	OU426882.1	41687063	41685651	-	327.1	179
54813at7041	Complete	OU426877.1	97149825	97160432	+	2339.4	1182
54842at7041	Complete	OU426879.1	6118283	6115731	-	1359.5	714
54853at7041	Complete	OU426883.1	5022406	5024849	+	955.0	614
54871at7041	Complete	OU426878.1	3613712	3611938	-	627.3	368
54936at7041	Complete	OU426883.1	25252584	25259605	+	296.6	141
54972at7041	Complete	OU426881.1	7344625	7345756	+	206.5	129
54990at7041	Complete	OU426877.1	2151904	2150367	-	587.5	365
55051at7041	Complete	OU426880.1	50687489	50686570	-	443.0	247
55213at7041	Complete	OU426877.1	127415742	127419886	+	2212.2	1038
55234at7041	Complete	OU426877.1	67159417	67158775	-	316.1	173
55256at7041	Complete	OU426877.1	97162857	97160860	-	550.1	460
55274at7041	Complete	OU426879.1	41669218	41676759	+	1479.4	951
55347at7041	Complete	OU426877.1	88748733	88765894	+	702.3	425
55434at7041	Complete	OU426881.1	31754339	31804253	+	2073.8	1105
55467at7041	Complete	OU426881.1	20859152	20865435	+	1040.1	504
55520at7041	Complete	OU426879.1	39914226	39931321	+	1742.5	968
55521at7041	Complete	OU426881.1	47895043	47903456	+	3595.5	1934
55550at7041	Complete	OU426879.1	44072376	44075252	+	1454.2	833
55552at7041	Complete	OU426877.1	123514728	123507354	-	766.0	403
55561at7041	Complete	OU426881.1	45881701	45884726	+	763.5	553
55577at7041	Complete	OU426877.1	127537810	127533498	-	1885.4	939
55581at7041	Complete	OU426883.1	25808614	25791254	-	734.0	374
55586at7041	Complete	OU426877.1	86377648	86380072	+	997.4	486
55679at7041	Complete	OU426881.1	22219174	22218326	-	320.3	222
55687at7041	Complete	OU426877.1	33608775	33609855	+	535.9	299
55728at7041	Complete	OU426881.1	10656832	10633938	-	840.1	431
55783at7041	Complete	OU426877.1	64814157	64746635	-	1355.4	859
55821at7041	Complete	OU426882.1	39429211	39431009	+	935.4	475
55916at7041	Complete	OU426878.1	70430091	70427712	-	431.6	218
56028at7041	Complete	OU426877.1	31032282	30997551	-	841.2	414
56265at7041	Duplicated	OU426881.1	6142872	6147229	+	772.6	400
56265at7041	Duplicated	OU426883.1	2748482	2747085	-	754.5	399
56281at7041	Complete	OU426881.1	9356897	9356064	-	374.1	189
56282at7041	Complete	OU426882.1	39257673	39252786	-	1318.3	614
56328at7041	Complete	OU426877.1	78640480	78645095	+	1871.3	1231
56361at7041	Complete	OU426879.1	21742091	21739961	-	244.8	117
56377at7041	Complete	OU426881.1	6366026	6370457	+	1577.0	1072
56404at7041	Complete	OU426877.1	26509093	26501904	-	697.9	362
56435at7041	Complete	OU426877.1	111767220	111766300	-	392.7	264
56449at7041	Complete	OU426879.1	14646038	14641248	-	739.9	354
56454at7041	Complete	OU426881.1	16917906	16925205	+	2039.1	1157
56497at7041	Complete	OU426879.1	51185917	51187664	+	266.5	150
56535at7041	Complete	OU426877.1	112997255	112981437	-	685.6	472
56735at7041	Complete	OU426879.1	41603424	41603929	+	338.6	151
56837at7041	Complete	OU426882.1	839061	840152	+	342.8	246
56888at7041	Complete	OU426878.1	67631451	67645651	+	1927.4	902
56926at7041	Complete	OU426877.1	106167136	106168598	+	614.7	305
56956at7041	Complete	OU426880.1	49738445	49739989	+	796.1	466
56974at7041	Complete	OU426879.1	7867455	7863943	-	1210.9	714
57035at7041	Complete	OU426877.1	56392203	56357740	-	985.1	476
57053at7041	Complete	OU426878.1	12420024	12420789	+	311.2	172
57058at7041	Complete	OU426877.1	34003487	34007057	+	1612.2	924
57074at7041	Complete	OU426877.1	115883511	115881934	-	916.1	474
57146at7041	Complete	OU426877.1	85370558	85360829	-	701.0	351
57239at7041	Complete	OU426879.1	43562891	43564549	+	527.8	293
57244at7041	Complete	OU426881.1	45908578	45912926	+	901.5	607
57378at7041	Complete	OU426877.1	91299676	91295741	-	770.4	484
57428at7041	Complete	OU426878.1	10998024	11007942	+	4454.6	2055
57569at7041	Complete	OU426882.1	11968991	11969850	+	411.0	225
57581at7041	Complete	OU426879.1	43458976	43458154	-	391.6	201
57615at7041	Complete	OU426877.1	31346401	31354922	+	513.7	281
57669at7041	Complete	OU426882.1	9716450	9714519	-	747.6	585
57700at7041	Complete	OU426877.1	26429542	26417239	-	1802.8	795
57736at7041	Complete	OU426877.1	119269712	119270622	+	318.4	200
57765at7041	Complete	OU426879.1	40741594	40742715	+	676.2	302
57800at7041	Complete	OU426878.1	65903481	65904513	+	669.6	324
57908at7041	Complete	OU426879.1	52483934	52484470	+	327.6	159
58001at7041	Complete	OU426878.1	10971117	10955889	-	2457.0	1300
58066at7041	Complete	OU426879.1	54199860	54208665	+	1001.3	543
58106at7041	Complete	OU426877.1	32187044	32197779	+	821.4	402
58262at7041	Complete	OU426882.1	370264	370952	+	270.8	139
58351at7041	Complete	OU426880.1	24653233	24631396	-	458.8	522
58432at7041	Complete	OU426877.1	31128346	31126121	-	697.2	376
58460at7041	Complete	OU426879.1	56925287	56920663	-	689.1	344
58474at7041	Complete	OU426877.1	44469206	44469794	+	300.3	156
58484at7041	Complete	OU426877.1	38529217	38537189	+	1169.8	620
58489at7041	Complete	OU426877.1	107944415	107942211	-	344.0	237
58492at7041	Complete	OU426882.1	39325302	39321392	-	998.4	537
58501at7041	Complete	OU426877.1	25023904	25011983	-	521.2	307
58530at7041	Complete	OU426883.1	5366873	5382366	+	1234.2	835
58696at7041	Complete	OU426877.1	23326910	23328277	+	847.1	439
58719at7041	Complete	OU426879.1	8405012	8402669	-	722.7	333
58873at7041	Complete	OU426877.1	31130965	31132775	+	665.6	388
58916at7041	Complete	OU426877.1	12098271	12097426	-	255.6	142
58921at7041	Complete	OU426877.1	57212214	57196266	-	438.4	307
59005at7041	Complete	OU426879.1	3352628	3353845	+	652.3	359
59104at7041	Complete	OU426882.1	18562568	18569173	+	583.2	135
59134at7041	Complete	OU426877.1	116977055	116981006	+	724.9	387
59158at7041	Complete	OU426879.1	52500191	52499073	-	584.6	332
59175at7041	Duplicated	OU426878.1	48993472	49095475	+	1078.0	590
59175at7041	Duplicated	OU426878.1	7200438	7195291	-	1016.7	556
59293at7041	Complete	OU426883.1	17144909	17041896	-	1468.3	717
59300at7041	Complete	OU426877.1	92216437	92217099	+	304.3	155
59333at7041	Complete	OU426877.1	106634458	106635145	+	368.0	186
59353at7041	Complete	OU426877.1	132197529	132198383	+	592.9	280
59358at7041	Complete	OU426877.1	47385914	47393169	+	905.5	459
59398at7041	Complete	OU426877.1	4115995	4117806	+	721.3	397
59406at7041	Complete	OU426883.1	4609842	4596647	-	1723.4	924
59408at7041	Complete	OU426877.1	46967344	46976366	+	2977.7	1779
59537at7041	Complete	OU426882.1	9342949	9347324	+	495.6	321
59574at7041	Complete	OU426879.1	6009359	6010138	+	276.6	225
59671at7041	Complete	OU426882.1	39160709	39164821	+	1140.1	538
59696at7041	Complete	OU426881.1	47730299	47727012	-	541.9	295
59711at7041	Complete	OU426877.1	130791396	130802378	+	719.0	449
59809at7041	Complete	OU426881.1	21901422	21891640	-	825.5	501
59824at7041	Complete	OU426879.1	3843880	3842599	-	724.7	394
59842at7041	Complete	OU426877.1	19962063	19958757	-	983.1	476
59893at7041	Complete	OU426877.1	17776739	17786111	+	1194.5	668
59906at7041	Complete	OU426881.1	10970455	10963708	-	535.3	284
59914at7041	Complete	OU426877.1	113891099	113911331	+	1326.5	627
59929at7041	Complete	OU426881.1	38762313	38750326	-	263.4	188
59951at7041	Complete	OU426877.1	128129931	128126270	-	552.5	288
59956at7041	Complete	OU426878.1	55953068	55970496	+	1190.3	583
60009at7041	Complete	OU426881.1	2646736	2641818	-	884.8	489
60026at7041	Complete	OU426879.1	17015423	17001448	-	833.0	447
60087at7041	Complete	OU426877.1	1018359	1015888	-	386.4	224
60109at7041	Complete	OU426882.1	14040100	14040971	+	442.2	235
60173at7041	Complete	OU426877.1	55887018	55885245	-	338.3	270
60232at7041	Complete	OU426877.1	12346814	12348085	+	777.2	436
60234at7041	Complete	OU426879.1	9354394	9360267	+	1120.9	533
60309at7041	Complete	OU426881.1	22565770	22556456	-	245.2	142
60328at7041	Complete	OU426881.1	9303965	9304355	+	177.6	107
60367at7041	Complete	OU426877.1	123503697	123506959	+	1011.1	561
60495at7041	Complete	OU426877.1	57394161	57386899	-	889.6	595
60587at7041	Complete	OU426877.1	113252821	113251811	-	284.9	167
60590at7041	Complete	OU426881.1	864708	838595	-	939.2	443
60625at7041	Complete	OU426879.1	30049417	30048017	-	674.3	384
60633at7041	Complete	OU426878.1	68574430	68576311	+	671.5	351
60797at7041	Complete	OU426877.1	1517710	1519951	+	479.0	276
60799at7041	Complete	OU426879.1	44174005	44176476	+	896.5	423
60841at7041	Complete	OU426877.1	78958828	78963034	+	1090.8	754
60855at7041	Complete	OU426878.1	1433602	1440274	+	1440.0	796
60995at7041	Complete	OU426877.1	126458988	126449830	-	740.8	346
61038at7041	Complete	OU426879.1	56894549	56891499	-	1091.0	669
61046at7041	Complete	OU426881.1	47945117	47947647	+	1549.7	795
61207at7041	Complete	OU426882.1	4375791	4399073	+	817.6	376
61212at7041	Complete	OU426881.1	6238841	6236786	-	398.9	259
61280at7041	Complete	OU426877.1	54322173	54311711	-	629.2	424
61322at7041	Complete	OU426877.1	40042958	40042002	-	530.2	289
61327at7041	Complete	OU426881.1	17203458	17202157	-	507.7	309
61433at7041	Complete	OU426877.1	756656	753520	-	1082.8	564
61439at7041	Complete	OU426877.1	45259049	45266489	+	563.2	254
61458at7041	Complete	OU426883.1	25233101	25230861	-	839.5	489
61649at7041	Complete	OU426877.1	118317992	118317186	-	358.9	233
61660at7041	Complete	OU426878.1	1983506	1982340	-	393.9	265
61698at7041	Complete	OU426879.1	46220882	46222341	+	439.9	292
61709at7041	Complete	OU426880.1	47669863	47673049	+	524.8	416
61739at7041	Complete	OU426877.1	111579648	111581041	+	300.5	140
61760at7041	Complete	OU426883.1	19709621	19782600	+	726.5	313
61817at7041	Complete	OU426881.1	40194798	40188212	-	748.0	367
61824at7041	Complete	OU426880.1	101788	104778	+	564.1	272
62026at7041	Complete	OU426879.1	7152287	7153299	+	587.6	302
62041at7041	Complete	OU426882.1	9146894	9145999	-	336.6	237
62051at7041	Complete	OU426877.1	84174299	84173162	-	259.9	156
62114at7041	Complete	OU426882.1	43267044	43264625	-	599.3	300
62128at7041	Complete	OU426881.1	42118583	42114930	-	476.1	231
62305at7041	Complete	OU426882.1	43940147	43945823	+	736.6	410
62318at7041	Complete	OU426880.1	33875102	33874237	-	351.2	212
62322at7041	Complete	OU426881.1	2938375	2921282	-	799.0	404
62328at7041	Complete	OU426881.1	10632219	10634385	+	198.5	91
62359at7041	Complete	OU426879.1	18727756	18726130	-	850.0	489
62414at7041	Complete	OU426878.1	64790636	64789939	-	220.4	147
62454at7041	Complete	OU426883.1	8842817	8841831	-	540.1	333
62562at7041	Complete	OU426879.1	37257328	37257739	+	168.1	94
62670at7041	Complete	OU426877.1	86039674	86038238	-	497.9	432
62724at7041	Complete	OU426878.1	163737	161862	-	472.4	320
62761at7041	Complete	OU426877.1	103428630	103429279	+	295.9	190
62874at7041	Complete	OU426882.1	36799803	36799204	-	182.9	132
62921at7041	Complete	OU426877.1	18124033	18126972	+	562.3	346
62951at7041	Complete	OU426877.1	112340516	112347396	+	315.8	201
62961at7041	Complete	OU426882.1	1079572	1077840	-	342.6	213
63030at7041	Complete	OU426879.1	18314709	18319558	+	671.7	482
63065at7041	Complete	OU426878.1	781672	782378	+	237.7	143
63112at7041	Complete	OU426877.1	112955923	112956771	+	377.3	218
63145at7041	Complete	OU426877.1	126264331	126266764	+	1468.1	721
63152at7041	Complete	OU426881.1	40612414	40617771	+	530.6	300
63239at7041	Complete	OU426881.1	38630003	38628643	-	488.6	357
63242at7041	Complete	OU426879.1	10528996	10530956	+	1140.2	550
63423at7041	Complete	OU426883.1	17467354	17465196	-	925.6	479
63444at7041	Complete	OU426880.1	50111109	50113112	+	734.7	461
63496at7041	Complete	OU426877.1	113871688	113876991	+	1443.6	718
63537at7041	Complete	OU426883.1	21201029	21202686	+	947.8	479
63595at7041	Complete	OU426877.1	121491755	121489553	-	879.2	564
63620at7041	Complete	OU426879.1	7837204	7836217	-	501.5	284
63674at7041	Complete	OU426877.1	112114412	112106420	-	661.5	311
63703at7041	Complete	OU426877.1	3940704	3941255	+	143.5	87
63734at7041	Complete	OU426877.1	33995749	33987239	-	902.7	474
63764at7041	Complete	OU426881.1	38621718	38624025	+	523.9	360
63798at7041	Complete	OU426878.1	17596778	17576933	-	396.9	229
63874at7041	Complete	OU426877.1	86420087	86423769	+	812.3	416
63882at7041	Complete	OU426878.1	69175484	69180503	+	2133.4	1244
64000at7041	Complete	OU426878.1	2065803	2045245	-	2021.4	1003
64010at7041	Complete	OU426877.1	112964904	112967058	+	396.9	210
64062at7041	Complete	OU426881.1	5517859	5514786	-	462.6	265
64109at7041	Complete	OU426878.1	14385962	14383335	-	427.7	333
64117at7041	Complete	OU426877.1	62304065	62303310	-	406.2	200
64120at7041	Complete	OU426881.1	45621063	45624533	+	1111.8	849
64171at7041	Complete	OU426877.1	135795881	135804167	+	681.9	485
64186at7041	Complete	OU426882.1	44710129	44706302	-	826.4	408
64199at7041	Complete	OU426877.1	81823816	81795752	-	788.4	431
64203at7041	Complete	OU426880.1	46495088	46498920	+	590.8	284
64233at7041	Complete	OU426877.1	20989794	20971881	-	581.6	297
64249at7041	Complete	OU426877.1	127997939	127996931	-	697.5	308
64269at7041	Complete	OU426883.1	4403558	4418942	+	760.2	370
64407at7041	Complete	OU426877.1	46513362	46507582	-	1110.7	599
64415at7041	Complete	OU426881.1	44687042	44690943	+	734.0	423
64463at7041	Complete	OU426882.1	10535096	10536077	+	532.4	252
64521at7041	Duplicated	OU426878.1	11819032	11821253	+	1098.0	692
64521at7041	Duplicated	OU426877.1	93334413	93332189	-	1095.9	692
64522at7041	Complete	OU426879.1	203909	201686	-	661.5	372
64571at7041	Complete	OU426879.1	20708915	20707511	-	526.9	339
64595at7041	Complete	OU426882.1	254159	255638	+	456.4	293
64787at7041	Complete	OU426877.1	122225328	122223931	-	723.9	347
64816at7041	Duplicated	OU426883.1	20414376	20408948	-	2024.8	1015
64816at7041	Duplicated	OU426881.1	6622881	6629643	+	1844.1	1015
64905at7041	Complete	OU426877.1	1051228	1049986	-	586.9	349
64925at7041	Complete	OU426882.1	32267736	32277330	+	603.1	445
64945at7041	Complete	OU426883.1	3321322	3322368	+	666.4	330
64973at7041	Fragmented	OU426877.1	38880255	38879776	-	202.5	105
65003at7041	Complete	OU426878.1	11186560	11187060	+	359.3	162
65038at7041	Complete	OU426879.1	32958672	32957097	-	321.7	212
65068at7041	Complete	OU426881.1	5737941	5730724	-	1470.5	766
65101at7041	Complete	OU426881.1	9864932	9862780	-	1257.6	634
65186at7041	Complete	OU426877.1	42319503	42322465	+	877.5	529
65332at7041	Complete	OU426880.1	36190985	36190280	-	279.3	186
65404at7041	Complete	OU426877.1	40614798	40612901	-	769.9	409
65492at7041	Complete	OU426881.1	6413301	6379399	-	3233.6	1800
65511at7041	Complete	OU426877.1	112072058	112071028	-	473.3	271
65542at7041	Complete	OU426880.1	47684293	47685747	+	707.7	452
65625at7041	Complete	OU426879.1	1552344	1552873	+	207.6	110
65639at7041	Complete	OU426877.1	824036	821487	-	1331.2	658
65654at7041	Complete	OU426877.1	135612239	135613812	+	620.9	348
65820at7041	Complete	OU426882.1	41679511	41684325	+	466.6	264
65909at7041	Complete	OU426877.1	108005973	107990240	-	4843.2	2325
65982at7041	Complete	OU426879.1	14656098	14659962	+	525.6	414
66003at7041	Complete	OU426877.1	26400861	26402755	+	439.9	269
66008at7041	Complete	OU426879.1	47486981	47504244	+	690.4	352
66082at7041	Complete	OU426877.1	60866026	60867269	+	437.6	317
66148at7041	Complete	OU426880.1	169842	168958	-	477.0	294
66170at7041	Complete	OU426879.1	20907552	20901267	-	1365.4	776
66230at7041	Complete	OU426879.1	49611125	49611639	+	268.4	144
66328at7041	Complete	OU426881.1	15058006	15056073	-	975.7	501
66395at7041	Complete	OU426882.1	1560735	1561551	+	367.6	203
66570at7041	Complete	OU426878.1	69254616	69255594	+	453.2	252
66709at7041	Complete	OU426878.1	50118000	50084769	-	182.4	116
66712at7041	Complete	OU426877.1	135567877	135572698	+	2104.0	1225
66820at7041	Complete	OU426878.1	7043622	7040766	-	468.3	323
66856at7041	Complete	OU426881.1	46145187	46150755	+	1367.0	660
66890at7041	Complete	OU426880.1	47767921	47771910	+	486.8	248
66900at7041	Complete	OU426877.1	55795362	55791106	-	1359.0	836
67129at7041	Complete	OU426878.1	52868230	52861342	-	1432.6	694
67137at7041	Complete	OU426878.1	70273301	70274293	+	652.7	329
67153at7041	Complete	OU426880.1	44425070	44441422	+	485.0	301
67187at7041	Complete	OU426878.1	51517021	51530402	+	976.8	589
67200at7041	Complete	OU426879.1	7269187	7293228	+	297.6	219
67252at7041	Complete	OU426880.1	47682386	47681303	-	437.3	278
67257at7041	Complete	OU426883.1	18177293	18186011	+	536.9	343
67274at7041	Complete	OU426877.1	104367460	104365589	-	927.4	555
67288at7041	Complete	OU426881.1	3811673	3810399	-	591.5	305
67298at7041	Complete	OU426881.1	35210045	35211114	+	294.1	189
67593at7041	Complete	OU426879.1	6776698	6775030	-	740.9	457
67668at7041	Complete	OU426881.1	31149581	31148374	-	439.0	312
67744at7041	Complete	OU426880.1	50601681	50604958	+	1135.2	728
67835at7041	Complete	OU426883.1	1465537	1472246	+	375.1	460
67879at7041	Complete	OU426882.1	19039880	19025104	-	312.7	220
67956at7041	Complete	OU426882.1	11859652	11854108	-	437.3	259
68030at7041	Fragmented	OU426882.1	36887391	36881688	-	514.0	329
68032at7041	Complete	OU426881.1	11511869	11512792	+	302.5	253
68098at7041	Complete	OU426877.1	95223672	95279341	+	1050.8	512
68146at7041	Complete	OU426881.1	19833181	19833899	+	284.2	179
68147at7041	Complete	OU426877.1	758476	757879	-	275.5	154
68148at7041	Complete	OU426882.1	592202	593078	+	427.9	195
68160at7041	Complete	OU426877.1	91973998	91980988	+	1453.0	866
68195at7041	Complete	OU426883.1	23984439	23974140	-	1283.0	702
68231at7041	Complete	OU426880.1	18512911	18513476	+	252.1	146
68385at7041	Complete	OU426880.1	33732864	33723706	-	1022.2	700
68393at7041	Complete	OU426878.1	59537903	59542153	+	1534.7	768
68414at7041	Complete	OU426877.1	80608453	80605824	-	594.4	294
68426at7041	Complete	OU426878.1	55646925	55642122	-	2593.2	1295
68473at7041	Complete	OU426882.1	43979669	43982080	+	1019.0	565
68545at7041	Complete	OU426882.1	30818356	30850482	+	499.3	302
68567at7041	Complete	OU426877.1	26838134	26837347	-	368.4	205
68589at7041	Complete	OU426877.1	113419952	113420620	+	302.1	165
68601at7041	Complete	OU426877.1	133604926	133603307	-	570.0	402
68623at7041	Complete	OU426878.1	51701667	51702301	+	350.3	174
68814at7041	Complete	OU426877.1	38429557	38430381	+	342.8	180
68930at7041	Complete	OU426882.1	32342452	32345016	+	570.7	447
68931at7041	Complete	OU426881.1	10769339	10667804	-	777.7	453
68969at7041	Complete	OU426880.1	3471777	3473726	+	556.2	310
68970at7041	Complete	OU426878.1	68961361	68960414	-	405.2	263
69143at7041	Complete	OU426878.1	3328355	3330678	+	187.8	128
69163at7041	Complete	OU426879.1	633243	629876	-	894.0	724
69299at7041	Complete	OU426877.1	52766866	52762951	-	942.9	579
69321at7041	Complete	OU426881.1	5738482	5740617	+	588.4	450
69348at7041	Complete	OU426877.1	101405197	101403260	-	928.4	574
69350at7041	Complete	OU426881.1	8538031	8526848	-	372.2	220
69401at7041	Complete	OU426878.1	9657070	9667798	+	850.5	427
69413at7041	Complete	OU426881.1	15340795	15342282	+	328.0	213
69481at7041	Complete	OU426877.1	118116288	118116957	+	243.1	146
69484at7041	Complete	OU426877.1	90310103	90396200	+	1487.8	784
69498at7041	Complete	OU426883.1	1653329	1642953	-	1028.4	493
69568at7041	Complete	OU426879.1	40137286	40138464	+	573.0	308
69604at7041	Complete	OU426880.1	43884687	43879572	-	797.7	550
69628at7041	Fragmented	OU426877.1	2710422	2709116	-	619.1	319
69647at7041	Complete	OU426878.1	50044143	50083939	+	1615.5	788
69672at7041	Complete	OU426881.1	19639386	19644595	+	357.3	391
69674at7041	Complete	OU426878.1	18322172	18309699	-	2096.8	1088
69710at7041	Complete	OU426877.1	2039537	2037554	-	711.0	427
69711at7041	Complete	OU426881.1	18762230	18763579	+	658.8	367
69749at7041	Complete	OU426881.1	39195722	39196339	+	311.1	198
69820at7041	Complete	OU426881.1	40784852	40790604	+	871.1	421
70060at7041	Complete	OU426881.1	37804015	37802837	-	421.4	261
70068at7041	Complete	OU426881.1	35236072	35243372	+	1499.8	898
70169at7041	Complete	OU426877.1	123490856	123482474	-	1408.1	804
70191at7041	Complete	OU426877.1	119084879	119082776	-	442.2	296
70238at7041	Complete	OU426877.1	134537289	134537997	+	212.7	145
70366at7041	Complete	OU426878.1	68607965	68606297	-	427.9	291
70405at7041	Complete	OU426881.1	34653172	34662145	+	1662.3	878
70521at7041	Complete	OU426880.1	48103055	48101448	-	529.7	285
70566at7041	Complete	OU426881.1	45973629	45963935	-	465.6	317
70572at7041	Complete	OU426879.1	44064195	44065121	+	596.5	305
70648at7041	Complete	OU426878.1	50207095	50200259	-	785.3	444
70655at7041	Complete	OU426880.1	46937809	46937262	-	195.3	119
70709at7041	Complete	OU426877.1	113205464	113208050	+	877.1	521
70723at7041	Complete	OU426883.1	2038449	2036809	-	587.1	384
70811at7041	Complete	OU426883.1	5030798	5025837	-	353.6	258
70824at7041	Complete	OU426877.1	111600009	111601338	+	522.4	304
70840at7041	Complete	OU426882.1	9424643	9423821	-	469.8	230
70927at7041	Complete	OU426883.1	25913967	25917501	+	1003.7	568
70931at7041	Complete	OU426881.1	11001017	11007329	+	1104.4	556
70968at7041	Complete	OU426878.1	48910539	48897018	-	4279.1	1988
71018at7041	Complete	OU426883.1	12003850	11999345	-	451.0	256
71037at7041	Complete	OU426879.1	8804913	8781691	-	648.8	260
71051at7041	Complete	OU426879.1	52814919	52801046	-	2566.3	1337
71083at7041	Complete	OU426877.1	3487258	3530778	+	1158.8	591
71090at7041	Complete	OU426883.1	17701062	17717104	+	156.8	125
71097at7041	Complete	OU426882.1	17066474	17063465	-	569.5	374
71128at7041	Complete	OU426880.1	50774266	50773097	-	456.3	370
71152at7041	Complete	OU426877.1	114842264	114843341	+	287.3	182
71160at7041	Complete	OU426878.1	2295285	2291947	-	1793.6	986
71261at7041	Complete	OU426882.1	40993423	40992190	-	771.5	389
71289at7041	Complete	OU426879.1	43244255	43245588	+	782.2	420
71398at7041	Complete	OU426877.1	78906311	78905239	-	204.4	183
71403at7041	Complete	OU426877.1	72584760	72586547	+	885.7	507
71414at7041	Complete	OU426878.1	5857422	5827126	-	1020.0	538
71465at7041	Complete	OU426881.1	4165709	4163812	-	935.5	470
71466at7041	Complete	OU426877.1	128020841	128022190	+	645.4	332
71518at7041	Complete	OU426878.1	19243961	19238392	-	2541.1	1348
71553at7041	Complete	OU426879.1	2453076	2447981	-	553.6	454
71555at7041	Complete	OU426878.1	58650612	58649541	-	645.6	308
71678at7041	Complete	OU426877.1	42528604	42527691	-	316.7	226
71763at7041	Complete	OU426879.1	47870212	47877066	+	1009.9	536
71768at7041	Complete	OU426879.1	46385797	46383897	-	394.6	243
71942at7041	Complete	OU426877.1	41690176	41682380	-	617.2	339
72102at7041	Complete	OU426881.1	20810110	20808990	-	537.3	281
72130at7041	Complete	OU426881.1	32430512	32432046	+	383.9	216
72183at7041	Complete	OU426878.1	54661453	54669054	+	1057.4	583
72185at7041	Complete	OU426877.1	128186673	128176140	-	943.2	508
72222at7041	Duplicated	OU426880.1	37214583	37221779	+	1250.1	652
72222at7041	Duplicated	OU426882.1	1322982	1326684	+	1209.6	649
72318at7041	Complete	OU426878.1	3877970	3878726	+	329.8	178
72476at7041	Complete	OU426882.1	218508	215562	-	937.1	476
72501at7041	Complete	OU426877.1	34757837	34770823	+	634.8	359
72686at7041	Complete	OU426882.1	44753932	44753594	-	209.8	109
72709at7041	Complete	OU426881.1	29563520	29601436	+	439.8	214
72721at7041	Complete	OU426881.1	21033234	21029763	-	1244.0	634
72741at7041	Complete	OU426883.1	25289298	25287607	-	658.1	420
72880at7041	Complete	OU426880.1	12833689	12839171	+	259.5	247
72896at7041	Complete	OU426877.1	46502279	46503378	+	610.5	311
72939at7041	Complete	OU426877.1	32792929	32790719	-	852.2	581
72997at7041	Complete	OU426880.1	2811072	2808783	-	509.6	266
73007at7041	Complete	OU426883.1	24563612	24562613	-	309.6	199
73020at7041	Complete	OU426877.1	110245079	110233879	-	891.9	471
73038at7041	Complete	OU426877.1	191367	191811	+	256.4	127
73096at7041	Complete	OU426882.1	9325106	9325971	+	385.6	255
73339at7041	Complete	OU426877.1	94979404	94980075	+	188.8	177
73383at7041	Complete	OU426882.1	9142546	9141485	-	437.7	231
73539at7041	Complete	OU426877.1	108663203	108662559	-	253.3	169
73550at7041	Complete	OU426877.1	102148680	102146029	-	1692.1	784
73584at7041	Complete	OU426881.1	3144168	3144769	+	326.7	161
73609at7041	Complete	OU426878.1	64320027	64311510	-	1054.4	642
73659at7041	Complete	OU426881.1	35398586	35408371	+	1516.4	816
73743at7041	Complete	OU426879.1	2722274	2719301	-	1221.7	615
73781at7041	Complete	OU426878.1	9928586	9931363	+	1507.7	830
73810at7041	Complete	OU426877.1	93433471	93439867	+	1632.0	929
73862at7041	Complete	OU426877.1	34496358	34495697	-	115.9	122
73972at7041	Complete	OU426877.1	117068606	117023091	-	987.1	497
73991at7041	Complete	OU426879.1	567141	521322	-	911.1	441
74167at7041	Complete	OU426877.1	32347580	32338081	-	268.7	148
74174at7041	Complete	OU426882.1	417006	422408	+	972.5	471
74392at7041	Complete	OU426878.1	46488537	46489853	+	336.8	310
74425at7041	Complete	OU426881.1	10772294	10780449	+	917.4	595
74475at7041	Complete	OU426882.1	16751184	16752963	+	207.8	243
74506at7041	Complete	OU426877.1	144011917	144010133	-	568.7	337
74598at7041	Complete	OU426877.1	57444516	57447856	+	355.2	317
74599at7041	Complete	OU426879.1	890664	893287	+	523.7	268
74685at7041	Complete	OU426877.1	106959329	106970032	+	592.7	363
74706at7041	Complete	OU426877.1	134545603	134553280	+	1538.3	818
74755at7041	Complete	OU426877.1	37096060	37096530	+	259.3	150
74765at7041	Complete	OU426883.1	21674516	21664007	-	2147.1	1627
74978at7041	Complete	OU426879.1	14311810	14292919	-	1058.8	584
75014at7041	Complete	OU426882.1	1340814	1338263	-	571.7	319
75037at7041	Complete	OU426877.1	1049097	1049823	+	281.7	200
75078at7041	Complete	OU426880.1	40845830	40847707	+	897.8	505
75088at7041	Complete	OU426877.1	127399769	127400485	+	444.7	237
75165at7041	Complete	OU426878.1	5589094	5581488	-	843.0	590
75173at7041	Complete	OU426883.1	24735086	24730873	-	1186.0	672
75226at7041	Complete	OU426877.1	131444843	131442991	-	581.0	308
75259at7041	Complete	OU426882.1	44342957	44337681	-	760.2	534
75280at7041	Complete	OU426877.1	93995442	93996380	+	490.8	293
75303at7041	Complete	OU426879.1	10284807	10285665	+	470.3	258
75367at7041	Complete	OU426877.1	111980654	111984937	+	386.7	217
75419at7041	Complete	OU426881.1	17455448	17456176	+	263.9	146
75423at7041	Complete	OU426878.1	67370881	67378628	+	1255.0	734
75427at7041	Complete	OU426878.1	65602797	65603629	+	176.4	168
75473at7041	Complete	OU426879.1	50476900	50475657	-	571.0	354
75544at7041	Complete	OU426877.1	105726134	105728650	+	1243.4	621
75550at7041	Complete	OU426881.1	47927203	47926088	-	481.3	273
75553at7041	Complete	OU426877.1	112099607	112101538	+	974.1	540
75611at7041	Complete	OU426879.1	44017174	44018442	+	466.6	297
75614at7041	Complete	OU426879.1	15797015	15791460	-	1434.5	777
75629at7041	Complete	OU426877.1	2541610	2537353	-	715.7	475
75689at7041	Complete	OU426883.1	24745429	24746738	+	485.0	283
75747at7041	Complete	OU426877.1	40049764	40048643	-	693.2	327
75754at7041	Complete	OU426878.1	1535221	1536444	+	412.3	283
75772at7041	Complete	OU426877.1	115871524	115870864	-	288.7	148
75799at7041	Complete	OU426877.1	426003	334930	-	589.8	334
75952at7041	Complete	OU426881.1	5208134	5209204	+	265.7	205
76003at7041	Complete	OU426877.1	135626649	135625950	-	252.4	182
76011at7041	Complete	OU426879.1	6160389	6138619	-	1380.0	661
76041at7041	Complete	OU426878.1	58789894	58790612	+	452.2	218
76053at7041	Complete	OU426881.1	7102497	7095399	-	740.1	440
76076at7041	Complete	OU426877.1	98298601	98278691	-	577.2	358
76103at7041	Complete	OU426879.1	46387167	46386151	-	171.8	173
76130at7041	Complete	OU426878.1	60965254	60900184	-	565.4	315
76143at7041	Complete	OU426878.1	12942471	12940051	-	598.3	479
76177at7041	Complete	OU426881.1	38663211	38653736	-	916.8	439
76228at7041	Complete	OU426877.1	57343991	57344926	+	538.0	300
76338at7041	Complete	OU426882.1	36815196	36800373	-	2780.4	1673
76376at7041	Complete	OU426879.1	767072	768764	+	344.8	226
76533at7041	Complete	OU426880.1	44793830	44794413	+	178.9	109
76550at7041	Complete	OU426883.1	4674290	4681398	+	1004.7	492
76568at7041	Complete	OU426881.1	36889272	36898327	+	433.6	494
76602at7041	Complete	OU426881.1	36150568	36151018	+	251.0	125
76651at7041	Complete	OU426880.1	48006046	48003049	-	960.4	575
76654at7041	Complete	OU426877.1	93643235	93632202	-	1074.5	682
76705at7041	Complete	OU426878.1	68497069	68495042	-	567.2	294
76725at7041	Complete	OU426877.1	96886056	96882608	-	975.6	549
76826at7041	Complete	OU426877.1	115494061	115492985	-	601.3	334
77018at7041	Complete	OU426878.1	2791157	2791861	+	428.7	230
77170at7041	Complete	OU426880.1	50124634	50128054	+	219.0	134
77196at7041	Complete	OU426883.1	24984265	24988396	+	1699.7	966
77355at7041	Complete	OU426878.1	67789209	67790838	+	529.3	350
77476at7041	Complete	OU426879.1	53237153	53244072	+	466.3	263
77487at7041	Complete	OU426877.1	84048056	84081167	+	820.6	514
77498at7041	Complete	OU426877.1	108798559	108797051	-	815.1	421
77510at7041	Complete	OU426878.1	12815761	12809891	-	841.4	581
77512at7041	Complete	OU426877.1	144025039	144026312	+	658.8	351
77593at7041	Complete	OU426883.1	1837656	1826652	-	1674.7	862
77693at7041	Complete	OU426882.1	36184647	36186632	+	1020.4	558
77700at7041	Complete	OU426879.1	2717881	2713081	-	779.8	488
77734at7041	Complete	OU426877.1	100810207	100808451	-	579.8	364
77758at7041	Complete	OU426877.1	92212263	92211069	-	409.9	215
77787at7041	Complete	OU426878.1	65905498	65909377	+	497.7	280
77811at7041	Complete	OU426881.1	42817418	42812958	-	709.3	504
77905at7041	Complete	OU426879.1	33104694	33105985	+	584.5	305
77910at7041	Complete	OU426877.1	86931637	86939549	+	650.7	399
78215at7041	Complete	OU426881.1	5547653	5548444	+	388.1	199
78248at7041	Complete	OU426881.1	1039198	1037524	-	435.5	293
78271at7041	Complete	OU426883.1	24030918	24015983	-	5006.6	2875
78356at7041	Complete	OU426881.1	39974534	39970661	-	1775.7	931
78361at7041	Complete	OU426879.1	52643834	52643145	-	290.2	155
78368at7041	Complete	OU426880.1	18581684	18546197	-	1077.1	537
78369at7041	Complete	OU426877.1	137425123	137319387	-	1156.5	575
78442at7041	Complete	OU426881.1	35617416	35616163	-	660.6	378
78463at7041	Complete	OU426878.1	12048458	12050076	+	787.6	419
78665at7041	Complete	OU426881.1	40091727	40070490	-	898.6	568
78668at7041	Complete	OU426879.1	17652587	17653145	+	240.9	139
78742at7041	Complete	OU426881.1	15320322	15330949	+	1343.3	797
78770at7041	Complete	OU426877.1	52504731	52503775	-	174.3	157
78778at7041	Complete	OU426877.1	107743553	107744525	+	463.6	275
78966at7041	Complete	OU426879.1	7829724	7828823	-	412.6	276
79082at7041	Complete	OU426877.1	47658922	47660900	+	815.7	421
79192at7041	Complete	OU426880.1	44230013	44230450	+	192.2	119
79216at7041	Complete	OU426877.1	39606336	39607527	+	456.4	272
79281at7041	Complete	OU426882.1	5828125	5829805	+	611.1	308
79467at7041	Complete	OU426879.1	52434981	52437286	+	1232.5	605
79515at7041	Complete	OU426878.1	46300938	46297691	-	1140.4	656
79642at7041	Complete	OU426881.1	9211329	9209277	-	515.0	396
79646at7041	Complete	OU426880.1	47921867	47931674	+	799.1	409
79659at7041	Complete	OU426877.1	55032983	55030035	-	384.5	326
79694at7041	Complete	OU426882.1	32121175	32120507	-	365.8	203
79785at7041	Complete	OU426878.1	51971138	51970167	-	573.9	307
79838at7041	Complete	OU426877.1	78807176	78808455	+	633.7	360
79961at7041	Complete	OU426878.1	2333255	2334389	+	460.3	280
80014at7041	Complete	OU426880.1	31956915	31955756	-	385.1	325
80069at7041	Complete	OU426882.1	44267229	44265631	-	286.1	260
80072at7041	Complete	OU426881.1	21036192	21037625	+	733.4	374
80148at7041	Complete	OU426883.1	21500243	21487739	-	909.3	510
80179at7041	Complete	OU426882.1	11943742	11943056	-	314.8	204
80272at7041	Complete	OU426877.1	108169873	108168737	-	364.4	265
80364at7041	Complete	OU426881.1	11668284	11667114	-	208.9	185
80487at7041	Complete	OU426877.1	99906162	99915871	+	918.5	669
80563at7041	Complete	OU426881.1	37961499	37959837	-	550.6	383
80601at7041	Complete	OU426879.1	17245904	17246701	+	225.3	122
80745at7041	Complete	OU426881.1	40547031	40548387	+	460.6	295
80757at7041	Complete	OU426881.1	47588950	47584231	-	1434.4	894
80792at7041	Complete	OU426877.1	107975314	107976144	+	338.3	201
80821at7041	Complete	OU426878.1	61861917	61867247	+	592.6	472
80870at7041	Complete	OU426877.1	97361854	97357364	-	1117.6	684
80890at7041	Complete	OU426877.1	135966474	135961583	-	543.3	339
80919at7041	Complete	OU426879.1	40537721	40538756	+	525.3	316
80931at7041	Complete	OU426877.1	248337	247165	-	558.9	374
80961at7041	Complete	OU426877.1	1597183	1593621	-	994.6	731
80981at7041	Complete	OU426877.1	120567953	120567155	-	386.9	244
81103at7041	Complete	OU426882.1	20253619	20256581	+	1343.9	696
81146at7041	Complete	OU426881.1	21907294	21911143	+	624.6	293
81198at7041	Complete	OU426877.1	57474260	57475927	+	662.3	420
81199at7041	Complete	OU426877.1	100306400	100307626	+	551.7	273
81311at7041	Complete	OU426881.1	45344958	45362962	+	1762.6	943
81322at7041	Complete	OU426878.1	66033842	66033381	-	220.0	137
81353at7041	Complete	OU426879.1	1627031	1626270	-	356.6	231
81411at7041	Complete	OU426879.1	14671749	14664816	-	979.7	423
81668at7041	Complete	OU426877.1	534726	535611	+	506.9	270
81670at7041	Complete	OU426881.1	4628783	4622884	-	2640.5	1318
81674at7041	Complete	OU426877.1	12177903	12177005	-	341.8	236
81824at7041	Complete	OU426881.1	47677698	47675982	-	519.2	268
81840at7041	Complete	OU426877.1	121188579	121145364	-	804.0	463
81948at7041	Complete	OU426878.1	48930650	48940446	+	876.0	494
82021at7041	Complete	OU426877.1	118994742	118999679	+	753.0	435
82054at7041	Complete	OU426878.1	52084803	52093336	+	408.4	249
82064at7041	Complete	OU426877.1	119641354	119648062	+	801.5	369
82079at7041	Complete	OU426877.1	93676399	93645173	-	1388.4	854
82105at7041	Complete	OU426877.1	85263486	85248681	-	732.5	403
82237at7041	Complete	OU426877.1	112151129	112136791	-	389.1	263
82297at7041	Complete	OU426881.1	40179263	40171138	-	934.5	433
82298at7041	Complete	OU426879.1	44645889	44638808	-	546.3	495
82327at7041	Complete	OU426879.1	908197	904828	-	381.6	201
82356at7041	Complete	OU426879.1	11275168	11278474	+	848.1	442
82362at7041	Complete	OU426879.1	46233944	46235212	+	541.7	359
82406at7041	Complete	OU426879.1	43577932	43569366	-	795.2	590
82423at7041	Complete	OU426877.1	19957665	19946063	-	1611.7	1009
82441at7041	Complete	OU426879.1	39888870	39883753	-	121.9	165
82453at7041	Complete	OU426883.1	25170396	25166565	-	542.4	281
82456at7041	Complete	OU426879.1	3968827	3971021	+	239.9	135
82480at7041	Complete	OU426877.1	108626709	108628533	+	399.1	259
82560at7041	Complete	OU426881.1	10901863	10900298	-	789.8	434
82616at7041	Complete	OU426877.1	120529098	120564651	+	1129.2	630
82660at7041	Complete	OU426879.1	634716	633709	-	612.5	324
82676at7041	Complete	OU426877.1	92252112	92252737	+	182.1	120
82691at7041	Complete	OU426882.1	16330019	16334208	+	642.1	340
82750at7041	Complete	OU426881.1	22806199	22807027	+	346.6	205
82766at7041	Complete	OU426880.1	12554917	12549560	-	587.3	332
82808at7041	Complete	OU426877.1	70434289	70443173	+	643.1	381
82946at7041	Complete	OU426877.1	104995951	104992962	-	813.7	603
82957at7041	Complete	OU426878.1	356905	354538	-	527.0	418
82989at7041	Complete	OU426883.1	5041760	5047943	+	627.9	284
83031at7041	Complete	OU426882.1	43381894	43382408	+	247.5	139
83194at7041	Complete	OU426878.1	1657621	1700550	+	655.9	337
83294at7041	Complete	OU426877.1	50531421	50531841	+	158.2	95
83333at7041	Complete	OU426877.1	1637870	1639951	+	588.0	424
83506at7041	Complete	OU426877.1	29122374	29116771	-	1590.7	1021
83510at7041	Complete	OU426881.1	16016057	16014180	-	411.9	238
83539at7041	Complete	OU426879.1	44727840	44728616	+	296.7	204
83556at7041	Complete	OU426882.1	9370504	9371480	+	588.3	306
83565at7041	Complete	OU426883.1	2970	6066	+	531.0	386
83583at7041	Complete	OU426879.1	47444990	47455174	+	975.4	823
83594at7041	Complete	OU426882.1	14501494	14499218	-	702.2	585
83671at7041	Complete	OU426878.1	58880757	58879262	-	725.7	432
83680at7041	Complete	OU426878.1	51516829	51497879	-	2305.6	1331
83685at7041	Complete	OU426877.1	111548944	111496379	-	267.9	129
83693at7041	Complete	OU426882.1	641946	646668	+	537.1	362
83776at7041	Complete	OU426878.1	17245473	17238137	-	579.6	558
83821at7041	Complete	OU426879.1	12584489	12483934	-	714.4	416
83906at7041	Complete	OU426877.1	118494931	118494235	-	373.5	209
83908at7041	Complete	OU426879.1	7838196	7838933	+	263.2	145
83968at7041	Complete	OU426880.1	50596588	50593466	-	739.6	425
84030at7041	Complete	OU426882.1	38101930	38110610	+	2028.1	1135
84065at7041	Complete	OU426881.1	2596827	2597449	+	301.7	165
84083at7041	Complete	OU426881.1	12208085	12210807	+	755.5	342
84088at7041	Complete	OU426880.1	45057397	45058941	+	631.3	359
84186at7041	Complete	OU426880.1	13610388	13609574	-	376.6	218
84273at7041	Complete	OU426877.1	31503661	31498301	-	377.4	193
84279at7041	Complete	OU426877.1	144325850	144309109	-	1405.7	742
84352at7041	Complete	OU426882.1	9137600	9138270	+	226.3	133
84376at7041	Complete	OU426882.1	4760484	4757533	-	1232.5	773
84395at7041	Complete	OU426877.1	120114237	120123854	+	1472.4	1073
84402at7041	Complete	OU426877.1	19732731	19723157	-	724.1	364
84411at7041	Complete	OU426879.1	53617706	53616768	-	459.6	253
84474at7041	Complete	OU426881.1	4833328	4831010	-	779.2	384
84627at7041	Complete	OU426877.1	1162013	1159480	-	525.9	293
84675at7041	Complete	OU426883.1	9662136	9666614	+	631.4	550
84690at7041	Complete	OU426877.1	116497781	116494399	-	1424.2	874
84698at7041	Complete	OU426881.1	45780427	45781587	+	382.2	210
84699at7041	Complete	OU426880.1	2811732	2819917	+	444.1	266
84753at7041	Duplicated	OU426878.1	52302673	52301611	-	587.9	319
84753at7041	Duplicated	OU426878.1	51588102	51589158	+	558.2	319
84905at7041	Complete	OU426877.1	119328488	119323241	-	303.2	156
84925at7041	Complete	OU426877.1	104174952	104172497	-	1165.4	650
84932at7041	Complete	OU426878.1	3609039	3610699	+	456.6	269
84939at7041	Complete	OU426878.1	10952612	10955657	+	1431.1	810
84977at7041	Complete	OU426880.1	33686437	33695026	+	592.9	472
84984at7041	Complete	OU426883.1	20219456	20177870	-	367.8	188
84994at7041	Complete	OU426877.1	33985892	33985030	-	451.7	242
85004at7041	Complete	OU426882.1	35369023	35369974	+	136.3	114
85026at7041	Complete	OU426883.1	16902095	16915231	+	923.5	543
85097at7041	Complete	OU426881.1	39965337	39966131	+	370.3	243
85134at7041	Complete	OU426878.1	16022792	16024630	+	603.6	351
85216at7041	Complete	OU426881.1	5554839	5553743	-	452.4	270
85332at7041	Complete	OU426877.1	256850	255489	-	200.6	244
85436at7041	Complete	OU426879.1	21056717	21054065	-	868.9	507
85552at7041	Complete	OU426877.1	42279827	42278413	-	511.9	343
85602at7041	Complete	OU426881.1	38599598	38601257	+	662.2	487
85667at7041	Complete	OU426877.1	53144083	53141731	-	573.6	322
85734at7041	Complete	OU426877.1	109712048	109713542	+	606.9	484
85807at7041	Complete	OU426877.1	51413707	51420624	+	991.3	693
85814at7041	Complete	OU426878.1	4573333	4570381	-	456.5	405
85815at7041	Complete	OU426879.1	43010653	43014473	+	1008.2	630
85832at7041	Complete	OU426877.1	113602471	113609851	+	1351.6	700
85835at7041	Complete	OU426879.1	2842471	2844462	+	988.4	508
85843at7041	Complete	OU426880.1	48658790	48659586	+	322.3	195
85916at7041	Complete	OU426877.1	92994090	92988124	-	652.0	334
85970at7041	Complete	OU426877.1	107395885	107402074	+	1045.8	553
86006at7041	Complete	OU426882.1	9713324	9712244	-	376.7	282
86010at7041	Complete	OU426881.1	21164783	21167156	+	966.4	652
86111at7041	Complete	OU426879.1	22790165	22788303	-	683.8	369
86119at7041	Complete	OU426878.1	55796438	55794169	-	690.0	379
86131at7041	Complete	OU426877.1	108807222	108803742	-	1067.8	634
86139at7041	Complete	OU426882.1	40420461	40422092	+	642.5	402
86142at7041	Complete	OU426877.1	51719221	51733983	+	438.7	266
86157at7041	Complete	OU426882.1	43806286	43807334	+	432.1	286
86201at7041	Complete	OU426877.1	111989047	111985952	-	1020.0	570
86219at7041	Complete	OU426881.1	40596669	40599368	+	848.2	471
86264at7041	Complete	OU426877.1	109709834	109710995	+	276.1	184
86307at7041	Complete	OU426881.1	16646934	16658420	+	936.1	530
86328at7041	Complete	OU426877.1	114117964	114118575	+	141.7	112
86392at7041	Complete	OU426877.1	41019800	41011844	-	583.2	348
86414at7041	Complete	OU426877.1	101400794	101401960	+	525.5	281
86418at7041	Complete	OU426883.1	18047013	18049449	+	457.8	245
86427at7041	Complete	OU426877.1	47630773	47635562	+	675.5	521
86536at7041	Complete	OU426877.1	21142253	21160063	+	346.6	171
86658at7041	Complete	OU426878.1	5742430	5742943	+	232.1	120
86669at7041	Complete	OU426882.1	33039006	33037016	-	760.7	471
86700at7041	Complete	OU426877.1	108344889	108342361	-	1132.1	593
86909at7041	Complete	OU426881.1	3068435	3067424	-	284.3	197
86923at7041	Complete	OU426877.1	804980	809296	+	1496.6	934
87126at7041	Complete	OU426882.1	16102220	16107570	+	468.0	294
87171at7041	Complete	OU426882.1	19012154	19018064	+	664.2	361
87188at7041	Complete	OU426877.1	95401876	95402964	+	300.3	223
87224at7041	Complete	OU426881.1	9251047	9252245	+	515.9	334
87303at7041	Complete	OU426879.1	6292068	6289774	-	785.9	582
87328at7041	Complete	OU426882.1	32787797	32810391	+	1227.9	789
87360at7041	Complete	OU426881.1	16099780	16099040	-	476.0	243
87362at7041	Complete	OU426882.1	16560969	16561619	+	364.3	215
87367at7041	Complete	OU426882.1	12392271	12393185	+	405.4	222
87384at7041	Complete	OU426881.1	39718678	39717012	-	414.9	295
87429at7041	Complete	OU426877.1	118533930	118528142	-	592.0	369
87610at7041	Complete	OU426879.1	46394409	46394831	+	199.9	121
87621at7041	Complete	OU426877.1	70562446	70585210	+	1422.2	663
87808at7041	Complete	OU426877.1	108366264	108354007	-	4017.9	2054
87816at7041	Complete	OU426877.1	96855613	96848058	-	1264.2	791
87842at7041	Complete	OU426877.1	804382	790910	-	951.2	335
87844at7041	Complete	OU426877.1	114849471	114847839	-	743.9	424
87873at7041	Complete	OU426879.1	635692	637139	+	515.8	417
87941at7041	Complete	OU426877.1	19342735	19342064	-	345.3	193
87961at7041	Complete	OU426881.1	20666672	20659487	-	267.9	177
87998at7041	Complete	OU426882.1	40305606	40302355	-	828.7	666
88020at7041	Complete	OU426877.1	119015840	119017752	+	424.2	240
88200at7041	Complete	OU426882.1	5052363	5043787	-	437.5	246
88223at7041	Complete	OU426877.1	101397244	101399919	+	572.7	398
88265at7041	Complete	OU426882.1	1571230	1572636	+	710.8	452
88466at7041	Complete	OU426882.1	39436424	39438486	+	296.1	354
88478at7041	Fragmented	OU426877.1	104691772	104682998	-	833.3	418
88587at7041	Complete	OU426877.1	120974449	120971653	-	957.0	617
88701at7041	Complete	OU426883.1	12023089	12031208	+	610.9	403
88765at7041	Complete	OU426881.1	13757322	13761403	+	392.5	394
88778at7041	Complete	OU426879.1	3972005	3974484	+	965.1	597
88832at7041	Complete	OU426881.1	10172258	10172966	+	355.7	203
88900at7041	Complete	OU426878.1	12970160	12971810	+	570.3	396
88929at7041	Complete	OU426877.1	56637012	56631705	-	233.0	232
89157at7041	Complete	OU426881.1	5509553	5512016	+	1223.1	644
89294at7041	Complete	OU426877.1	45320774	45336208	+	387.3	263
89323at7041	Complete	OU426877.1	43014335	43013140	-	366.4	197
89328at7041	Complete	OU426879.1	31812589	31818030	+	349.5	259
89369at7041	Complete	OU426881.1	38605687	38601902	-	828.2	467
89374at7041	Complete	OU426879.1	46231168	46223106	-	960.0	524
89533at7041	Complete	OU426877.1	132417386	132415886	-	393.5	329
89562at7041	Complete	OU426877.1	81998888	82004043	+	548.2	426
89588at7041	Complete	OU426877.1	12439436	12440871	+	523.9	328
89616at7041	Complete	OU426881.1	40831539	40824682	-	1425.1	739
89644at7041	Complete	OU426881.1	10659920	10657595	-	668.3	573
89686at7041	Complete	OU426878.1	60643557	60647413	+	1036.3	552
89759at7041	Complete	OU426880.1	44245224	44244624	-	262.4	196
89763at7041	Complete	OU426881.1	10885201	10883620	-	562.0	444
89801at7041	Complete	OU426879.1	9917231	9910180	-	1051.7	610
89840at7041	Complete	OU426881.1	5116629	5112480	-	1147.9	828
89904at7041	Complete	OU426877.1	79291907	79290969	-	509.5	288
89939at7041	Complete	OU426882.1	36646122	36646910	+	457.5	229
90029at7041	Complete	OU426879.1	400431	406749	+	561.4	345
90167at7041	Complete	OU426881.1	10445474	10446250	+	382.2	262
90169at7041	Complete	OU426877.1	99810408	99804677	-	314.4	199
90290at7041	Complete	OU426881.1	46300502	46306946	+	453.4	227
90296at7041	Complete	OU426877.1	19885725	19879804	-	741.2	423
90404at7041	Complete	OU426881.1	5242560	5217907	-	390.6	204
90435at7041	Complete	OU426877.1	22775091	22777390	+	798.9	534
90439at7041	Complete	OU426879.1	31890844	31877835	-	419.1	257
90495at7041	Complete	OU426881.1	18487945	18489072	+	639.5	350
90609at7041	Complete	OU426877.1	108878689	108880333	+	430.5	370
90732at7041	Complete	OU426881.1	45319447	45318398	-	194.8	129
90748at7041	Complete	OU426881.1	37953809	37957434	+	369.9	368
90751at7041	Fragmented	OU426880.1	50168385	50165687	-	549.0	327
90773at7041	Complete	OU426878.1	59520073	59521424	+	854.3	401
90776at7041	Complete	OU426878.1	68616370	68619267	+	721.5	428
90841at7041	Complete	OU426878.1	5561857	5560346	-	598.4	431
90912at7041	Complete	OU426879.1	57010175	57013635	+	681.0	755
90924at7041	Complete	OU426878.1	68634250	68631449	-	819.6	596
90976at7041	Complete	OU426877.1	18474530	18475729	+	443.2	360
91003at7041	Complete	OU426878.1	65010997	65019663	+	865.1	564
91014at7041	Complete	OU426880.1	50615939	50617968	+	745.6	570
91076at7041	Complete	OU426877.1	20238779	20236683	-	673.7	346
91119at7041	Complete	OU426878.1	12058977	12057325	-	652.5	415
91122at7041	Complete	OU426877.1	3931830	3933145	+	474.4	247
91198at7041	Complete	OU426877.1	251130	249530	-	359.0	216
91284at7041	Complete	OU426877.1	41308435	41305974	-	425.0	254
91389at7041	Complete	OU426881.1	38471797	38470607	-	551.7	373
91406at7041	Complete	OU426877.1	20054676	20055392	+	279.3	169
91437at7041	Complete	OU426882.1	40666142	40664140	-	752.5	423
91451at7041	Complete	OU426881.1	47679639	47681848	+	411.8	280
91588at7041	Complete	OU426877.1	49294104	49292193	-	649.3	357
91663at7041	Complete	OU426879.1	2741874	2737039	-	384.7	202
91697at7041	Complete	OU426881.1	40329647	40331335	+	512.5	304
91730at7041	Complete	OU426877.1	128011260	128010912	-	75.4	67
91742at7041	Complete	OU426880.1	49557510	49558563	+	463.5	287
91747at7041	Complete	OU426877.1	136991435	136992478	+	564.1	288
91774at7041	Complete	OU426877.1	113871130	113868967	-	888.3	505
91895at7041	Complete	OU426878.1	68900105	68901309	+	330.5	155
92051at7041	Complete	OU426881.1	43496134	43511396	+	911.3	443
92093at7041	Complete	OU426879.1	3348814	3343607	-	802.7	387
92118at7041	Complete	OU426882.1	35838119	35723477	-	1803.7	1098
92148at7041	Complete	OU426883.1	2136569	2144225	+	1000.8	510
92160at7041	Complete	OU426882.1	8619194	8626609	+	3434.0	1683
92163at7041	Complete	OU426879.1	1954737	1954255	-	137.8	73
92177at7041	Complete	OU426883.1	25488687	25493613	+	169.8	99
92178at7041	Fragmented	OU426879.1	32887530	32887248	-	113.9	61
92191at7041	Complete	OU426879.1	40285938	40447945	+	2686.7	1684
92203at7041	Complete	OU426877.1	32922338	32927376	+	617.5	362
92227at7041	Complete	OU426877.1	54593777	54590563	-	255.0	180
92266at7041	Complete	OU426879.1	22956074	22957235	+	264.2	153
92277at7041	Complete	OU426877.1	93330731	93331983	+	536.0	359
92325at7041	Complete	OU426881.1	41546218	41560800	+	490.7	304
92329at7041	Complete	OU426879.1	8860565	8862645	+	619.3	340
92335at7041	Complete	OU426877.1	39589867	39589516	-	181.9	98
92353at7041	Complete	OU426881.1	13555735	13556340	+	187.0	126
92377at7041	Complete	OU426883.1	20149126	20135092	-	859.6	475
92398at7041	Complete	OU426877.1	2449736	2452168	+	394.0	477
92412at7041	Fragmented	OU426880.1	7000157	7002640	+	543.4	129
92413at7041	Complete	OU426877.1	118493944	118493195	-	444.2	231
92456at7041	Complete	OU426877.1	29218903	29218161	-	345.8	196
92495at7041	Complete	OU426882.1	12732792	12710204	-	648.9	329
92496at7041	Complete	OU426877.1	51426723	51423003	-	753.0	491
92506at7041	Complete	OU426877.1	53222457	53224190	+	1068.0	561
92510at7041	Complete	OU426877.1	48625920	48626502	+	149.7	90
92539at7041	Complete	OU426882.1	34698144	34699289	+	569.7	329
92630at7041	Fragmented	OU426877.1	152834	154965	+	761.4	490
92632at7041	Complete	OU426878.1	13011232	13010183	-	424.6	264
92666at7041	Complete	OU426882.1	23127166	23125545	-	155.2	88
92747at7041	Complete	OU426880.1	50183	56142	+	1444.3	721
92759at7041	Complete	OU426881.1	38189290	38186177	-	979.0	573
92783at7041	Complete	OU426882.1	40909874	40912650	+	834.6	607
92849at7041	Complete	OU426877.1	38806578	38808513	+	437.5	268
92884at7041	Complete	OU426878.1	64646262	64606429	-	1422.2	725
92911at7041	Complete	OU426881.1	30054151	30046581	-	982.9	588
92985at7041	Complete	OU426879.1	10326698	10339790	+	448.3	277
93028at7041	Complete	OU426881.1	19630536	19623578	-	1451.9	882
93077at7041	Complete	OU426883.1	5155321	5147264	-	931.7	570
93181at7041	Duplicated	OU426881.1	40776080	40753070	-	365.1	261
93181at7041	Duplicated	OU426881.1	39403349	39399217	-	395.3	257
93212at7041	Complete	OU426882.1	16762168	16760588	-	734.6	371
93303at7041	Complete	OU426879.1	52014756	52014046	-	316.4	202
93355at7041	Complete	OU426879.1	19166700	19211759	+	755.2	371
93372at7041	Complete	OU426881.1	31838274	31826350	-	1674.5	1083
93385at7041	Complete	OU426877.1	124013579	124010370	-	1303.6	812
93419at7041	Complete	OU426880.1	37378773	37377301	-	681.1	435
93420at7041	Complete	OU426877.1	51604267	51605338	+	198.4	199
93436at7041	Complete	OU426882.1	4192971	4188154	-	912.6	585
93453at7041	Complete	OU426877.1	86034302	85987677	-	1630.7	817
93519at7041	Complete	OU426879.1	48821677	48822546	+	359.7	231
93569at7041	Complete	OU426881.1	342280	340123	-	458.5	261
93591at7041	Complete	OU426881.1	10421886	10419073	-	734.4	731
93641at7041	Complete	OU426877.1	104196805	104213103	+	804.7	500
93655at7041	Complete	OU426881.1	46352275	46354282	+	772.8	450
93769at7041	Complete	OU426879.1	47051091	47046155	-	1534.4	904
93801at7041	Complete	OU426882.1	43976250	43978368	+	234.4	413
93865at7041	Complete	OU426877.1	81747201	81733920	-	535.7	269
94039at7041	Complete	OU426882.1	13745328	13805577	+	528.9	293
94386at7041	Complete	OU426881.1	36279799	36274305	-	896.0	511
94438at7041	Complete	OU426878.1	64689067	64703662	+	1392.8	1000
94481at7041	Complete	OU426878.1	54649995	54630971	-	949.2	522
94489at7041	Complete	OU426877.1	24345101	24343577	-	589.1	376
94523at7041	Complete	OU426877.1	3948597	3943846	-	989.5	702
94524at7041	Complete	OU426879.1	6641407	6638865	-	404.1	298
94564at7041	Complete	OU426879.1	48938606	48939556	+	249.2	211
94693at7041	Complete	OU426877.1	19770569	19771485	+	243.4	191
94712at7041	Complete	OU426877.1	104761612	104772566	+	1044.2	648
94744at7041	Fragmented	OU426877.1	143429349	143419006	-	651.3	431
94778at7041	Complete	OU426879.1	40693214	40682727	-	1047.4	671
94801at7041	Complete	OU426877.1	2982987	2990528	+	1837.8	1681
94844at7041	Complete	OU426880.1	47788413	47792289	+	1544.0	820
94845at7041	Complete	OU426877.1	79526706	79528483	+	883.7	499
94911at7041	Complete	OU426880.1	42552157	42546932	-	1092.5	653
94958at7041	Complete	OU426877.1	123441256	123439878	-	551.5	319
94961at7041	Complete	OU426877.1	33454741	33456941	+	157.7	144
95003at7041	Complete	OU426880.1	47942215	47946273	+	788.5	588
95024at7041	Complete	OU426881.1	7553873	7566300	+	1209.9	620
95046at7041	Complete	OU426877.1	47106650	47111230	+	1916.8	963
95149at7041	Complete	OU426878.1	68965848	68967024	+	323.4	211
95245at7041	Complete	OU426882.1	32066727	32068089	+	484.4	298
95402at7041	Complete	OU426877.1	27212437	27211474	-	288.2	220
95418at7041	Complete	OU426883.1	18018833	18009909	-	1281.1	769
95714at7041	Complete	OU426877.1	33539917	33533529	-	468.5	244
95741at7041	Complete	OU426877.1	113818199	113822347	+	759.8	476
95805at7041	Complete	OU426877.1	2435652	2434241	-	448.7	337
95883at7041	Complete	OU426881.1	19346953	19346161	-	277.6	192
95904at7041	Complete	OU426877.1	132417784	132428171	+	1464.6	959
95917at7041	Complete	OU426883.1	2834908	2836932	+	624.6	506
95949at7041	Complete	OU426879.1	54454217	54568363	+	932.4	496
95965at7041	Complete	OU426877.1	91235060	91237372	+	919.2	655
96109at7041	Complete	OU426877.1	57192249	57190298	-	504.0	238
96209at7041	Complete	OU426882.1	30864557	30853862	-	539.8	328
96234at7041	Complete	OU426877.1	38442687	38440755	-	566.4	461
96252at7041	Complete	OU426877.1	524934	526477	+	305.4	175
96277at7041	Complete	OU426877.1	94845444	94839343	-	634.4	341
96344at7041	Complete	OU426882.1	15231155	15287920	+	456.4	273
96351at7041	Complete	OU426878.1	10178752	10175113	-	606.1	272
96363at7041	Complete	OU426879.1	4104944	4103491	-	461.9	254
96414at7041	Complete	OU426877.1	19930168	19931370	+	269.1	327
96422at7041	Complete	OU426880.1	45925021	45918547	-	1139.4	706
96446at7041	Complete	OU426877.1	118389361	118399886	+	342.3	241
96545at7041	Complete	OU426880.1	6618874	6617600	-	509.3	282
96548at7041	Complete	OU426877.1	48128877	48129660	+	262.6	160
96559at7041	Complete	OU426877.1	111131869	111130348	-	448.8	327
96622at7041	Complete	OU426882.1	32126390	32124780	-	789.7	480
96668at7041	Complete	OU426882.1	13662413	13620921	-	418.3	184
96678at7041	Complete	OU426883.1	1876113	1871274	-	912.4	771
96714at7041	Complete	OU426877.1	114852652	114855639	+	821.8	506
96898at7041	Complete	OU426877.1	130981815	130980402	-	573.7	353
97029at7041	Complete	OU426879.1	51172243	51169254	-	343.2	257
97039at7041	Complete	OU426877.1	27089124	27106454	+	352.9	222
97123at7041	Complete	OU426877.1	47704998	47708155	+	559.6	373
97213at7041	Complete	OU426882.1	2726291	2722507	-	1189.9	746
97268at7041	Complete	OU426878.1	5263431	5235776	-	336.7	175
97288at7041	Complete	OU426881.1	34462827	34461050	-	676.3	351
97357at7041	Complete	OU426883.1	3058415	3059270	+	358.1	203
97390at7041	Complete	OU426880.1	45142870	45143735	+	303.3	200
97482at7041	Complete	OU426880.1	47912354	47908512	-	1719.1	961
97567at7041	Complete	OU426879.1	23094213	23098489	+	530.9	325
97656at7041	Complete	OU426877.1	127775551	127773751	-	945.9	543
97674at7041	Complete	OU426881.1	7622999	7618436	-	772.6	459
97854at7041	Fragmented	OU426879.1	44657980	44663266	+	97.8	84
97862at7041	Complete	OU426877.1	45722186	45722921	+	315.8	170
97870at7041	Duplicated	OU426877.1	42979280	42977925	-	520.6	317
97870at7041	Duplicated	OU426877.1	42332059	42334217	+	500.4	317
97882at7041	Complete	OU426881.1	32233625	32238757	+	1269.2	822
97898at7041	Duplicated	OU426877.1	63519207	63518135	-	369.9	269
97898at7041	Duplicated	OU426880.1	8203995	8205056	+	362.5	269
97914at7041	Complete	OU426877.1	22378811	22379738	+	325.7	247
97941at7041	Complete	OU426877.1	88728393	88720422	-	407.2	345
97990at7041	Complete	OU426878.1	13150569	13149166	-	495.4	328
98020at7041	Complete	OU426883.1	22147773	22148479	+	177.3	153
98080at7041	Complete	OU426877.1	30392562	30443127	+	578.0	278
98197at7041	Complete	OU426879.1	10396579	10399131	+	531.5	320
98244at7041	Complete	OU426877.1	21059043	21048378	-	1369.2	777
98385at7041	Complete	OU426878.1	11745778	11749369	+	312.8	181
98594at7041	Complete	OU426877.1	31103505	31102720	-	346.7	176
98692at7041	Complete	OU426877.1	33332723	33320083	-	639.5	645
98695at7041	Complete	OU426881.1	10438460	10428103	-	606.6	396
98769at7041	Complete	OU426881.1	43052229	43055182	+	435.1	215
98771at7041	Complete	OU426879.1	42925580	42926289	+	322.2	166
98810at7041	Complete	OU426879.1	31957756	31944257	-	962.4	573
98815at7041	Complete	OU426883.1	17693651	17690307	-	672.7	446
98835at7041	Complete	OU426877.1	136760898	136762093	+	341.7	307
98867at7041	Complete	OU426877.1	86223789	86185368	-	237.7	108
98969at7041	Complete	OU426881.1	5562833	5561157	-	453.7	507
99058at7041	Complete	OU426883.1	19673313	19678405	+	463.3	359
99138at7041	Complete	OU426879.1	10451068	10460616	+	984.3	599
99179at7041	Complete	OU426877.1	19301808	19329020	+	1067.3	305
99183at7041	Complete	OU426881.1	6531371	6523974	-	1487.4	796
99236at7041	Complete	OU426881.1	34595489	34594745	-	180.3	130
99238at7041	Duplicated	OU426883.1	10177063	10178148	+	465.0	329
99238at7041	Duplicated	OU426880.1	40295509	40296423	+	425.4	329
99265at7041	Complete	OU426881.1	2912565	2911780	-	344.3	198
99309at7041	Complete	OU426878.1	49243039	49244145	+	510.1	328
99364at7041	Complete	OU426881.1	36034704	36038597	+	1032.4	623
99450at7041	Complete	OU426878.1	2024897	2027270	+	391.1	233
99508at7041	Complete	OU426877.1	103681564	103682190	+	265.3	202
99552at7041	Complete	OU426879.1	21826958	21823077	-	395.8	315
99560at7041	Complete	OU426883.1	22200980	22235582	+	1140.4	677
99576at7041	Complete	OU426877.1	1997154	2034648	+	388.9	271
99641at7041	Complete	OU426882.1	17411111	17410133	-	420.3	243
99671at7041	Complete	OU426882.1	10499069	10497705	-	650.8	410
99689at7041	Complete	OU426877.1	23467212	23474544	+	361.1	242
99714at7041	Complete	OU426877.1	107123586	107122026	-	587.6	338
99835at7041	Complete	OU426879.1	1557529	1554593	-	564.4	314
99885at7041	Complete	OU426877.1	29968388	29959814	-	312.2	248
99928at7041	Complete	OU426881.1	10681475	10670061	-	227.3	195
99974at7041	Complete	OU426877.1	121702801	121704683	+	658.7	406
99980at7041	Complete	OU426880.1	44705365	44704731	-	212.0	157
100009at7041	Complete	OU426881.1	31948204	32021091	+	424.1	240
100120at7041	Complete	OU426877.1	67994394	67959771	-	1541.4	911
100357at7041	Complete	OU426877.1	82546787	82559319	+	375.0	199
100406at7041	Complete	OU426877.1	53282930	53287318	+	868.8	443
100433at7041	Complete	OU426879.1	20280737	20283730	+	592.9	388
100503at7041	Complete	OU426879.1	33125331	33122286	-	675.0	426
100520at7041	Complete	OU426881.1	10985659	10994567	+	812.1	457
100529at7041	Complete	OU426881.1	42987503	42991943	+	557.4	345
100544at7041	Complete	OU426877.1	33747965	33749150	+	259.2	204
100706at7041	Complete	OU426880.1	41271577	41269694	-	822.1	431
100767at7041	Complete	OU426877.1	91334221	91333168	-	416.4	245
100781at7041	Complete	OU426877.1	19743031	19754703	+	1206.5	806
100792at7041	Complete	OU426882.1	1575723	1573117	-	878.4	516
100793at7041	Complete	OU426877.1	134664261	134665388	+	496.2	291
100922at7041	Complete	OU426877.1	117002357	116997082	-	589.0	344
100937at7041	Complete	OU426879.1	17752248	17748128	-	751.4	498
100939at7041	Complete	OU426877.1	136763770	136803192	+	1261.8	552
100971at7041	Complete	OU426879.1	390855	385823	-	1344.8	1094
101100at7041	Complete	OU426878.1	17208058	17205227	-	758.4	416
101156at7041	Complete	OU426881.1	5010577	5012106	+	626.3	375
101313at7041	Complete	OU426879.1	14565921	14566379	+	238.9	157
101330at7041	Complete	OU426877.1	108062479	108064962	+	790.1	582
101361at7041	Complete	OU426881.1	35762142	35756971	-	827.5	448
101400at7041	Complete	OU426879.1	1624742	1593104	-	1407.5	764
101435at7041	Complete	OU426879.1	1851910	1849847	-	136.0	192
101502at7041	Complete	OU426883.1	25001854	25002849	+	374.8	190
101570at7041	Complete	OU426881.1	33539629	33546452	+	1015.5	568
101802at7041	Complete	OU426879.1	6845011	6843266	-	578.2	416
101816at7041	Complete	OU426877.1	131350360	131349118	-	731.4	348
101843at7041	Complete	OU426882.1	44758986	44757773	-	653.1	359
101860at7041	Complete	OU426882.1	16066335	16067851	+	309.4	171
101884at7041	Complete	OU426879.1	27161749	27175236	+	133.9	77
101895at7041	Fragmented	OU426879.1	14376856	14377341	+	138.8	164
101951at7041	Complete	OU426877.1	54184276	54188799	+	1230.3	1012
102082at7041	Complete	OU426877.1	101440022	101443441	+	1465.2	848
102196at7041	Complete	OU426877.1	66463669	66469636	+	1561.8	1015
102220at7041	Complete	OU426882.1	11121653	11122819	+	560.6	362
102292at7041	Complete	OU426877.1	42557369	42580092	+	845.3	429
102356at7041	Complete	OU426881.1	6520629	6512731	-	3241.4	1628
102506at7041	Complete	OU426881.1	9060549	9063553	+	1333.2	827
102687at7041	Complete	OU426880.1	47666034	47663418	-	850.3	531
102775at7041	Complete	OU426877.1	41716913	41694834	-	838.9	435
102805at7041	Complete	OU426877.1	86106138	86095398	-	676.8	376
102863at7041	Complete	OU426877.1	111658222	111659537	+	473.6	279
103039at7041	Complete	OU426877.1	35741642	35742148	+	185.4	101
103083at7041	Complete	OU426883.1	17699524	17698670	-	161.2	194
103130at7041	Complete	OU426880.1	50095856	50100684	+	443.4	251
103153at7041	Complete	OU426881.1	10628118	10626980	-	232.6	136
103208at7041	Complete	OU426881.1	45818372	45818896	+	140.8	101
103218at7041	Complete	OU426877.1	116890963	116889973	-	413.9	273
103222at7041	Complete	OU426879.1	23150701	23152734	+	611.8	369
103236at7041	Complete	OU426882.1	43095877	43086874	-	316.5	185
103293at7041	Complete	OU426883.1	23338522	23352144	+	609.7	458
103349at7041	Complete	OU426882.1	38098291	38097481	-	221.9	213
103383at7041	Complete	OU426877.1	100638530	100637064	-	397.0	332
103386at7041	Complete	OU426882.1	14101840	14097526	-	1501.8	1020
103539at7041	Complete	OU426882.1	17211719	17198028	-	1014.8	531
103696at7041	Complete	OU426879.1	44034771	44039022	+	1953.4	1028
103741at7041	Complete	OU426879.1	14616951	14619715	+	874.1	544
103749at7041	Complete	OU426877.1	144219757	144217911	-	731.0	346
103762at7041	Complete	OU426882.1	39581268	39579110	-	363.9	252
103923at7041	Complete	OU426878.1	3571069	3572785	+	348.7	234
103942at7041	Complete	OU426877.1	119187763	119189043	+	445.2	255
104057at7041	Complete	OU426878.1	12753271	12800918	+	873.9	467
104090at7041	Complete	OU426877.1	117571869	117576252	+	656.1	442
104221at7041	Complete	OU426882.1	42702676	42699262	-	237.8	135
104253at7041	Complete	OU426879.1	15095995	15094329	-	516.6	323
104265at7041	Complete	OU426881.1	36247136	36247863	+	327.5	215
104267at7041	Complete	OU426881.1	40427482	40426226	-	525.7	360
104363at7041	Complete	OU426881.1	47408717	47410108	+	370.8	298
104441at7041	Complete	OU426877.1	53338968	53342402	+	234.4	174
104461at7041	Complete	OU426878.1	16636916	16638931	+	879.8	569
104543at7041	Complete	OU426881.1	30484853	30475512	-	1485.8	854
104552at7041	Complete	OU426880.1	12680705	12677441	-	687.2	386
104571at7041	Complete	OU426877.1	137293504	137291999	-	313.2	233
104594at7041	Complete	OU426881.1	12328543	12267424	-	455.0	254
104597at7041	Duplicated	OU426877.1	42393674	42394399	+	195.2	167
104597at7041	Duplicated	OU426877.1	35246978	35246269	-	176.3	154
104684at7041	Complete	OU426883.1	21136370	21135068	-	559.8	355
104721at7041	Complete	OU426879.1	43363169	43365204	+	382.1	256
104793at7041	Complete	OU426877.1	120629448	120628813	-	402.5	201
104815at7041	Complete	OU426879.1	14447729	14447127	-	171.4	130
104821at7041	Complete	OU426877.1	137156359	137158789	+	1227.9	595
104936at7041	Complete	OU426877.1	34564443	34577606	+	933.1	541
104949at7041	Complete	OU426879.1	18335433	18334710	-	282.3	151
105015at7041	Complete	OU426879.1	53790086	53794597	+	1197.9	973
105088at7041	Complete	OU426882.1	13968164	13972908	+	639.9	399
105189at7041	Complete	OU426881.1	31256662	31249431	-	356.5	307
105205at7041	Complete	OU426877.1	136181562	136177980	-	514.9	458
105210at7041	Complete	OU426879.1	7129990	7129421	-	203.1	175
105229at7041	Complete	OU426877.1	143798256	143799594	+	247.3	161
105294at7041	Complete	OU426877.1	84184739	84183488	-	469.9	286
105414at7041	Complete	OU426882.1	42511306	42495145	-	1307.0	798
105449at7041	Complete	OU426877.1	37065578	37073016	+	758.6	387
105452at7041	Complete	OU426881.1	30407118	30405627	-	659.9	337
105574at7041	Complete	OU426877.1	40232273	40233467	+	288.2	177
105589at7041	Complete	OU426879.1	55394116	55395186	+	464.2	248
105735at7041	Complete	OU426877.1	29383890	29397102	+	2029.6	1065
105749at7041	Complete	OU426883.1	9965782	9957283	-	522.0	415
105766at7041	Complete	OU426883.1	2609834	2536438	-	402.3	288
105863at7041	Complete	OU426882.1	44224807	44224410	-	136.5	87
105867at7041	Complete	OU426877.1	136283042	136285950	+	1326.4	865
105984at7041	Complete	OU426882.1	40627273	40628135	+	313.1	238
106012at7041	Complete	OU426877.1	30355349	30356780	+	508.3	313
106027at7041	Complete	OU426879.1	12269169	12277677	+	1694.8	1207
106094at7041	Complete	OU426877.1	3186963	3183513	-	307.8	239
106105at7041	Complete	OU426882.1	5833394	5834669	+	579.5	332
106159at7041	Complete	OU426877.1	651542	649927	-	302.5	184
106196at7041	Complete	OU426877.1	81747774	81749293	+	640.0	385
106208at7041	Complete	OU426879.1	5074551	5073829	-	330.5	240
106250at7041	Complete	OU426877.1	56822369	56819871	-	864.2	653
106261at7041	Complete	OU426877.1	811881	820922	+	728.4	498
106303at7041	Complete	OU426877.1	1552323	1553308	+	316.9	217
106529at7041	Fragmented	OU426880.1	45081679	45079394	-	427.9	380
106677at7041	Complete	OU426878.1	69257226	69256400	-	422.0	223
106710at7041	Complete	OU426883.1	12308926	12313157	+	1206.2	778
106815at7041	Complete	OU426878.1	70207631	70205988	-	308.5	209
106822at7041	Complete	OU426881.1	10804092	10803486	-	180.5	98
106867at7041	Complete	OU426881.1	22026719	21963928	-	615.1	330
106903at7041	Complete	OU426877.1	108172645	108174582	+	309.7	197
106918at7041	Complete	OU426877.1	101449519	101456978	+	1704.3	1228
106926at7041	Complete	OU426882.1	8580549	8574744	-	1292.6	678
106951at7041	Complete	OU426877.1	79373500	79361534	-	1356.8	1102
106957at7041	Complete	OU426877.1	66558862	66575540	+	622.5	329
107045at7041	Complete	OU426879.1	7840700	7839472	-	349.1	229
107072at7041	Complete	OU426878.1	4750429	4751047	+	204.5	137
107087at7041	Complete	OU426883.1	5498546	5491885	-	355.6	256
107145at7041	Complete	OU426877.1	108839762	108830038	-	951.8	733
107154at7041	Complete	OU426878.1	613354	609876	-	954.5	647
107185at7041	Complete	OU426880.1	6744358	6746104	+	277.2	296
107233at7041	Complete	OU426879.1	231149	225037	-	1580.8	877
107254at7041	Complete	OU426877.1	112475817	112473055	-	640.9	556
107344at7041	Complete	OU426877.1	2436072	2436911	+	463.8	276
107359at7041	Complete	OU426877.1	105127391	105107068	-	1115.2	759
107365at7041	Complete	OU426880.1	49738157	49734252	-	1666.5	942
107444at7041	Complete	OU426877.1	26410438	26414759	+	1655.7	890
107601at7041	Complete	OU426883.1	7645852	7711461	+	1273.1	457
107606at7041	Complete	OU426879.1	38855515	38875492	+	406.5	220
107631at7041	Complete	OU426879.1	52199487	52210568	+	1409.8	810
107840at7041	Complete	OU426877.1	38435057	38437095	+	733.0	476
107902at7041	Complete	OU426878.1	55905958	55901807	-	839.3	656
107951at7041	Complete	OU426877.1	107973165	107968220	-	933.2	664
107988at7041	Complete	OU426877.1	774051	775451	+	444.6	278
108169at7041	Complete	OU426882.1	34980780	34978863	-	806.9	514
108206at7041	Complete	OU426882.1	43116695	43115353	-	307.2	266
108210at7041	Complete	OU426877.1	110965912	110964657	-	464.3	300
108321at7041	Complete	OU426881.1	46837421	46841433	+	1213.3	742
108346at7041	Complete	OU426877.1	109689728	109698516	+	1325.8	789
108381at7041	Complete	OU426877.1	30918172	30921133	+	469.5	291
108407at7041	Complete	OU426877.1	111624931	111623327	-	716.2	447
108413at7041	Complete	OU426880.1	43913148	43904879	-	864.7	433
108457at7041	Complete	OU426881.1	39853652	39852672	-	423.0	315
108466at7041	Complete	OU426879.1	10470150	10470972	+	437.6	223
108515at7041	Complete	OU426879.1	32872119	32870782	-	357.9	350
108556at7041	Complete	OU426879.1	6072983	6072520	-	162.1	113
108601at7041	Fragmented	OU426879.1	1589620	1591845	+	606.0	272
108730at7041	Complete	OU426877.1	34591576	34587087	-	423.5	307
108743at7041	Complete	OU426877.1	108116230	108114012	-	671.6	367
108986at7041	Complete	OU426877.1	107465452	107445263	-	596.3	477
109001at7041	Complete	OU426877.1	40253623	40254752	+	370.0	273
109014at7041	Complete	OU426877.1	38523035	38511335	-	1268.9	695
109036at7041	Complete	OU426877.1	47690055	47698640	+	821.7	791
109058at7041	Complete	OU426879.1	14913367	14916174	+	775.9	680
109067at7041	Complete	OU426879.1	56639430	56636686	-	713.1	629
109191at7041	Complete	OU426877.1	104268914	104258878	-	396.5	353
109201at7041	Complete	OU426877.1	57742806	57740923	-	564.9	321
109245at7041	Complete	OU426883.1	1855375	1859664	+	2416.7	1216
109255at7041	Complete	OU426879.1	22828118	22824252	-	465.2	527
109325at7041	Complete	OU426881.1	9370365	9366697	-	1256.6	737
109329at7041	Complete	OU426877.1	40610022	40601821	-	1033.6	833
109450at7041	Complete	OU426881.1	19619574	19618604	-	515.1	298
109569at7041	Complete	OU426881.1	37204636	37201450	-	1298.6	750
109603at7041	Complete	OU426882.1	18269693	18262056	-	413.2	225
109661at7041	Complete	OU426881.1	21941556	21942977	+	713.8	336
109696at7041	Complete	OU426878.1	66034090	66037220	+	729.1	475
109713at7041	Complete	OU426877.1	95420453	95421013	+	197.2	146
109763at7041	Duplicated	OU426877.1	45368266	45367392	-	350.8	238
109763at7041	Duplicated	OU426877.1	45347177	45346297	-	323.8	238
109809at7041	Complete	OU426879.1	10568519	10569612	+	428.4	262
109855at7041	Complete	OU426880.1	8831099	8830380	-	192.0	118
109858at7041	Complete	OU426879.1	8380978	8382692	+	330.6	221
109939at7041	Complete	OU426881.1	2617946	2614587	-	731.3	548
110007at7041	Complete	OU426881.1	6413588	6415026	+	285.8	194
110093at7041	Complete	OU426880.1	393042	391404	-	564.1	318
110103at7041	Complete	OU426879.1	3885105	3884417	-	304.2	172
110181at7041	Complete	OU426877.1	97064986	97082061	+	895.7	466
110195at7041	Complete	OU426882.1	37245329	37239724	-	992.9	657
110202at7041	Complete	OU426877.1	137552796	137559289	+	474.9	321
110257at7041	Complete	OU426877.1	84001606	84000802	-	245.3	222
110291at7041	Complete	OU426878.1	61515705	61516335	+	128.2	122
110323at7041	Complete	OU426877.1	123491343	123493015	+	568.9	449
110718at7041	Complete	OU426878.1	54454697	54453983	-	179.7	121
110778at7041	Complete	OU426881.1	20770534	20771631	+	519.9	314
110790at7041	Complete	OU426879.1	216844	213239	-	787.8	475
110876at7041	Complete	OU426877.1	108529357	108534581	+	1818.7	1062
110962at7041	Complete	OU426883.1	24974061	24982424	+	1416.2	681
111038at7041	Complete	OU426882.1	41126042	41128262	+	1259.5	676
111043at7041	Complete	OU426881.1	6959236	6950802	-	734.5	398
111046at7041	Complete	OU426882.1	262733	282695	+	477.7	248
111099at7041	Complete	OU426881.1	19317302	19304271	-	244.5	150
111129at7041	Complete	OU426877.1	40239847	40248346	+	741.7	455
111151at7041	Complete	OU426878.1	8909726	8928053	+	918.0	435
111152at7041	Complete	OU426877.1	99938752	99939716	+	212.4	243
111198at7041	Complete	OU426881.1	5552584	5550398	-	931.9	470
111217at7041	Complete	OU426881.1	14228576	14229292	+	383.1	225
111218at7041	Complete	OU426880.1	18522333	18519658	-	445.7	397
111219at7041	Complete	OU426880.1	44053909	44051923	-	504.6	318
111456at7041	Complete	OU426879.1	21751079	21745155	-	802.9	654
111459at7041	Complete	OU426877.1	18352197	18353595	+	518.0	282
111502at7041	Complete	OU426877.1	2766872	2765456	-	267.2	161
111590at7041	Complete	OU426877.1	99072901	99127626	+	318.3	268
111604at7041	Complete	OU426881.1	5159473	5160078	+	231.1	155
111626at7041	Complete	OU426882.1	44250334	44251503	+	432.1	281
111674at7041	Complete	OU426877.1	84179751	84183219	+	254.6	183
111741at7041	Complete	OU426877.1	81847086	81843743	-	548.9	408
111847at7041	Complete	OU426878.1	3850616	3851858	+	387.2	245
111940at7041	Complete	OU426879.1	57560312	57580714	+	2036.1	1148
112096at7041	Complete	OU426877.1	19716301	19722999	+	1134.8	704
112128at7041	Complete	OU426878.1	70408594	70400807	-	1181.2	778
112139at7041	Complete	OU426881.1	2590344	2592437	+	431.9	293
112162at7041	Complete	OU426877.1	120694259	120692861	-	461.0	249
112186at7041	Complete	OU426880.1	45171839	45155314	-	744.7	578
112402at7041	Complete	OU426882.1	19932066	19912154	-	1483.1	1162
112534at7041	Complete	OU426881.1	6151079	6148794	-	982.5	626
112791at7041	Complete	OU426877.1	110905048	110906349	+	231.6	163
112934at7041	Complete	OU426877.1	48945529	48953716	+	1069.0	646
112971at7041	Complete	OU426878.1	68897663	68898145	+	183.4	120
113077at7041	Complete	OU426883.1	8846455	8851101	+	209.7	146
113220at7041	Complete	OU426877.1	43759467	43758593	-	258.7	235
113232at7041	Complete	OU426878.1	3620000	3618086	-	644.2	421
113337at7041	Complete	OU426877.1	116987931	116981641	-	591.1	317
113436at7041	Complete	OU426880.1	47832589	47835454	+	1010.5	663
113476at7041	Complete	OU426877.1	54982414	54981882	-	178.3	105
113497at7041	Complete	OU426881.1	5831728	5832323	+	231.0	150
113530at7041	Complete	OU426877.1	34583312	34581258	-	751.8	547
113588at7041	Complete	OU426879.1	38370377	38349818	-	544.4	327
113644at7041	Duplicated	OU426877.1	49850010	49852982	+	258.6	311
113644at7041	Duplicated	OU426882.1	33392168	33389980	-	242.0	300
113812at7041	Complete	OU426880.1	47686522	47688950	+	1061.2	657
113868at7041	Complete	OU426881.1	7710703	7685605	-	262.1	141
113989at7041	Complete	OU426879.1	23164490	23155768	-	233.1	239
114061at7041	Complete	OU426878.1	6790793	6778075	-	371.9	335
114226at7041	Complete	OU426877.1	88302711	88306585	+	627.4	344
114460at7041	Complete	OU426879.1	46396271	46399451	+	508.9	274
114486at7041	Complete	OU426878.1	4251291	4248968	-	561.9	478
114565at7041	Complete	OU426881.1	9698681	9688623	-	305.9	194
114708at7041	Complete	OU426878.1	11162257	11149561	-	1578.6	1550
114788at7041	Complete	OU426881.1	40420689	40421561	+	317.6	209
114812at7041	Complete	OU426882.1	1382588	1379549	-	404.1	391
114999at7041	Complete	OU426877.1	115694586	115700724	+	543.1	226
115050at7041	Complete	OU426877.1	111233200	111238303	+	536.6	305
115117at7041	Complete	OU426880.1	26237587	26224866	-	675.3	643
115118at7041	Complete	OU426882.1	2772801	2780795	+	1241.7	790
115137at7041	Complete	OU426879.1	3102929	3107326	+	363.2	288
115172at7041	Complete	OU426881.1	47904290	47906398	+	740.7	508
115196at7041	Complete	OU426877.1	87003035	87006973	+	771.5	580
115224at7041	Complete	OU426880.1	19480015	19478477	-	699.5	517
115264at7041	Complete	OU426881.1	15282142	15273762	-	836.1	446
115315at7041	Complete	OU426877.1	132075280	132068467	-	585.2	340
115524at7041	Complete	OU426877.1	126485332	126483223	-	482.0	285
115597at7041	Complete	OU426879.1	11254071	11244209	-	592.8	305
115598at7041	Complete	OU426877.1	132412686	132410792	-	347.5	291
115609at7041	Complete	OU426881.1	371812	376427	+	622.5	617
115615at7041	Complete	OU426877.1	44875141	44879274	+	650.7	359
115668at7041	Complete	OU426880.1	44016904	44024233	+	1142.7	710
115724at7041	Complete	OU426877.1	95552228	95551372	-	355.2	253
115734at7041	Complete	OU426879.1	13412308	13498729	+	394.9	208
115771at7041	Complete	OU426879.1	54324332	54321480	-	402.1	351
115980at7041	Complete	OU426881.1	7003841	6990854	-	449.4	301
116046at7041	Complete	OU426880.1	50238172	50238913	+	374.6	217
116058at7041	Complete	OU426877.1	135606977	135597450	-	1390.6	1017
116158at7041	Complete	OU426877.1	31210942	31210153	-	248.7	215
116190at7041	Complete	OU426879.1	53277032	53286467	+	754.7	437
116222at7041	Complete	OU426882.1	33028231	33035977	+	1930.9	1029
116354at7041	Complete	OU426883.1	2010240	2002104	-	528.2	304
116369at7041	Complete	OU426878.1	67626172	67628227	+	596.6	456
116379at7041	Complete	OU426877.1	85332269	85333355	+	416.9	242
116386at7041	Complete	OU426877.1	116586527	116586850	+	154.0	101
116392at7041	Complete	OU426881.1	33824556	33830756	+	1833.6	891
116433at7041	Complete	OU426879.1	47059023	47051497	-	603.1	345
116500at7041	Complete	OU426878.1	68959033	68952005	-	931.4	512
116597at7041	Complete	OU426878.1	14503846	14505703	+	587.8	409
116637at7041	Complete	OU426883.1	11561927	11664658	+	535.3	296
116913at7041	Complete	OU426877.1	136115560	136119086	+	1216.1	725
117113at7041	Complete	OU426877.1	111678567	111681242	+	604.4	338
117191at7041	Complete	OU426879.1	40942357	40943829	+	519.4	367
117203at7041	Complete	OU426882.1	655567	665560	+	969.8	768
117248at7041	Complete	OU426877.1	57806889	57807667	+	281.5	208
117266at7041	Complete	OU426877.1	66218341	66178837	-	570.5	308
117306at7041	Complete	OU426877.1	41782751	41768676	-	561.8	562
117371at7041	Complete	OU426881.1	33604655	33603616	-	249.7	228
117426at7041	Complete	OU426881.1	35854737	35859865	+	1133.5	717
117506at7041	Complete	OU426878.1	68644477	68670319	+	557.6	393
117574at7041	Complete	OU426881.1	20778681	20774359	-	874.6	465
117585at7041	Complete	OU426877.1	78936571	78937218	+	287.6	191
117805at7041	Complete	OU426882.1	32071086	32099852	+	1474.1	1070
117851at7041	Complete	OU426877.1	143762312	143765402	+	299.2	170
117992at7041	Complete	OU426877.1	77326741	77310552	-	905.5	599
118168at7041	Complete	OU426882.1	19998814	20000460	+	476.6	341
118284at7041	Complete	OU426877.1	111974792	111978650	+	1009.8	547
118360at7041	Complete	OU426883.1	2505433	2506939	+	509.3	307
118442at7041	Complete	OU426877.1	53309805	53314644	+	803.9	796
118461at7041	Complete	OU426883.1	9598009	9589164	-	223.0	145
118570at7041	Complete	OU426877.1	54440532	54411176	-	1413.0	892
118703at7041	Complete	OU426882.1	568974	568132	-	382.0	248
118771at7041	Complete	OU426878.1	65998523	65999177	+	250.6	166
118791at7041	Complete	OU426879.1	52553611	52552381	-	183.3	148
118794at7041	Complete	OU426880.1	49740487	49742084	+	434.1	378
118899at7041	Complete	OU426879.1	6735944	6769578	+	892.4	575
118957at7041	Complete	OU426879.1	36348266	36316565	-	2131.0	1346
119043at7041	Complete	OU426877.1	32423672	32425881	+	410.9	268
119152at7041	Complete	OU426877.1	108915135	108905291	-	532.0	344
119165at7041	Complete	OU426877.1	38880839	38895958	+	1117.0	727
119223at7041	Complete	OU426881.1	40312809	40310863	-	409.7	279
119289at7041	Complete	OU426882.1	4991003	4964319	-	328.1	198
119361at7041	Complete	OU426883.1	3292369	3278653	-	1407.5	962
119391at7041	Complete	OU426877.1	143842258	143829422	-	1092.5	660
119499at7041	Complete	OU426879.1	426544	425473	-	364.3	226
119690at7041	Complete	OU426880.1	50733541	50732198	-	521.6	338
119941at7041	Complete	OU426881.1	39433621	39425671	-	648.7	535
119947at7041	Complete	OU426879.1	43481994	43481155	-	322.4	296
120016at7041	Complete	OU426881.1	35600049	35590935	-	1554.8	1124
120219at7041	Complete	OU426877.1	34164597	34165096	+	177.7	117
120377at7041	Complete	OU426877.1	40802522	40798730	-	1625.6	791
120508at7041	Complete	OU426881.1	43713112	43710384	-	849.2	492
120524at7041	Complete	OU426882.1	15106938	15108575	+	545.6	418
120539at7041	Complete	OU426877.1	127627153	127623808	-	552.4	335
120577at7041	Complete	OU426881.1	43059412	43061837	+	915.1	541
120806at7041	Complete	OU426878.1	52042968	52019796	-	173.8	125
120833at7041	Complete	OU426881.1	38473561	38474880	+	677.7	396
120980at7041	Complete	OU426881.1	17357956	17355578	-	332.5	234
121006at7041	Complete	OU426883.1	19687380	19702755	+	255.9	194
121048at7041	Complete	OU426879.1	40713231	40721950	+	504.2	488
121301at7041	Complete	OU426883.1	10424192	10425526	+	548.0	407
121476at7041	Complete	OU426881.1	40486798	40486125	-	210.3	140
121556at7041	Complete	OU426879.1	7548624	7552148	+	399.1	255
121585at7041	Complete	OU426882.1	44721365	44727150	+	140.1	230
121645at7041	Complete	OU426881.1	40550662	40555122	+	634.4	493
121685at7041	Complete	OU426879.1	2697195	2697991	+	364.2	205
121842at7041	Complete	OU426878.1	55893439	55895570	+	433.1	449
121879at7041	Complete	OU426883.1	16588729	16587794	-	272.3	169
122069at7041	Complete	OU426879.1	36309500	36305512	-	1058.5	639
122139at7041	Complete	OU426877.1	54619868	54618207	-	692.9	407
122237at7041	Complete	OU426877.1	1977684	1984213	+	2320.8	1770
122251at7041	Complete	OU426877.1	100724210	100717309	-	2558.1	1664
122275at7041	Complete	OU426883.1	20466657	20468640	+	499.6	501
122499at7041	Complete	OU426877.1	112121562	112115499	-	542.2	342
122564at7041	Complete	OU426882.1	2754979	2745163	-	994.0	591
122760at7041	Complete	OU426877.1	143817765	143808208	-	459.4	283
122770at7041	Complete	OU426877.1	47689257	47687801	-	601.1	402
122830at7041	Complete	OU426882.1	9319848	9321869	+	369.6	339
122837at7041	Complete	OU426879.1	43289393	43294110	+	227.4	208
122857at7041	Complete	OU426881.1	40106927	40099941	-	1363.7	1387
122900at7041	Complete	OU426877.1	109337533	109345653	+	1225.9	802
123136at7041	Fragmented	OU426878.1	59675211	59690869	+	653.9	403
123259at7041	Complete	OU426877.1	17808944	17800458	-	558.7	460
123290at7041	Complete	OU426877.1	108057701	108050790	-	1150.4	752
123351at7041	Complete	OU426880.1	1096042	1208126	+	442.4	251
123400at7041	Complete	OU426877.1	25917572	25922189	+	679.0	568
123451at7041	Complete	OU426877.1	136658733	136665496	+	404.5	409
123488at7041	Complete	OU426881.1	40550016	40548514	-	539.2	464
123564at7041	Complete	OU426879.1	47823737	47822382	-	272.7	233
123781at7041	Complete	OU426877.1	47320041	47312553	-	208.5	132
123788at7041	Complete	OU426881.1	19790382	19794222	+	1360.1	707
123828at7041	Complete	OU426878.1	2927742	2946349	+	473.3	309
123899at7041	Complete	OU426877.1	34060352	34057477	-	406.0	254
124026at7041	Complete	OU426878.1	4747834	4749450	+	509.6	375
124044at7041	Complete	OU426881.1	35243919	35245605	+	209.9	201
124138at7041	Complete	OU426878.1	2875723	2869077	-	491.9	294
124195at7041	Complete	OU426883.1	20174807	20177401	+	888.3	739
124357at7041	Complete	OU426881.1	33274330	33320453	+	213.1	124
124473at7041	Complete	OU426877.1	103763051	103762257	-	447.7	234
124654at7041	Complete	OU426881.1	11085694	11084075	-	187.9	149
124821at7041	Complete	OU426880.1	47700700	47697516	-	573.3	455
124857at7041	Complete	OU426879.1	1891259	1885611	-	386.0	150
124875at7041	Complete	OU426881.1	6429628	6434897	+	1045.2	929
124968at7041	Complete	OU426877.1	23336606	23339747	+	377.8	245
124990at7041	Complete	OU426877.1	34037842	34041185	+	700.6	389
124994at7041	Complete	OU426877.1	113351849	113320575	-	1506.3	602
125046at7041	Fragmented	OU426877.1	20209918	20209009	-	418.8	263
125271at7041	Complete	OU426879.1	42737681	42741012	+	645.7	419
125286at7041	Complete	OU426879.1	9414179	9413118	-	307.4	199
125289at7041	Complete	OU426877.1	23096696	23102985	+	1321.0	888
125290at7041	Complete	OU426877.1	92949556	92947633	-	589.8	436
125366at7041	Complete	OU426881.1	10520865	10531022	+	898.1	636
125370at7041	Complete	OU426882.1	9673162	9675899	+	387.5	411
125486at7041	Complete	OU426883.1	3866387	3846301	-	530.0	281
125741at7041	Complete	OU426877.1	33429476	33426409	-	657.7	329
125887at7041	Complete	OU426877.1	23157777	23159127	+	386.3	415
125894at7041	Complete	OU426882.1	43812750	43813438	+	144.9	79
126049at7041	Complete	OU426879.1	20714417	20710748	-	505.3	461
126168at7041	Complete	OU426877.1	126633008	126630799	-	334.9	256
126246at7041	Complete	OU426882.1	39165860	39165018	-	288.5	214
126254at7041	Complete	OU426881.1	9243373	9244453	+	223.9	242
126330at7041	Complete	OU426879.1	19637009	19621802	-	678.5	494
126429at7041	Complete	OU426880.1	49951499	49946913	-	661.9	424
126453at7041	Complete	OU426878.1	46847110	46843561	-	675.6	504
126615at7041	Complete	OU426878.1	3569834	3566232	-	1000.0	696
126977at7041	Complete	OU426878.1	13585419	13559619	-	323.7	240
127084at7041	Complete	OU426879.1	48728448	48727136	-	462.4	309
127093at7041	Complete	OU426877.1	41584999	41606098	+	620.8	441
127146at7041	Complete	OU426879.1	7158482	7157101	-	369.6	338
127272at7041	Complete	OU426877.1	46944022	46944969	+	356.3	243
127517at7041	Complete	OU426878.1	8939447	8929479	-	572.5	459
127523at7041	Complete	OU426881.1	30409072	30426841	+	1524.5	963
127618at7041	Complete	OU426878.1	69175015	69172600	-	560.7	413
127640at7041	Complete	OU426881.1	22100684	22100084	-	259.3	159
127770at7041	Complete	OU426877.1	26460759	26451579	-	410.7	262
127817at7041	Complete	OU426882.1	32533832	32536617	+	956.3	733
127920at7041	Complete	OU426877.1	49624710	49641917	+	1546.5	854
127977at7041	Complete	OU426879.1	54264965	54261586	-	611.5	448
128073at7041	Complete	OU426877.1	26841275	26839959	-	342.0	192
128081at7041	Complete	OU426881.1	2699894	2702946	+	638.5	505
128093at7041	Complete	OU426879.1	10601317	10620890	+	1641.7	1045
128134at7041	Complete	OU426878.1	9487017	9481660	-	704.8	635
128138at7041	Complete	OU426881.1	20856751	20855372	-	399.5	323
128271at7041	Complete	OU426877.1	83851079	83968344	+	9940.5	4421
128520at7041	Complete	OU426877.1	96137531	96139171	+	253.0	170
128594at7041	Complete	OU426879.1	6072268	6067313	-	696.0	547
128637at7041	Complete	OU426879.1	4329431	4331170	+	773.7	499
128650at7041	Complete	OU426877.1	127713850	127704146	-	240.8	138
128785at7041	Complete	OU426882.1	39929581	39923881	-	133.4	90
128789at7041	Complete	OU426883.1	5081233	5066880	-	746.0	427
128931at7041	Complete	OU426879.1	19781465	19786458	+	232.8	191
129095at7041	Complete	OU426877.1	108007352	108010287	+	586.3	563
129360at7041	Complete	OU426882.1	14187153	14194618	+	641.5	517
129442at7041	Complete	OU426878.1	65095564	65086708	-	202.8	128
129499at7041	Complete	OU426879.1	1926469	1927992	+	328.9	316
129547at7041	Complete	OU426882.1	43661424	43664709	+	650.0	402
129780at7041	Complete	OU426882.1	36858634	36861549	+	1247.4	653
129837at7041	Complete	OU426877.1	79908657	79901413	-	296.7	223
129933at7041	Complete	OU426880.1	47845998	47837453	-	367.6	282
130044at7041	Complete	OU426881.1	47575347	47574668	-	251.1	189
130101at7041	Complete	OU426882.1	18480807	18482108	+	136.8	236
130532at7041	Complete	OU426877.1	93347600	93354761	+	490.1	331
130670at7041	Complete	OU426877.1	115795044	115808727	+	935.7	752
130941at7041	Complete	OU426878.1	8681036	8677929	-	542.3	438
130957at7041	Complete	OU426878.1	5349150	5343938	-	646.8	381
131167at7041	Complete	OU426877.1	34372205	34360661	-	293.9	335
131243at7041	Complete	OU426877.1	12681917	12679937	-	431.4	362
131550at7041	Complete	OU426877.1	106159800	106157680	-	679.2	564
131665at7041	Complete	OU426881.1	5658895	5648999	-	197.8	308
131696at7041	Complete	OU426877.1	127402001	127410866	+	953.4	665
131776at7041	Complete	OU426878.1	13407806	13397223	-	684.2	559
131940at7041	Complete	OU426877.1	91344307	91336901	-	269.3	241
132167at7041	Complete	OU426883.1	2505129	2501999	-	754.7	550
132223at7041	Complete	OU426877.1	127585738	127585028	-	228.5	197
132418at7041	Complete	OU426879.1	6649550	6642235	-	396.3	346
132505at7041	Complete	OU426880.1	49456576	49451276	-	322.6	361
132551at7041	Complete	OU426881.1	40581503	40583331	+	790.7	440
132691at7041	Complete	OU426877.1	35499878	35480776	-	1655.0	994
133026at7041	Complete	OU426877.1	104338081	104335821	-	304.2	227
133090at7041	Complete	OU426877.1	132399091	132392698	-	628.0	400
133100at7041	Complete	OU426877.1	102119069	102116757	-	61.6	114
133173at7041	Complete	OU426879.1	23056786	23055825	-	65.2	66
133269at7041	Complete	OU426882.1	1620998	1596366	-	1008.0	492
133306at7041	Complete	OU426877.1	120568496	120569704	+	488.3	407
133627at7041	Complete	OU426879.1	46184172	46183414	-	328.9	213
133642at7041	Complete	OU426877.1	55357949	55356388	-	241.0	207
133960at7041	Complete	OU426877.1	57533581	57530067	-	616.7	475
134050at7041	Complete	OU426877.1	72450739	72382217	-	474.4	235
134329at7041	Complete	OU426877.1	132442728	132440450	-	335.7	277
134437at7041	Complete	OU426877.1	99198997	99203908	+	454.7	363
134537at7041	Complete	OU426880.1	50792633	50800684	+	724.4	494
134824at7041	Complete	OU426877.1	50369713	50365989	-	298.5	217
135107at7041	Complete	OU426877.1	12443035	12441730	-	195.4	184
135235at7041	Complete	OU426877.1	13649119	13652206	+	220.9	178
135299at7041	Complete	OU426882.1	1055155	1064946	+	1166.1	704
135379at7041	Complete	OU426882.1	30911247	30907724	-	208.9	163
135673at7041	Complete	OU426881.1	3791381	3797078	+	2285.5	1518
135736at7041	Duplicated	OU426878.1	7139842	7128617	-	232.1	278
135736at7041	Duplicated	OU426880.1	12607585	12589788	-	215.5	277
135746at7041	Complete	OU426877.1	108670011	108664251	-	535.9	701
135753at7041	Complete	OU426877.1	121734290	121730276	-	661.3	698
135785at7041	Complete	OU426877.1	126643523	126637878	-	203.6	359
135814at7041	Complete	OU426882.1	34995634	34997108	+	460.3	397
136253at7041	Complete	OU426877.1	56346941	56321050	-	451.8	592
136380at7041	Complete	OU426882.1	19997853	19979190	-	274.0	231
136400at7041	Complete	OU426881.1	36145734	36141316	-	379.7	481
163426at7041	Complete	OU426882.1	6671436	6668819	-	763.4	345
163431at7041	Complete	OU426877.1	92221091	92220497	-	396.6	176
163432at7041	Complete	OU426881.1	10882803	10880839	-	718.5	310
163443at7041	Complete	OU426881.1	9901408	9900740	-	333.5	217
163444at7041	Complete	OU426877.1	40796557	40795976	-	212.9	108
163448at7041	Complete	OU426878.1	59666334	59665618	-	367.5	169
163451at7041	Complete	OU426881.1	44577684	44566396	-	751.9	332
163457at7041	Complete	OU426877.1	93339639	93340100	+	305.3	135
163459at7041	Complete	OU426877.1	107378437	107372956	-	1106.7	483
163460at7041	Complete	OU426881.1	985045	979810	-	365.6	206
163461at7041	Complete	OU426880.1	44231641	44230566	-	691.9	320
163468at7041	Complete	OU426883.1	3025998	3025429	-	411.3	175
163470at7041	Complete	OU426877.1	41279476	41274537	-	907.0	432
163472at7041	Complete	OU426879.1	7825653	7823691	-	350.3	151
163487at7041	Complete	OU426882.1	9139358	9138518	-	493.1	220
163492at7041	Complete	OU426877.1	107750106	107746987	-	1096.8	479
163495at7041	Complete	OU426877.1	29283321	29302972	+	870.8	388
163500at7041	Complete	OU426880.1	6608440	6609321	+	539.5	250
163506at7041	Complete	OU426877.1	124269208	124295021	+	673.4	343
163509at7041	Complete	OU426877.1	95433336	95425290	-	435.8	190
163517at7041	Complete	OU426879.1	23175683	23177258	+	838.4	376
163519at7041	Complete	OU426882.1	110907	114735	+	365.4	195
163521at7041	Complete	OU426881.1	31256781	31258677	+	403.2	181
163526at7041	Complete	OU426879.1	10466198	10468224	+	459.2	195
163533at7041	Complete	OU426881.1	41373641	41384436	+	631.7	312
163535at7041	Complete	OU426881.1	7796110	7797415	+	692.6	345
163537at7041	Complete	OU426877.1	67794272	67793191	-	457.7	206
163542at7041	Complete	OU426877.1	119001883	119001226	-	356.0	161
163546at7041	Complete	OU426881.1	34983565	34985964	+	258.6	117
163550at7041	Complete	OU426877.1	108012812	108010630	-	1111.2	503
163557at7041	Complete	OU426877.1	117561031	117551428	-	351.9	163
163560at7041	Complete	OU426877.1	33984264	33983796	-	259.8	127
163561at7041	Complete	OU426881.1	45247325	45246663	-	350.1	164
163572at7041	Complete	OU426877.1	111996225	112000690	+	2009.5	1089
163574at7041	Complete	OU426877.1	30562379	30561248	-	286.4	125
163578at7041	Complete	OU426879.1	14312461	14313856	+	641.8	370
163579at7041	Complete	OU426881.1	2626292	2631772	+	803.7	371
163582at7041	Complete	OU426879.1	44042972	44052871	+	466.2	206
163583at7041	Complete	OU426881.1	19760648	19759810	-	319.6	146
163584at7041	Complete	OU426882.1	9231875	9230257	-	1087.3	476
163587at7041	Complete	OU426879.1	23175130	23172250	-	725.3	326
163593at7041	Complete	OU426882.1	41344759	41343117	-	1003.1	431
163597at7041	Complete	OU426877.1	50377168	50371346	-	772.4	382
163609at7041	Complete	OU426881.1	732096	726297	-	681.1	318
163611at7041	Complete	OU426880.1	31957864	31963015	+	802.9	369
163613at7041	Complete	OU426879.1	53670542	53667617	-	1655.5	713
163622at7041	Complete	OU426882.1	13123324	13117673	-	775.1	402
163628at7041	Complete	OU426879.1	2325855	2328772	+	494.2	299
163639at7041	Complete	OU426878.1	3899889	3891610	-	341.6	156
163646at7041	Complete	OU426882.1	35221576	35207980	-	2283.0	1041
163654at7041	Complete	OU426880.1	47709476	47708844	-	371.8	167
163655at7041	Complete	OU426882.1	30924107	30918954	-	293.0	124
163661at7041	Complete	OU426881.1	47925560	47920468	-	628.7	304
163663at7041	Complete	OU426878.1	70426744	70425992	-	242.8	137
163666at7041	Complete	OU426883.1	25233510	25234149	+	328.2	174
163687at7041	Complete	OU426879.1	41543269	41537270	-	688.3	370
163694at7041	Complete	OU426882.1	40649687	40647398	-	1128.7	491
163695at7041	Complete	OU426879.1	897967	897148	-	473.7	226
163699at7041	Complete	OU426877.1	107341893	107368018	+	5020.8	2159
163700at7041	Complete	OU426879.1	40234108	40223500	-	1038.6	465
163703at7041	Complete	OU426878.1	19409422	19429576	+	2587.2	1229
163707at7041	Complete	OU426882.1	42207860	42203393	-	1083.2	474
163712at7041	Complete	OU426879.1	57459256	57459967	+	373.6	182
163722at7041	Complete	OU426877.1	214814	217271	+	830.7	414
163724at7041	Complete	OU426881.1	35948346	35947731	-	308.6	161
163726at7041	Complete	OU426877.1	111641134	111637726	-	907.6	463
163740at7041	Complete	OU426877.1	108077333	108075441	-	1047.8	485
163748at7041	Complete	OU426877.1	22773262	22772494	-	447.0	216
163761at7041	Complete	OU426879.1	52088290	52088806	+	229.3	123
163768at7041	Complete	OU426877.1	47685984	47687204	+	683.7	339
163769at7041	Complete	OU426877.1	29945199	29946275	+	735.5	337
163771at7041	Complete	OU426879.1	18355144	18356311	+	386.2	174
163779at7041	Complete	OU426877.1	93975041	93968655	-	555.2	279
163781at7041	Complete	OU426878.1	773244	779217	+	900.0	452
163784at7041	Complete	OU426880.1	47947784	47956260	+	2973.4	1412
163787at7041	Complete	OU426878.1	8672641	8673562	+	519.2	247
163790at7041	Complete	OU426879.1	6288244	6284241	-	1293.9	677
163799at7041	Complete	OU426878.1	67793369	67792419	-	394.9	184
163801at7041	Complete	OU426877.1	115104219	115106750	+	1353.3	692
163802at7041	Complete	OU426877.1	91227308	91228509	+	416.6	201
163803at7041	Complete	OU426879.1	38392813	38391556	-	533.9	342
163810at7041	Complete	OU426878.1	52429430	52469987	+	1086.6	576
163813at7041	Complete	OU426881.1	2957837	2955619	-	900.8	507
163815at7041	Complete	OU426880.1	50779842	50777227	-	880.3	382
163817at7041	Complete	OU426877.1	53291503	53293218	+	1014.5	550
163825at7041	Complete	OU426880.1	44603128	44600483	-	656.4	332
163826at7041	Complete	OU426881.1	28623116	28626028	+	1303.2	642
163827at7041	Complete	OU426879.1	40535423	40534803	-	356.9	186
163831at7041	Complete	OU426881.1	9442756	9480479	+	1458.7	836
163832at7041	Complete	OU426877.1	41097323	41136985	+	759.4	251
163833at7041	Complete	OU426877.1	40195216	40197384	+	814.1	421
163855at7041	Complete	OU426878.1	17280753	17280292	-	178.1	94
163858at7041	Complete	OU426882.1	285915	284578	-	588.2	330
163861at7041	Complete	OU426882.1	41317216	41319383	+	511.1	242
163866at7041	Complete	OU426879.1	43569929	43574023	+	257.3	134
163870at7041	Complete	OU426881.1	40602463	40600940	-	356.4	215
163883at7041	Complete	OU426879.1	56752203	56747868	-	397.8	208
163895at7041	Complete	OU426881.1	1036844	1037189	+	162.0	95
163905at7041	Complete	OU426881.1	40730348	40733184	+	744.7	386
163910at7041	Complete	OU426877.1	132435920	132437164	+	363.1	178
163913at7041	Complete	OU426882.1	14422875	14421631	-	214.8	99
163931at7041	Complete	OU426883.1	2038784	2039418	+	279.2	175
163933at7041	Complete	OU426877.1	126469689	126471183	+	964.9	446
163936at7041	Complete	OU426879.1	32868651	32870426	+	507.9	295
163943at7041	Complete	OU426879.1	7443857	7442404	-	502.6	272
163945at7041	Complete	OU426879.1	47068568	47080857	+	1052.5	516
163951at7041	Complete	OU426881.1	40232193	40224721	-	1010.1	458
163953at7041	Complete	OU426881.1	20801019	20807193	+	830.3	409
163956at7041	Complete	OU426881.1	47422497	47420358	-	910.7	507
163959at7041	Complete	OU426877.1	52478912	52463602	-	520.2	259
163970at7041	Complete	OU426877.1	108106046	108094381	-	721.2	345
163973at7041	Complete	OU426880.1	44238713	44240469	+	698.7	354
163980at7041	Complete	OU426879.1	42975940	42969033	-	591.4	204
163994at7041	Complete	OU426881.1	13495059	13494535	-	271.0	145
163996at7041	Complete	OU426878.1	345620	342943	-	680.0	361
163998at7041	Complete	OU426878.1	64887399	64884529	-	626.0	309
164003at7041	Complete	OU426879.1	40176044	40166003	-	2290.2	1095
164009at7041	Complete	OU426881.1	40711136	40708920	-	540.0	266
164011at7041	Complete	OU426878.1	5321688	5322396	+	442.1	212
164018at7041	Complete	OU426877.1	107417071	107421846	+	965.3	457
164025at7041	Complete	OU426881.1	9348843	9349270	+	254.6	125
164042at7041	Complete	OU426879.1	7092470	7096596	+	2392.6	1055
164049at7041	Complete	OU426883.1	10439378	10431091	-	868.9	653
164054at7041	Complete	OU426878.1	58786339	58785734	-	372.4	181
164063at7041	Complete	OU426879.1	18117704	18120131	+	976.1	512
164066at7041	Complete	OU426882.1	43803251	43805696	+	1240.2	636
164069at7041	Complete	OU426877.1	101564988	101566160	+	514.4	297
164075at7041	Complete	OU426879.1	17993865	17993035	-	315.9	141
164085at7041	Complete	OU426882.1	19464866	19480939	+	1615.1	809
164090at7041	Complete	OU426881.1	7357393	7348677	-	4646.2	2360
164093at7041	Complete	OU426879.1	23073930	23084659	+	2331.3	1145
164096at7041	Complete	OU426877.1	112961084	112961682	+	236.4	134
164099at7041	Complete	OU426879.1	50954503	50956242	+	937.4	497
164102at7041	Complete	OU426883.1	24553594	24560212	+	1587.3	985
164108at7041	Complete	OU426882.1	21524379	21522480	-	981.9	600
164112at7041	Complete	OU426878.1	164475	165579	+	522.9	303
164115at7041	Complete	OU426877.1	1514572	1504502	-	2190.5	1212
164119at7041	Complete	OU426883.1	3042792	3037341	-	632.7	370
164125at7041	Complete	OU426877.1	53276528	53280702	+	914.8	510
164135at7041	Complete	OU426881.1	2958883	2960699	+	694.8	314
164150at7041	Complete	OU426877.1	124001010	124004541	+	1359.9	658
164162at7041	Complete	OU426882.1	5219677	5222518	+	1303.0	686
164164at7041	Complete	OU426878.1	2094173	2091035	-	1582.4	729
164171at7041	Complete	OU426882.1	33107239	33106820	-	220.3	120
164172at7041	Complete	OU426877.1	978484	972475	-	645.0	337
164177at7041	Complete	OU426881.1	5252062	5250973	-	733.1	311
164186at7041	Complete	OU426881.1	42168666	42166209	-	894.0	415
164191at7041	Complete	OU426881.1	9087111	9087937	+	294.3	192
164200at7041	Complete	OU426877.1	54952242	54950554	-	377.9	213
164202at7041	Complete	OU426877.1	108780119	108772486	-	1895.2	916
164206at7041	Complete	OU426881.1	433087	399613	-	1956.7	959
164213at7041	Complete	OU426879.1	57434229	57436536	+	1232.7	608
164214at7041	Complete	OU426877.1	137150607	137146316	-	1519.1	728
164233at7041	Complete	OU426879.1	7122832	7119935	-	888.4	439
164236at7041	Complete	OU426878.1	51742950	51746564	+	769.8	288
164243at7041	Complete	OU426879.1	2759106	2765480	+	1263.6	630
164250at7041	Complete	OU426877.1	91936525	91913092	-	1351.2	641
164254at7041	Complete	OU426878.1	11102844	11101445	-	660.3	324
164256at7041	Complete	OU426877.1	133170463	133170016	-	173.7	100
164262at7041	Complete	OU426877.1	120696628	120701097	+	741.0	506
164270at7041	Complete	OU426877.1	29304643	29306847	+	1218.8	652
164275at7041	Complete	OU426882.1	5365529	5365053	-	221.2	120
164278at7041	Complete	OU426878.1	58640639	58641510	+	428.9	224
164288at7041	Complete	OU426881.1	39759669	39752180	-	473.3	234
164289at7041	Complete	OU426878.1	3847823	3849867	+	1122.5	537
164291at7041	Complete	OU426877.1	134663805	134663005	-	552.3	249
164294at7041	Complete	OU426881.1	22121378	22119029	-	480.2	301
164295at7041	Complete	OU426880.1	47710107	47711732	+	516.0	432
164298at7041	Complete	OU426877.1	53271502	53269365	-	643.7	359
164301at7041	Complete	OU426882.1	13098505	13100149	+	1053.6	493
164305at7041	Complete	OU426879.1	8520252	8489165	-	1277.5	620
164308at7041	Complete	OU426880.1	48111322	48110102	-	720.2	394
164313at7041	Complete	OU426881.1	38500474	38502686	+	961.1	465
164314at7041	Complete	OU426882.1	41345398	41346385	+	591.7	271
164322at7041	Complete	OU426879.1	49874637	49868706	-	636.2	340
164324at7041	Complete	OU426878.1	12056202	12057149	+	498.6	260
164333at7041	Complete	OU426877.1	103755597	103752552	-	1082.5	521
164335at7041	Complete	OU426883.1	23911394	23906191	-	1228.3	696
164342at7041	Complete	OU426877.1	124935659	124926939	-	597.1	271
164346at7041	Complete	OU426881.1	35800533	35788972	-	3732.8	1617
164350at7041	Complete	OU426881.1	40185729	40182156	-	1266.8	646
164355at7041	Complete	OU426877.1	80785394	80787976	+	1506.9	704
164367at7041	Complete	OU426879.1	54507467	54503513	-	2522.4	1211
164374at7041	Complete	OU426882.1	9117085	9115300	-	1067.0	522
164378at7041	Complete	OU426877.1	91442433	91446206	+	1134.1	619
164383at7041	Complete	OU426877.1	126858402	126859001	+	258.8	159
164384at7041	Complete	OU426879.1	53226783	53234503	+	3217.1	1594
164389at7041	Complete	OU426881.1	47986698	47983816	-	590.0	378
164391at7041	Complete	OU426883.1	4983854	4989077	+	2045.8	917
164397at7041	Complete	OU426878.1	70006870	70001286	-	1996.5	1027
164414at7041	Complete	OU426877.1	78952087	78941127	-	789.4	416
164418at7041	Complete	OU426879.1	6078810	6077482	-	867.6	437
164419at7041	Complete	OU426882.1	43123368	43124808	+	880.0	415
164420at7041	Complete	OU426881.1	7614188	7612175	-	1222.5	544
164427at7041	Complete	OU426882.1	392529	390045	-	881.9	462
164429at7041	Complete	OU426880.1	42800449	42801363	+	313.1	178
164432at7041	Complete	OU426877.1	130849190	130825643	-	1760.6	927
164435at7041	Complete	OU426879.1	42991277	42990125	-	447.2	234
164444at7041	Complete	OU426878.1	11339510	11371499	+	1078.6	632
164451at7041	Complete	OU426877.1	41215609	41222924	+	366.5	201
164453at7041	Complete	OU426877.1	101004781	101005353	+	388.0	171
164458at7041	Complete	OU426881.1	34621130	34612413	-	1486.3	746
164461at7041	Complete	OU426877.1	45186918	45185683	-	666.6	337
164462at7041	Complete	OU426881.1	11684367	11686404	+	1007.8	547
164468at7041	Complete	OU426879.1	57482504	57481325	-	479.4	292
164472at7041	Complete	OU426877.1	26440669	26433637	-	1352.5	666
164478at7041	Complete	OU426883.1	26055602	26058789	+	1421.1	797
164481at7041	Complete	OU426879.1	3153989	3152211	-	1074.1	489
164492at7041	Complete	OU426881.1	40850183	40844038	-	666.0	378
164502at7041	Complete	OU426877.1	112098773	112098063	-	376.2	198
164511at7041	Complete	OU426879.1	3081046	3086677	+	2175.9	1138
164514at7041	Complete	OU426883.1	2834653	2823241	-	1092.8	493
164519at7041	Complete	OU426881.1	40021708	40023650	+	1116.7	530
164523at7041	Complete	OU426881.1	36242522	36245884	+	665.4	402
164525at7041	Complete	OU426881.1	37504865	37503840	-	650.5	333
164532at7041	Complete	OU426881.1	47093256	47117158	+	549.3	272
164537at7041	Complete	OU426878.1	12417022	12414873	-	1309.3	626
164538at7041	Complete	OU426877.1	111612863	111622113	+	2078.3	1058
164539at7041	Complete	OU426880.1	50720586	50722541	+	941.8	492
164540at7041	Complete	OU426881.1	5689228	5688112	-	512.9	301
164551at7041	Complete	OU426881.1	9118579	9139347	+	1876.0	882
164552at7041	Complete	OU426881.1	38483096	38487230	+	1971.9	969
164554at7041	Complete	OU426879.1	52623418	52620172	-	1289.9	680
164564at7041	Complete	OU426877.1	135755693	135758733	+	717.2	356
164570at7041	Complete	OU426882.1	610787	612333	+	793.0	411
164575at7041	Complete	OU426881.1	42811197	42811913	+	396.6	181
164590at7041	Complete	OU426881.1	47617811	47621329	+	404.8	187
164592at7041	Complete	OU426882.1	23132484	23138753	+	1250.0	685
164604at7041	Complete	OU426877.1	96844589	96844033	-	259.7	145
164608at7041	Complete	OU426882.1	17106814	17107990	+	740.7	332
164610at7041	Complete	OU426877.1	69405272	69293036	-	387.3	188
164611at7041	Complete	OU426879.1	12900411	12899366	-	567.8	293
164621at7041	Complete	OU426877.1	137112295	137114638	+	1309.0	639
164627at7041	Complete	OU426877.1	96844461	96847760	+	1024.8	531
164630at7041	Complete	OU426877.1	118115826	118114753	-	421.4	265
164638at7041	Complete	OU426883.1	25221283	25229170	+	1439.3	833
164641at7041	Complete	OU426882.1	5226133	5223971	-	423.4	199
164642at7041	Complete	OU426883.1	1430541	1409037	-	2256.6	1156
164644at7041	Complete	OU426877.1	120574242	120572234	-	1171.5	539
164646at7041	Complete	OU426882.1	6421463	6423576	+	788.4	413
164650at7041	Complete	OU426877.1	108338085	108329667	-	455.0	213
164654at7041	Complete	OU426877.1	121129171	121127788	-	427.0	225
164656at7041	Complete	OU426877.1	31911570	31910274	-	532.6	325
164657at7041	Complete	OU426877.1	56580995	56559654	-	1517.2	830
164662at7041	Complete	OU426880.1	390441	385448	-	1584.9	849
164663at7041	Complete	OU426879.1	54429609	54431492	+	924.2	497
164667at7041	Complete	OU426877.1	118465632	118455966	-	1332.5	723
164669at7041	Complete	OU426881.1	10876227	10877672	+	901.9	426
164670at7041	Complete	OU426877.1	19373227	19374148	+	456.5	227
164678at7041	Complete	OU426877.1	95340983	95341710	+	250.4	163
164689at7041	Complete	OU426881.1	22350526	22355076	+	861.1	466
164699at7041	Complete	OU426877.1	115394523	115393584	-	602.3	274
164709at7041	Complete	OU426877.1	1552013	1551537	-	317.3	141
164710at7041	Complete	OU426883.1	26011889	26015161	+	1080.0	601
164714at7041	Complete	OU426880.1	50232789	50237052	+	2097.9	1148
164718at7041	Complete	OU426881.1	12248850	12240914	-	596.1	332
164719at7041	Complete	OU426877.1	40144331	40146674	+	1090.9	504
164721at7041	Complete	OU426877.1	53449058	53447464	-	558.8	281
164729at7041	Complete	OU426879.1	21642360	21645784	+	1229.6	586
164730at7041	Complete	OU426881.1	47669130	47667661	-	746.5	347
164736at7041	Complete	OU426877.1	40073772	40075088	+	739.3	391
164738at7041	Complete	OU426879.1	54905100	54909071	+	2335.1	1202
164741at7041	Complete	OU426877.1	100736916	100733224	-	1875.5	901
164745at7041	Complete	OU426879.1	35485504	35509957	+	1286.0	694
164751at7041	Complete	OU426877.1	93289278	93298712	+	3131.2	1540
164762at7041	Complete	OU426883.1	767212	748798	-	206.5	109
164769at7041	Complete	OU426877.1	47183367	47186880	+	1402.0	707
164771at7041	Complete	OU426879.1	9434727	9431673	-	984.4	541
164773at7041	Complete	OU426877.1	18612040	18613614	+	793.4	423
164778at7041	Complete	OU426878.1	5320977	5320011	-	286.1	286
164780at7041	Complete	OU426882.1	44242824	44239815	-	811.1	397
164788at7041	Complete	OU426879.1	33262807	33256888	-	937.1	456
164789at7041	Complete	OU426877.1	144108555	144098899	-	1254.3	602
164793at7041	Complete	OU426877.1	19927106	19926424	-	360.9	189
164803at7041	Complete	OU426879.1	50679456	50682568	+	311.3	222
164805at7041	Complete	OU426878.1	2030997	2028812	-	265.1	155
164822at7041	Complete	OU426879.1	9072968	9083244	+	526.3	289
164823at7041	Complete	OU426877.1	114313000	114312017	-	397.7	213
164826at7041	Complete	OU426881.1	7787807	7786622	-	681.8	369
164833at7041	Complete	OU426877.1	40077221	40076862	-	168.6	95
164839at7041	Complete	OU426882.1	43155307	43177982	+	1107.3	530
164843at7041	Complete	OU426879.1	8368510	8374097	+	1069.0	499
164848at7041	Complete	OU426881.1	47799565	47795200	-	1288.6	595
164854at7041	Complete	OU426881.1	36023397	36022905	-	285.7	143
164858at7041	Complete	OU426880.1	47623012	47619569	-	1024.5	527
164872at7041	Complete	OU426877.1	23150983	23155209	+	1187.6	671
164873at7041	Complete	OU426880.1	6610001	6611800	+	968.4	452
164874at7041	Complete	OU426878.1	14386360	14423809	+	1348.3	780
164877at7041	Complete	OU426877.1	75829629	75891698	+	850.2	445
164882at7041	Complete	OU426879.1	42927983	42933536	+	1538.4	967
164886at7041	Complete	OU426883.1	10151041	10130526	-	393.7	178
164889at7041	Complete	OU426878.1	46847869	46856932	+	895.9	405
164895at7041	Complete	OU426877.1	111107422	111104654	-	660.3	458
164911at7041	Complete	OU426879.1	21776842	21773299	-	719.7	367
164916at7041	Complete	OU426879.1	7555738	7564207	+	1435.1	764
164917at7041	Complete	OU426879.1	44729804	44731088	+	572.8	338
164924at7041	Complete	OU426879.1	55602932	55601660	-	613.1	347
164926at7041	Complete	OU426881.1	12077147	12092825	+	1372.5	643
164935at7041	Complete	OU426883.1	25480871	25475975	-	2019.1	1035
164937at7041	Complete	OU426877.1	40218932	40217982	-	559.1	308
164955at7041	Complete	OU426880.1	50475796	50478538	+	1408.8	706
164956at7041	Complete	OU426883.1	572635	573920	+	583.7	330
164957at7041	Complete	OU426882.1	43714620	43730341	+	1742.3	827
164961at7041	Complete	OU426881.1	3145492	3145037	-	177.5	125
164962at7041	Complete	OU426877.1	109019500	109042436	+	347.4	222
164963at7041	Complete	OU426879.1	33118275	33120389	+	1418.9	624
164964at7041	Complete	OU426882.1	38062514	38046940	-	993.7	435
164974at7041	Complete	OU426882.1	44329601	44333908	+	1800.0	1055
164976at7041	Complete	OU426877.1	32598374	32585441	-	1619.0	729
164990at7041	Complete	OU426877.1	53418772	53428559	+	731.3	493
164994at7041	Complete	OU426877.1	47376126	47373856	-	996.1	488
164998at7041	Complete	OU426877.1	84208872	84210060	+	647.1	304
165000at7041	Complete	OU426877.1	135510595	135510212	-	164.2	99
165002at7041	Complete	OU426882.1	16734265	16737180	+	1675.1	814
165004at7041	Complete	OU426877.1	112326852	112327388	+	251.6	132
165012at7041	Complete	OU426881.1	4843919	4844655	+	395.0	189
165015at7041	Complete	OU426881.1	46625439	46599101	-	1621.1	798
165023at7041	Complete	OU426877.1	71123552	71151044	+	471.0	245
165025at7041	Complete	OU426881.1	1048790	1044935	-	686.1	445
165037at7041	Complete	OU426879.1	7022975	7022005	-	482.5	259
165040at7041	Complete	OU426877.1	111471626	111482255	+	1834.9	868
165043at7041	Complete	OU426882.1	42377065	42386969	+	738.1	372
165077at7041	Complete	OU426877.1	118106683	118109660	+	1371.1	733
165081at7041	Complete	OU426877.1	80695082	80693602	-	809.2	418
165085at7041	Complete	OU426880.1	50717063	50709245	-	3349.1	1603
165086at7041	Complete	OU426881.1	14615907	14626584	+	2404.7	1499
165095at7041	Complete	OU426881.1	39685402	39683600	-	900.0	504
165096at7041	Complete	OU426877.1	46371511	46373595	+	929.1	517
165097at7041	Complete	OU426878.1	56345525	56347996	+	1452.7	748
165100at7041	Complete	OU426879.1	9362783	9361991	-	336.6	205
165104at7041	Complete	OU426881.1	732416	733932	+	346.5	198
165109at7041	Complete	OU426877.1	135509440	135510504	+	238.3	133
165119at7041	Complete	OU426882.1	31470936	31478154	+	462.5	307
165127at7041	Complete	OU426882.1	35401586	35402319	+	326.1	192
165131at7041	Complete	OU426882.1	32960146	32964519	+	1357.9	1127
165137at7041	Complete	OU426879.1	3888029	3893317	+	1435.6	867
165140at7041	Complete	OU426881.1	7788382	7793171	+	2305.5	1198
165148at7041	Complete	OU426879.1	33217244	33197082	-	2647.1	1468
165152at7041	Complete	OU426877.1	80760255	80759337	-	466.5	228
165155at7041	Complete	OU426880.1	50766524	50772943	+	1167.3	598
165162at7041	Complete	OU426877.1	45971673	45970801	-	532.5	257
165172at7041	Complete	OU426881.1	9597576	9599153	+	952.2	431
165180at7041	Complete	OU426877.1	116988826	116993058	+	944.2	491
165187at7041	Complete	OU426878.1	61157623	61198338	+	1136.0	602
165190at7041	Complete	OU426879.1	8666888	8661688	-	1738.4	951
165205at7041	Complete	OU426877.1	92317959	92319274	+	479.2	223
165206at7041	Complete	OU426877.1	34583716	34586739	+	346.6	222
165208at7041	Complete	OU426881.1	1191187	1210428	+	1400.8	672
165220at7041	Complete	OU426877.1	46488556	46486072	-	1080.7	630
165227at7041	Complete	OU426877.1	81568157	81559556	-	1470.6	713
165237at7041	Complete	OU426879.1	4298028	4299124	+	507.4	293
165243at7041	Complete	OU426881.1	33553761	33555013	+	660.8	321
165247at7041	Complete	OU426882.1	11121099	11120604	-	198.2	118
165267at7041	Complete	OU426877.1	120305998	120303578	-	858.4	520
165268at7041	Complete	OU426879.1	16500054	16498567	-	603.2	317
165279at7041	Complete	OU426880.1	44715097	44720449	+	1439.1	774
165280at7041	Complete	OU426877.1	1654487	1658855	+	1944.0	946
165302at7041	Complete	OU426878.1	8808571	8813525	+	717.6	438
165322at7041	Complete	OU426879.1	2572400	2572954	+	307.0	174
165323at7041	Complete	OU426883.1	5521503	5508952	-	1712.8	923
165324at7041	Complete	OU426878.1	48891330	48896098	+	598.4	355
165326at7041	Complete	OU426882.1	31233425	31240983	+	820.4	462
165329at7041	Complete	OU426879.1	3877490	3876588	-	373.8	220
165337at7041	Complete	OU426883.1	22194914	22194118	-	345.7	189
165341at7041	Complete	OU426877.1	27145776	27139339	-	1963.1	1101
165342at7041	Complete	OU426878.1	4708531	4698496	-	236.9	168
165343at7041	Complete	OU426881.1	38506025	38506666	+	381.3	185
165346at7041	Complete	OU426877.1	83992918	83983681	-	366.4	209
165357at7041	Complete	OU426879.1	174439	171011	-	446.6	241
165360at7041	Complete	OU426877.1	134530155	134531627	+	1050.8	482
165361at7041	Complete	OU426878.1	63067423	63068201	+	312.3	146
165375at7041	Complete	OU426877.1	111989753	111994656	+	2250.3	1195
165377at7041	Complete	OU426877.1	137143042	137145643	+	599.8	387
165394at7041	Complete	OU426881.1	38300745	38301632	+	415.4	205
165396at7041	Complete	OU426881.1	22204516	22203540	-	512.8	253
165398at7041	Complete	OU426882.1	5226405	5230654	+	1361.4	788
165399at7041	Complete	OU426881.1	9388016	9379993	-	3289.0	1741
165402at7041	Complete	OU426883.1	25171687	25172066	+	180.1	101
165412at7041	Complete	OU426878.1	2359076	2357445	-	1101.2	564
165416at7041	Complete	OU426882.1	20063422	20072021	+	414.2	243
165423at7041	Complete	OU426877.1	34167408	34165143	-	877.6	459
165430at7041	Complete	OU426877.1	127421451	127423723	+	562.2	346
165434at7041	Complete	OU426877.1	29952104	29955650	+	1209.2	639
165439at7041	Complete	OU426878.1	68600487	68598242	-	982.8	554
165445at7041	Complete	OU426878.1	13395982	13390229	-	707.7	491
165451at7041	Complete	OU426877.1	1892993	1894172	+	550.5	304
165453at7041	Complete	OU426877.1	31482565	31430559	-	2300.6	1370
165454at7041	Complete	OU426879.1	43563484	43561443	-	637.3	424
165455at7041	Complete	OU426883.1	16988546	16958367	-	699.8	333
165460at7041	Complete	OU426879.1	14677873	14683460	+	1296.8	715
165461at7041	Complete	OU426878.1	66614259	66656500	+	1727.8	550
165470at7041	Complete	OU426882.1	40975725	40972319	-	1197.3	744
165471at7041	Complete	OU426877.1	30911446	30912822	+	491.5	295
165477at7041	Complete	OU426881.1	38646663	38635900	-	861.0	439
165483at7041	Complete	OU426879.1	30531460	30477848	-	517.2	304
165493at7041	Complete	OU426880.1	588748	590614	+	1004.1	505
165515at7041	Complete	OU426879.1	56735009	56734040	-	545.0	292
165526at7041	Complete	OU426881.1	193294	209368	+	1096.0	562
165533at7041	Complete	OU426877.1	47943416	47945982	+	771.3	433
165540at7041	Complete	OU426877.1	54674083	54672266	-	807.2	540
165544at7041	Complete	OU426877.1	120703502	120702855	-	438.6	211
165568at7041	Complete	OU426881.1	6891135	6890191	-	283.1	205
165569at7041	Fragmented	OU426880.1	4670525	4668507	-	471.8	74
165579at7041	Complete	OU426877.1	45793449	45792553	-	405.4	208
165593at7041	Complete	OU426881.1	5548841	5548494	-	182.7	105
165602at7041	Complete	OU426880.1	47716927	47721227	+	420.9	248
165608at7041	Complete	OU426879.1	17050710	17052964	+	689.7	440
165609at7041	Complete	OU426881.1	19904577	19894420	-	1413.8	675
165624at7041	Complete	OU426879.1	45971336	45973180	+	885.1	460
165626at7041	Complete	OU426881.1	12708925	12691266	-	1142.4	646
165627at7041	Complete	OU426883.1	20436071	20426447	-	695.6	370
165633at7041	Complete	OU426877.1	3169099	3173577	+	1477.5	745
165637at7041	Complete	OU426877.1	34049464	34052335	+	1434.9	712
165639at7041	Complete	OU426881.1	1036460	1034172	-	1010.9	735
165648at7041	Complete	OU426877.1	116162977	116164358	+	175.3	157
165649at7041	Complete	OU426877.1	91284954	91284287	-	424.7	202
165651at7041	Complete	OU426879.1	40159128	40165135	+	664.5	437
165653at7041	Complete	OU426877.1	131354421	131355092	+	381.3	181
165656at7041	Complete	OU426877.1	98318457	98322362	+	965.9	626
165666at7041	Complete	OU426881.1	20772750	20773112	+	239.1	121
165670at7041	Complete	OU426877.1	102814545	102815446	+	423.1	238
165690at7041	Complete	OU426880.1	49018016	49020563	+	637.6	381
165692at7041	Complete	OU426877.1	34012958	34011593	-	747.7	367
165694at7041	Complete	OU426882.1	364533	365849	+	582.9	340
165703at7041	Complete	OU426878.1	66031572	66029771	-	482.9	318
165711at7041	Complete	OU426881.1	36199314	36195900	-	1847.7	872
165720at7041	Complete	OU426877.1	72684779	72727554	+	527.6	372
165724at7041	Complete	OU426882.1	13963951	13965725	+	693.5	351
165731at7041	Complete	OU426877.1	107986096	107978139	-	1293.0	600
165733at7041	Complete	OU426881.1	35870065	35873202	+	791.9	466
165749at7041	Complete	OU426877.1	143862466	143873437	+	2199.5	1350
165752at7041	Complete	OU426879.1	6076803	6073713	-	752.0	377
165764at7041	Duplicated	OU426882.1	648968	648498	-	225.3	127
165764at7041	Duplicated	OU426877.1	137175967	137175563	-	232.2	124
165767at7041	Complete	OU426877.1	100792328	100786987	-	1587.7	1081
165769at7041	Complete	OU426878.1	4754159	4753794	-	215.8	103
165773at7041	Complete	OU426879.1	57433887	57428383	-	727.5	472
165776at7041	Complete	OU426879.1	14629301	14628501	-	455.1	267
165778at7041	Complete	OU426881.1	30435581	30430799	-	766.8	433
165779at7041	Complete	OU426877.1	53226875	53228244	+	807.0	396
165797at7041	Complete	OU426877.1	19994280	20007334	+	1351.0	636
165804at7041	Complete	OU426879.1	15910487	15912424	+	706.8	432
165810at7041	Complete	OU426879.1	8412380	8415122	+	998.4	682
165811at7041	Complete	OU426882.1	12794691	12793534	-	642.4	369
165813at7041	Complete	OU426882.1	9721753	9722625	+	319.6	203
165818at7041	Complete	OU426877.1	2437682	2448066	+	543.8	366
165833at7041	Complete	OU426879.1	17117043	17115718	-	764.7	391
165839at7041	Complete	OU426877.1	90441225	90570235	+	1921.4	812
165844at7041	Complete	OU426877.1	46376294	46375737	-	149.0	133
165851at7041	Complete	OU426879.1	6714957	6697972	-	307.8	159
165852at7041	Complete	OU426879.1	9072248	9070866	-	703.5	412
165853at7041	Complete	OU426882.1	11862486	11863911	+	934.7	396
165864at7041	Complete	OU426877.1	113008937	113012639	+	482.7	220
165870at7041	Complete	OU426882.1	426332	423047	-	518.6	301
165873at7041	Complete	OU426878.1	6392213	6358775	-	1063.5	559
165877at7041	Complete	OU426877.1	46743876	46742641	-	512.1	249
165882at7041	Complete	OU426879.1	1056400	1054549	-	587.8	373
165883at7041	Complete	OU426883.1	26179319	26173439	-	1241.1	725
165885at7041	Complete	OU426881.1	43367189	43369150	+	480.5	238
165895at7041	Complete	OU426878.1	573293	572369	-	328.3	205
165897at7041	Complete	OU426879.1	54257948	54259358	+	477.2	341
165900at7041	Complete	OU426881.1	12098549	12097937	-	218.2	112
165911at7041	Complete	OU426877.1	979209	980006	+	326.5	202
165912at7041	Complete	OU426879.1	35400581	35399208	-	562.1	327
165913at7041	Complete	OU426882.1	32979293	32985054	+	892.0	446
165917at7041	Complete	OU426881.1	4778933	4781272	+	965.8	704
165921at7041	Complete	OU426877.1	106249949	106274417	+	663.1	426
165934at7041	Complete	OU426877.1	12199286	12186290	-	598.2	364
165942at7041	Complete	OU426879.1	55289957	55286013	-	2600.6	1267
165947at7041	Complete	OU426878.1	16922127	16930787	+	1219.7	628
165955at7041	Complete	OU426883.1	17313442	17326478	+	1204.0	605
165965at7041	Complete	OU426881.1	35868942	35868252	-	340.5	194
165971at7041	Complete	OU426880.1	141488	135016	-	1165.1	596
165977at7041	Complete	OU426881.1	40420478	40419879	-	328.8	197
165996at7041	Complete	OU426880.1	42983578	42970510	-	1189.3	780
165999at7041	Complete	OU426877.1	36671795	36674815	+	1050.0	614
166002at7041	Complete	OU426883.1	26032924	26030946	-	1307.6	607
166010at7041	Complete	OU426877.1	52767783	52769649	+	506.3	271
166012at7041	Complete	OU426879.1	52659186	52675293	+	1173.7	661
166034at7041	Complete	OU426880.1	50144098	50149193	+	2579.6	1203
166038at7041	Complete	OU426877.1	34442175	34441554	-	200.9	111
166044at7041	Complete	OU426881.1	21202298	21204884	+	643.0	316
166045at7041	Complete	OU426877.1	94088864	94088244	-	433.6	198
166048at7041	Complete	OU426877.1	125066383	125068388	+	553.1	294
166072at7041	Complete	OU426877.1	34131947	34132942	+	466.7	273
166075at7041	Complete	OU426877.1	111859961	111863534	+	645.1	345
166090at7041	Duplicated	OU426882.1	40793002	40793646	+	424.8	202
166090at7041	Duplicated	OU426882.1	18950025	18941217	-	460.4	195
166105at7041	Complete	OU426879.1	51137741	51142193	+	1444.9	802
166113at7041	Complete	OU426878.1	2286193	2284352	-	878.4	468
166118at7041	Complete	OU426878.1	56876174	56877212	+	473.2	323
166123at7041	Complete	OU426883.1	5119773	5103451	-	1066.8	532
166137at7041	Complete	OU426877.1	121120300	121119575	-	326.6	176
166139at7041	Complete	OU426879.1	52213404	52211883	-	402.7	220
166141at7041	Complete	OU426879.1	19225700	19226662	+	479.2	328
166156at7041	Complete	OU426877.1	108047373	108050657	+	472.1	289
166159at7041	Complete	OU426880.1	49459436	49460194	+	285.2	190
166168at7041	Complete	OU426881.1	41054174	40924059	-	691.2	320
166178at7041	Complete	OU426877.1	1561125	1559889	-	504.5	330
166179at7041	Complete	OU426877.1	24207302	24209500	+	1248.0	635
166194at7041	Complete	OU426881.1	38505802	38504039	-	546.5	297
166198at7041	Complete	OU426881.1	28670058	28666227	-	1712.0	916
166206at7041	Complete	OU426882.1	43665722	43665234	-	208.3	128
166209at7041	Complete	OU426877.1	68292026	68293172	+	504.6	305
166212at7041	Complete	OU426879.1	8375123	8379913	+	542.1	294
166223at7041	Complete	OU426879.1	9303717	9304922	+	220.6	186
166226at7041	Complete	OU426877.1	30926470	30924290	-	698.1	427
166233at7041	Complete	OU426879.1	47617665	47613484	-	314.2	208
166235at7041	Complete	OU426877.1	105568926	105567670	-	693.9	351
166246at7041	Complete	OU426877.1	42343366	42340066	-	1106.9	664
166247at7041	Complete	OU426881.1	47489228	47489957	+	375.5	190
166254at7041	Complete	OU426878.1	59643163	59644268	+	516.4	248
166255at7041	Complete	OU426879.1	50644693	50666219	+	2855.4	1433
166256at7041	Complete	OU426877.1	109337135	109335914	-	621.2	338
166258at7041	Complete	OU426882.1	35995332	36004853	+	1673.5	844
166263at7041	Complete	OU426882.1	43101409	43103378	+	1076.1	507
166271at7041	Complete	OU426881.1	35566523	35585718	+	505.0	327
166272at7041	Complete	OU426881.1	30715623	30722997	+	463.6	250
166277at7041	Complete	OU426877.1	521498	515546	-	2119.6	1309
166278at7041	Complete	OU426877.1	31198948	31208816	+	959.7	498
166280at7041	Complete	OU426877.1	11816227	11815429	-	228.0	115
166281at7041	Complete	OU426879.1	56620590	56629857	+	925.5	626
166285at7041	Complete	OU426877.1	1934574	1935143	+	304.2	162
166294at7041	Complete	OU426881.1	38780367	38794175	+	1735.9	985
166299at7041	Complete	OU426877.1	101311210	101316412	+	1027.2	505
166300at7041	Complete	OU426881.1	39746402	39749929	+	2006.8	957
166302at7041	Complete	OU426879.1	52648639	52647117	-	623.4	315
166308at7041	Complete	OU426877.1	30002567	30002172	-	173.5	106
166314at7041	Complete	OU426879.1	6283874	6282323	-	681.7	413
166316at7041	Complete	OU426881.1	8961513	8944007	-	1675.1	1032
166329at7041	Complete	OU426877.1	97597947	97593923	-	790.1	521
166331at7041	Complete	OU426878.1	9903420	9904565	+	404.5	301
166338at7041	Complete	OU426878.1	5502863	5471413	-	1220.2	773
166350at7041	Complete	OU426880.1	37292339	37294075	+	985.2	482
166366at7041	Complete	OU426877.1	529590	526228	-	822.9	427
166372at7041	Complete	OU426877.1	50529273	50524549	-	567.6	299
166373at7041	Complete	OU426882.1	43818433	43825001	+	930.6	520
166375at7041	Complete	OU426879.1	9065777	9070576	+	869.6	682
166389at7041	Complete	OU426881.1	21437305	21435884	-	715.4	414
166395at7041	Complete	OU426879.1	55803015	55820198	+	1126.5	613
166407at7041	Complete	OU426877.1	3630326	3633198	+	866.6	497
166412at7041	Complete	OU426878.1	60631031	60631642	+	320.0	189
166416at7041	Complete	OU426877.1	120110707	120112682	+	411.3	234
166418at7041	Complete	OU426882.1	13579552	13582879	+	353.3	232
166422at7041	Complete	OU426882.1	205045	194263	-	1477.2	829
166431at7041	Complete	OU426877.1	27199490	27203721	+	1273.3	749
166434at7041	Complete	OU426881.1	18405820	18406845	+	300.9	177
166441at7041	Complete	OU426881.1	12019997	12031238	+	1363.0	871
166448at7041	Complete	OU426883.1	15980747	15966396	-	1697.4	835
166452at7041	Complete	OU426881.1	3063792	3067108	+	1096.4	574
166454at7041	Complete	OU426877.1	37458287	37469000	+	563.5	379
166456at7041	Complete	OU426882.1	14757824	14751649	-	782.2	574
166460at7041	Complete	OU426877.1	102144313	102142499	-	820.9	556
166464at7041	Complete	OU426880.1	44231829	44235179	+	1454.6	898
166465at7041	Complete	OU426881.1	2953211	2954408	+	544.2	277
166473at7041	Complete	OU426879.1	6211675	6207821	-	1044.9	563
166482at7041	Complete	OU426880.1	45814705	45838683	+	1767.1	877
166487at7041	Complete	OU426879.1	12102931	12101457	-	824.5	460
166493at7041	Complete	OU426879.1	2316186	2320060	+	1234.6	778
166505at7041	Complete	OU426882.1	41837967	41701304	-	1155.6	551
166506at7041	Complete	OU426879.1	56735772	56736660	+	411.2	234
166509at7041	Complete	OU426881.1	46935976	46929841	-	649.6	364
166513at7041	Complete	OU426883.1	15024101	15033111	+	2127.3	1156
166521at7041	Complete	OU426877.1	1033267	1035975	+	888.3	541
166523at7041	Complete	OU426882.1	16049291	16048327	-	437.3	247
166524at7041	Complete	OU426879.1	3380613	3382815	+	867.6	542
166526at7041	Complete	OU426882.1	11965768	11966560	+	352.8	194
166530at7041	Complete	OU426877.1	47118145	47119396	+	624.6	337
166532at7041	Complete	OU426882.1	37049761	37047931	-	428.0	233
166548at7041	Complete	OU426881.1	40337242	40342641	+	2263.0	1220
166550at7041	Complete	OU426880.1	50738925	50739409	+	181.1	120
166551at7041	Complete	OU426877.1	2485796	2477409	-	1143.3	613
166557at7041	Complete	OU426877.1	30961577	30976001	+	428.6	225
166561at7041	Complete	OU426877.1	20131502	20133016	+	546.4	355
166563at7041	Complete	OU426877.1	91983672	91982388	-	534.5	359
166564at7041	Complete	OU426881.1	20667630	20668622	+	616.2	303
166565at7041	Complete	OU426881.1	38496117	38495275	-	421.2	266
166566at7041	Complete	OU426877.1	99179232	99182352	+	468.2	264
166570at7041	Complete	OU426882.1	13974820	13974116	-	331.4	174
166571at7041	Complete	OU426877.1	97096454	97093191	-	698.9	388
166576at7041	Complete	OU426882.1	9201226	9229815	+	1005.6	541
166582at7041	Complete	OU426877.1	117280645	117281497	+	399.0	210
166586at7041	Complete	OU426877.1	33548487	33551165	+	530.1	296
166588at7041	Complete	OU426878.1	58787728	58786941	-	239.3	182
166591at7041	Complete	OU426878.1	68525546	68522847	-	971.4	585
166592at7041	Complete	OU426878.1	2794596	2792087	-	1176.5	599
166599at7041	Complete	OU426883.1	17742393	17741836	-	367.9	181
166600at7041	Complete	OU426880.1	48856716	48851448	-	549.4	370
166610at7041	Complete	OU426877.1	112864791	112880847	+	845.4	467
166613at7041	Complete	OU426878.1	3581673	3584117	+	1084.8	588
166614at7041	Complete	OU426879.1	52426260	52428485	+	679.2	451
166621at7041	Complete	OU426878.1	60893360	60891962	-	584.9	386
166622at7041	Complete	OU426883.1	3033387	3033789	+	153.8	77
166632at7041	Complete	OU426878.1	68451489	68302589	-	7328.0	3273
166633at7041	Complete	OU426879.1	18226072	18260612	+	1879.8	996
166634at7041	Complete	OU426882.1	40749026	40747662	-	756.4	369
166639at7041	Complete	OU426877.1	90386093	90384273	-	1197.9	598
166644at7041	Complete	OU426877.1	27235266	27222343	-	1469.3	699
166651at7041	Complete	OU426877.1	108367081	108368499	+	811.7	444
166654at7041	Complete	OU426879.1	6264466	6267348	+	1116.4	585
166669at7041	Complete	OU426879.1	12362498	12363691	+	435.5	302
166680at7041	Complete	OU426882.1	22962683	22964351	+	903.2	465
166684at7041	Complete	OU426880.1	47937223	47938234	+	363.1	236
166689at7041	Complete	OU426879.1	236633	232688	-	669.0	447
166708at7041	Complete	OU426879.1	2169822	2172048	+	782.5	442
166712at7041	Complete	OU426877.1	135514476	135513715	-	432.6	246
166713at7041	Complete	OU426877.1	104940203	104942229	+	878.6	569
166715at7041	Complete	OU426877.1	1534011	1537343	+	1144.3	656
166721at7041	Complete	OU426877.1	108062129	108059268	-	1106.5	730
166727at7041	Complete	OU426878.1	61080441	61074752	-	570.7	294
166732at7041	Complete	OU426878.1	14508813	14507333	-	653.6	393
166735at7041	Complete	OU426877.1	107940553	107937466	-	820.5	486
166740at7041	Complete	OU426877.1	19916462	19921182	+	529.2	294
166743at7041	Complete	OU426879.1	50697372	50695883	-	187.3	223
166748at7041	Complete	OU426877.1	111633238	111633900	+	227.6	137
166753at7041	Complete	OU426882.1	38098707	38101214	+	582.8	309
166774at7041	Complete	OU426882.1	16338195	16336853	-	678.1	321
166776at7041	Complete	OU426879.1	8652433	8649258	-	1536.7	976
166780at7041	Complete	OU426877.1	135611837	135608251	-	404.8	249
166789at7041	Complete	OU426877.1	125213658	125212904	-	335.7	220
166791at7041	Complete	OU426878.1	284067	286287	+	798.6	479
166792at7041	Complete	OU426880.1	18600152	18606596	+	417.1	232
166796at7041	Complete	OU426880.1	40923913	40923108	-	380.5	183
166801at7041	Complete	OU426877.1	111768117	111772988	+	1365.6	692
166804at7041	Complete	OU426879.1	46402121	46401189	-	591.6	311
166808at7041	Complete	OU426879.1	52393305	52396218	+	732.3	357
166809at7041	Complete	OU426879.1	7812067	7818005	+	2474.9	1574
166818at7041	Complete	OU426879.1	52631975	52635445	+	376.3	257
166821at7041	Complete	OU426879.1	23143134	23103960	-	217.2	107
166823at7041	Complete	OU426877.1	126005792	126005315	-	274.1	131
166836at7041	Complete	OU426879.1	35397505	35397998	+	318.2	144
166843at7041	Complete	OU426878.1	64880387	64880952	+	251.8	157
166850at7041	Complete	OU426877.1	103833866	103834263	+	180.3	109
166852at7041	Complete	OU426879.1	1561777	1567859	+	2264.9	1492
166859at7041	Complete	OU426877.1	46077580	46074173	-	473.0	283
166869at7041	Complete	OU426877.1	91985677	91986575	+	338.6	174
166871at7041	Complete	OU426880.1	40920062	40921318	+	522.8	409
166872at7041	Complete	OU426877.1	1546164	1546990	+	331.6	158
166886at7041	Complete	OU426877.1	118343711	118344380	+	337.6	184
166890at7041	Complete	OU426877.1	33577496	33597111	+	330.0	215
166892at7041	Complete	OU426878.1	63065891	63065028	-	526.2	256
166894at7041	Complete	OU426879.1	39913449	39912364	-	832.6	362
166898at7041	Complete	OU426877.1	134969538	134968885	-	286.9	173
166903at7041	Complete	OU426877.1	103781009	103763318	-	776.9	420
166906at7041	Complete	OU426877.1	22688173	22689193	+	478.1	277
166907at7041	Complete	OU426877.1	69954734	69967809	+	205.3	205
166914at7041	Complete	OU426880.1	39669081	39668239	-	417.2	221
166920at7041	Complete	OU426877.1	114862325	114869434	+	747.3	535
166921at7041	Complete	OU426879.1	52142759	52145134	+	921.7	556
166942at7041	Complete	OU426877.1	53377380	53372748	-	1277.1	695
166946at7041	Complete	OU426881.1	17233200	17222463	-	140.4	124
166947at7041	Complete	OU426883.1	14983727	14982490	-	568.2	330
166957at7041	Complete	OU426879.1	246996	254034	+	1103.8	652
166968at7041	Complete	OU426881.1	19746844	19736785	-	1111.8	594
166978at7041	Complete	OU426883.1	23928657	23935838	+	1825.8	1280
166982at7041	Complete	OU426879.1	23718108	23771561	+	1566.0	770
166984at7041	Complete	OU426877.1	132358043	132358991	+	250.1	160
166993at7041	Complete	OU426877.1	143457873	143468029	+	1024.6	649
166996at7041	Complete	OU426883.1	8853598	8859303	+	1386.7	732
167000at7041	Complete	OU426877.1	105772548	105775831	+	1455.2	730
167002at7041	Complete	OU426881.1	37953386	37949695	-	367.0	221
167005at7041	Complete	OU426881.1	9744514	9743584	-	398.1	245
167013at7041	Complete	OU426877.1	112901709	112938160	+	565.9	391
167019at7041	Complete	OU426877.1	127600221	127601355	+	450.2	271
167022at7041	Complete	OU426881.1	9843452	9846349	+	908.2	485
167025at7041	Complete	OU426879.1	15805737	15801245	-	327.4	203
167027at7041	Complete	OU426878.1	2804849	2802991	-	455.2	269
167043at7041	Complete	OU426877.1	70382773	70243233	-	817.7	469
167048at7041	Complete	OU426881.1	47489532	47487875	-	389.2	195
167054at7041	Complete	OU426883.1	3049016	3050279	+	640.0	342
167057at7041	Complete	OU426881.1	42172486	42174886	+	735.9	446
167070at7041	Complete	OU426883.1	18089762	18082611	-	277.2	214
167072at7041	Complete	OU426877.1	107688143	107686686	-	383.3	298
167088at7041	Complete	OU426877.1	132895983	132970813	+	733.0	466
167104at7041	Complete	OU426877.1	48161399	48169357	+	718.7	390
167121at7041	Complete	OU426879.1	47233741	47241826	+	545.2	363
167127at7041	Complete	OU426877.1	1609942	1607386	-	1071.6	659
167130at7041	Complete	OU426881.1	39445693	39436088	-	4090.4	2065
167150at7041	Complete	OU426882.1	42336708	42269175	-	558.9	289
167160at7041	Complete	OU426877.1	32402352	32398475	-	1595.4	908
167161at7041	Complete	OU426877.1	89083282	89082125	-	622.6	360
167164at7041	Complete	OU426882.1	12248399	12250689	+	586.3	408
167177at7041	Complete	OU426882.1	9723546	9722727	-	399.2	242
167178at7041	Complete	OU426882.1	43110857	43109738	-	511.7	253
167183at7041	Complete	OU426879.1	6927240	6925495	-	1092.5	520
167184at7041	Complete	OU426878.1	70074259	70067723	-	1450.3	736
167195at7041	Complete	OU426880.1	13630973	13630064	-	420.9	246
167197at7041	Complete	OU426882.1	9425384	9426273	+	500.3	283
167205at7041	Complete	OU426883.1	22175409	22173629	-	767.9	436
167216at7041	Complete	OU426878.1	47385817	47384780	-	456.8	274
167243at7041	Complete	OU426879.1	21791519	21792164	+	194.4	128
167247at7041	Complete	OU426877.1	22822311	22818106	-	784.6	409
167251at7041	Complete	OU426879.1	57471847	57479706	+	1985.1	1215
167280at7041	Complete	OU426877.1	114122083	114118698	-	553.0	374
167293at7041	Complete	OU426877.1	46571138	46572814	+	654.3	400
167294at7041	Complete	OU426877.1	67747072	67584351	-	2043.5	970
167296at7041	Complete	OU426877.1	103157192	103160065	+	890.2	453
167302at7041	Complete	OU426883.1	2482905	2485286	+	1176.3	632
167304at7041	Complete	OU426877.1	19942225	19940075	-	1264.8	671
167308at7041	Complete	OU426877.1	111745797	111744672	-	475.6	280
167324at7041	Complete	OU426882.1	10526969	10522188	-	272.4	136
167332at7041	Complete	OU426881.1	22337446	22349199	+	907.0	528
167336at7041	Complete	OU426880.1	31702947	31717886	+	1171.7	592
167337at7041	Complete	OU426881.1	3898935	3898076	-	199.3	130
167356at7041	Complete	OU426877.1	2942363	2936606	-	652.8	382
167357at7041	Complete	OU426879.1	54303074	54308066	+	2094.4	1403
167358at7041	Complete	OU426882.1	39502860	39504362	+	577.6	379
167365at7041	Complete	OU426881.1	43615382	43611111	-	1294.4	800
167373at7041	Complete	OU426877.1	2769105	2783360	+	1917.9	1093
167386at7041	Complete	OU426879.1	52325416	52319251	-	806.3	533
167408at7041	Complete	OU426879.1	18430790	18424830	-	716.2	429
167410at7041	Complete	OU426877.1	45368994	45374549	+	1413.8	656
167411at7041	Complete	OU426877.1	40239374	40234759	-	646.2	421
167418at7041	Complete	OU426877.1	132414365	132413028	-	488.1	297
167419at7041	Complete	OU426881.1	5012469	5014351	+	850.6	430
167429at7041	Complete	OU426877.1	968418	970300	+	574.3	348
167431at7041	Complete	OU426881.1	566722	567077	+	163.1	106
167432at7041	Complete	OU426879.1	8442104	8446401	+	2231.8	1259
167438at7041	Complete	OU426881.1	30495768	30498223	+	394.0	212
167439at7041	Complete	OU426881.1	11077796	11077163	-	296.6	170
167440at7041	Complete	OU426879.1	52767387	52765416	-	912.2	481
167443at7041	Complete	OU426877.1	108852527	108854114	+	448.7	290
167449at7041	Complete	OU426881.1	22505091	22503995	-	393.7	270
167456at7041	Complete	OU426881.1	19977752	19960943	-	2132.0	1123
167459at7041	Complete	OU426877.1	92240370	92238134	-	824.8	484
167478at7041	Complete	OU426881.1	5156615	5155652	-	557.1	294
167479at7041	Complete	OU426882.1	9405664	9406389	+	415.2	224
167507at7041	Complete	OU426877.1	57156316	57159032	+	1127.4	649
167520at7041	Complete	OU426879.1	20238279	20250547	+	2127.5	1300
167533at7041	Complete	OU426882.1	18970343	18969751	-	234.6	169
167546at7041	Complete	OU426879.1	8406451	8407631	+	485.9	318
167547at7041	Complete	OU426878.1	18753982	18756887	+	940.6	495
167559at7041	Complete	OU426881.1	14121043	14122898	+	1018.5	559
167563at7041	Complete	OU426877.1	35469623	35431783	-	504.8	274
167571at7041	Complete	OU426878.1	12938479	12939759	+	519.7	361
167574at7041	Complete	OU426878.1	7053127	7045504	-	1334.7	898
167582at7041	Complete	OU426879.1	41592577	41561341	-	2786.4	1474
167585at7041	Complete	OU426882.1	17067137	17069632	+	447.7	308
167588at7041	Complete	OU426881.1	21041882	21038140	-	834.5	505
167591at7041	Complete	OU426881.1	36598935	36607028	+	1161.1	574
167598at7041	Complete	OU426881.1	19761245	19762194	+	415.3	233
167606at7041	Complete	OU426877.1	48825146	48799929	-	2023.5	1271
167618at7041	Complete	OU426878.1	48929856	48921504	-	1214.0	776
167624at7041	Complete	OU426877.1	3701921	3727041	+	1073.8	602
167645at7041	Complete	OU426883.1	1995238	1996236	+	474.8	282
167654at7041	Complete	OU426879.1	47233016	47231452	-	739.1	361
167658at7041	Complete	OU426877.1	42261016	42256757	-	526.2	295
167659at7041	Complete	OU426879.1	23086463	23091759	+	1464.5	757
167660at7041	Complete	OU426879.1	46184540	46186356	+	566.6	379
167663at7041	Complete	OU426877.1	116485545	116493825	+	713.9	419
167664at7041	Complete	OU426878.1	1515724	1514479	-	551.9	298
167667at7041	Complete	OU426877.1	91261434	91262190	+	462.8	213
167672at7041	Complete	OU426878.1	66906551	66915865	+	2577.3	1468
167675at7041	Complete	OU426877.1	1051882	1052721	+	402.2	252
167678at7041	Complete	OU426877.1	2866048	2865590	-	293.8	145
167682at7041	Complete	OU426879.1	4279530	4283042	+	760.8	653
167683at7041	Complete	OU426881.1	9309585	9306585	-	686.6	588
167688at7041	Complete	OU426879.1	20846322	20838165	-	796.6	377
167691at7041	Complete	OU426877.1	112888666	112891383	+	1479.3	708
167692at7041	Complete	OU426877.1	60901517	60904575	+	457.2	336
167701at7041	Complete	OU426877.1	81888604	81856180	-	862.6	588
167705at7041	Complete	OU426879.1	2070385	2074430	+	1115.8	792
167707at7041	Complete	OU426880.1	42534617	42533600	-	525.0	309
167709at7041	Complete	OU426882.1	40632320	40629048	-	1103.5	687
167710at7041	Complete	OU426877.1	91378329	91373420	-	884.9	510
167713at7041	Complete	OU426877.1	2829124	2819573	-	584.6	334
167715at7041	Complete	OU426877.1	101226073	101243550	+	588.4	313
167726at7041	Complete	OU426878.1	68905556	68906960	+	711.3	369
167736at7041	Complete	OU426882.1	32336081	32335196	-	444.5	233
167742at7041	Complete	OU426877.1	114845737	114846104	+	150.1	95
167758at7041	Complete	OU426879.1	38885305	38897657	+	917.1	572
167765at7041	Complete	OU426881.1	1392695	1391033	-	634.8	411
167781at7041	Complete	OU426882.1	43349357	43352614	+	1376.8	673
167786at7041	Complete	OU426883.1	2655138	2653669	-	529.1	287
167789at7041	Complete	OU426882.1	6450353	6458612	+	882.9	430
167795at7041	Complete	OU426877.1	108661792	108662460	+	270.8	213
167796at7041	Complete	OU426881.1	6231985	6235095	+	298.4	158
167797at7041	Complete	OU426878.1	3575328	3573972	-	663.7	381
167798at7041	Complete	OU426877.1	131120577	131029175	-	1012.7	486
167807at7041	Complete	OU426882.1	14945142	14936911	-	179.7	100
167817at7041	Complete	OU426877.1	64078157	64079737	+	862.0	480
167819at7041	Complete	OU426877.1	34044852	34046831	+	575.3	357
167820at7041	Complete	OU426877.1	83980112	83981922	+	580.6	392
167827at7041	Complete	OU426878.1	52248792	52240736	-	291.6	215
167839at7041	Complete	OU426882.1	14502026	14504952	+	1084.2	823
167843at7041	Complete	OU426883.1	14978209	14963164	-	2463.0	1258
167851at7041	Complete	OU426879.1	19616003	19620380	+	649.8	388
167873at7041	Complete	OU426879.1	6012080	6010464	-	755.3	478
167882at7041	Complete	OU426877.1	127882867	127856926	-	657.8	360
167888at7041	Complete	OU426879.1	49579217	49577619	-	428.2	262
167897at7041	Complete	OU426877.1	85891619	85868887	-	1193.0	597
167902at7041	Complete	OU426882.1	31500565	31529781	+	1340.1	660
167915at7041	Complete	OU426878.1	54678418	54679344	+	421.9	257
167919at7041	Complete	OU426880.1	675470	676573	+	547.0	294
167922at7041	Complete	OU426877.1	112575833	112557621	-	1888.8	1012
167928at7041	Complete	OU426877.1	84102346	84101125	-	462.0	263
167930at7041	Complete	OU426877.1	109949677	109950380	+	299.8	165
167935at7041	Complete	OU426877.1	18472778	18474108	+	654.9	344
167944at7041	Complete	OU426877.1	32290193	32296388	+	1223.5	625
167954at7041	Complete	OU426880.1	169994	171905	+	185.1	167
167956at7041	Complete	OU426877.1	40043537	40044629	+	331.1	210
167960at7041	Complete	OU426883.1	21534404	21532391	-	1102.4	540
167968at7041	Complete	OU426883.1	25992465	26001195	+	295.6	267
167976at7041	Complete	OU426879.1	7255101	7225442	-	764.6	405
167988at7041	Complete	OU426881.1	4507520	4508114	+	240.9	124
167994at7041	Complete	OU426878.1	64774885	64777108	+	987.7	627
167997at7041	Complete	OU426883.1	17694900	17695411	+	220.1	128
168003at7041	Complete	OU426877.1	80603144	80603497	+	201.5	117
168008at7041	Complete	OU426881.1	6856656	6854301	-	942.6	518
168012at7041	Fragmented	OU426879.1	20885816	20886550	+	320.6	159
168013at7041	Complete	OU426877.1	19772170	19771531	-	309.3	193
168015at7041	Complete	OU426877.1	127953165	127954753	+	700.9	433
168018at7041	Complete	OU426881.1	34585440	34584160	-	677.0	343
168019at7041	Complete	OU426879.1	7105452	7115134	+	622.8	354
168023at7041	Complete	OU426882.1	16082452	16089828	+	246.8	190
168025at7041	Complete	OU426881.1	36266682	36265435	-	501.8	262
168028at7041	Complete	OU426877.1	111944781	111938885	-	647.7	342
168032at7041	Complete	OU426879.1	23839057	23805419	-	425.8	265
168034at7041	Complete	OU426877.1	132119229	132108139	-	376.1	200
168053at7041	Complete	OU426879.1	8526835	8528460	+	699.8	495
168059at7041	Complete	OU426880.1	40880659	40887178	+	776.6	456
168063at7041	Complete	OU426880.1	26487776	26467815	-	167.9	105
168065at7041	Complete	OU426877.1	105748624	105740975	-	295.2	172
168068at7041	Complete	OU426877.1	111279120	111272339	-	888.7	459
168074at7041	Complete	OU426877.1	128148551	128135028	-	419.5	234
168076at7041	Complete	OU426882.1	8258366	8257452	-	500.7	261
168081at7041	Complete	OU426877.1	2788604	2791823	+	1298.0	719
168091at7041	Complete	OU426880.1	41220748	41222263	+	812.2	417
168092at7041	Complete	OU426878.1	10876869	10883083	+	290.7	196
168104at7041	Complete	OU426877.1	110221582	110220737	-	360.8	241
168131at7041	Complete	OU426883.1	2157798	2159411	+	810.3	433
168152at7041	Complete	OU426879.1	52123223	52124614	+	518.6	318
168164at7041	Complete	OU426880.1	43007	39701	-	778.8	493
168166at7041	Complete	OU426879.1	6023841	6013495	-	1208.2	701
168183at7041	Complete	OU426878.1	52834684	52846568	+	879.5	588
168209at7041	Complete	OU426880.1	42106445	42154241	+	463.4	239
168223at7041	Complete	OU426877.1	114830741	114831982	+	680.7	374
168229at7041	Complete	OU426878.1	16394559	16630591	+	4393.3	2289
168232at7041	Complete	OU426877.1	113846207	113847641	+	699.8	390
168236at7041	Complete	OU426881.1	8621524	8579915	-	191.8	135
168238at7041	Complete	OU426882.1	43037404	43042636	+	400.0	256
168243at7041	Complete	OU426877.1	46821272	46820466	-	374.1	196
168244at7041	Complete	OU426879.1	4301855	4324806	+	884.2	427
168245at7041	Complete	OU426882.1	20152599	20153171	+	190.2	115
168253at7041	Complete	OU426883.1	2368262	2361829	-	1182.4	608
168274at7041	Complete	OU426882.1	36467163	36468215	+	452.3	377
168275at7041	Complete	OU426881.1	40558129	40557663	-	256.7	127
168286at7041	Complete	OU426877.1	109916719	109915967	-	434.5	226
168288at7041	Complete	OU426879.1	8686381	8711357	+	494.5	229
168292at7041	Complete	OU426880.1	47901107	47898448	-	1045.0	698
168294at7041	Complete	OU426877.1	113314447	113315541	+	430.6	228
168298at7041	Complete	OU426881.1	30021774	30039387	+	659.0	371
168299at7041	Complete	OU426882.1	40316109	40312750	-	1112.9	693
168303at7041	Complete	OU426877.1	214387	209311	-	1377.8	995
168304at7041	Complete	OU426879.1	21631400	21630573	-	431.6	215
168306at7041	Complete	OU426880.1	44265245	44266088	+	283.0	201
168313at7041	Complete	OU426879.1	11284950	11280961	-	633.4	384
168324at7041	Complete	OU426877.1	93896663	93893472	-	743.7	392
168331at7041	Complete	OU426881.1	40792807	40791795	-	518.4	282
168332at7041	Complete	OU426877.1	84223221	84233770	+	626.3	327
168351at7041	Complete	OU426877.1	135761414	135759707	-	857.7	479
168352at7041	Complete	OU426877.1	122087975	122093616	+	1275.0	798
168358at7041	Complete	OU426881.1	41315916	41313036	-	1106.1	624
168364at7041	Complete	OU426879.1	4326675	4328752	+	634.4	460
168365at7041	Complete	OU426882.1	19972100	19940623	-	1790.8	913
168366at7041	Complete	OU426882.1	36816695	36816102	-	382.9	195
168370at7041	Complete	OU426877.1	29932909	29934333	+	531.1	344
168375at7041	Complete	OU426881.1	34540907	34553483	+	781.1	410
168389at7041	Fragmented	OU426881.1	5748153	5746299	-	281.6	215
168392at7041	Complete	OU426877.1	100901534	100900263	-	453.6	265
168396at7041	Complete	OU426877.1	124373966	124375876	+	621.2	463
168406at7041	Complete	OU426881.1	13405090	13416432	+	563.4	298
168418at7041	Complete	OU426877.1	40946535	40952180	+	1370.2	804
168424at7041	Complete	OU426877.1	85338908	85339888	+	405.4	264
168426at7041	Complete	OU426882.1	19718254	19717899	-	141.7	91
168433at7041	Complete	OU426877.1	126468801	126467172	-	659.0	434
168456at7041	Complete	OU426882.1	22071655	22072840	+	539.7	308
168457at7041	Complete	OU426881.1	9250624	9248523	-	848.5	539
168458at7041	Complete	OU426877.1	127981276	127986075	+	1627.7	1081
168460at7041	Complete	OU426878.1	9551955	9553485	+	374.4	266
168462at7041	Complete	OU426877.1	136233606	136230651	-	911.3	622
168464at7041	Complete	OU426879.1	43414737	43412267	-	1244.2	744
168465at7041	Complete	OU426879.1	52707172	52708712	+	712.7	420
168466at7041	Complete	OU426879.1	40706204	40707200	+	520.9	296
168468at7041	Complete	OU426882.1	11846528	11852659	+	219.0	334
168477at7041	Complete	OU426877.1	66286284	66288305	+	790.6	445
168487at7041	Complete	OU426881.1	20751079	20719107	-	3455.9	1767
168493at7041	Complete	OU426877.1	127999980	128004916	+	1169.1	680
168501at7041	Complete	OU426877.1	18417743	18421210	+	1431.3	845
168502at7041	Complete	OU426877.1	20231287	20232515	+	633.7	386
168503at7041	Complete	OU426877.1	40185833	40184578	-	476.2	330
168504at7041	Complete	OU426878.1	3591956	3584324	-	1683.1	895
168507at7041	Complete	OU426879.1	21525965	21525135	-	371.7	217
168523at7041	Complete	OU426877.1	102810436	102808208	-	712.0	434
168525at7041	Complete	OU426880.1	48100759	48098717	-	626.1	415
168527at7041	Complete	OU426878.1	17409869	17416516	+	915.8	502
168529at7041	Complete	OU426882.1	18230945	18234634	+	981.7	703
168533at7041	Complete	OU426880.1	13619304	13614014	-	650.5	431
168543at7041	Complete	OU426877.1	34327843	34326167	-	649.7	441
168547at7041	Complete	OU426877.1	32581668	32576751	-	1214.6	803
168584at7041	Complete	OU426881.1	22791049	22799819	+	131.9	115
168592at7041	Complete	OU426877.1	136188935	136185029	-	551.6	316
168599at7041	Complete	OU426877.1	128024211	128025089	+	433.0	269
168605at7041	Complete	OU426879.1	54272765	54268354	-	1045.2	793
168612at7041	Complete	OU426877.1	18501315	18509544	+	189.6	135
168614at7041	Complete	OU426878.1	12055856	12053995	-	693.2	385
168626at7041	Complete	OU426880.1	49915496	49917870	+	756.3	480
168628at7041	Complete	OU426883.1	21680699	21681688	+	382.0	258
168630at7041	Complete	OU426877.1	131406120	131404938	-	382.0	266
168631at7041	Complete	OU426879.1	18294757	18309458	+	841.9	428
168632at7041	Complete	OU426881.1	43992734	43992071	-	213.9	161
168635at7041	Complete	OU426877.1	55121680	55144161	+	933.8	608
168654at7041	Complete	OU426881.1	370612	366688	-	1649.0	841
168661at7041	Complete	OU426879.1	18662713	18689932	+	582.0	291
168663at7041	Complete	OU426877.1	33451952	33453191	+	314.5	260
168668at7041	Complete	OU426877.1	48693517	48673988	-	169.3	215
168672at7041	Complete	OU426878.1	2897695	2900953	+	744.5	660
168673at7041	Complete	OU426877.1	93314530	93320655	+	509.8	310
168676at7041	Complete	OU426878.1	7024355	7026682	+	281.7	156
168678at7041	Complete	OU426879.1	12854781	12855683	+	418.0	204
168679at7041	Complete	OU426880.1	26434944	26423156	-	454.1	224
168688at7041	Complete	OU426881.1	19836579	19834205	-	235.3	147
168691at7041	Complete	OU426877.1	105215890	105224815	+	489.4	489
168692at7041	Complete	OU426881.1	3053510	3054612	+	375.7	232
168726at7041	Complete	OU426877.1	38434659	38430756	-	689.2	544
168738at7041	Complete	OU426883.1	622318	623187	+	542.5	254
168740at7041	Complete	OU426882.1	18235003	18240262	+	591.3	327
168743at7041	Complete	OU426879.1	44060992	44062665	+	646.1	507
168749at7041	Complete	OU426880.1	998574	999714	+	468.5	331
168752at7041	Complete	OU426877.1	37089220	37090270	+	524.8	311
168753at7041	Complete	OU426877.1	42017101	41923943	-	806.8	398
168756at7041	Complete	OU426882.1	13564603	13478973	-	1124.8	437
168770at7041	Complete	OU426882.1	43637125	43650264	+	1772.7	1050
168776at7041	Complete	OU426881.1	45234174	45235622	+	807.0	444
168778at7041	Complete	OU426879.1	9043287	9049120	+	904.1	603
168779at7041	Complete	OU426879.1	1989936	1996091	+	500.0	292
168783at7041	Complete	OU426877.1	30360713	30359961	-	291.7	207
168791at7041	Complete	OU426881.1	44170924	44169092	-	704.0	560
168797at7041	Complete	OU426883.1	2156667	2147403	-	768.5	503
168801at7041	Complete	OU426881.1	31337274	31280687	-	540.4	441
168814at7041	Complete	OU426877.1	144188684	144195528	+	3016.8	1700
168816at7041	Complete	OU426878.1	1522785	1532254	+	455.9	241
168817at7041	Complete	OU426880.1	50699174	50689450	-	654.0	394
168819at7041	Complete	OU426877.1	985501	986387	+	355.2	236
168838at7041	Complete	OU426881.1	31164547	31160427	-	1654.4	955
168844at7041	Complete	OU426878.1	68651726	68638562	-	220.4	159
168849at7041	Complete	OU426877.1	48910127	48913391	+	1063.6	595
168853at7041	Complete	OU426881.1	10300222	10301805	+	363.2	275
168857at7041	Complete	OU426877.1	109353337	109350218	-	906.8	591
168859at7041	Complete	OU426880.1	50282573	50283586	+	262.1	179
168862at7041	Complete	OU426877.1	62184451	62193460	+	205.1	175
168867at7041	Complete	OU426878.1	9545053	9540139	-	789.3	511
168873at7041	Complete	OU426882.1	39435768	39433383	-	1054.4	635
168874at7041	Complete	OU426877.1	112961014	112959855	-	230.8	122
168878at7041	Complete	OU426882.1	34071088	34075445	+	1606.4	1005
168879at7041	Complete	OU426881.1	1032026	1025830	-	1510.0	947
168883at7041	Complete	OU426877.1	105194136	105205962	+	809.8	397
168889at7041	Complete	OU426883.1	1797770	1795845	-	346.4	383
168893at7041	Complete	OU426883.1	24572290	24573033	+	369.6	178
168899at7041	Complete	OU426877.1	89049198	89049872	+	355.4	217
168900at7041	Complete	OU426877.1	40725878	40715433	-	1226.0	600
168904at7041	Complete	OU426882.1	553569	552833	-	320.8	155
168909at7041	Complete	OU426879.1	9872285	9882374	+	1180.6	652
168920at7041	Complete	OU426879.1	6231957	6233923	+	611.5	393
168923at7041	Complete	OU426879.1	14726678	14800127	+	293.9	195
168926at7041	Complete	OU426877.1	124032781	124043646	+	839.1	442
168932at7041	Complete	OU426883.1	26019880	26015374	-	1192.0	815
168935at7041	Duplicated	OU426878.1	68635338	68638109	+	1025.2	637
168935at7041	Duplicated	OU426878.1	57623900	57626667	+	923.2	612
168936at7041	Complete	OU426877.1	988798	992239	+	766.6	345
168941at7041	Complete	OU426882.1	43342255	43340669	-	553.0	323
168959at7041	Complete	OU426877.1	60841640	60843747	+	627.0	363
168962at7041	Complete	OU426877.1	42199876	42205387	+	395.1	265
168963at7041	Complete	OU426881.1	43584218	43589025	+	667.9	458
168978at7041	Complete	OU426878.1	4264967	4258669	-	1351.2	805
168993at7041	Fragmented	OU426877.1	43002941	43002088	-	225.9	142
169000at7041	Complete	OU426877.1	132124904	132126476	+	689.5	408
169004at7041	Fragmented	OU426879.1	52023749	52033650	+	368.9	367
169008at7041	Complete	OU426877.1	115322759	115324498	+	416.0	408
169010at7041	Complete	OU426881.1	21936164	21940686	+	1623.8	932
169013at7041	Complete	OU426883.1	3500673	3512399	+	1046.1	524
169014at7041	Complete	OU426880.1	48657882	48652992	-	972.7	602
169025at7041	Complete	OU426881.1	36023912	36026621	+	368.7	221
169027at7041	Complete	OU426879.1	17931169	17930146	-	382.2	250
169030at7041	Complete	OU426879.1	36309854	36311697	+	842.6	557
169034at7041	Complete	OU426879.1	53657284	53652684	-	830.3	541
169035at7041	Complete	OU426877.1	42999558	42998714	-	203.3	151
169036at7041	Complete	OU426879.1	28058436	28059902	+	511.0	325
169051at7041	Complete	OU426877.1	93542189	93543022	+	425.3	254
169058at7041	Complete	OU426877.1	49480553	49525926	+	462.2	225
169062at7041	Complete	OU426877.1	26591180	26595986	+	1913.9	1000
169083at7041	Complete	OU426877.1	2706479	2702470	-	541.4	276
169095at7041	Complete	OU426881.1	31273018	31277095	+	348.7	189
169105at7041	Complete	OU426877.1	39157535	39159076	+	577.5	341
169106at7041	Complete	OU426882.1	4184520	4187065	+	340.9	244
169108at7041	Complete	OU426877.1	52813018	52798582	-	720.8	394
169114at7041	Complete	OU426881.1	5121879	5118863	-	1111.2	595
169120at7041	Complete	OU426877.1	134661257	134662369	+	490.3	280
169121at7041	Complete	OU426881.1	9071956	9070049	-	898.6	538
169133at7041	Complete	OU426877.1	113598730	113448794	-	1829.8	1151
169147at7041	Complete	OU426877.1	93992208	93990868	-	539.8	371
169162at7041	Complete	OU426877.1	62365476	62373217	+	419.2	291
169164at7041	Complete	OU426877.1	49642823	49644609	+	823.5	484
169166at7041	Complete	OU426879.1	8569153	8564071	-	265.6	201
169168at7041	Complete	OU426878.1	69170197	69154697	-	1565.7	928
169174at7041	Complete	OU426881.1	4966298	4962240	-	544.7	366
169175at7041	Complete	OU426882.1	37598294	37670428	+	474.7	254
169176at7041	Complete	OU426883.1	24360333	24367886	+	1854.7	1030
169177at7041	Complete	OU426881.1	21035505	21034914	-	210.4	145
169179at7041	Complete	OU426877.1	46918510	46920251	+	693.9	335
169181at7041	Complete	OU426882.1	13325968	13323410	-	868.6	611
169184at7041	Complete	OU426878.1	255372	265229	+	1522.9	873
169186at7041	Complete	OU426879.1	44022277	44021489	-	220.4	187
169189at7041	Complete	OU426882.1	38585013	38508960	-	654.9	353
169198at7041	Complete	OU426883.1	5181680	5168677	-	658.8	513
169212at7041	Complete	OU426881.1	44559353	44563232	+	510.4	314
169222at7041	Complete	OU426879.1	41610102	41610987	+	396.7	203
169237at7041	Complete	OU426879.1	7964975	7966798	+	791.4	373
169244at7041	Complete	OU426881.1	40558537	40559631	+	399.6	256
169253at7041	Complete	OU426877.1	118342796	118338307	-	851.7	525
169263at7041	Complete	OU426878.1	55528479	55548782	+	1419.6	1038
169275at7041	Complete	OU426877.1	101585347	101592558	+	1047.9	601
169287at7041	Complete	OU426881.1	21915037	21914287	-	295.2	178
169295at7041	Complete	OU426879.1	23179540	23191118	+	956.8	626
169296at7041	Complete	OU426877.1	122153446	122151497	-	723.2	479
169307at7041	Complete	OU426880.1	612197	646618	+	610.0	326
169312at7041	Complete	OU426881.1	39843913	39842017	-	918.0	523
169317at7041	Complete	OU426878.1	59656280	59645700	-	1179.1	717
169319at7041	Complete	OU426881.1	10463768	10465866	+	1158.5	640
169340at7041	Complete	OU426877.1	86072919	86084805	+	296.3	284
169347at7041	Complete	OU426879.1	50983893	50968673	-	596.1	418
169351at7041	Complete	OU426878.1	60630730	60627973	-	767.8	552
169353at7041	Complete	OU426881.1	46751516	46685870	-	1232.2	660
169354at7041	Complete	OU426877.1	132428666	132429167	+	252.3	134
169358at7041	Complete	OU426882.1	2782569	2784346	+	413.1	233
169366at7041	Complete	OU426881.1	20652599	20654271	+	601.8	371
169374at7041	Complete	OU426877.1	18334461	18329667	-	883.5	610
169398at7041	Complete	OU426883.1	4367158	4353045	-	861.8	470
169399at7041	Complete	OU426877.1	22365507	22371570	+	817.8	540
169408at7041	Complete	OU426877.1	105695235	105696810	+	561.6	358
169420at7041	Complete	OU426882.1	8885283	8886677	+	570.1	293
169423at7041	Complete	OU426883.1	14666182	14651917	-	1156.6	1405
169425at7041	Complete	OU426881.1	3123684	3129351	+	424.9	370
169432at7041	Complete	OU426877.1	117433447	117434475	+	353.3	217
169441at7041	Complete	OU426881.1	22919356	22922480	+	274.2	187
169461at7041	Complete	OU426881.1	11075908	11076897	+	325.6	255
169477at7041	Complete	OU426877.1	102864233	102865329	+	215.6	218
169482at7041	Complete	OU426883.1	25887033	25892991	+	720.2	393
169485at7041	Complete	OU426877.1	104951601	104956241	+	111.9	88
169488at7041	Complete	OU426878.1	5030327	5029008	-	697.8	437
169494at7041	Complete	OU426881.1	7457213	7456272	-	429.3	275
169495at7041	Complete	OU426881.1	46664664	46663304	-	316.3	234
169503at7041	Complete	OU426877.1	23237649	23279816	+	2859.6	1648
169504at7041	Complete	OU426879.1	7031076	7029351	-	575.3	314
169523at7041	Complete	OU426877.1	1647789	1652360	+	887.8	519
169524at7041	Complete	OU426879.1	35380488	35381593	+	321.7	280
169547at7041	Complete	OU426883.1	22135946	22141408	+	655.7	371
169550at7041	Complete	OU426882.1	20030109	20021031	-	650.9	376
169568at7041	Complete	OU426882.1	5538970	5543983	+	1254.2	789
169569at7041	Complete	OU426878.1	13426921	13431257	+	1830.3	1101
169579at7041	Complete	OU426877.1	82113402	82114141	+	375.7	210
169607at7041	Complete	OU426877.1	36471969	36466965	-	1241.1	768
169628at7041	Complete	OU426882.1	5458903	5440600	-	771.2	584
169629at7041	Complete	OU426877.1	111724654	111725955	+	594.0	351
169639at7041	Complete	OU426878.1	3328000	3327260	-	144.2	157
169644at7041	Complete	OU426878.1	781258	779521	-	178.7	119
169648at7041	Complete	OU426882.1	9724971	9801439	+	1676.7	1110
169651at7041	Complete	OU426881.1	41316875	41320741	+	1162.2	743
169662at7041	Complete	OU426881.1	41721042	41795700	+	428.0	262
169668at7041	Complete	OU426877.1	42336504	42338929	+	1005.7	611
169677at7041	Complete	OU426881.1	40107488	40111686	+	1081.1	614
169678at7041	Complete	OU426882.1	44444754	44450984	+	623.6	497
169679at7041	Complete	OU426878.1	6858376	6857680	-	94.1	105
169680at7041	Complete	OU426879.1	53330914	53328368	-	1119.0	715
169690at7041	Complete	OU426877.1	88361394	88359584	-	542.8	325
169692at7041	Complete	OU426880.1	43331202	43273209	-	520.4	269
169698at7041	Complete	OU426883.1	7006792	7012122	+	1115.2	831
169701at7041	Complete	OU426880.1	46495238	46493798	-	317.4	170
169706at7041	Complete	OU426877.1	99779731	99786516	+	897.6	577
169710at7041	Complete	OU426877.1	126230116	126225044	-	583.4	327
169716at7041	Complete	OU426881.1	40913127	40912566	-	195.1	100
169718at7041	Complete	OU426881.1	5639077	5638376	-	165.7	175
169722at7041	Complete	OU426877.1	119254390	119256684	+	570.4	365
169725at7041	Complete	OU426881.1	45803789	45800880	-	510.1	326
169726at7041	Complete	OU426877.1	77592306	77597518	+	849.0	546
169732at7041	Complete	OU426877.1	118534584	118535746	+	432.6	246
169747at7041	Complete	OU426881.1	5639495	5643366	+	989.9	591
169758at7041	Complete	OU426877.1	45510565	45512781	+	810.8	443
169764at7041	Complete	OU426882.1	2227763	2231493	+	911.8	484
169768at7041	Complete	OU426879.1	44724486	44726955	+	557.0	363
169773at7041	Complete	OU426879.1	14244974	14237704	-	418.8	206
169776at7041	Complete	OU426881.1	33024914	33014542	-	1540.0	853
169782at7041	Complete	OU426879.1	14577665	14567968	-	1849.5	1250
169788at7041	Complete	OU426879.1	26790285	26778648	-	620.0	464
169789at7041	Complete	OU426882.1	22770921	22772135	+	427.6	324
169790at7041	Complete	OU426881.1	7498825	7500196	+	548.9	316
169793at7041	Complete	OU426882.1	33642299	33637602	-	673.1	373
169794at7041	Complete	OU426877.1	120959679	120968579	+	554.2	384
169803at7041	Complete	OU426879.1	44185367	44180715	-	451.5	289
169809at7041	Complete	OU426882.1	5830322	5831276	+	316.9	210
169813at7041	Complete	OU426881.1	1032895	1033754	+	290.0	204
169818at7041	Duplicated	OU426878.1	13320287	13319358	-	437.9	269
169818at7041	Duplicated	OU426878.1	54345769	54344805	-	466.9	261
169824at7041	Complete	OU426881.1	3805254	3800553	-	418.7	249
169840at7041	Complete	OU426879.1	7156165	7154379	-	454.8	327
169860at7041	Complete	OU426878.1	70008328	70009498	+	221.1	156
169865at7041	Complete	OU426879.1	15914374	15912483	-	640.2	368
169876at7041	Complete	OU426877.1	251430	253796	+	1241.5	720
169890at7041	Complete	OU426877.1	103441263	103437391	-	953.3	597
169892at7041	Complete	OU426877.1	96831302	96839431	+	748.1	413
169895at7041	Complete	OU426881.1	14083620	14086138	+	630.2	386
169899at7041	Complete	OU426882.1	43996190	44012739	+	585.3	338
169905at7041	Complete	OU426879.1	3383370	3384218	+	357.8	232
169920at7041	Complete	OU426881.1	43047471	43046128	-	657.9	335
169921at7041	Complete	OU426877.1	102851293	102844846	-	1099.3	771
169926at7041	Complete	OU426877.1	95650453	95640678	-	611.6	470
169932at7041	Complete	OU426877.1	128005792	128005367	-	160.9	128
169933at7041	Complete	OU426877.1	44719399	44720273	+	281.9	162
169935at7041	Complete	OU426880.1	47987000	47985365	-	651.3	424
169936at7041	Complete	OU426881.1	20712682	20715217	+	327.0	256
169942at7041	Complete	OU426881.1	3240021	3243792	+	1332.1	923
169954at7041	Complete	OU426877.1	95383884	95376831	-	868.3	541
169959at7041	Complete	OU426879.1	47082199	47081369	-	356.8	216
169972at7041	Complete	OU426879.1	2462958	2461002	-	415.7	254
169983at7041	Complete	OU426877.1	110851973	110862517	+	343.2	229
169992at7041	Complete	OU426877.1	62892549	62895905	+	104.7	81
170000at7041	Complete	OU426882.1	5845020	5847826	+	322.2	191
170006at7041	Complete	OU426877.1	31107341	31108287	+	303.8	211
170008at7041	Complete	OU426877.1	2713512	2711704	-	365.8	240
170013at7041	Complete	OU426881.1	9080628	9081412	+	294.8	190
170026at7041	Complete	OU426880.1	50108936	50110243	+	250.1	274
170027at7041	Complete	OU426879.1	3827804	3830560	+	1297.8	612
170036at7041	Complete	OU426877.1	19372810	19368695	-	430.2	301
170038at7041	Complete	OU426877.1	112080215	112085617	+	1252.4	720
170046at7041	Complete	OU426880.1	177894	301730	+	1051.9	674
170050at7041	Complete	OU426880.1	41546823	41545492	-	259.4	152
170061at7041	Complete	OU426877.1	119004611	119003952	-	180.2	169
170073at7041	Complete	OU426877.1	18453532	18455853	+	741.9	490
170074at7041	Complete	OU426877.1	52185641	52107333	-	779.3	450
170076at7041	Complete	OU426879.1	24048401	24049333	+	479.2	288
170085at7041	Complete	OU426877.1	107379318	107383898	+	1088.1	774
170092at7041	Complete	OU426877.1	114933868	114938182	+	325.5	249
170104at7041	Complete	OU426883.1	6392104	6297890	-	399.0	191
170116at7041	Complete	OU426878.1	47438834	47414237	-	1470.3	956
170129at7041	Complete	OU426879.1	3900334	3898446	-	453.0	299
170133at7041	Complete	OU426882.1	41323894	41322857	-	285.7	212
170136at7041	Complete	OU426880.1	8772446	8781344	+	491.9	373
170142at7041	Complete	OU426882.1	38045441	38042719	-	543.2	584
170151at7041	Complete	OU426881.1	9204247	9208648	+	1447.5	1053
170155at7041	Complete	OU426880.1	50427507	50388961	-	916.9	610
170165at7041	Complete	OU426877.1	87791802	87802550	+	477.3	324
170166at7041	Complete	OU426879.1	46858049	46856990	-	360.4	240
170191at7041	Complete	OU426881.1	32973447	32977709	+	543.9	403
170197at7041	Complete	OU426879.1	12171523	12172980	+	445.2	341
170218at7041	Complete	OU426877.1	35669809	35624266	-	355.4	316
170222at7041	Complete	OU426877.1	121094137	121073508	-	2225.6	1485
170223at7041	Complete	OU426879.1	51066203	51064939	-	418.5	216
170229at7041	Complete	OU426879.1	46405082	46403277	-	380.6	292
170248at7041	Complete	OU426879.1	52583561	52575437	-	187.6	118
170254at7041	Complete	OU426879.1	50862076	50870520	+	912.9	514
170255at7041	Complete	OU426877.1	83683302	83678809	-	1441.7	1094
170257at7041	Complete	OU426878.1	47445543	47443978	-	445.9	376
170258at7041	Complete	OU426882.1	2792960	2785439	-	1044.6	823
170260at7041	Complete	OU426877.1	38483828	38482292	-	449.8	329
170268at7041	Complete	OU426881.1	7582686	7577252	-	1004.7	432
170274at7041	Complete	OU426883.1	3605025	3659270	+	366.7	178
170282at7041	Complete	OU426879.1	14110372	14154286	+	964.5	610
170288at7041	Complete	OU426881.1	5501897	5495385	-	364.7	219
170290at7041	Fragmented	OU426878.1	66906057	66905305	-	255.6	199
170292at7041	Complete	OU426880.1	43232717	43239545	+	595.9	381
170299at7041	Complete	OU426881.1	2569177	2573903	+	283.0	212
170315at7041	Complete	OU426880.1	48981027	48985406	+	1128.3	850
170330at7041	Complete	OU426877.1	60314567	60312080	-	1038.4	622
170337at7041	Complete	OU426880.1	50548461	50545201	-	775.9	578
170338at7041	Complete	OU426881.1	42346174	42330025	-	445.9	319
170340at7041	Complete	OU426881.1	2952017	2951241	-	265.3	220
170353at7041	Complete	OU426881.1	45788511	45791779	+	523.3	396
170357at7041	Complete	OU426881.1	46681625	46675862	-	783.8	534
170358at7041	Complete	OU426877.1	55292132	55280263	-	770.2	732
170361at7041	Complete	OU426880.1	47652369	47652866	+	255.4	150
170366at7041	Complete	OU426878.1	50442716	50439930	-	309.2	308
170368at7041	Complete	OU426881.1	39854903	39860122	+	491.8	440
170380at7041	Complete	OU426878.1	2780781	2782561	+	296.4	171
170383at7041	Complete	OU426881.1	34611642	34610098	-	723.4	497
170388at7041	Complete	OU426877.1	96738201	96732743	-	765.9	659
170391at7041	Complete	OU426878.1	2883871	2877614	-	789.0	671
170395at7041	Complete	OU426877.1	34359115	34351799	-	238.8	382
170396at7041	Complete	OU426877.1	45705347	45704784	-	314.2	161
170406at7041	Complete	OU426877.1	27217126	27218496	+	400.1	288
170427at7041	Complete	OU426881.1	19378595	19370007	-	275.9	190
170444at7041	Complete	OU426881.1	35787295	35780373	-	533.4	393
170453at7041	Complete	OU426881.1	2910490	2911335	+	307.1	178
170457at7041	Complete	OU426877.1	118520782	118514329	-	586.8	378
170466at7041	Complete	OU426881.1	40078890	40081982	+	344.4	253
170468at7041	Complete	OU426877.1	120378994	120381248	+	272.1	213
170507at7041	Complete	OU426882.1	603860	602594	-	373.8	312
170524at7041	Complete	OU426877.1	109874247	109883187	+	363.1	206
170525at7041	Complete	OU426882.1	14769253	14768673	-	164.7	110
170536at7041	Complete	OU426878.1	16963110	16961604	-	344.1	326
170543at7041	Complete	OU426878.1	56372357	56369805	-	312.5	234
170546at7041	Complete	OU426877.1	116757338	116772025	+	191.1	148
170577at7041	Complete	OU426879.1	39947314	39978380	+	1197.8	720
170582at7041	Complete	OU426883.1	12321939	12319536	-	341.8	279
170585at7041	Complete	OU426879.1	15883594	15893814	+	816.5	725
170597at7041	Complete	OU426879.1	23341516	23353413	+	507.1	532
170598at7041	Complete	OU426880.1	48995969	49007757	+	596.6	333
170608at7041	Complete	OU426877.1	22358526	22360217	+	689.5	420
170609at7041	Complete	OU426883.1	14897408	14909676	+	915.7	415
170632at7041	Complete	OU426877.1	111735724	111739851	+	1426.1	792
170635at7041	Complete	OU426877.1	120620860	120622524	+	586.8	340
170644at7041	Complete	OU426877.1	29745371	29802681	+	1176.0	884
170647at7041	Complete	OU426878.1	52959664	52958497	-	251.0	170
170664at7041	Complete	OU426877.1	53348640	53344927	-	410.3	303
170673at7041	Complete	OU426879.1	50958241	50956962	-	315.0	278
170676at7041	Complete	OU426878.1	11591226	11486146	-	301.1	516
170679at7041	Complete	OU426877.1	21001348	21004306	+	501.0	322
170680at7041	Complete	OU426880.1	50765362	50756342	-	783.7	736
170681at7041	Complete	OU426877.1	47478763	47485371	+	1489.1	1243
170685at7041	Complete	OU426877.1	80749370	80750286	+	281.3	226
170686at7041	Complete	OU426882.1	4209083	4217669	+	1146.9	719
170690at7041	Complete	OU426879.1	35718662	35728593	+	880.6	582
170693at7041	Complete	OU426877.1	105174407	105192837	+	981.6	691
170704at7041	Complete	OU426877.1	54993614	55018060	+	632.8	377
170710at7041	Complete	OU426882.1	38042395	38041567	-	278.2	188
170712at7041	Complete	OU426880.1	46930027	46931797	+	560.0	374
170722at7041	Complete	OU426877.1	31103954	31105411	+	290.2	168
170733at7041	Complete	OU426877.1	143474543	143477299	+	412.6	366
170748at7041	Complete	OU426879.1	1960328	1960954	+	327.5	204
170757at7041	Complete	OU426877.1	127546407	127542992	-	660.3	628
170760at7041	Complete	OU426877.1	47540202	47542180	+	406.2	252
170790at7041	Complete	OU426877.1	81278315	81192931	-	507.0	272
170794at7041	Complete	OU426880.1	45207324	45203956	-	510.0	561
170795at7041	Complete	OU426881.1	743383	741577	-	205.0	186
170816at7041	Complete	OU426877.1	99951614	99941637	-	511.7	297
170824at7041	Complete	OU426881.1	40301838	40307225	+	600.8	412
170826at7041	Complete	OU426882.1	12490578	12501276	+	1252.6	795
170830at7041	Complete	OU426878.1	13476560	13472627	-	1503.1	1117
170834at7041	Complete	OU426877.1	46470154	46484263	+	739.0	543
170838at7041	Complete	OU426881.1	44068757	44061079	-	588.7	438
170841at7041	Complete	OU426882.1	12546638	12545744	-	229.3	224
170854at7041	Complete	OU426883.1	8172539	8159110	-	751.2	570
170869at7041	Complete	OU426879.1	9953924	9953061	-	250.4	205
170885at7041	Complete	OU426879.1	9336899	9335307	-	506.7	391
170909at7041	Complete	OU426883.1	1865645	1868899	+	789.5	578
170929at7041	Complete	OU426879.1	7135670	7139141	+	664.5	682
170930at7041	Complete	OU426882.1	42897761	42894002	-	160.1	87
170949at7041	Complete	OU426877.1	91234515	91233286	-	677.9	383
170959at7041	Complete	OU426882.1	16737831	16743880	+	224.3	145
170978at7041	Complete	OU426881.1	9835771	9834207	-	332.2	251
171004at7041	Complete	OU426882.1	10278813	10329079	+	710.5	436
171010at7041	Complete	OU426879.1	7150399	7146277	-	1309.7	1043
171017at7041	Complete	OU426879.1	57360614	57355394	-	1970.5	1312
171023at7041	Complete	OU426883.1	6853897	6850835	-	958.9	946
171025at7041	Complete	OU426880.1	48749296	48751159	+	191.8	129
171050at7041	Complete	OU426877.1	130790648	130788346	-	561.4	359
171051at7041	Complete	OU426877.1	127380612	127383571	+	139.5	151
171067at7041	Complete	OU426882.1	9417679	9409686	-	256.2	171
171071at7041	Complete	OU426879.1	1861977	1858681	-	461.6	398
171084at7041	Complete	OU426879.1	8763443	8767067	+	134.3	80
171088at7041	Complete	OU426881.1	5302816	5347028	+	1317.3	954
171093at7041	Complete	OU426877.1	40219715	40221040	+	313.6	367
171102at7041	Complete	OU426879.1	3357645	3356754	-	382.8	258
171128at7041	Complete	OU426879.1	13237959	13269632	+	236.9	165
171131at7041	Complete	OU426881.1	46150943	46149885	-	426.5	303
171144at7041	Complete	OU426877.1	84153568	84168976	+	397.9	424
171172at7041	Complete	OU426877.1	23340838	23339979	-	203.2	151
171187at7041	Complete	OU426877.1	44472883	44470325	-	415.2	235
171192at7041	Complete	OU426877.1	2972405	2960494	-	559.8	476
