# BUSCO version is: 5.8.2 		
# The lineage dataset is: coleoptera_odb12 (Creation date: 2025-04-11, number of genomes: 64, number of BUSCOs: 3729)		
# Busco id	Status	Sequence	Gene Start	Gene End	Strand	Score	Length
48at7041	Complete	OY294031.1	1101802	1102507	+	285.5	126
110at7041	Complete	OY294029.1	121767	120618	-	418.4	200
157at7041	Complete	OY294028.1	70408463	70405245	-	435.7	230
165at7041	Complete	OY294028.1	5813750	5814880	+	802.0	356
180at7041	Complete	OY294031.1	30761870	30763565	+	704.6	313
199at7041	Complete	OY294028.1	92216695	92215763	-	550.0	242
306at7041	Complete	OY294028.1	92264697	92263910	-	485.1	217
425at7041	Complete	OY294031.1	1086778	1087192	+	211.9	101
447at7041	Complete	OY294031.1	23102783	23097519	-	615.9	257
495at7041	Complete	OY294034.1	30654119	30651911	-	1102.4	586
517at7041	Complete	OY294030.1	8058054	7998939	-	777.7	366
583at7041	Complete	OY294030.1	41927740	41942850	+	466.1	225
631at7041	Complete	OY294028.1	6511237	6511848	+	333.2	171
648at7041	Complete	OY294028.1	38528967	38529338	+	194.3	86
676at7041	Complete	OY294030.1	3237475	3237924	+	322.7	145
754at7041	Complete	OY294029.1	4253932	4255275	+	806.6	381
757at7041	Complete	OY294029.1	477658	478450	+	232.4	136
793at7041	Complete	OY294030.1	45331775	45330830	-	501.7	261
849at7041	Complete	OY294030.1	45999453	45998741	-	369.2	180
860at7041	Complete	OY294028.1	55417266	55415356	-	930.0	412
862at7041	Complete	OY294028.1	74557015	74556074	-	738.3	314
898at7041	Complete	OY294031.1	15133329	15124432	-	664.5	320
981at7041	Complete	OY294028.1	77924833	77927551	+	1200.1	521
1086at7041	Complete	OY294033.1	20585334	20583828	-	346.8	176
1095at7041	Complete	OY294029.1	8405427	8404671	-	282.9	194
1119at7041	Complete	OY294028.1	1373144	1374154	+	671.1	297
1235at7041	Complete	OY294028.1	15491289	15487582	-	799.8	420
1246at7041	Complete	OY294030.1	39946980	39947912	+	629.5	308
1358at7041	Complete	OY294028.1	11666848	11665910	-	635.8	302
1422at7041	Complete	OY294028.1	74238968	74236647	-	392.4	204
1472at7041	Complete	OY294032.1	29759725	29759022	-	490.7	213
1605at7041	Complete	OY294031.1	8726024	8727471	+	992.9	428
1728at7041	Complete	OY294028.1	77949131	77953782	+	1210.2	534
1777at7041	Complete	OY294031.1	33237483	33232607	-	389.7	214
1789at7041	Complete	OY294028.1	63163895	63163002	-	344.7	163
1840at7041	Complete	OY294031.1	7499763	7505409	+	437.1	202
1906at7041	Complete	OY294031.1	13162593	13161682	-	670.7	302
1923at7041	Complete	OY294032.1	30444810	30445215	+	138.1	105
1929at7041	Complete	OY294028.1	92723466	92724665	+	807.6	348
1948at7041	Complete	OY294028.1	6524296	6525501	+	653.5	329
1957at7041	Complete	OY294029.1	10172891	10168832	-	781.7	379
1983at7041	Complete	OY294028.1	9347915	9348480	+	350.0	159
1986at7041	Complete	OY294028.1	24678351	24672780	-	904.0	441
2034at7041	Complete	OY294033.1	6668812	6669279	+	264.9	137
2084at7041	Complete	OY294028.1	9408286	9406929	-	253.3	113
2099at7041	Complete	OY294032.1	13391841	13395958	+	434.1	186
2104at7041	Complete	OY294030.1	3793108	3794535	+	542.0	337
2131at7041	Complete	OY294028.1	14598921	14599787	+	595.8	283
2207at7041	Complete	OY294028.1	25100266	25097714	-	214.9	130
2233at7041	Complete	OY294033.1	20884721	20885679	+	479.3	272
2260at7041	Complete	OY294033.1	30638180	30637666	-	204.3	143
2281at7041	Complete	OY294033.1	21683775	21690868	+	1298.9	676
2499at7041	Complete	OY294028.1	88311597	88317046	+	429.4	191
2574at7041	Complete	OY294032.1	27304731	27304369	-	267.3	121
2603at7041	Complete	OY294028.1	88459903	88459307	-	375.0	175
2696at7041	Complete	OY294028.1	23372771	23369624	-	623.4	291
2710at7041	Complete	OY294034.1	31725106	31730997	+	252.8	172
2764at7041	Complete	OY294028.1	87232615	87230883	-	974.2	530
2893at7041	Complete	OY294032.1	6413666	6414856	+	715.7	380
2962at7041	Complete	OY294028.1	21198665	21197835	-	513.5	271
3085at7041	Complete	OY294032.1	24107935	24106406	-	1159.2	507
3092at7041	Complete	OY294028.1	82850568	82852187	+	791.5	434
3247at7041	Complete	OY294028.1	87397266	87392547	-	1684.9	875
3317at7041	Complete	OY294030.1	29021883	29022702	+	243.3	180
3360at7041	Complete	OY294028.1	73207760	73204842	-	487.3	299
3369at7041	Complete	OY294028.1	10323355	10322476	-	421.9	187
3396at7041	Complete	OY294034.1	1158284	1164853	+	2699.0	1594
3439at7041	Complete	OY294031.1	20860770	20860172	-	279.3	153
3448at7041	Complete	OY294028.1	14598377	14597868	-	218.9	155
3540at7041	Complete	OY294034.1	21042379	21042881	+	314.6	147
3587at7041	Complete	OY294030.1	39582775	39583437	+	322.5	158
3590at7041	Complete	OY294028.1	11684205	11682424	-	1333.4	592
3723at7041	Complete	OY294029.1	8613879	8614976	+	655.2	338
3733at7041	Complete	OY294030.1	3563261	3563908	+	357.8	203
3751at7041	Duplicated	OY294032.1	10257444	10258019	+	409.5	192
3751at7041	Duplicated	OY294028.1	7801585	7802328	+	432.1	190
3841at7041	Complete	OY294032.1	2392736	2398269	+	824.3	361
4002at7041	Complete	OY294028.1	5551078	5551702	+	349.6	184
4118at7041	Complete	OY294030.1	9057647	9056936	-	475.9	218
4306at7041	Complete	OY294031.1	5738585	5739895	+	798.4	355
4406at7041	Duplicated	OY294028.1	75260321	75259316	-	538.5	263
4406at7041	Duplicated	OY294030.1	40043039	40043957	+	498.3	258
4511at7041	Complete	OY294031.1	10138721	10137259	-	768.7	401
4574at7041	Complete	OY294031.1	29896600	29889402	-	650.1	315
4621at7041	Complete	OY294031.1	1467843	1469949	+	1112.9	594
4628at7041	Complete	OY294034.1	30447272	30445140	-	699.8	330
4657at7041	Complete	OY294028.1	49367229	49365040	-	1011.0	554
4775at7041	Complete	OY294032.1	378086	369509	-	2040.6	1057
4803at7041	Complete	OY294033.1	6628444	6631667	+	398.8	177
4864at7041	Complete	OY294029.1	6626562	6627787	+	610.3	323
4870at7041	Complete	OY294030.1	45999343	46001204	+	343.4	167
4924at7041	Complete	OY294031.1	20714585	20708206	-	307.9	135
5026at7041	Complete	OY294033.1	31912374	31917348	+	790.8	358
5081at7041	Complete	OY294028.1	89622524	89626076	+	1361.8	577
5143at7041	Complete	OY294032.1	37948774	37944926	-	1908.2	985
5264at7041	Complete	OY294028.1	7392505	7393812	+	854.5	400
5310at7041	Complete	OY294030.1	9035057	9052744	+	1129.5	544
5368at7041	Complete	OY294028.1	14581771	14580952	-	505.8	248
5370at7041	Complete	OY294030.1	13166437	13165958	-	293.2	158
5458at7041	Complete	OY294032.1	1960989	1962449	+	780.3	390
5498at7041	Complete	OY294028.1	18281568	18280228	-	451.5	236
5560at7041	Complete	OY294034.1	27087622	27067843	-	642.9	291
5634at7041	Complete	OY294028.1	10662222	10566846	-	252.2	156
5704at7041	Complete	OY294031.1	4396596	4395746	-	380.2	235
5859at7041	Complete	OY294030.1	10456876	10453396	-	1082.4	516
5860at7041	Complete	OY294031.1	12316864	12319471	+	886.4	449
5897at7041	Complete	OY294033.1	31351573	31353812	+	1281.8	576
5901at7041	Complete	OY294030.1	9137931	9139043	+	837.6	353
5981at7041	Complete	OY294028.1	91376736	91378220	+	910.7	466
5990at7041	Complete	OY294028.1	21880894	21880264	-	326.3	152
6098at7041	Complete	OY294028.1	84612329	84618558	+	802.8	465
6110at7041	Complete	OY294031.1	8101855	8103868	+	1046.2	577
6118at7041	Complete	OY294030.1	5993048	5996410	+	2405.5	1112
6163at7041	Complete	OY294028.1	87817987	87816832	-	649.0	296
6205at7041	Complete	OY294028.1	19455294	19456104	+	394.5	183
6229at7041	Complete	OY294028.1	34986000	34987367	+	337.1	188
6310at7041	Complete	OY294028.1	37993468	37998136	+	532.3	258
6496at7041	Complete	OY294028.1	36387698	36569408	+	1411.1	648
6508at7041	Complete	OY294029.1	3465991	3464095	-	895.1	393
6511at7041	Fragmented	OY294028.1	89008027	89002531	-	331.5	182
6516at7041	Complete	OY294031.1	10172520	10173154	+	356.2	175
6586at7041	Complete	OY294031.1	25347520	25342895	-	371.8	178
6634at7041	Complete	OY294028.1	37728896	37729524	+	223.1	152
6641at7041	Complete	OY294031.1	22777829	22764853	-	1817.0	921
6674at7041	Complete	OY294031.1	17641417	17638979	-	768.4	399
6687at7041	Complete	OY294030.1	9977377	9977784	+	245.0	113
6810at7041	Complete	OY294028.1	44174626	44173746	-	395.7	217
6913at7041	Complete	OY294031.1	15009115	15003843	-	1447.9	798
7014at7041	Duplicated	OY294029.1	51560458	51559532	-	375.2	228
7014at7041	Duplicated	OY294029.1	50658328	50659455	+	369.4	228
7019at7041	Complete	OY294032.1	970258	970959	+	471.9	209
7117at7041	Complete	OY294029.1	51552708	51549951	-	1657.6	757
7188at7041	Complete	OY294028.1	69641624	69638001	-	684.7	297
7190at7041	Complete	OY294031.1	26256804	26253013	-	335.7	149
7294at7041	Complete	OY294029.1	2863958	2864707	+	349.5	188
7467at7041	Complete	OY294028.1	27555515	27551714	-	925.1	433
7483at7041	Complete	OY294032.1	39739116	39739980	+	319.1	162
7532at7041	Complete	OY294031.1	23905673	23906891	+	592.2	345
7605at7041	Complete	OY294030.1	45439624	45450573	+	545.7	248
7698at7041	Complete	OY294031.1	10087770	10089611	+	835.0	501
7762at7041	Complete	OY294032.1	12211461	12206970	-	438.8	240
7778at7041	Complete	OY294028.1	67767998	67766595	-	530.6	242
7815at7041	Complete	OY294032.1	6000914	5999937	-	334.0	257
7823at7041	Complete	OY294030.1	45393933	45396298	+	1045.6	617
7844at7041	Complete	OY294031.1	33647401	33646014	-	794.4	385
7866at7041	Complete	OY294033.1	11726258	11727351	+	437.0	249
7976at7041	Complete	OY294031.1	9898796	9881881	-	969.1	511
8039at7041	Complete	OY294030.1	48068787	48069445	+	335.8	179
8128at7041	Complete	OY294029.1	1256002	1270590	+	728.8	338
8274at7041	Complete	OY294028.1	90393693	90403367	+	1423.4	829
8327at7041	Complete	OY294032.1	39946267	39944555	-	1012.9	538
8445at7041	Complete	OY294033.1	450549	434510	-	2450.0	1447
8514at7041	Complete	OY294033.1	5593360	5594106	+	327.7	177
8547at7041	Complete	OY294028.1	80653309	80648312	-	1291.8	634
8599at7041	Complete	OY294028.1	80107098	80105162	-	730.5	331
8632at7041	Complete	OY294029.1	4969845	4968793	-	562.9	326
8652at7041	Complete	OY294030.1	23408256	23377085	-	700.2	421
8676at7041	Complete	OY294033.1	4315816	4314524	-	813.4	359
8776at7041	Complete	OY294031.1	15842067	15843607	+	350.4	180
8858at7041	Complete	OY294028.1	76081199	76080342	-	176.4	100
8983at7041	Complete	OY294028.1	11464487	11465610	+	540.7	281
8997at7041	Complete	OY294034.1	29334480	29447464	+	3375.0	1513
9010at7041	Complete	OY294030.1	40280568	40257327	-	294.3	143
9011at7041	Complete	OY294031.1	21368302	21355330	-	811.3	379
9013at7041	Complete	OY294030.1	6795870	6843575	+	4335.7	2209
9060at7041	Complete	OY294030.1	15967308	15972705	+	505.1	215
9076at7041	Complete	OY294029.1	1582292	1580395	-	698.2	354
9114at7041	Complete	OY294031.1	32383623	32385440	+	794.2	452
9153at7041	Complete	OY294028.1	43568420	43570315	+	1026.9	521
9160at7041	Complete	OY294028.1	82249575	82249152	-	218.4	123
9221at7041	Complete	OY294028.1	4447098	4442850	-	821.1	420
9303at7041	Complete	OY294030.1	11559395	11556352	-	437.0	212
9519at7041	Complete	OY294028.1	62951859	62950143	-	714.4	472
9549at7041	Complete	OY294033.1	30744521	30743248	-	637.3	345
9562at7041	Complete	OY294031.1	30692193	30686029	-	627.1	291
9574at7041	Complete	OY294032.1	980858	983126	+	1115.6	519
9598at7041	Complete	OY294030.1	43337715	43333251	-	449.2	222
9698at7041	Complete	OY294031.1	34880195	34881490	+	523.1	414
9718at7041	Complete	OY294028.1	24793502	24786298	-	1393.5	704
9739at7041	Complete	OY294031.1	8056770	8055611	-	600.5	318
9809at7041	Complete	OY294030.1	30517807	30498028	-	496.4	223
9860at7041	Complete	OY294028.1	44302187	44289347	-	269.0	129
9981at7041	Complete	OY294031.1	8776673	8784003	+	499.3	230
10053at7041	Complete	OY294034.1	17326132	17317426	-	3163.3	1567
10287at7041	Complete	OY294031.1	36018100	36017165	-	302.5	190
10380at7041	Complete	OY294034.1	21760531	21765981	+	758.2	344
10397at7041	Complete	OY294028.1	80261183	80262441	+	254.0	132
10508at7041	Complete	OY294028.1	26921451	26923463	+	884.0	499
10560at7041	Complete	OY294028.1	22853610	22852821	-	446.6	208
10588at7041	Complete	OY294031.1	15001073	15000399	-	419.7	202
10639at7041	Complete	OY294030.1	40047132	40044213	-	1036.7	600
10662at7041	Complete	OY294028.1	14481101	14478412	-	605.5	406
10698at7041	Complete	OY294031.1	21170722	21199568	+	885.0	423
10805at7041	Complete	OY294028.1	75015331	75016187	+	567.3	257
11065at7041	Complete	OY294032.1	6001125	6002130	+	394.1	224
11114at7041	Complete	OY294032.1	28719003	28717492	-	585.7	310
11117at7041	Complete	OY294028.1	65099979	65100722	+	307.1	222
11245at7041	Complete	OY294030.1	29213404	29200857	-	994.0	474
11249at7041	Complete	OY294031.1	5952620	5953459	+	453.7	265
11275at7041	Complete	OY294034.1	7009260	7012517	+	870.5	601
11507at7041	Complete	OY294028.1	73158786	73148950	-	557.3	306
11537at7041	Complete	OY294028.1	64615891	64621403	+	709.3	417
11580at7041	Complete	OY294028.1	27926152	27926729	+	187.0	83
11765at7041	Complete	OY294029.1	563238	564425	+	621.7	353
11776at7041	Complete	OY294028.1	29105697	29107352	+	640.2	308
11822at7041	Complete	OY294031.1	17585498	17586499	+	357.1	297
11882at7041	Complete	OY294028.1	32669282	32672191	+	2178.6	965
11899at7041	Complete	OY294030.1	15658965	15670619	+	2309.6	1084
11954at7041	Complete	OY294031.1	25051160	25050651	-	371.5	167
12047at7041	Complete	OY294028.1	75550672	75549357	-	309.2	153
12089at7041	Complete	OY294032.1	38674532	38663802	-	153.3	112
12138at7041	Complete	OY294028.1	11385608	11383202	-	503.7	249
12144at7041	Complete	OY294031.1	22843749	22846478	+	322.3	162
12177at7041	Complete	OY294034.1	31765265	31767728	+	341.7	267
12178at7041	Complete	OY294032.1	28994969	28933086	-	530.9	243
12187at7041	Complete	OY294031.1	8353404	8352202	-	324.2	200
12206at7041	Complete	OY294028.1	15010550	15008685	-	706.4	423
12418at7041	Complete	OY294034.1	1904856	1908158	+	1006.4	552
12428at7041	Complete	OY294032.1	31515679	31516776	+	568.9	279
12449at7041	Complete	OY294031.1	32672996	32674346	+	578.1	301
12516at7041	Complete	OY294032.1	2049380	2049631	+	126.8	66
12570at7041	Complete	OY294030.1	15271583	15269529	-	835.2	398
12571at7041	Complete	OY294028.1	72704179	72714810	+	676.0	309
12599at7041	Complete	OY294028.1	7806941	7808267	+	657.7	353
12683at7041	Complete	OY294028.1	45068673	45130128	+	1250.8	562
12725at7041	Complete	OY294032.1	7505442	7504062	-	593.6	377
12749at7041	Complete	OY294030.1	17008816	17009977	+	304.8	154
13014at7041	Complete	OY294028.1	2412145	2414566	+	1313.3	648
13019at7041	Complete	OY294028.1	92638090	92639251	+	504.0	327
13093at7041	Complete	OY294028.1	37814713	37813226	-	376.2	215
13116at7041	Complete	OY294028.1	1714889	1714314	-	313.3	154
13228at7041	Complete	OY294028.1	70793800	70793329	-	185.7	111
13297at7041	Complete	OY294031.1	38425106	38425591	+	262.8	148
13472at7041	Complete	OY294030.1	43263652	43275273	+	1448.7	859
13483at7041	Complete	OY294031.1	14965853	14963173	-	255.5	141
13518at7041	Complete	OY294032.1	4933548	4930349	-	2043.6	928
13540at7041	Duplicated	OY294033.1	25405679	25406269	+	349.3	196
13540at7041	Duplicated	OY294028.1	79190161	79198738	+	396.8	194
13543at7041	Complete	OY294028.1	16054538	16063337	+	288.6	180
13594at7041	Complete	OY294028.1	14601784	14603284	+	465.9	279
13619at7041	Complete	OY294028.1	84687861	84689444	+	845.7	444
13623at7041	Complete	OY294030.1	43447881	43448830	+	280.4	176
13626at7041	Complete	OY294034.1	15302300	15329135	+	843.2	386
13694at7041	Complete	OY294033.1	13144135	13145209	+	505.5	253
13715at7041	Complete	OY294031.1	12364504	12362319	-	501.2	247
13737at7041	Complete	OY294031.1	38140594	38142910	+	914.5	566
13754at7041	Complete	OY294028.1	18578861	18578106	-	453.0	251
13902at7041	Complete	OY294028.1	12347504	12352850	+	873.6	457
14005at7041	Complete	OY294032.1	12137785	12206199	+	1310.7	642
14018at7041	Complete	OY294030.1	11212106	11210166	-	505.3	463
14033at7041	Complete	OY294028.1	16827040	16827654	+	170.4	76
14106at7041	Complete	OY294028.1	8933856	8931186	-	1075.0	602
14113at7041	Complete	OY294028.1	11296898	11297908	+	554.7	270
14128at7041	Complete	OY294033.1	11137169	11132494	-	861.4	560
14129at7041	Complete	OY294029.1	2743302	2742139	-	779.5	386
14213at7041	Complete	OY294029.1	8108774	8112894	+	1131.3	737
14284at7041	Complete	OY294028.1	24494440	24495443	+	505.2	281
14314at7041	Complete	OY294032.1	22713355	22721125	+	2637.8	1143
14330at7041	Complete	OY294030.1	28544370	28547593	+	574.1	344
14349at7041	Complete	OY294031.1	8436185	8427282	-	1347.8	707
14463at7041	Complete	OY294030.1	43123102	43123793	+	396.2	195
14530at7041	Complete	OY294028.1	21148798	21143565	-	1181.6	619
14538at7041	Complete	OY294030.1	31702204	31704510	+	876.1	462
14659at7041	Complete	OY294029.1	44764051	44763011	-	621.2	294
14692at7041	Complete	OY294033.1	419416	417715	-	641.8	398
14718at7041	Complete	OY294031.1	40649933	40594752	-	660.1	311
14787at7041	Complete	OY294028.1	92649785	92661560	+	793.8	404
14801at7041	Complete	OY294028.1	1724643	1722524	-	450.6	288
14813at7041	Complete	OY294033.1	832220	830977	-	501.8	259
14843at7041	Complete	OY294031.1	11207500	11204320	-	627.7	303
14865at7041	Complete	OY294030.1	2542640	2543584	+	259.2	143
14917at7041	Complete	OY294033.1	1270313	1271065	+	431.9	214
14985at7041	Complete	OY294030.1	30905950	30894976	-	884.2	373
15026at7041	Complete	OY294032.1	743078	720640	-	2242.6	998
15046at7041	Complete	OY294028.1	80578809	80575943	-	423.6	211
15153at7041	Complete	OY294033.1	10896358	10893603	-	1094.5	501
15268at7041	Complete	OY294030.1	4540801	4539874	-	230.2	143
15282at7041	Complete	OY294031.1	20236947	20237342	+	166.0	129
15319at7041	Complete	OY294028.1	10569075	10569710	+	290.6	177
15356at7041	Complete	OY294030.1	21064846	21065656	+	451.0	213
15406at7041	Complete	OY294028.1	56084713	56078513	-	2575.0	1268
15415at7041	Complete	OY294031.1	26499282	26498041	-	565.0	284
15522at7041	Complete	OY294031.1	21216023	21249826	+	697.9	374
15580at7041	Complete	OY294031.1	30534628	30534311	-	222.1	105
15685at7041	Complete	OY294028.1	38070692	38071718	+	340.8	165
15717at7041	Complete	OY294028.1	67266182	67270143	+	496.8	273
15764at7041	Complete	OY294028.1	69985168	69986375	+	554.6	261
15874at7041	Complete	OY294031.1	38415406	38417264	+	349.6	195
15887at7041	Complete	OY294031.1	36722546	36720240	-	973.9	617
15926at7041	Complete	OY294031.1	8527889	8528656	+	456.8	214
15944at7041	Complete	OY294029.1	3010438	3006812	-	527.0	292
15949at7041	Complete	OY294033.1	10850020	10849146	-	244.7	148
15963at7041	Complete	OY294028.1	67722922	67724165	+	428.1	253
16073at7041	Complete	OY294029.1	308366	309001	+	322.3	205
16074at7041	Complete	OY294034.1	31248710	31241562	-	612.9	330
16095at7041	Complete	OY294031.1	555340	552074	-	587.8	262
16179at7041	Complete	OY294031.1	1939344	1940671	+	798.8	406
16393at7041	Duplicated	OY294031.1	5565074	5561890	-	701.8	505
16393at7041	Duplicated	OY294031.1	5578549	5567225	-	670.2	505
16415at7041	Complete	OY294028.1	90961337	90962232	+	504.0	252
16432at7041	Complete	OY294031.1	34878865	34878043	-	436.1	209
16436at7041	Complete	OY294028.1	8010401	8009551	-	547.8	241
16479at7041	Complete	OY294030.1	45825181	45898319	+	387.8	174
16490at7041	Complete	OY294028.1	36168476	36173255	+	464.4	208
16619at7041	Complete	OY294033.1	31235431	31244002	+	909.2	497
16650at7041	Complete	OY294031.1	26952555	26951896	-	323.5	206
16672at7041	Complete	OY294028.1	12366418	12364191	-	1308.0	635
16695at7041	Complete	OY294028.1	74339967	74328101	-	2376.2	1542
16713at7041	Complete	OY294030.1	41390993	41389439	-	777.3	383
16904at7041	Complete	OY294032.1	26529379	26523480	-	1188.2	681
17024at7041	Duplicated	OY294033.1	31952860	31954479	+	661.9	388
17024at7041	Duplicated	OY294030.1	41562291	41563463	+	648.5	387
17185at7041	Complete	OY294028.1	64698238	64699821	+	799.7	417
17191at7041	Complete	OY294028.1	28268109	28267093	-	650.8	326
17247at7041	Complete	OY294028.1	90910007	90908808	-	657.5	321
17322at7041	Complete	OY294028.1	84326117	84324633	-	389.4	256
17377at7041	Complete	OY294033.1	3536761	3539598	+	831.0	471
17404at7041	Complete	OY294028.1	91564282	91566042	+	765.7	436
17428at7041	Complete	OY294029.1	2016482	2015637	-	472.4	243
17493at7041	Complete	OY294028.1	24565759	24564723	-	418.0	219
17669at7041	Complete	OY294029.1	50682726	50678563	-	1654.2	894
17722at7041	Complete	OY294028.1	9507950	9531318	+	733.7	373
17748at7041	Complete	OY294028.1	84330324	84327604	-	1681.8	805
17780at7041	Complete	OY294034.1	1579365	1579907	+	408.6	180
17824at7041	Complete	OY294031.1	36189796	36189053	-	452.5	243
17837at7041	Complete	OY294028.1	15066179	15051611	-	1719.6	837
17919at7041	Complete	OY294033.1	29888709	29892377	+	1174.4	708
17942at7041	Complete	OY294028.1	82974533	82966443	-	230.8	109
17963at7041	Complete	OY294034.1	15132991	15134142	+	575.0	313
18029at7041	Complete	OY294028.1	87105042	87105744	+	328.5	175
18040at7041	Complete	OY294028.1	14541613	14540417	-	794.3	389
18068at7041	Complete	OY294028.1	74362423	74363145	+	410.0	213
18108at7041	Complete	OY294034.1	4544466	4547056	+	961.4	412
18131at7041	Complete	OY294028.1	80542011	80542770	+	397.8	196
18138at7041	Duplicated	OY294029.1	3454612	3454109	-	284.9	146
18138at7041	Duplicated	OY294029.1	3185685	3185190	-	262.0	146
18231at7041	Complete	OY294028.1	67504760	67504068	-	423.2	211
18254at7041	Complete	OY294028.1	17246292	17244867	-	322.9	224
18266at7041	Complete	OY294028.1	43300109	43302835	+	239.4	149
18444at7041	Complete	OY294031.1	40286553	40280815	-	595.0	348
18467at7041	Complete	OY294034.1	7124281	7128983	+	935.8	455
18511at7041	Complete	OY294033.1	3358871	3354690	-	501.0	280
18585at7041	Complete	OY294028.1	21162279	21155759	-	966.9	487
18633at7041	Complete	OY294031.1	2642090	2702684	+	793.6	425
18652at7041	Complete	OY294031.1	9210729	9211375	+	288.6	169
18730at7041	Complete	OY294030.1	46072719	46075874	+	603.9	319
18792at7041	Complete	OY294028.1	36180786	36180251	-	287.7	157
18878at7041	Complete	OY294030.1	43251365	43250312	-	695.2	333
18901at7041	Complete	OY294032.1	33150039	33154765	+	2356.8	1152
18937at7041	Complete	OY294034.1	4950225	4941516	-	3665.2	2268
19001at7041	Complete	OY294032.1	11905227	11907228	+	477.6	326
19012at7041	Complete	OY294028.1	27206064	27205629	-	205.4	122
19013at7041	Complete	OY294028.1	79074248	79081573	+	2131.5	1077
19175at7041	Complete	OY294032.1	33826472	33832516	+	1375.0	662
19206at7041	Complete	OY294033.1	4873083	4873919	+	518.8	278
19210at7041	Complete	OY294031.1	20628878	20626817	-	1022.4	541
19232at7041	Complete	OY294030.1	3431559	3430040	-	885.7	402
19328at7041	Complete	OY294030.1	39506359	39505997	-	224.6	117
19359at7041	Complete	OY294031.1	26265862	26266310	+	168.8	106
19382at7041	Complete	OY294031.1	4415090	4413538	-	553.3	410
19505at7041	Complete	OY294032.1	24298014	24298868	+	455.3	225
19538at7041	Complete	OY294028.1	2191519	2192814	+	522.4	295
19589at7041	Complete	OY294028.1	66535866	66534597	-	657.5	312
19609at7041	Complete	OY294032.1	27095793	27096235	+	257.6	125
19626at7041	Complete	OY294028.1	91107924	91109346	+	911.0	422
19634at7041	Complete	OY294029.1	116406	118923	+	931.9	480
19644at7041	Complete	OY294034.1	7139935	7138538	-	587.2	231
19709at7041	Complete	OY294028.1	84288784	84291970	+	1961.8	959
19725at7041	Complete	OY294028.1	1579859	1578114	-	760.8	394
19758at7041	Complete	OY294028.1	5812268	5811423	-	555.8	259
19804at7041	Complete	OY294028.1	84620832	84629978	+	551.0	268
19878at7041	Complete	OY294028.1	60846410	60851341	+	1006.1	494
19930at7041	Complete	OY294033.1	11908521	11919987	+	1852.6	892
19982at7041	Complete	OY294028.1	18299856	18298979	-	289.3	144
20072at7041	Complete	OY294033.1	31056283	31057016	+	289.1	172
20148at7041	Complete	OY294030.1	43073183	43065520	-	917.0	473
20205at7041	Complete	OY294031.1	34427828	34331425	-	447.8	290
20221at7041	Complete	OY294028.1	15438041	15435583	-	993.5	599
20331at7041	Complete	OY294028.1	79122596	79119835	-	611.6	316
20379at7041	Complete	OY294028.1	5218191	5230948	+	913.8	420
20440at7041	Complete	OY294030.1	4539101	4535402	-	328.8	161
20474at7041	Complete	OY294028.1	32481258	32479876	-	831.5	450
20481at7041	Complete	OY294028.1	43691082	43694280	+	1124.8	561
20546at7041	Complete	OY294029.1	7162283	7163237	+	412.0	220
20649at7041	Complete	OY294031.1	36212319	36205342	-	1528.7	1080
20675at7041	Complete	OY294031.1	20199072	20197058	-	687.1	342
20746at7041	Complete	OY294030.1	9979504	9978020	-	656.3	394
20748at7041	Complete	OY294031.1	943675	945293	+	383.1	192
20767at7041	Complete	OY294029.1	15186262	15185423	-	531.0	267
20850at7041	Complete	OY294028.1	11319458	11316230	-	1367.0	688
20916at7041	Complete	OY294033.1	22121640	22129167	+	919.8	407
20919at7041	Complete	OY294028.1	93127184	93125889	-	648.1	304
20929at7041	Complete	OY294028.1	92631458	92632934	+	443.1	306
20980at7041	Complete	OY294028.1	84610997	84612039	+	571.5	270
20981at7041	Complete	OY294034.1	30742722	30743627	+	255.7	255
21066at7041	Complete	OY294031.1	8483975	8481183	-	1928.3	921
21176at7041	Complete	OY294032.1	23494338	23501671	+	910.3	583
21202at7041	Complete	OY294032.1	11847020	11844665	-	933.2	513
21226at7041	Complete	OY294030.1	43286898	43282071	-	1333.1	660
21228at7041	Complete	OY294033.1	30597979	30603766	+	982.1	591
21299at7041	Complete	OY294028.1	29802833	29800161	-	1251.8	824
21311at7041	Complete	OY294031.1	7319567	7320622	+	540.1	287
21352at7041	Complete	OY294028.1	81227841	81229986	+	726.2	399
21511at7041	Complete	OY294034.1	4518486	4520581	+	1001.5	535
21523at7041	Complete	OY294029.1	8477537	8478078	+	290.4	160
21716at7041	Complete	OY294030.1	3762114	3763287	+	552.0	337
21801at7041	Complete	OY294031.1	30758700	30751432	-	718.6	303
21812at7041	Complete	OY294028.1	32010500	32010982	+	216.1	135
21849at7041	Fragmented	OY294028.1	78699949	78703323	+	228.9	244
21927at7041	Complete	OY294030.1	48071325	48069967	-	675.6	392
22116at7041	Complete	OY294028.1	21634301	21626933	-	1720.2	959
22123at7041	Complete	OY294031.1	935462	890238	-	784.5	368
22192at7041	Complete	OY294030.1	39793501	39797611	+	1502.1	685
22202at7041	Complete	OY294028.1	24799865	24800692	+	433.6	258
22338at7041	Complete	OY294028.1	70150751	70156805	+	333.2	215
22353at7041	Complete	OY294028.1	79606547	79603983	-	1674.2	814
22366at7041	Complete	OY294030.1	44707723	44723994	+	1162.1	596
22376at7041	Complete	OY294033.1	28597876	28603782	+	997.3	644
22566at7041	Complete	OY294030.1	42164953	42176316	+	1018.4	540
22628at7041	Complete	OY294028.1	27185496	27168918	-	1384.3	612
22646at7041	Complete	OY294028.1	92722960	92721458	-	928.2	423
22749at7041	Complete	OY294032.1	34808153	34809139	+	490.7	306
22805at7041	Complete	OY294032.1	2989134	2982093	-	979.9	563
22882at7041	Complete	OY294029.1	7943614	7944209	+	211.8	153
22938at7041	Complete	OY294034.1	7719562	7723003	+	361.9	159
22958at7041	Complete	OY294030.1	46006393	46008147	+	380.6	216
22961at7041	Complete	OY294034.1	1116803	1112648	-	1096.2	617
23016at7041	Complete	OY294030.1	11730602	11728440	-	808.3	374
23138at7041	Complete	OY294034.1	19106194	19113412	+	1020.3	503
23152at7041	Complete	OY294031.1	30115907	30113802	-	828.6	599
23155at7041	Complete	OY294031.1	10705243	10703978	-	819.3	379
23274at7041	Complete	OY294030.1	6060634	6056527	-	2072.8	1140
23299at7041	Complete	OY294033.1	1260652	1258009	-	598.9	482
23528at7041	Complete	OY294031.1	8348431	8350637	+	1186.1	595
23577at7041	Complete	OY294034.1	19501300	19497511	-	832.7	481
23717at7041	Complete	OY294031.1	9184751	9180568	-	775.2	412
23721at7041	Complete	OY294029.1	811797	811030	-	468.7	230
23838at7041	Complete	OY294028.1	73385983	73385107	-	340.2	178
23841at7041	Complete	OY294032.1	39773567	39776047	+	1249.9	643
23860at7041	Complete	OY294030.1	27469746	27464018	-	1524.4	866
23861at7041	Complete	OY294028.1	53158213	53165821	+	1316.5	811
23956at7041	Complete	OY294028.1	75189715	75183251	-	717.5	552
24066at7041	Complete	OY294028.1	55340598	55339584	-	357.8	165
24166at7041	Complete	OY294028.1	11519569	11496467	-	409.3	205
24175at7041	Complete	OY294028.1	53695912	53693029	-	586.8	284
24212at7041	Complete	OY294028.1	73095931	73093625	-	1103.8	597
24257at7041	Complete	OY294028.1	91361340	91368254	+	587.6	364
24348at7041	Complete	OY294028.1	92480370	92478490	-	984.1	543
24502at7041	Complete	OY294030.1	41053733	41052469	-	641.3	317
24532at7041	Complete	OY294034.1	1565535	1566821	+	643.7	284
24536at7041	Complete	OY294028.1	39509879	39506427	-	817.6	585
24546at7041	Complete	OY294033.1	17292017	17289873	-	885.2	520
24551at7041	Complete	OY294031.1	8703964	8703337	-	284.9	134
24571at7041	Complete	OY294032.1	38382891	38384243	+	733.7	437
24661at7041	Complete	OY294033.1	8793354	8790316	-	928.8	510
24677at7041	Complete	OY294028.1	30722443	30721755	-	230.9	173
24680at7041	Complete	OY294034.1	631697	629021	-	1227.5	682
24723at7041	Complete	OY294029.1	315932	315027	-	301.0	228
24761at7041	Complete	OY294031.1	3153863	3155188	+	775.2	385
24866at7041	Complete	OY294028.1	57319178	57317809	-	588.1	303
24883at7041	Complete	OY294031.1	40589700	40592589	+	791.1	459
24938at7041	Complete	OY294028.1	6488046	6485927	-	194.6	131
24972at7041	Complete	OY294031.1	30685247	30682708	-	355.8	168
24993at7041	Complete	OY294031.1	29873207	29880832	+	1307.8	674
25072at7041	Complete	OY294033.1	490508	492588	+	1045.3	556
25283at7041	Complete	OY294031.1	7580810	7576050	-	978.7	449
25347at7041	Complete	OY294028.1	56368990	56377680	+	737.3	455
25396at7041	Complete	OY294031.1	17212188	17213113	+	453.8	260
25431at7041	Complete	OY294030.1	13392901	13393865	+	396.3	258
25548at7041	Complete	OY294034.1	10728637	10721517	-	773.3	388
25599at7041	Complete	OY294028.1	91097796	91098416	+	417.2	204
25604at7041	Complete	OY294028.1	32019269	32021659	+	1138.6	784
25749at7041	Complete	OY294030.1	27587471	27589701	+	750.7	361
25918at7041	Complete	OY294030.1	13054757	13056340	+	736.2	479
25928at7041	Complete	OY294031.1	35663484	35672797	+	911.8	523
26082at7041	Complete	OY294028.1	29804019	29806147	+	536.7	336
26196at7041	Complete	OY294028.1	5339976	5325154	-	448.8	258
26221at7041	Complete	OY294028.1	65987174	65981849	-	760.3	387
26233at7041	Complete	OY294028.1	36150186	36148843	-	568.4	343
26293at7041	Complete	OY294030.1	3361441	3358338	-	1463.4	779
26309at7041	Complete	OY294030.1	2111782	2115630	+	2644.8	1224
26481at7041	Complete	OY294028.1	76048170	76045278	-	1004.0	509
26559at7041	Complete	OY294028.1	82115159	82113780	-	585.2	389
26626at7041	Complete	OY294030.1	33401524	33400544	-	447.7	266
26638at7041	Complete	OY294028.1	55532976	55524629	-	391.0	209
26702at7041	Complete	OY294034.1	656389	646444	-	369.6	241
26720at7041	Complete	OY294028.1	67013511	67016761	+	1184.8	769
26733at7041	Complete	OY294033.1	30579108	30574944	-	1562.3	1042
26785at7041	Complete	OY294028.1	36610175	36610821	+	321.7	162
26887at7041	Complete	OY294031.1	30055241	30052057	-	530.0	294
26889at7041	Complete	OY294033.1	19958232	19957267	-	447.3	262
27037at7041	Complete	OY294028.1	39175311	39174985	-	203.1	108
27069at7041	Complete	OY294029.1	12095374	12094160	-	615.3	323
27075at7041	Complete	OY294031.1	32408705	32409446	+	421.3	203
27107at7041	Complete	OY294028.1	57680567	57694215	+	659.3	495
27220at7041	Complete	OY294030.1	48198795	48197128	-	293.0	151
27300at7041	Complete	OY294028.1	58725884	58803766	+	835.0	385
27302at7041	Complete	OY294029.1	1228668	1232068	+	1444.2	959
27305at7041	Complete	OY294031.1	39551537	39549801	-	768.1	420
27311at7041	Complete	OY294031.1	950198	947162	-	779.1	491
27407at7041	Complete	OY294033.1	485565	487105	+	512.1	297
27420at7041	Complete	OY294032.1	4711058	4712170	+	629.7	327
27503at7041	Complete	OY294028.1	30566692	30565697	-	572.5	313
27510at7041	Complete	OY294030.1	26249928	26288496	+	1353.4	604
27721at7041	Complete	OY294032.1	34852978	34855082	+	1083.7	577
27732at7041	Complete	OY294030.1	42204602	42203252	-	346.0	183
27802at7041	Complete	OY294032.1	27283257	27284052	+	396.8	193
27850at7041	Complete	OY294031.1	33251936	33253576	+	1080.3	524
28054at7041	Complete	OY294030.1	48297595	48294108	-	1545.5	758
28078at7041	Complete	OY294030.1	30290266	30292038	+	828.3	388
28127at7041	Complete	OY294030.1	48457813	48458457	+	344.2	176
28180at7041	Complete	OY294034.1	11478162	11466450	-	369.2	180
28258at7041	Complete	OY294031.1	20378117	20364658	-	824.6	411
28269at7041	Complete	OY294030.1	39899729	39894683	-	560.3	270
28370at7041	Complete	OY294033.1	5484842	5541140	+	2236.5	1294
28463at7041	Complete	OY294030.1	38303517	38270099	-	698.5	361
28502at7041	Complete	OY294032.1	26916236	26922026	+	1310.4	590
28507at7041	Complete	OY294028.1	73513405	73515347	+	249.5	165
28611at7041	Complete	OY294033.1	888505	891906	+	1302.2	445
28619at7041	Complete	OY294030.1	4103659	4104018	+	213.2	114
28620at7041	Complete	OY294031.1	26612361	26596563	-	1152.8	519
28628at7041	Complete	OY294032.1	3651291	3649753	-	602.8	295
28693at7041	Complete	OY294029.1	663664	666544	+	643.3	300
28715at7041	Complete	OY294029.1	1027169	1044718	+	1626.5	898
28759at7041	Complete	OY294033.1	24879259	24879736	+	175.1	100
28777at7041	Complete	OY294028.1	2012655	2010875	-	834.2	429
28897at7041	Complete	OY294032.1	36357268	36361247	+	746.0	419
28920at7041	Complete	OY294031.1	21376633	21390206	+	1695.2	910
29083at7041	Complete	OY294030.1	10346138	10348758	+	1565.5	778
29109at7041	Complete	OY294028.1	18298336	18297761	-	324.6	171
29182at7041	Complete	OY294030.1	2523674	2522136	-	678.0	426
29214at7041	Complete	OY294028.1	55991747	55996002	+	592.3	320
29231at7041	Complete	OY294028.1	86633266	86634712	+	639.0	318
29244at7041	Duplicated	OY294031.1	9563595	9562938	-	331.9	172
29244at7041	Duplicated	OY294031.1	9556352	9556999	+	326.6	172
29248at7041	Complete	OY294033.1	6657715	6663384	+	1029.6	643
29251at7041	Complete	OY294032.1	27072829	27080290	+	892.9	476
29252at7041	Complete	OY294028.1	45472056	45412756	-	900.6	473
29352at7041	Complete	OY294028.1	42757481	42756672	-	377.4	194
29384at7041	Complete	OY294029.1	12853803	12849886	-	1591.3	883
29429at7041	Duplicated	OY294033.1	30690127	30692057	+	711.2	379
29429at7041	Duplicated	OY294029.1	40140877	40142807	+	702.9	379
29484at7041	Complete	OY294032.1	35747822	35746376	-	377.5	332
29574at7041	Complete	OY294028.1	28228583	28235096	+	613.6	307
29663at7041	Complete	OY294028.1	79152567	79157031	+	1137.7	579
29817at7041	Complete	OY294028.1	86697505	86698142	+	362.0	177
29861at7041	Complete	OY294030.1	3777197	3781374	+	837.8	504
29919at7041	Complete	OY294028.1	11312530	11311751	-	316.3	185
29941at7041	Complete	OY294031.1	11198378	11188973	-	351.0	272
30013at7041	Complete	OY294028.1	7809477	7808761	-	379.5	199
30017at7041	Complete	OY294034.1	14034226	14032529	-	702.0	386
30055at7041	Complete	OY294030.1	43250142	43249384	-	456.5	212
30096at7041	Complete	OY294031.1	17211966	17209104	-	1477.9	747
30173at7041	Complete	OY294028.1	39466274	39467047	+	367.4	233
30176at7041	Complete	OY294028.1	31441953	31441419	-	199.3	116
30197at7041	Complete	OY294030.1	890049	888147	-	434.1	290
30222at7041	Complete	OY294033.1	11738501	11737773	-	321.9	185
30232at7041	Complete	OY294028.1	74776998	74778782	+	544.6	463
30240at7041	Complete	OY294033.1	1568844	1573098	+	1205.4	650
30369at7041	Complete	OY294028.1	33762156	33768897	+	958.6	617
30397at7041	Complete	OY294032.1	27067220	27066805	-	196.6	100
30445at7041	Complete	OY294031.1	11697261	11690527	-	973.8	521
30449at7041	Complete	OY294031.1	21295904	21290183	-	368.1	287
30505at7041	Complete	OY294033.1	30592749	30596495	+	1493.1	726
30603at7041	Complete	OY294028.1	11665025	11665468	+	281.5	131
30650at7041	Complete	OY294030.1	34888621	34886048	-	1046.6	628
30653at7041	Complete	OY294033.1	22644589	22638445	-	1166.3	571
30722at7041	Complete	OY294029.1	52825603	52830205	+	2035.6	1055
30727at7041	Complete	OY294029.1	3042779	3041768	-	500.6	279
30751at7041	Complete	OY294032.1	14064288	14061090	-	1132.1	638
30779at7041	Complete	OY294031.1	14957614	14958455	+	459.9	245
30805at7041	Complete	OY294028.1	53439288	53440004	+	369.4	180
30887at7041	Complete	OY294032.1	30902043	30891698	-	1305.8	670
30936at7041	Complete	OY294033.1	9405723	9408927	+	867.9	469
31028at7041	Complete	OY294028.1	30512303	30476574	-	998.8	435
31110at7041	Complete	OY294031.1	23588143	23583487	-	240.3	122
31281at7041	Complete	OY294030.1	27519226	27519918	+	477.1	226
31288at7041	Complete	OY294028.1	22714910	22724259	+	1389.9	731
31406at7041	Complete	OY294030.1	43053007	43059064	+	788.5	488
31496at7041	Complete	OY294028.1	1418551	1419266	+	340.2	196
31497at7041	Complete	OY294031.1	8478777	8479532	+	296.7	185
31547at7041	Complete	OY294028.1	79757681	79762104	+	759.2	335
31672at7041	Complete	OY294032.1	38127303	38135358	+	1089.5	542
31726at7041	Complete	OY294032.1	36429395	36436446	+	1742.6	913
31727at7041	Complete	OY294028.1	22732088	22724657	-	2399.1	1635
31790at7041	Complete	OY294034.1	5965037	5956964	-	1040.3	578
31878at7041	Complete	OY294028.1	88300233	88296246	-	1156.6	589
31894at7041	Complete	OY294033.1	19932791	19932091	-	382.8	178
31910at7041	Complete	OY294028.1	72506714	72508568	+	770.3	463
31973at7041	Complete	OY294028.1	48871246	48834956	-	1948.5	1140
32107at7041	Complete	OY294034.1	30747710	30744652	-	915.6	462
32109at7041	Complete	OY294030.1	48460309	48465820	+	1587.8	749
32119at7041	Complete	OY294031.1	36494565	36531903	+	1825.0	986
32120at7041	Complete	OY294028.1	84699977	84707194	+	1227.5	938
32136at7041	Complete	OY294034.1	4957810	4959261	+	682.9	345
32197at7041	Complete	OY294031.1	8737449	8741844	+	939.0	501
32218at7041	Complete	OY294031.1	12287326	12270008	-	852.4	454
32229at7041	Complete	OY294030.1	29773267	29784837	+	1628.4	928
32248at7041	Complete	OY294033.1	24807551	24808469	+	584.9	275
32291at7041	Complete	OY294028.1	92574644	92573509	-	572.7	352
32513at7041	Complete	OY294031.1	8988445	8990090	+	884.1	453
32526at7041	Complete	OY294032.1	39463665	39469131	+	1480.9	809
32537at7041	Complete	OY294033.1	3359498	3362000	+	871.2	565
32567at7041	Complete	OY294030.1	45613532	45616923	+	1101.8	621
32643at7041	Complete	OY294028.1	80262677	80261990	-	321.2	175
32743at7041	Complete	OY294028.1	21663174	21659609	-	882.6	546
32751at7041	Complete	OY294033.1	12013943	12012836	-	457.7	299
32844at7041	Complete	OY294033.1	2268359	2271197	+	461.9	405
32876at7041	Complete	OY294033.1	5758997	5769130	+	552.2	289
33079at7041	Complete	OY294031.1	38970010	38968692	-	639.5	293
33100at7041	Complete	OY294028.1	84258768	84258377	-	163.6	81
33120at7041	Complete	OY294028.1	38039266	38037185	-	728.9	427
33232at7041	Complete	OY294030.1	48435456	48439913	+	1085.3	543
33262at7041	Complete	OY294030.1	21067686	21066637	-	299.1	228
33516at7041	Complete	OY294032.1	37942550	37944717	+	1123.0	600
33607at7041	Complete	OY294029.1	11335384	11322822	-	2052.5	860
33611at7041	Complete	OY294029.1	46330136	46330718	+	188.7	112
33618at7041	Complete	OY294034.1	22198489	22200268	+	866.3	467
33656at7041	Complete	OY294031.1	568674	565254	-	547.4	313
33689at7041	Complete	OY294031.1	32470258	32467652	-	1309.1	680
33750at7041	Complete	OY294028.1	83719505	83716862	-	1050.0	646
33788at7041	Complete	OY294032.1	24838953	24838259	-	273.7	179
33858at7041	Complete	OY294032.1	38645535	38642741	-	1023.3	657
33882at7041	Complete	OY294033.1	1378024	1402293	+	5041.5	2709
34040at7041	Complete	OY294028.1	70883581	70969375	+	1266.8	645
34155at7041	Complete	OY294031.1	24523153	24509077	-	1666.9	828
34169at7041	Complete	OY294031.1	19167762	19159792	-	1073.7	543
34247at7041	Complete	OY294028.1	74324815	74323655	-	510.9	302
34287at7041	Complete	OY294031.1	36295567	36298216	+	822.4	605
34299at7041	Complete	OY294028.1	15295574	15296707	+	371.8	222
34387at7041	Complete	OY294034.1	1688156	1654252	-	707.4	443
34426at7041	Complete	OY294028.1	1060964	1062077	+	358.4	266
34440at7041	Complete	OY294031.1	39322517	39305373	-	2145.6	1131
34450at7041	Complete	OY294031.1	10944923	10933007	-	217.2	120
34789at7041	Complete	OY294028.1	20308554	20307971	-	308.1	159
34796at7041	Complete	OY294032.1	38658488	38659977	+	821.7	389
34802at7041	Complete	OY294033.1	6149957	6140476	-	366.8	211
34821at7041	Complete	OY294028.1	73523091	73521208	-	791.2	534
34831at7041	Complete	OY294031.1	1032296	1035299	+	1260.4	641
34880at7041	Complete	OY294031.1	602379	603083	+	432.3	225
35003at7041	Complete	OY294031.1	33221759	33218250	-	539.3	319
35004at7041	Complete	OY294033.1	3387356	3389051	+	1020.1	509
35033at7041	Complete	OY294028.1	73233123	73234929	+	1139.3	543
35052at7041	Complete	OY294028.1	5805524	5806888	+	715.4	363
35115at7041	Complete	OY294028.1	79134887	79139960	+	385.0	112
35163at7041	Complete	OY294033.1	276471	279385	+	708.0	388
35200at7041	Complete	OY294031.1	8761295	8756121	-	291.7	158
35209at7041	Complete	OY294030.1	15953477	15957626	+	397.2	258
35232at7041	Complete	OY294030.1	42036752	42042090	+	607.1	323
35234at7041	Complete	OY294030.1	26762234	26786083	+	768.9	375
35248at7041	Complete	OY294030.1	15907412	15909125	+	644.5	443
35249at7041	Complete	OY294028.1	82405384	82258561	-	830.2	419
35259at7041	Complete	OY294028.1	20827183	20836204	+	1146.1	590
35300at7041	Complete	OY294028.1	58811900	58824196	+	1691.0	855
35324at7041	Complete	OY294028.1	42031546	42070373	+	1357.7	789
35328at7041	Complete	OY294029.1	946819	942401	-	902.3	423
35639at7041	Complete	OY294033.1	30082482	30083809	+	648.8	364
35843at7041	Complete	OY294031.1	19433701	19432805	-	385.6	185
35883at7041	Complete	OY294029.1	12197018	12200366	+	847.6	442
36031at7041	Complete	OY294031.1	31752834	31749585	-	914.5	625
36032at7041	Complete	OY294029.1	3655915	3660119	+	1101.1	514
36206at7041	Complete	OY294031.1	16219303	16215132	-	687.5	632
36283at7041	Complete	OY294034.1	31659725	31661233	+	574.7	329
36289at7041	Complete	OY294032.1	38971353	38975042	+	834.2	456
36390at7041	Complete	OY294029.1	8436946	8429211	-	1198.2	553
36413at7041	Complete	OY294033.1	30209449	30215460	+	2070.8	1169
36429at7041	Complete	OY294030.1	36724318	36731659	+	750.6	349
36491at7041	Complete	OY294028.1	31742411	31744058	+	629.0	399
36569at7041	Complete	OY294029.1	8305573	8301981	-	419.6	246
36663at7041	Complete	OY294033.1	31363092	31364404	+	545.6	339
36701at7041	Complete	OY294028.1	1702541	1701717	-	391.3	239
36809at7041	Complete	OY294031.1	24418510	24409420	-	1691.7	851
36896at7041	Complete	OY294033.1	30703424	30709909	+	1299.9	644
37014at7041	Complete	OY294030.1	42055483	42057454	+	1243.4	574
37022at7041	Complete	OY294028.1	33975503	33973692	-	1093.3	508
37034at7041	Complete	OY294031.1	30885683	30875941	-	624.2	309
37046at7041	Complete	OY294028.1	5791564	5796840	+	1404.0	727
37053at7041	Complete	OY294034.1	4951175	4952702	+	566.7	352
37111at7041	Complete	OY294028.1	88290660	88289631	-	454.3	246
37288at7041	Complete	OY294028.1	34732327	34731222	-	436.5	197
37385at7041	Complete	OY294028.1	90383670	90380321	-	1006.9	475
37388at7041	Duplicated	OY294029.1	792517	787885	-	2821.9	1387
37388at7041	Duplicated	OY294029.1	15181547	15177339	-	2689.5	1387
37391at7041	Complete	OY294028.1	82622193	82658920	+	349.5	202
37549at7041	Complete	OY294034.1	29630962	29627823	-	1225.1	724
37577at7041	Complete	OY294030.1	9340735	9339643	-	333.1	176
37666at7041	Complete	OY294031.1	821168	820173	-	402.5	233
37729at7041	Complete	OY294029.1	52219079	52217530	-	737.3	458
37737at7041	Complete	OY294030.1	2796258	2797907	+	792.4	390
37756at7041	Fragmented	OY294031.1	6699460	6686354	-	789.7	401
37760at7041	Complete	OY294028.1	5423394	5415941	-	963.6	419
37767at7041	Complete	OY294028.1	70072902	70076519	+	1074.2	605
37784at7041	Complete	OY294030.1	33402908	33408362	+	937.2	649
37869at7041	Complete	OY294031.1	2715706	2713780	-	785.3	408
37907at7041	Complete	OY294033.1	31011455	31009051	-	972.5	576
38076at7041	Complete	OY294032.1	35779026	35777550	-	580.6	270
38078at7041	Complete	OY294029.1	52322198	52321803	-	219.3	121
38118at7041	Complete	OY294028.1	69171346	69173479	+	690.3	335
38154at7041	Complete	OY294028.1	79131532	79127254	-	1047.4	536
38169at7041	Complete	OY294034.1	1300073	1301443	+	795.4	451
38173at7041	Complete	OY294030.1	46140298	46141409	+	367.4	192
38275at7041	Complete	OY294028.1	2411886	2408548	-	647.7	455
38344at7041	Complete	OY294028.1	90502320	90501250	-	460.7	322
38465at7041	Complete	OY294030.1	34960032	34981050	+	1914.2	1223
38472at7041	Complete	OY294030.1	3183788	3184769	+	504.0	282
38575at7041	Complete	OY294031.1	8988064	8985505	-	610.0	400
38616at7041	Complete	OY294033.1	19033764	19036380	+	795.6	440
38688at7041	Complete	OY294030.1	18849530	18850342	+	423.6	233
38820at7041	Complete	OY294034.1	4533201	4529607	-	1868.7	874
38850at7041	Complete	OY294028.1	89621537	89618292	-	251.2	144
38915at7041	Complete	OY294028.1	32701813	32706076	+	1373.4	1161
39082at7041	Complete	OY294033.1	19927605	19928348	+	341.4	196
39095at7041	Complete	OY294029.1	1235682	1234678	-	455.1	283
39116at7041	Complete	OY294033.1	28268837	28267212	-	779.5	451
39130at7041	Complete	OY294033.1	14197515	14199405	+	857.1	523
39164at7041	Complete	OY294028.1	91117510	91115793	-	540.3	199
39226at7041	Fragmented	OY294028.1	87123655	87124027	+	156.1	80
39282at7041	Complete	OY294034.1	4161355	4154720	-	923.0	468
39412at7041	Complete	OY294030.1	13382346	13380611	-	532.7	256
39614at7041	Complete	OY294031.1	13356194	13355721	-	306.0	154
39648at7041	Complete	OY294030.1	31289068	31287133	-	551.8	445
39703at7041	Complete	OY294032.1	26556518	26551035	-	631.3	333
39712at7041	Complete	OY294032.1	2863080	2861542	-	485.1	376
39723at7041	Complete	OY294029.1	44444969	44450960	+	607.9	635
39810at7041	Complete	OY294029.1	44444144	44442128	-	1060.4	567
39827at7041	Complete	OY294029.1	3628531	3629784	+	312.0	259
39875at7041	Complete	OY294028.1	79755634	79756502	+	417.2	222
39958at7041	Complete	OY294030.1	37866047	37891117	+	774.4	373
39991at7041	Complete	OY294030.1	36288819	36289561	+	390.3	191
40020at7041	Complete	OY294031.1	10608876	10611515	+	1855.9	860
40103at7041	Complete	OY294028.1	28056149	28064252	+	751.4	365
40174at7041	Complete	OY294028.1	34602200	34600180	-	980.5	545
40184at7041	Complete	OY294028.1	44161522	44158693	-	540.3	336
40223at7041	Complete	OY294028.1	22421843	22420250	-	643.1	380
40264at7041	Complete	OY294028.1	72535025	72536152	+	670.0	336
40272at7041	Complete	OY294028.1	70759882	70750477	-	860.5	413
40298at7041	Complete	OY294030.1	24094094	24094487	+	248.5	112
40342at7041	Complete	OY294030.1	33420948	33422666	+	1043.1	555
40417at7041	Complete	OY294028.1	79601806	79602579	+	398.1	216
40456at7041	Complete	OY294034.1	25155666	25120530	-	323.7	188
40502at7041	Complete	OY294030.1	3195589	3196749	+	589.2	352
40638at7041	Complete	OY294031.1	23531936	23521172	-	1135.2	613
40658at7041	Complete	OY294029.1	2934142	2935447	+	472.0	288
40698at7041	Complete	OY294030.1	40988729	40940300	-	1466.8	815
40853at7041	Complete	OY294034.1	15779931	15752917	-	991.1	522
41074at7041	Complete	OY294028.1	86280690	86278885	-	566.9	346
41116at7041	Complete	OY294028.1	89908364	90023633	+	645.9	299
41144at7041	Complete	OY294028.1	38993438	38992622	-	421.1	209
41208at7041	Complete	OY294028.1	70836905	70838665	+	1089.3	536
41268at7041	Complete	OY294028.1	28039485	28040245	+	424.5	188
41341at7041	Complete	OY294033.1	21675239	21674342	-	213.4	192
41475at7041	Complete	OY294031.1	9676725	9678724	+	700.9	532
41548at7041	Complete	OY294032.1	21981923	21979935	-	566.5	381
41565at7041	Complete	OY294028.1	20044093	20043457	-	313.2	174
41576at7041	Complete	OY294028.1	39251282	39215518	-	1245.0	632
41599at7041	Complete	OY294032.1	9993873	9992260	-	995.1	496
41605at7041	Complete	OY294033.1	10436850	10438001	+	540.4	324
41633at7041	Complete	OY294031.1	39406819	39403672	-	1347.6	691
41696at7041	Complete	OY294030.1	16133944	16134603	+	418.5	205
41843at7041	Complete	OY294028.1	92491163	92491720	+	355.8	185
41865at7041	Complete	OY294032.1	30430633	30411583	-	670.2	319
41889at7041	Complete	OY294030.1	45415828	45416876	+	155.8	88
41905at7041	Complete	OY294028.1	93039177	93040802	+	787.0	396
41910at7041	Complete	OY294030.1	20367991	20364806	-	1702.5	827
41948at7041	Complete	OY294028.1	1560432	1562739	+	1139.5	636
41965at7041	Complete	OY294028.1	69555325	69551780	-	888.3	469
41988at7041	Complete	OY294028.1	83957480	83945141	-	380.7	202
41989at7041	Complete	OY294028.1	80095635	80094859	-	368.2	191
41995at7041	Complete	OY294028.1	34628029	34628454	+	166.6	90
42104at7041	Complete	OY294032.1	32405626	32407125	+	449.5	287
42139at7041	Complete	OY294028.1	19351375	19338449	-	1091.6	497
42149at7041	Complete	OY294032.1	9862395	9856142	-	1138.2	520
42154at7041	Complete	OY294029.1	2729975	2727171	-	1165.4	561
42162at7041	Complete	OY294030.1	17265755	17265125	-	347.9	188
42170at7041	Complete	OY294030.1	41050645	41047118	-	606.8	318
42196at7041	Complete	OY294028.1	88356209	88359975	+	1754.0	1006
42350at7041	Complete	OY294031.1	17532083	17525708	-	427.5	285
42370at7041	Complete	OY294030.1	43248751	43249242	+	260.6	158
42421at7041	Complete	OY294031.1	10228142	10219455	-	540.9	275
42432at7041	Complete	OY294032.1	7447997	7503446	+	955.5	530
42446at7041	Complete	OY294033.1	31922932	31922281	-	313.5	168
42608at7041	Complete	OY294031.1	10923559	10924705	+	437.7	312
42631at7041	Complete	OY294028.1	90901496	90907531	+	1243.6	779
42651at7041	Complete	OY294028.1	4428724	4421525	-	1399.3	699
42704at7041	Complete	OY294030.1	20300595	20293747	-	811.4	412
42720at7041	Complete	OY294029.1	50685425	50685003	-	182.9	135
42737at7041	Complete	OY294028.1	88320932	88331821	+	1175.9	617
42909at7041	Complete	OY294030.1	20227735	20229301	+	676.0	424
42914at7041	Complete	OY294030.1	17313626	17312819	-	429.1	241
42918at7041	Complete	OY294028.1	25980827	25979559	-	447.0	412
42930at7041	Complete	OY294032.1	3848717	3850709	+	1165.0	633
43003at7041	Complete	OY294031.1	31503247	31458479	-	702.6	402
43024at7041	Complete	OY294028.1	29483156	29472870	-	679.0	320
43171at7041	Complete	OY294032.1	34926891	34928447	+	838.8	420
43315at7041	Complete	OY294028.1	90335347	90333557	-	792.1	348
43436at7041	Complete	OY294030.1	43324708	43327907	+	620.5	320
43504at7041	Complete	OY294028.1	91904165	91905247	+	354.5	188
43514at7041	Complete	OY294031.1	30722906	30730751	+	926.3	446
43516at7041	Complete	OY294030.1	6353945	6388705	+	737.2	355
43606at7041	Complete	OY294028.1	92477730	92476382	-	264.6	207
43734at7041	Complete	OY294032.1	26413107	26424969	+	1554.7	837
43748at7041	Complete	OY294034.1	29286503	29250542	-	996.3	541
43796at7041	Complete	OY294028.1	16633960	16631736	-	689.7	426
43810at7041	Complete	OY294028.1	79259509	79260465	+	339.4	200
43980at7041	Complete	OY294030.1	36804208	36789486	-	6353.4	3060
44115at7041	Complete	OY294028.1	4417499	4420574	+	1614.4	770
44169at7041	Complete	OY294029.1	15330781	15323966	-	961.9	495
44177at7041	Complete	OY294029.1	2675987	2674717	-	429.5	271
44188at7041	Complete	OY294029.1	1238174	1243414	+	2369.9	1199
44203at7041	Complete	OY294028.1	5809701	5810660	+	406.7	266
44214at7041	Complete	OY294028.1	22806105	22802003	-	1668.8	991
44256at7041	Complete	OY294029.1	541703	537995	-	1503.4	729
44276at7041	Complete	OY294031.1	35598487	35596323	-	985.9	540
44353at7041	Complete	OY294032.1	9853125	9855274	+	687.6	410
44488at7041	Complete	OY294032.1	22060966	22059888	-	470.9	240
44535at7041	Complete	OY294029.1	6650095	6655752	+	1029.8	552
44752at7041	Complete	OY294030.1	31272292	31273401	+	665.8	345
44778at7041	Complete	OY294031.1	31066062	31055487	-	1738.9	965
44880at7041	Complete	OY294028.1	87050771	87049575	-	607.9	358
44971at7041	Complete	OY294032.1	22697746	22692757	-	277.7	214
44973at7041	Complete	OY294028.1	30499045	30500097	+	476.4	294
45150at7041	Complete	OY294032.1	34482540	34472970	-	3705.0	1806
45386at7041	Complete	OY294030.1	39426452	39432225	+	2167.7	1151
45391at7041	Complete	OY294028.1	32689133	32693184	+	1027.5	646
45420at7041	Complete	OY294030.1	47738803	47740655	+	725.4	427
45430at7041	Complete	OY294028.1	82089903	82089526	-	264.5	126
45468at7041	Complete	OY294033.1	6715960	6716382	+	249.7	123
45635at7041	Complete	OY294030.1	40484023	40482782	-	429.0	297
45735at7041	Complete	OY294028.1	24649987	24627151	-	518.1	278
45784at7041	Complete	OY294030.1	48391654	48393386	+	1161.9	543
45787at7041	Complete	OY294030.1	16097266	16107463	+	1565.6	705
45804at7041	Complete	OY294031.1	21318101	21348016	+	379.2	243
45826at7041	Complete	OY294028.1	3755794	3759795	+	1912.3	1141
45840at7041	Complete	OY294032.1	27093713	27091879	-	535.2	309
45895at7041	Complete	OY294028.1	70777275	70778900	+	1002.2	476
45933at7041	Complete	OY294028.1	89588191	89548116	-	473.4	258
45993at7041	Complete	OY294028.1	68963367	68962303	-	362.1	233
46039at7041	Complete	OY294029.1	44756229	44762679	+	622.6	575
46077at7041	Complete	OY294031.1	10123362	10124694	+	489.4	219
46089at7041	Complete	OY294028.1	24531326	24530823	-	309.3	164
46099at7041	Complete	OY294028.1	64697587	64697004	-	319.4	168
46140at7041	Duplicated	OY294029.1	15610140	15609559	-	385.3	174
46140at7041	Duplicated	OY294030.1	20131858	20130700	-	385.3	174
46156at7041	Complete	OY294034.1	15881096	15864472	-	570.0	389
46159at7041	Complete	OY294033.1	6641163	6645273	+	1209.0	617
46166at7041	Complete	OY294030.1	18468545	18466665	-	751.7	350
46175at7041	Complete	OY294033.1	30725512	30730115	+	854.1	492
46176at7041	Complete	OY294028.1	86422814	86411291	-	1555.3	762
46186at7041	Complete	OY294028.1	87296988	87296407	-	274.0	159
46227at7041	Complete	OY294032.1	29434903	29435654	+	288.6	175
46237at7041	Complete	OY294028.1	92209606	92210740	+	459.5	254
46294at7041	Complete	OY294031.1	10029394	10027870	-	556.4	380
46347at7041	Complete	OY294032.1	3656849	3651590	-	999.2	507
46425at7041	Complete	OY294028.1	91115734	91114094	-	580.2	362
46472at7041	Complete	OY294028.1	24429761	24431038	+	583.2	320
46594at7041	Complete	OY294028.1	57785330	57785776	+	260.6	134
46641at7041	Complete	OY294030.1	20227319	20226485	-	237.7	166
46657at7041	Complete	OY294031.1	8550707	8551388	+	414.6	207
46713at7041	Complete	OY294028.1	73564176	73564935	+	232.7	142
46720at7041	Complete	OY294034.1	11823733	11805263	-	2225.5	1020
46831at7041	Complete	OY294028.1	82428541	82423114	-	1225.6	578
47071at7041	Complete	OY294029.1	8270327	8271402	+	176.8	221
47084at7041	Complete	OY294033.1	30240620	30236333	-	457.2	242
47090at7041	Complete	OY294028.1	26513090	26503102	-	410.2	198
47137at7041	Complete	OY294030.1	48078897	48081335	+	628.0	337
47160at7041	Complete	OY294028.1	21395461	21398759	+	448.2	238
47193at7041	Complete	OY294029.1	1262429	1260791	-	403.9	235
47210at7041	Complete	OY294033.1	31039047	31042572	+	795.7	551
47251at7041	Complete	OY294033.1	2853796	2868656	+	753.0	491
47275at7041	Complete	OY294032.1	34845221	34842159	-	460.4	271
47316at7041	Complete	OY294028.1	57307845	57305836	-	1363.5	665
47324at7041	Complete	OY294034.1	30836411	30831447	-	1249.7	656
47442at7041	Complete	OY294028.1	3765992	3763924	-	678.7	367
47454at7041	Complete	OY294034.1	27319470	27276644	-	402.1	217
47542at7041	Complete	OY294031.1	27798323	27802043	+	863.0	539
47638at7041	Complete	OY294029.1	6913130	6911297	-	1001.8	505
47667at7041	Complete	OY294032.1	29076273	29070757	-	772.8	380
47693at7041	Complete	OY294028.1	9302383	9301762	-	387.2	187
47815at7041	Complete	OY294033.1	14335308	14322066	-	1186.8	553
47820at7041	Complete	OY294030.1	21086603	21095751	+	806.7	551
47836at7041	Complete	OY294028.1	1458324	1458998	+	319.7	164
47861at7041	Complete	OY294029.1	562366	562955	+	306.6	154
48017at7041	Complete	OY294031.1	26969570	26970811	+	441.2	277
48058at7041	Complete	OY294029.1	10007869	10008930	+	569.1	295
48084at7041	Complete	OY294028.1	92473172	92475772	+	799.0	481
48087at7041	Complete	OY294028.1	7809944	7812466	+	816.4	459
48106at7041	Complete	OY294030.1	32248100	32236913	-	1743.6	1118
48140at7041	Complete	OY294030.1	10175036	10173642	-	687.9	385
48148at7041	Complete	OY294028.1	70809330	70813207	+	1602.7	946
48156at7041	Complete	OY294034.1	20584487	20581770	-	938.4	538
48219at7041	Complete	OY294028.1	73327576	73326369	-	452.9	291
48226at7041	Complete	OY294031.1	7549704	7551906	+	705.4	485
48263at7041	Complete	OY294031.1	10109184	10110027	+	387.3	202
48271at7041	Complete	OY294033.1	8102010	8097397	-	815.5	454
48354at7041	Complete	OY294028.1	71249191	71250633	+	678.8	440
48547at7041	Complete	OY294030.1	3560993	3561579	+	248.4	126
48578at7041	Complete	OY294032.1	4666644	4667632	+	246.2	156
48637at7041	Complete	OY294031.1	15770318	15773726	+	1287.0	662
48730at7041	Complete	OY294028.1	66472162	66474366	+	764.4	460
48795at7041	Complete	OY294034.1	30733138	30737864	+	1519.3	850
48868at7041	Complete	OY294033.1	31919591	31922092	+	648.7	398
48918at7041	Complete	OY294031.1	8492566	8489440	-	853.7	431
48992at7041	Complete	OY294033.1	23376539	23385274	+	481.0	246
49004at7041	Complete	OY294028.1	15491993	15492932	+	475.0	258
49012at7041	Complete	OY294030.1	43375036	43431833	+	750.0	365
49030at7041	Complete	OY294033.1	9954782	9955483	+	438.6	232
49143at7041	Complete	OY294033.1	29476340	29473913	-	1049.7	640
49181at7041	Complete	OY294031.1	11672795	11673668	+	315.3	173
49182at7041	Complete	OY294029.1	3487208	3486724	-	174.3	122
49194at7041	Complete	OY294028.1	86271294	86264090	-	453.3	295
49226at7041	Complete	OY294028.1	26704991	26702178	-	645.7	343
49236at7041	Complete	OY294028.1	80519813	80519261	-	176.4	126
49281at7041	Complete	OY294028.1	88262676	88256440	-	2455.7	1404
49323at7041	Complete	OY294032.1	34064324	34062118	-	814.3	564
49330at7041	Complete	OY294031.1	9242623	9241200	-	481.5	342
49350at7041	Complete	OY294030.1	26548302	26549155	+	468.7	246
49357at7041	Complete	OY294032.1	1064846	1070796	+	1917.5	1023
49445at7041	Complete	OY294028.1	59411599	59406462	-	1879.5	1020
49603at7041	Complete	OY294028.1	90378057	90379783	+	934.3	475
49605at7041	Complete	OY294033.1	10953479	10958023	+	626.1	423
49607at7041	Complete	OY294028.1	64691164	64683953	-	547.0	343
49628at7041	Complete	OY294031.1	7508635	7506797	-	940.0	483
49681at7041	Complete	OY294028.1	93115742	93118908	+	1021.6	586
49697at7041	Complete	OY294028.1	62566381	62563979	-	773.8	442
49716at7041	Duplicated	OY294028.1	77215231	77222789	+	447.4	351
49716at7041	Duplicated	OY294034.1	4129190	4130568	+	441.8	336
49753at7041	Complete	OY294031.1	892464	893413	+	469.1	277
49760at7041	Complete	OY294028.1	71595531	71585329	-	1564.6	843
49786at7041	Complete	OY294028.1	82418812	82416511	-	1008.1	553
49800at7041	Complete	OY294028.1	60922626	60923552	+	546.4	303
49812at7041	Complete	OY294030.1	31062149	31061399	-	402.5	224
49831at7041	Complete	OY294031.1	33215380	33213053	-	1039.0	653
49834at7041	Complete	OY294034.1	4223209	4226296	+	731.9	438
49842at7041	Complete	OY294028.1	86506031	86512561	+	1588.1	771
49856at7041	Complete	OY294028.1	43688938	43657470	-	681.0	397
49921at7041	Complete	OY294028.1	1483447	1482623	-	375.4	205
49931at7041	Complete	OY294034.1	24244336	24233774	-	625.5	341
50041at7041	Complete	OY294031.1	10164845	10169722	+	1008.3	543
50052at7041	Complete	OY294033.1	5152714	5136735	-	2053.0	974
50103at7041	Complete	OY294028.1	69564426	69559856	-	340.8	188
50172at7041	Complete	OY294031.1	39454170	39450278	-	1811.7	987
50234at7041	Complete	OY294030.1	17311028	17309747	-	521.5	317
50237at7041	Complete	OY294031.1	8527637	8526771	-	305.5	189
50304at7041	Complete	OY294030.1	42698450	42696737	-	475.0	344
50422at7041	Complete	OY294030.1	34762858	34784993	+	744.3	367
50436at7041	Complete	OY294029.1	217861	268347	+	782.7	390
50614at7041	Complete	OY294033.1	29998277	29994632	-	861.7	781
50619at7041	Complete	OY294029.1	8218742	8220106	+	928.9	445
50621at7041	Complete	OY294032.1	11722878	11723817	+	478.3	244
50637at7041	Complete	OY294028.1	57291749	57281445	-	157.0	77
50655at7041	Complete	OY294028.1	63801553	63819837	+	574.2	342
50750at7041	Complete	OY294028.1	36161978	36160500	-	560.1	282
50769at7041	Complete	OY294028.1	75649765	75650757	+	306.1	285
50774at7041	Complete	OY294028.1	80924641	80913555	-	1044.5	1038
50837at7041	Complete	OY294030.1	20363253	20361769	-	938.9	474
50844at7041	Complete	OY294033.1	11683369	11684149	+	432.0	226
50847at7041	Complete	OY294028.1	31428904	31435629	+	974.6	543
50848at7041	Complete	OY294034.1	4230153	4226502	-	2099.0	1101
50867at7041	Complete	OY294031.1	13592200	13593250	+	319.8	199
50918at7041	Complete	OY294028.1	27117266	27119461	+	483.6	380
50923at7041	Complete	OY294029.1	148443	149435	+	226.7	157
50944at7041	Complete	OY294028.1	14299403	14301739	+	555.1	269
50972at7041	Complete	OY294029.1	7136723	7133810	-	1374.4	724
50992at7041	Complete	OY294031.1	23055512	23060836	+	1114.6	559
51004at7041	Complete	OY294028.1	4448455	4450498	+	595.1	293
51083at7041	Complete	OY294030.1	48390852	48390352	-	210.5	132
51186at7041	Complete	OY294031.1	12308402	12307092	-	265.6	196
51213at7041	Complete	OY294034.1	19548975	19549769	+	526.1	262
51302at7041	Complete	OY294033.1	19019092	19013714	-	2656.2	1459
51320at7041	Duplicated	OY294034.1	25572174	25578206	+	429.6	533
51320at7041	Duplicated	OY294034.1	25720296	25713968	-	429.6	533
51359at7041	Complete	OY294028.1	26543767	26555534	+	357.7	233
51380at7041	Complete	OY294028.1	66611462	66613218	+	728.8	394
51443at7041	Complete	OY294034.1	1757729	1759246	+	468.8	253
51475at7041	Complete	OY294028.1	15500179	15506282	+	1332.6	683
51478at7041	Complete	OY294033.1	12757233	12762873	+	606.4	282
51487at7041	Complete	OY294029.1	193643	196304	+	1105.1	723
51516at7041	Complete	OY294028.1	49212337	49295037	+	915.0	524
51543at7041	Complete	OY294032.1	11674647	11606571	-	948.7	511
51562at7041	Complete	OY294029.1	7105133	7117026	+	439.1	225
51617at7041	Complete	OY294028.1	93065963	93063383	-	839.5	476
51646at7041	Complete	OY294028.1	79091832	79091093	-	327.6	205
51731at7041	Complete	OY294033.1	4737040	4748478	+	883.7	317
51752at7041	Complete	OY294028.1	87664915	87647558	-	1039.1	472
51784at7041	Complete	OY294028.1	22815128	22814034	-	660.8	317
51820at7041	Complete	OY294028.1	8935105	8934619	-	162.1	104
51964at7041	Complete	OY294032.1	7851315	7847322	-	637.4	372
52055at7041	Complete	OY294030.1	12981546	12986142	+	1357.2	771
52088at7041	Complete	OY294028.1	15848107	15847010	-	648.6	321
52123at7041	Complete	OY294028.1	11663266	11653141	-	1742.8	916
52134at7041	Complete	OY294030.1	32908828	32907761	-	495.4	289
52271at7041	Complete	OY294028.1	76933896	76941533	+	1334.8	762
52358at7041	Complete	OY294028.1	14073082	14082978	+	1381.3	791
52408at7041	Complete	OY294033.1	8924989	8933597	+	1359.3	785
52426at7041	Complete	OY294028.1	64077392	64080255	+	1390.1	709
52514at7041	Complete	OY294028.1	27936265	27930080	-	1357.4	847
52594at7041	Fragmented	OY294032.1	22018839	22020181	+	482.2	270
52614at7041	Complete	OY294031.1	9956789	9953187	-	1168.5	726
52669at7041	Complete	OY294033.1	2584394	2572661	-	486.2	246
52715at7041	Complete	OY294031.1	20185291	20181685	-	814.0	478
52777at7041	Complete	OY294028.1	89385132	89382918	-	965.6	526
52868at7041	Complete	OY294028.1	28249417	28260040	+	844.7	573
52887at7041	Complete	OY294032.1	36354164	36352448	-	323.5	179
52964at7041	Complete	OY294032.1	37951055	37952288	+	354.5	187
53082at7041	Complete	OY294031.1	8289435	8286781	-	825.9	529
53172at7041	Complete	OY294033.1	32112419	32109786	-	831.7	437
53181at7041	Complete	OY294029.1	1591420	1592839	+	679.3	389
53196at7041	Complete	OY294033.1	25820831	25817128	-	679.2	361
53284at7041	Complete	OY294032.1	27145167	27150240	+	988.4	636
53308at7041	Complete	OY294031.1	8667875	8660778	-	2000.7	949
53310at7041	Complete	OY294032.1	40534066	40536542	+	858.5	514
53365at7041	Complete	OY294028.1	26945103	26944396	-	370.4	199
53381at7041	Complete	OY294033.1	4317813	4323673	+	1435.9	771
53412at7041	Complete	OY294028.1	60634963	60681986	+	1075.0	604
53421at7041	Fragmented	OY294028.1	72055802	72056539	+	210.2	149
53438at7041	Complete	OY294028.1	48239772	48271730	+	1022.4	579
53518at7041	Complete	OY294028.1	26241306	26242383	+	553.2	346
53535at7041	Complete	OY294030.1	39566976	39571775	+	678.3	461
53572at7041	Complete	OY294031.1	29386293	29384897	-	345.0	210
53676at7041	Complete	OY294033.1	23609171	23607454	-	494.5	308
53711at7041	Complete	OY294032.1	1182526	1178783	-	421.6	242
53793at7041	Duplicated	OY294031.1	20979226	20980625	+	975.2	458
53793at7041	Duplicated	OY294029.1	8835143	8833399	-	1006.7	455
53805at7041	Complete	OY294030.1	3618932	3625088	+	1068.2	499
53838at7041	Complete	OY294028.1	74209489	74210783	+	485.2	311
53841at7041	Complete	OY294029.1	127416	124554	-	653.4	469
53883at7041	Complete	OY294031.1	23963803	23975461	+	690.7	387
53920at7041	Complete	OY294033.1	10749663	10752496	+	1327.6	754
53983at7041	Complete	OY294028.1	1809622	1816739	+	554.9	283
54012at7041	Complete	OY294031.1	1049364	1043139	-	1688.7	954
54021at7041	Complete	OY294028.1	70388099	70385130	-	620.1	376
54053at7041	Complete	OY294030.1	36299835	36299039	-	305.1	212
54135at7041	Complete	OY294031.1	8732908	8736841	+	692.6	340
54314at7041	Complete	OY294028.1	2173755	2174831	+	492.4	284
54490at7041	Complete	OY294034.1	19088751	19090373	+	654.9	361
54536at7041	Complete	OY294028.1	86425342	86424122	-	227.1	135
54547at7041	Complete	OY294028.1	21484427	21483954	-	222.8	154
54621at7041	Complete	OY294028.1	20842179	20841173	-	329.9	174
54678at7041	Complete	OY294030.1	26516507	26543493	+	1031.3	590
54715at7041	Complete	OY294032.1	27053399	27064230	+	1012.9	658
54745at7041	Complete	OY294032.1	5559185	5560413	+	327.3	179
54813at7041	Complete	OY294028.1	60894767	60905623	+	2355.3	1182
54842at7041	Complete	OY294030.1	42921360	42918808	-	1330.6	714
54853at7041	Complete	OY294034.1	8555495	8561295	+	940.3	614
54871at7041	Complete	OY294033.1	2262456	2260769	-	663.8	368
54936at7041	Complete	OY294034.1	30252493	30246995	-	296.7	141
54972at7041	Complete	OY294031.1	34532714	34531435	-	205.4	129
54990at7041	Complete	OY294028.1	1460610	1459080	-	575.1	367
55051at7041	Complete	OY294029.1	210986	212029	+	455.8	268
55213at7041	Complete	OY294028.1	86435223	86439042	+	2213.9	1038
55234at7041	Complete	OY294028.1	38065702	38066346	+	318.6	173
55256at7041	Complete	OY294028.1	60909799	60906043	-	551.6	460
55274at7041	Complete	OY294030.1	14501742	14494152	-	1432.0	948
55347at7041	Complete	OY294028.1	53454035	53474512	+	652.5	394
55434at7041	Complete	OY294031.1	16591170	16541105	-	2075.2	1105
55467at7041	Complete	OY294031.1	22410225	22398253	-	1124.6	536
55520at7041	Complete	OY294030.1	15928639	15911391	-	1863.6	1009
55521at7041	Complete	OY294031.1	701016	692902	-	3370.8	1865
55550at7041	Complete	OY294030.1	12627030	12624210	-	1472.8	833
55552at7041	Complete	OY294028.1	79061818	79070887	+	762.9	403
55561at7041	Complete	OY294031.1	1883929	1886662	+	808.2	553
55577at7041	Complete	OY294028.1	86632589	86629447	-	1897.0	941
55581at7041	Complete	OY294034.1	30555137	30563997	+	722.5	374
55586at7041	Complete	OY294028.1	51302965	51270159	-	996.2	487
55679at7041	Complete	OY294031.1	20614633	20615481	+	319.1	222
55687at7041	Complete	OY294028.1	15530115	15531200	+	505.3	299
55728at7041	Complete	OY294031.1	30907383	30928659	+	836.9	431
55783at7041	Complete	OY294028.1	38629034	38648330	+	1367.7	859
55821at7041	Complete	OY294032.1	2048847	2047111	-	924.3	475
55916at7041	Complete	OY294033.1	32126667	32123607	-	430.0	218
56028at7041	Complete	OY294028.1	11417586	11391415	-	822.9	414
56265at7041	Duplicated	OY294031.1	35683321	35679559	-	770.8	401
56265at7041	Duplicated	OY294034.1	4646319	4647710	+	758.2	399
56281at7041	Complete	OY294031.1	32402936	32403739	+	374.1	189
56282at7041	Complete	OY294032.1	5858318	5896012	+	1332.1	615
56328at7041	Complete	OY294028.1	44354554	44349924	-	1873.2	1231
56361at7041	Complete	OY294030.1	28470992	28473034	+	250.6	117
56377at7041	Complete	OY294031.1	35473657	35469719	-	1576.5	1072
56404at7041	Complete	OY294028.1	14546828	14552053	+	697.9	362
56435at7041	Complete	OY294028.1	73239807	73238887	-	393.6	264
56449at7041	Complete	OY294030.1	34568469	34573359	+	737.4	354
56454at7041	Complete	OY294031.1	25001015	24993007	-	2069.5	1157
56497at7041	Complete	OY294030.1	1574154	1572824	-	266.5	150
56535at7041	Complete	OY294028.1	74355098	74342118	-	690.4	472
56735at7041	Complete	OY294030.1	14556682	14556177	-	338.6	151
56837at7041	Complete	OY294032.1	40071673	40070592	-	353.9	246
56888at7041	Complete	OY294033.1	30174742	30186145	+	1945.7	902
56926at7041	Complete	OY294028.1	68507294	68508790	+	589.1	305
56956at7041	Complete	OY294029.1	2738491	2740041	+	793.4	467
56974at7041	Complete	OY294030.1	41035200	41038671	+	1368.7	764
57035at7041	Complete	OY294028.1	34110776	34080647	-	988.0	476
57053at7041	Complete	OY294033.1	11350141	11350901	+	313.2	172
57058at7041	Complete	OY294028.1	15670498	15674186	+	1604.8	948
57074at7041	Complete	OY294028.1	85196553	85198088	+	916.3	474
57146at7041	Complete	OY294028.1	39413292	39416926	+	701.5	351
57239at7041	Complete	OY294030.1	13066883	13065196	-	525.0	293
57244at7041	Complete	OY294031.1	1906791	1911230	+	888.4	607
57378at7041	Complete	OY294028.1	55328728	55332902	+	767.9	484
57428at7041	Complete	OY294033.1	10206783	10215808	+	4476.9	2055
57569at7041	Complete	OY294032.1	31509473	31508537	-	414.3	225
57581at7041	Complete	OY294030.1	13167008	13167861	+	391.3	201
57615at7041	Complete	OY294028.1	10459146	10451787	-	513.7	281
57669at7041	Complete	OY294032.1	33797899	33799752	+	732.8	583
57700at7041	Complete	OY294028.1	14616710	14628383	+	1827.7	801
57736at7041	Complete	OY294028.1	81814743	81813900	-	332.9	199
57765at7041	Complete	OY294030.1	15245367	15244234	-	680.6	302
57800at7041	Complete	OY294033.1	30082111	30081079	-	662.2	323
57908at7041	Complete	OY294030.1	3426001	3426534	+	329.4	161
58001at7041	Complete	OY294033.1	10175053	10165227	-	2330.9	1248
58066at7041	Complete	OY294030.1	3187694	3191699	+	1002.0	543
58106at7041	Complete	OY294028.1	9723927	9714010	-	819.5	402
58262at7041	Complete	OY294032.1	40269379	40270013	+	274.2	139
58351at7041	Complete	OY294029.1	38961273	38975969	+	573.0	563
58432at7041	Complete	OY294028.1	10662554	10664464	+	694.6	375
58460at7041	Complete	OY294030.1	4975389	4981568	+	643.6	344
58474at7041	Complete	OY294028.1	24583163	24583660	+	295.5	146
58484at7041	Complete	OY294028.1	19412460	19419626	+	1169.9	620
58489at7041	Complete	OY294028.1	69992475	69986728	-	350.0	237
58492at7041	Complete	OY294032.1	5812428	5817435	+	991.4	537
58501at7041	Complete	OY294028.1	6350345	6362728	+	553.6	307
58530at7041	Complete	OY294034.1	7937112	7924149	-	1195.6	830
58696at7041	Complete	OY294028.1	7248383	7247016	-	846.2	439
58719at7041	Complete	OY294030.1	40574203	40575856	+	724.3	333
58873at7041	Complete	OY294028.1	10659741	10656705	-	665.9	388
58916at7041	Complete	OY294028.1	2962446	2961604	-	256.4	148
58921at7041	Complete	OY294028.1	34638897	34629969	-	438.7	307
59005at7041	Complete	OY294030.1	43248547	43247333	-	649.5	359
59104at7041	Complete	OY294032.1	24087522	24095588	+	572.2	135
59134at7041	Complete	OY294028.1	84275023	84271876	-	697.4	387
59158at7041	Complete	OY294030.1	3436040	3434922	-	584.5	332
59175at7041	Duplicated	OY294033.1	6812257	6807208	-	1131.3	605
59175at7041	Duplicated	OY294033.1	18920143	18856330	-	1159.6	602
59293at7041	Complete	OY294034.1	31423155	31512812	+	1467.5	717
59300at7041	Complete	OY294028.1	56342435	56343095	+	304.3	155
59333at7041	Complete	OY294028.1	68961168	68961855	+	370.6	186
59353at7041	Complete	OY294028.1	88462855	88461998	-	592.7	280
59358at7041	Complete	OY294028.1	26946072	26953126	+	875.3	459
59398at7041	Complete	OY294028.1	2369617	2367998	-	752.5	397
59406at7041	Complete	OY294034.1	8156125	8121685	-	1616.4	871
59408at7041	Complete	OY294028.1	26564237	26574127	+	2992.1	1779
59537at7041	Complete	OY294032.1	34833899	34835597	+	418.6	277
59574at7041	Complete	OY294030.1	43131807	43131023	-	277.3	225
59671at7041	Complete	OY294032.1	6008944	6006724	-	1153.0	538
59696at7041	Complete	OY294031.1	1082454	1080441	-	653.4	323
59711at7041	Complete	OY294028.1	87374142	87380305	+	718.2	449
59809at7041	Complete	OY294031.1	20828230	20826110	-	835.3	502
59824at7041	Complete	OY294030.1	45339926	45338647	-	709.3	394
59842at7041	Complete	OY294028.1	5568221	5565880	-	975.7	476
59893at7041	Complete	OY294028.1	3363131	3368945	+	1206.3	656
59906at7041	Complete	OY294031.1	30654914	30662431	+	534.2	284
59914at7041	Complete	OY294028.1	75271357	75284398	+	1326.1	627
59929at7041	Complete	OY294031.1	10290155	10276408	-	263.4	188
59951at7041	Complete	OY294028.1	87217510	87213075	-	552.6	288
59956at7041	Complete	OY294033.1	21792056	21806028	+	1253.9	583
60009at7041	Complete	OY294031.1	36295019	36293049	-	649.5	398
60026at7041	Complete	OY294030.1	32477401	32488947	+	842.9	447
60087at7041	Complete	OY294028.1	93095869	93094032	-	389.1	222
60109at7041	Complete	OY294032.1	29351559	29350692	-	436.0	235
60173at7041	Complete	OY294028.1	33732202	33730427	-	335.4	270
60232at7041	Complete	OY294028.1	3092138	3093409	+	777.2	436
60234at7041	Complete	OY294030.1	39527397	39524121	-	1116.4	533
60309at7041	Complete	OY294031.1	20366483	20374205	+	245.4	141
60328at7041	Complete	OY294031.1	32457893	32457503	-	177.4	107
60367at7041	Complete	OY294028.1	79073777	79071282	-	1012.7	561
60495at7041	Complete	OY294028.1	34763348	34756877	-	953.9	634
60587at7041	Complete	OY294028.1	74595895	74595220	-	284.7	167
60590at7041	Complete	OY294031.1	38270240	38236340	-	906.8	430
60625at7041	Complete	OY294030.1	21669353	21667956	-	676.7	384
60633at7041	Complete	OY294033.1	30646341	30648229	+	719.5	351
60797at7041	Complete	OY294028.1	647480	650156	+	459.0	276
60799at7041	Complete	OY294030.1	12529153	12527346	-	902.5	423
60841at7041	Complete	OY294028.1	44161801	44170436	+	1091.6	753
60855at7041	Complete	OY294033.1	3350315	3353966	+	1442.4	796
60995at7041	Complete	OY294028.1	76599217	76606657	+	756.3	346
61038at7041	Complete	OY294030.1	5013517	5016566	+	1176.4	732
61046at7041	Complete	OY294031.1	601965	599444	-	1533.6	794
61207at7041	Complete	OY294032.1	37674391	37646856	-	665.2	330
61212at7041	Complete	OY294031.1	35598770	35599833	+	431.1	259
61280at7041	Complete	OY294028.1	32490029	32487062	-	630.6	423
61322at7041	Complete	OY294028.1	20684006	20683062	-	529.4	289
61327at7041	Complete	OY294031.1	24793424	24794662	+	488.7	309
61433at7041	Complete	OY294028.1	92830638	92828331	-	1078.7	564
61439at7041	Complete	OY294028.1	25088000	25094960	+	552.8	265
61458at7041	Complete	OY294034.1	30269183	30271300	+	879.8	493
61649at7041	Complete	OY294028.1	83023196	83024002	+	359.0	233
61660at7041	Complete	OY294033.1	4016089	4014955	-	378.4	265
61698at7041	Complete	OY294030.1	10306715	10307716	+	442.4	292
61709at7041	Complete	OY294029.1	3466343	3469062	+	586.1	465
61739at7041	Complete	OY294028.1	73065840	73067266	+	300.5	140
61760at7041	Complete	OY294034.1	25809567	25902406	+	726.5	313
61817at7041	Complete	OY294031.1	8786859	8792911	+	761.9	367
61824at7041	Complete	OY294029.1	52892654	52889194	-	564.1	272
62026at7041	Complete	OY294030.1	41841255	41840244	-	588.0	302
62041at7041	Complete	OY294032.1	34681077	34680221	-	336.5	237
62051at7041	Complete	OY294028.1	40975645	40974502	-	262.4	156
62114at7041	Complete	OY294032.1	3748722	3751287	+	594.7	297
62128at7041	Complete	OY294031.1	6683162	6684919	+	481.6	231
62305at7041	Complete	OY294032.1	1000704	996604	-	750.6	445
62318at7041	Complete	OY294029.1	15182316	15183184	+	349.1	213
62322at7041	Complete	OY294031.1	36568547	36550756	-	787.8	404
62328at7041	Complete	OY294031.1	30930369	30928212	-	198.5	91
62359at7041	Complete	OY294030.1	30711064	30712542	+	807.0	461
62414at7041	Complete	OY294033.1	28044238	28043502	-	217.2	147
62454at7041	Complete	OY294034.1	12377041	12378027	+	540.7	333
62562at7041	Complete	OY294030.1	17831451	17831032	-	165.3	94
62670at7041	Complete	OY294028.1	50606952	50605516	-	496.0	432
62724at7041	Complete	OY294033.1	1229280	1231064	+	495.0	320
62761at7041	Complete	OY294028.1	66220991	66221856	+	288.2	190
62874at7041	Complete	OY294032.1	9879338	9879937	+	179.7	130
62921at7041	Complete	OY294028.1	3606769	3608680	+	568.0	346
62951at7041	Complete	OY294028.1	73688314	73691006	+	323.4	201
62961at7041	Complete	OY294032.1	39863784	39865179	+	347.8	219
63030at7041	Complete	OY294030.1	31111676	31109240	-	680.8	482
63065at7041	Complete	OY294033.1	497068	496363	-	237.7	143
63112at7041	Complete	OY294028.1	74306158	74306979	+	376.7	218
63145at7041	Complete	OY294028.1	76749445	76747003	-	1492.9	721
63152at7041	Complete	OY294031.1	8356856	8355737	-	535.7	303
63239at7041	Complete	OY294031.1	10171951	10170593	-	487.7	358
63242at7041	Complete	OY294030.1	38447077	38445117	-	1134.3	550
63423at7041	Complete	OY294034.1	31212162	31214327	+	927.3	478
63444at7041	Complete	OY294029.1	954846	952887	-	726.7	461
63496at7041	Complete	OY294028.1	75255622	75259017	+	1443.2	718
63537at7041	Complete	OY294034.1	25622932	25624590	+	949.6	479
63595at7041	Complete	OY294028.1	79825067	79827257	+	873.8	564
63620at7041	Complete	OY294030.1	41044242	41045230	+	500.6	284
63674at7041	Complete	OY294028.1	73563977	73553809	-	655.1	311
63703at7041	Complete	OY294028.1	2481196	2480642	-	135.6	87
63734at7041	Complete	OY294028.1	15659198	15650858	-	886.0	474
63764at7041	Complete	OY294031.1	10159731	10164055	+	517.9	360
63798at7041	Complete	OY294033.1	14703643	14666110	-	397.6	230
63874at7041	Complete	OY294028.1	51465566	51475567	+	826.9	415
63882at7041	Complete	OY294033.1	31204091	31208898	+	2150.9	1244
64000at7041	Complete	OY294033.1	4296219	4313140	+	2028.3	1005
64010at7041	Complete	OY294028.1	74318588	74323342	+	395.3	210
64062at7041	Complete	OY294031.1	36233076	36235981	+	491.1	265
64109at7041	Complete	OY294033.1	12904034	12902194	-	441.5	334
64117at7041	Complete	OY294028.1	37289899	37289157	-	400.9	201
64120at7041	Complete	OY294031.1	2821327	2817744	-	1164.6	897
64171at7041	Complete	OY294028.1	90870897	90877921	+	685.6	485
64186at7041	Complete	OY294031.1	40146818	40145724	-	508.9	358
64199at7041	Complete	OY294028.1	39624353	39600745	-	695.1	402
64203at7041	Complete	OY294029.1	4773881	4770060	-	596.0	284
64233at7041	Complete	OY294028.1	7906457	7892758	-	581.5	297
64249at7041	Complete	OY294028.1	87104722	87103718	-	697.5	308
64269at7041	Complete	OY294034.1	5435532	5418220	-	760.2	370
64407at7041	Complete	OY294028.1	26153620	26150045	-	1257.9	647
64415at7041	Complete	OY294031.1	3790818	3786918	-	715.9	423
64463at7041	Complete	OY294032.1	32940804	32939826	-	514.3	252
64521at7041	Duplicated	OY294033.1	10941311	10943530	+	1107.6	693
64521at7041	Duplicated	OY294028.1	57300962	57298746	-	1094.2	690
64522at7041	Complete	OY294030.1	48432125	48434274	+	658.0	372
64571at7041	Complete	OY294030.1	29015781	29017179	+	547.8	335
64595at7041	Complete	OY294032.1	40195970	40194517	-	466.3	293
64787at7041	Complete	OY294028.1	79150005	79151340	+	722.9	347
64816at7041	Duplicated	OY294034.1	28999276	29004794	+	2017.5	1015
64816at7041	Duplicated	OY294031.1	35224845	35215861	-	1838.8	1015
64925at7041	Complete	OY294032.1	22625964	22627742	+	575.0	445
64945at7041	Complete	OY294034.1	7123263	7122217	-	646.2	330
64973at7041	Complete	OY294028.1	19702657	19702184	-	204.7	135
65003at7041	Complete	OY294033.1	10353325	10353825	+	359.3	162
65038at7041	Complete	OY294030.1	20306875	20307923	+	322.3	212
65068at7041	Complete	OY294031.1	36007430	36016602	+	1378.7	724
65101at7041	Complete	OY294031.1	31815281	31817430	+	1254.9	634
65186at7041	Complete	OY294028.1	22854314	22857127	+	818.8	529
65332at7041	Complete	OY294029.1	13584725	13585438	+	276.5	186
65404at7041	Complete	OY294028.1	21200776	21199086	-	778.0	409
65492at7041	Complete	OY294031.1	35428825	35458842	+	3218.3	1800
65511at7041	Complete	OY294028.1	73518838	73517807	-	468.0	271
65542at7041	Complete	OY294029.1	3481508	3482962	+	701.9	452
65625at7041	Complete	OY294030.1	47302215	47301733	-	207.8	110
65639at7041	Complete	OY294028.1	92986666	92988852	+	1321.7	658
65654at7041	Complete	OY294028.1	90741042	90742421	+	620.2	348
65820at7041	Complete	OY294032.1	5569598	5564202	-	482.0	261
65909at7041	Complete	OY294028.1	70040575	70024455	-	4845.5	2325
65982at7041	Complete	OY294030.1	34561285	34559929	-	525.5	413
66003at7041	Complete	OY294028.1	14637606	14635679	-	441.1	269
66008at7041	Fragmented	OY294030.1	10166860	10179604	+	453.8	255
66082at7041	Complete	OY294028.1	36626792	36628042	+	435.1	317
66148at7041	Complete	OY294029.1	52833521	52834405	+	477.3	294
66170at7041	Complete	OY294030.1	28853107	28870964	+	1367.9	776
66230at7041	Complete	OY294030.1	8365293	8364780	-	268.4	144
66328at7041	Complete	OY294031.1	26580032	26582058	+	972.0	501
66395at7041	Complete	OY294032.1	38354884	38355699	+	358.9	203
66570at7041	Complete	OY294033.1	31348137	31349116	+	437.8	252
66709at7041	Complete	OY294033.1	17321330	17329932	+	184.4	116
66712at7041	Complete	OY294028.1	90707522	90711968	+	2115.3	1225
66820at7041	Complete	OY294033.1	6667805	6663851	-	467.3	320
66843at7041	Complete	OY294028.1	92348506	92349236	+	393.0	203
66856at7041	Complete	OY294031.1	2321409	2327122	+	1381.0	660
66890at7041	Complete	OY294029.1	3637206	3639026	+	512.1	248
66900at7041	Complete	OY294028.1	33663744	33659496	-	1355.3	835
67129at7041	Complete	OY294033.1	16670665	16676952	+	1399.1	699
67137at7041	Complete	OY294033.1	31975467	31976459	+	655.4	329
67153at7041	Complete	OY294029.1	6786165	6750005	-	633.7	357
67187at7041	Complete	OY294033.1	20591398	20588256	-	982.4	589
67200at7041	Complete	OY294030.1	41700855	41740555	+	409.0	234
67252at7041	Complete	OY294029.1	3481195	3480111	-	439.7	278
67257at7041	Complete	OY294034.1	28251297	28248111	-	537.3	335
67274at7041	Complete	OY294028.1	66998535	66996667	-	924.2	564
67288at7041	Complete	OY294031.1	37024604	37025883	+	590.1	306
67298at7041	Complete	OY294031.1	13594845	13593787	-	289.8	192
67593at7041	Complete	OY294030.1	42269892	42271559	+	766.5	457
67668at7041	Complete	OY294031.1	17216394	17217588	+	427.7	312
67744at7041	Complete	OY294029.1	321935	318705	-	1222.3	793
67835at7041	Complete	OY294034.1	1929497	1923664	-	377.9	460
67879at7041	Complete	OY294032.1	24421204	24410952	-	315.1	220
67956at7041	Complete	OY294032.1	31588694	31597524	+	479.2	259
68030at7041	Complete	OY294032.1	9804964	9809687	+	581.3	410
68032at7041	Complete	OY294031.1	30039764	30038843	-	307.7	253
68098at7041	Complete	OY294028.1	59061181	59122483	+	1053.0	512
68146at7041	Complete	OY294031.1	22918044	22917318	-	320.9	179
68147at7041	Complete	OY294028.1	92834056	92833462	-	291.5	155
68148at7041	Complete	OY294032.1	40527474	40528359	+	429.0	195
68160at7041	Complete	OY294028.1	56087247	56092882	+	1451.0	866
68195at7041	Complete	OY294034.1	21041779	21020864	-	1298.2	702
68231at7041	Complete	OY294029.1	41642930	41642369	-	261.3	145
68385at7041	Complete	OY294029.1	15302537	15308387	+	1044.6	738
68393at7041	Complete	OY294033.1	24208677	24212885	+	1533.3	768
68414at7041	Complete	OY294028.1	42752646	42756245	+	594.2	294
68426at7041	Complete	OY294033.1	21657168	21652134	-	2578.5	1295
68473at7041	Complete	OY294032.1	973769	971389	-	994.0	565
68545at7041	Complete	OY294032.1	13607083	13593665	-	505.5	308
68567at7041	Complete	OY294028.1	14311732	14312529	+	368.6	205
68589at7041	Complete	OY294028.1	74837429	74838071	+	319.1	161
68601at7041	Complete	OY294028.1	89637869	89636253	-	572.6	402
68623at7041	Complete	OY294033.1	20444967	20444332	-	346.7	174
68814at7041	Complete	OY294028.1	19319661	19320664	+	358.2	206
68930at7041	Complete	OY294032.1	22706981	22709581	+	696.8	508
68931at7041	Complete	OY294031.1	30828989	30832931	+	776.2	464
68969at7041	Complete	OY294029.1	50694989	50692484	-	557.2	310
68970at7041	Complete	OY294033.1	31057996	31057271	-	371.3	222
69143at7041	Complete	OY294033.1	1973690	1975079	+	188.1	124
69163at7041	Complete	OY294030.1	47932260	47934988	+	868.8	716
69299at7041	Complete	OY294028.1	31334930	31331074	-	940.2	579
69321at7041	Complete	OY294031.1	36006887	36005049	-	574.1	441
69348at7041	Complete	OY294028.1	64538461	64536527	-	924.5	574
69350at7041	Complete	OY294031.1	33238804	33245587	+	368.4	220
69401at7041	Complete	OY294033.1	9039505	9048331	+	834.3	419
69413at7041	Complete	OY294031.1	26270806	26266463	-	352.2	245
69481at7041	Complete	OY294028.1	83201712	83200958	-	243.2	146
69484at7041	Complete	OY294028.1	54501448	54579275	+	1494.3	785
69498at7041	Complete	OY294034.1	1760016	1765027	+	1036.0	493
69568at7041	Complete	OY294030.1	15752169	15750985	-	559.0	308
69604at7041	Complete	OY294029.1	7274817	7281255	+	792.4	550
69628at7041	Complete	OY294028.1	2226700	2228115	+	661.0	400
69647at7041	Complete	OY294033.1	17360264	17330745	-	1616.7	787
69672at7041	Complete	OY294031.1	23076446	23071042	-	355.5	391
69674at7041	Complete	OY294033.1	15408810	15360749	-	2060.4	1089
69710at7041	Complete	OY294028.1	1320715	1318653	-	714.6	427
69711at7041	Complete	OY294031.1	23666605	23665256	-	658.8	367
69749at7041	Complete	OY294031.1	9797614	9796997	-	311.4	198
69820at7041	Complete	OY294031.1	8140083	8133558	-	871.7	421
70060at7041	Complete	OY294031.1	11078580	11079756	+	421.5	261
70068at7041	Complete	OY294031.1	13576760	13571263	-	1468.3	898
70169at7041	Complete	OY294028.1	79084225	79089962	+	1232.1	769
70191at7041	Complete	OY294028.1	81982998	81984503	+	431.8	283
70238at7041	Complete	OY294028.1	90322962	90323675	+	211.1	155
70366at7041	Complete	OY294033.1	30710900	30709199	-	433.3	291
70405at7041	Complete	OY294031.1	14146969	14139007	-	1655.4	878
70521at7041	Complete	OY294029.1	4683814	4685223	+	536.7	286
70566at7041	Complete	OY294031.1	1949815	1942004	-	493.1	317
70572at7041	Complete	OY294030.1	12630104	12629178	-	592.4	305
70648at7041	Complete	OY294033.1	17247584	17254032	+	784.3	444
70655at7041	Complete	OY294029.1	4250431	4250978	+	193.9	118
70709at7041	Complete	OY294028.1	74551848	74554227	+	877.8	521
70723at7041	Complete	OY294034.1	7775670	7774027	-	606.1	384
70811at7041	Complete	OY294034.1	8566326	8562282	-	342.5	258
70824at7041	Complete	OY294028.1	73081815	73083137	+	524.6	304
70840at7041	Complete	OY294032.1	34081585	34089283	+	463.1	227
70927at7041	Complete	OY294034.1	30451089	30448117	-	1006.0	568
70931at7041	Complete	OY294031.1	30627879	30622357	-	1098.3	556
70968at7041	Complete	OY294033.1	18990690	19004270	+	4025.0	1943
71018at7041	Complete	OY294034.1	14985661	14986817	+	452.9	256
71037at7041	Complete	OY294030.1	40101072	40130664	+	853.8	254
71051at7041	Complete	OY294030.1	4236377	4246776	+	2580.5	1295
71083at7041	Complete	OY294028.1	1870652	1892836	+	1156.4	592
71090at7041	Complete	OY294034.1	30854734	30839754	-	160.3	125
71097at7041	Complete	OY294032.1	26471443	26475162	+	568.1	374
71128at7041	Complete	OY294029.1	128292	129392	+	450.1	370
71152at7041	Complete	OY294028.1	76079487	76080543	+	285.5	182
71160at7041	Complete	OY294033.1	4417258	4413920	-	1794.8	986
71261at7041	Complete	OY294032.1	3124010	3122769	-	769.4	389
71289at7041	Complete	OY294030.1	13392522	13391189	-	781.8	420
71398at7041	Complete	OY294028.1	44221655	44226701	+	202.2	165
71403at7041	Complete	OY294028.1	48030857	48029010	-	886.1	507
71414at7041	Complete	OY294033.1	5636206	5597461	-	1025.5	538
71465at7041	Complete	OY294031.1	38972055	38973955	+	938.4	470
71466at7041	Complete	OY294028.1	87124526	87128821	+	636.9	331
71518at7041	Complete	OY294033.1	16100253	16090859	-	2540.3	1348
71553at7041	Complete	OY294030.1	46337586	46333027	-	562.5	453
71555at7041	Complete	OY294033.1	23577678	23576606	-	644.7	308
71678at7041	Complete	OY294028.1	22967200	22966245	-	314.4	226
71763at7041	Complete	OY294030.1	11222654	11215396	-	1136.0	591
71768at7041	Complete	OY294030.1	10448306	10446213	-	400.6	243
71942at7041	Complete	OY294028.1	22265751	22256806	-	614.6	339
72102at7041	Complete	OY294031.1	22462137	22463245	+	541.0	281
72130at7041	Complete	OY294031.1	15984172	15982573	-	428.5	216
72183at7041	Complete	OY294033.1	21332272	21334712	+	1066.3	580
72185at7041	Complete	OY294028.1	87254831	87245393	-	937.5	508
72222at7041	Complete	OY294029.1	12742456	12736444	-	1245.8	652
72318at7041	Complete	OY294033.1	1251822	1251078	-	329.4	178
72476at7041	Complete	OY294032.1	39779205	39776648	-	959.3	477
72501at7041	Complete	OY294028.1	16382742	16394750	+	639.7	363
72709at7041	Complete	OY294031.1	19501652	19479441	-	439.3	214
72721at7041	Complete	OY294031.1	22656977	22653875	-	1240.1	634
72741at7041	Complete	OY294034.1	30207967	30209658	+	657.3	420
72880at7041	Complete	OY294029.1	44490968	44486173	-	242.2	247
72896at7041	Complete	OY294028.1	26142825	26143921	+	610.5	311
72939at7041	Complete	OY294028.1	14900236	14898029	-	842.6	581
72997at7041	Complete	OY294029.1	51890627	51888121	-	514.7	266
73007at7041	Complete	OY294034.1	26783851	26784809	+	310.0	200
73020at7041	Complete	OY294028.1	72048358	72033528	-	903.3	471
73038at7041	Complete	OY294028.1	92449378	92449813	+	254.5	127
73096at7041	Complete	OY294032.1	34815514	34816601	+	384.8	255
73339at7041	Complete	OY294028.1	58830457	58831125	+	189.7	176
73383at7041	Complete	OY294032.1	34675322	34674312	-	439.0	231
73539at7041	Complete	OY294028.1	70636006	70635362	-	251.6	171
73550at7041	Complete	OY294028.1	65099028	65096331	-	1688.9	784
73584at7041	Complete	OY294031.1	37758132	37757532	-	328.1	161
73609at7041	Complete	OY294033.1	27686714	27684204	-	1054.3	642
73659at7041	Complete	OY294031.1	13487711	13479579	-	1540.9	815
73743at7041	Complete	OY294030.1	45612873	45610206	-	1219.1	615
73781at7041	Complete	OY294033.1	9253805	9256582	+	1509.2	829
73810at7041	Complete	OY294028.1	57389486	57395187	+	1631.5	929
73862at7041	Complete	OY294028.1	16147915	16147252	-	119.7	128
73972at7041	Complete	OY294028.1	84175355	84226593	+	1002.4	501
73991at7041	Complete	OY294030.1	47985465	48011508	+	911.1	441
74167at7041	Complete	OY294028.1	9593642	9597190	+	255.7	148
74174at7041	Complete	OY294032.1	40305403	40309551	+	953.8	469
74392at7041	Complete	OY294033.1	17599802	17601121	+	336.4	310
74425at7041	Complete	OY294031.1	30828163	30821322	-	919.1	595
74475at7041	Duplicated	OY294029.1	38711878	38719476	+	159.6	252
74475at7041	Duplicated	OY294032.1	26727845	26722678	-	180.8	244
74506at7041	Complete	OY294034.1	1347239	1345460	-	566.2	337
74598at7041	Complete	OY294028.1	34801233	34803117	+	373.0	329
74599at7041	Complete	OY294030.1	47730696	47728585	-	522.1	268
74685at7041	Complete	OY294028.1	69257553	69267728	+	589.2	363
74706at7041	Complete	OY294028.1	90327182	90331933	+	1542.1	818
74755at7041	Complete	OY294028.1	18298644	18299114	+	260.0	150
74765at7041	Complete	OY294034.1	24323603	24312867	-	2138.6	1632
74978at7041	Complete	OY294030.1	34895405	34904640	+	1054.1	584
75014at7041	Complete	OY294032.1	38118380	38116216	-	584.1	319
75037at7041	Complete	OY294028.1	93120058	93120939	+	283.6	200
75078at7041	Complete	OY294029.1	8419195	8421053	+	891.0	503
75088at7041	Complete	OY294028.1	86425434	86426150	+	439.1	237
75165at7041	Complete	OY294033.1	5323421	5316622	-	848.3	590
75173at7041	Complete	OY294034.1	22360373	22367774	+	1188.0	672
75226at7041	Complete	OY294028.1	88996813	88998269	+	583.5	308
75259at7041	Complete	OY294032.1	750452	754066	+	760.4	532
75280at7041	Complete	OY294028.1	57969924	57970862	+	493.5	293
75303at7041	Complete	OY294030.1	38658588	38657729	-	467.7	259
75367at7041	Complete	OY294028.1	73432454	73438059	+	386.7	217
75419at7041	Complete	OY294031.1	24538792	24538056	-	264.7	146
75423at7041	Complete	OY294033.1	28858424	28852824	-	1268.9	734
75427at7041	Complete	OY294033.1	28607214	28607972	+	174.3	165
75473at7041	Complete	OY294030.1	7570979	7572218	+	558.0	354
75544at7041	Complete	OY294028.1	68251259	68253764	+	1330.3	653
75550at7041	Complete	OY294031.1	621647	622799	+	480.9	273
75553at7041	Complete	OY294028.1	73546043	73547910	+	983.6	540
75611at7041	Complete	OY294030.1	12664479	12663210	-	496.4	296
75614at7041	Complete	OY294030.1	33492672	33499651	+	1437.3	773
75629at7041	Complete	OY294028.1	1470271	1467999	-	724.3	478
75689at7041	Complete	OY294034.1	22344457	22343148	-	484.8	283
75747at7041	Complete	OY294028.1	20690812	20689690	-	691.9	327
75754at7041	Complete	OY294033.1	3533995	3535221	+	413.7	283
75772at7041	Complete	OY294028.1	85210586	85211248	+	288.7	148
75799at7041	Complete	OY294028.1	92637527	92634574	-	589.6	334
75952at7041	Complete	OY294031.1	36771890	36772960	+	271.5	205
76003at7041	Complete	OY294028.1	90752591	90751889	-	255.6	182
76011at7041	Complete	OY294030.1	42960959	42938989	-	1376.8	661
76041at7041	Complete	OY294033.1	23640715	23641431	+	440.1	218
76053at7041	Complete	OY294031.1	34766452	34776469	+	719.0	443
76076at7041	Complete	OY294028.1	61786493	61767646	-	576.7	358
76103at7041	Complete	OY294030.1	10449636	10448617	-	171.8	173
76130at7041	Complete	OY294033.1	24906811	24883840	-	558.8	315
76143at7041	Complete	OY294033.1	11742226	11740113	-	595.1	479
76177at7041	Complete	OY294031.1	10204078	10192146	-	906.8	439
76228at7041	Complete	OY294028.1	34727094	34728026	+	537.7	299
76338at7041	Complete	OY294032.1	9867980	9877066	+	2823.4	1673
76376at7041	Fragmented	OY294030.1	47742308	47740672	-	293.4	179
76533at7041	Complete	OY294029.1	6562990	6562413	-	172.6	110
76550at7041	Complete	OY294034.1	8201357	8206671	+	999.1	492
76568at7041	Complete	OY294031.1	11671691	11663141	-	461.2	494
76602at7041	Complete	OY294031.1	12405803	12405330	-	251.5	125
76651at7041	Complete	OY294029.1	2966125	2969085	+	958.3	574
76654at7041	Complete	OY294028.1	57589890	57581475	-	1069.5	683
76705at7041	Complete	OY294033.1	30581544	30579542	-	548.0	293
76725at7041	Complete	OY294028.1	60632277	60629834	-	939.0	549
76826at7041	Complete	OY294028.1	85527396	85528472	+	602.0	334
77018at7041	Complete	OY294033.1	3296375	3297079	+	427.7	230
77170at7041	Complete	OY294029.1	939839	938163	-	233.5	134
77196at7041	Complete	OY294034.1	29235012	29239963	+	1728.4	966
77476at7041	Complete	OY294030.1	3883577	3877947	-	472.4	263
77487at7041	Complete	OY294028.1	40890512	40903282	+	821.1	484
77498at7041	Complete	OY294028.1	70765719	70764210	-	703.6	376
77510at7041	Complete	OY294033.1	11687706	11684324	-	848.9	580
77512at7041	Complete	OY294034.1	1359379	1360489	+	587.1	315
77593at7041	Complete	OY294034.1	1590373	1598815	+	1638.5	862
77693at7041	Complete	OY294032.1	10455765	10453781	-	1015.9	558
77700at7041	Complete	OY294030.1	45609505	45607313	-	780.0	488
77734at7041	Complete	OY294028.1	63922674	63921070	-	582.7	364
77758at7041	Complete	OY294028.1	56329788	56328533	-	412.4	215
77787at7041	Complete	OY294033.1	30080367	30075847	-	476.7	281
77811at7041	Complete	OY294031.1	5964581	5969135	+	718.4	505
77905at7041	Complete	OY294030.1	20225113	20223930	-	585.6	305
77910at7041	Complete	OY294028.1	52040992	52053772	+	642.4	399
78215at7041	Complete	OY294031.1	36194656	36193881	-	375.3	199
78248at7041	Complete	OY294031.1	39958456	39960119	+	435.6	293
78271at7041	Complete	OY294034.1	21130367	21114013	-	4978.7	2875
78356at7041	Complete	OY294031.1	9059332	9063094	+	1755.1	931
78361at7041	Complete	OY294030.1	3559321	3558632	-	288.1	153
78368at7041	Complete	OY294029.1	41581853	41613369	+	1090.5	538
78369at7041	Complete	OY294028.1	91279015	91215261	-	1169.9	574
78442at7041	Complete	OY294031.1	13267725	13268978	+	656.8	378
78463at7041	Complete	OY294033.1	11048863	11054151	+	788.6	419
78665at7041	Complete	OY294031.1	8943263	8959350	+	982.6	604
78668at7041	Complete	OY294030.1	31771645	31771238	-	236.1	126
78691at7041	Complete	OY294028.1	92039600	92002479	-	1633.5	911
78742at7041	Complete	OY294031.1	26292092	26281532	-	1335.7	797
78770at7041	Complete	OY294028.1	31150869	31135622	-	173.2	157
78778at7041	Complete	OY294028.1	69824911	69825881	+	462.9	275
78966at7041	Complete	OY294030.1	41051323	41052223	+	397.5	276
79082at7041	Complete	OY294028.1	27192695	27194598	+	817.6	421
79192at7041	Complete	OY294029.1	6956419	6955982	-	193.5	119
79216at7041	Complete	OY294028.1	20309122	20310419	+	482.0	272
79281at7041	Complete	OY294032.1	36351090	36349632	-	601.1	308
79467at7041	Complete	OY294030.1	3396645	3398968	+	1229.0	606
79515at7041	Complete	OY294033.1	17493760	17491443	-	1120.1	656
79642at7041	Complete	OY294031.1	32546033	32548038	+	600.9	396
79646at7041	Complete	OY294029.1	3069589	3049727	-	808.8	405
79659at7041	Complete	OY294028.1	33022738	33018638	-	407.3	341
79694at7041	Complete	OY294032.1	12770294	12771161	+	406.1	223
79785at7041	Complete	OY294033.1	20258360	20259331	+	574.7	307
79838at7041	Complete	OY294028.1	44306276	44304997	-	630.3	360
79961at7041	Complete	OY294033.1	2848586	2849724	+	459.6	280
80014at7041	Complete	OY294029.1	16600286	16601461	+	392.2	325
80069at7041	Complete	OY294032.1	829187	830981	+	283.2	260
80072at7041	Complete	OY294031.1	22660097	22661973	+	732.6	374
80148at7041	Complete	OY294034.1	24992493	25005852	+	871.0	510
80179at7041	Complete	OY294032.1	31519020	31519721	+	312.2	204
80272at7041	Complete	OY294028.1	70210253	70208981	-	390.2	265
80364at7041	Complete	OY294031.1	29882573	29883748	+	208.2	185
80487at7041	Complete	OY294028.1	63129818	63140375	+	947.0	669
80563at7041	Complete	OY294031.1	10920400	10922034	+	568.9	383
80601at7041	Complete	OY294030.1	32143205	32142399	-	225.4	122
80745at7041	Complete	OY294031.1	8414851	8413409	-	454.4	296
80757at7041	Complete	OY294031.1	954756	951055	-	1441.0	894
80792at7041	Complete	OY294028.1	70015329	70016158	+	340.5	201
80821at7041	Complete	OY294033.1	25815655	25819433	+	644.5	475
80870at7041	Complete	OY294028.1	61068859	61063090	-	984.0	614
80890at7041	Complete	OY294028.1	90984169	90980534	-	541.6	337
80919at7041	Complete	OY294030.1	15406860	15405823	-	541.2	316
80931at7041	Complete	OY294028.1	92495798	92494626	-	558.3	374
80961at7041	Complete	OY294028.1	907162	903596	-	1002.1	725
80981at7041	Complete	OY294028.1	80660073	80660872	+	385.0	244
81103at7041	Complete	OY294032.1	23684251	23677749	-	1462.8	737
81146at7041	Complete	OY294031.1	20832296	20835935	+	624.6	293
81198at7041	Complete	OY294028.1	34825362	34827013	+	662.0	421
81199at7041	Complete	OY294028.1	63446138	63447377	+	551.4	273
81311at7041	Complete	OY294031.1	3055087	3038143	-	1721.6	943
81322at7041	Complete	OY294033.1	29895905	29896366	+	225.8	137
81353at7041	Complete	OY294030.1	47235523	47236288	+	358.7	231
81411at7041	Complete	OY294030.1	34547779	34556420	+	972.7	423
81668at7041	Complete	OY294028.1	92725339	92726225	+	504.1	270
81670at7041	Complete	OY294031.1	38484724	38490061	+	2590.5	1318
81674at7041	Complete	OY294028.1	3002339	3001446	-	340.2	236
81824at7041	Complete	OY294031.1	1039040	1037586	-	519.5	268
81840at7041	Complete	OY294028.1	80050882	80090321	+	802.1	463
81948at7041	Complete	OY294033.1	18971897	18965626	-	892.0	481
82021at7041	Complete	OY294028.1	82065152	82060432	-	755.1	435
82054at7041	Complete	OY294033.1	17145450	17139002	-	409.2	249
82064at7041	Complete	OY294028.1	81489897	81482505	-	878.6	407
82079at7041	Complete	OY294028.1	57625776	57596622	-	1385.6	854
82105at7041	Complete	OY294028.1	41833096	41818421	-	723.2	396
82237at7041	Complete	OY294028.1	73599622	73584695	-	385.6	263
82297at7041	Complete	OY294031.1	8803261	8811244	+	909.7	433
82298at7041	Complete	OY294030.1	12119398	12130072	+	564.5	496
82327at7041	Complete	OY294030.1	47717480	47718570	+	382.8	201
82356at7041	Duplicated	OY294031.1	24678654	24677326	-	760.5	441
82356at7041	Duplicated	OY294030.1	37779075	37774281	-	846.0	440
82362at7041	Complete	OY294030.1	10315794	10317059	+	534.2	344
82406at7041	Complete	OY294030.1	13059436	13064407	+	764.5	590
82423at7041	Complete	OY294028.1	5564600	5559811	-	1637.0	1039
82441at7041	Complete	OY294030.1	15958585	15963199	+	126.5	157
82453at7041	Complete	OY294034.1	29455785	29451882	-	564.2	281
82456at7041	Complete	OY294030.1	45458560	45460179	+	251.0	135
82480at7041	Complete	OY294028.1	70575621	70619438	+	428.6	259
82560at7041	Complete	OY294031.1	30710724	30712297	+	786.3	427
82616at7041	Complete	OY294028.1	80692880	80663199	-	1125.1	630
82660at7041	Complete	OY294030.1	47930780	47931787	+	612.3	324
82676at7041	Complete	OY294028.1	56381175	56381803	+	183.0	120
82691at7041	Complete	OY294032.1	27052576	27051080	-	643.8	340
82750at7041	Complete	OY294031.1	20238548	20237722	-	340.3	205
82766at7041	Complete	OY294029.1	44778305	44782732	+	590.5	332
82808at7041	Complete	OY294028.1	48046760	48058816	+	631.4	379
82946at7041	Complete	OY294028.1	67550342	67547787	-	807.6	603
82957at7041	Complete	OY294033.1	1037267	1039638	+	523.3	418
82989at7041	Complete	OY294034.1	8576489	8585077	+	620.3	284
83031at7041	Complete	OY294032.1	1156378	1156892	+	247.3	139
83194at7041	Complete	OY294033.1	3675745	3723519	+	655.9	337
83264at7041	Complete	OY294031.1	9636322	9637966	+	621.5	359
83294at7041	Complete	OY294028.1	29814249	29814670	+	158.5	95
83333at7041	Complete	OY294028.1	937729	939675	+	581.9	424
83506at7041	Complete	OY294028.1	12455742	12461342	+	1597.0	1020
83510at7041	Complete	OY294031.1	25725830	25727667	+	411.8	238
83539at7041	Complete	OY294030.1	12058790	12058019	-	293.7	204
83556at7041	Complete	OY294032.1	34855276	34856250	+	588.2	306
83565at7041	Complete	OY294034.1	4086275	4055582	-	564.7	386
83583at7041	Complete	OY294030.1	10125979	10135856	+	833.3	693
83594at7041	Complete	OY294032.1	28921746	28924048	+	705.6	585
83671at7041	Complete	OY294033.1	23699721	23698223	-	719.8	430
83680at7041	Complete	OY294033.1	20591578	20606956	+	2296.1	1331
83685at7041	Complete	OY294028.1	73036647	72985985	-	267.9	129
83693at7041	Complete	OY294032.1	40579871	40583238	+	535.4	362
83776at7041	Complete	OY294033.1	14384480	14376785	-	576.1	554
83821at7041	Complete	OY294030.1	36553675	36644934	+	736.8	420
83906at7041	Complete	OY294028.1	82855027	82855923	+	371.2	209
83908at7041	Complete	OY294030.1	41043504	41042767	-	263.2	145
83968at7041	Complete	OY294029.1	327023	330120	+	731.7	425
84030at7041	Complete	OY294032.1	6987324	6978860	-	1996.4	1135
84065at7041	Complete	OY294031.1	38132898	38133506	+	301.6	165
84083at7041	Complete	OY294031.1	29277430	29274682	-	755.5	342
84088at7041	Complete	OY294029.1	6302449	6300896	-	601.2	359
84186at7041	Fragmented	OY294029.1	43723444	43724144	+	297.6	180
84273at7041	Complete	OY294028.1	10307681	10315717	+	378.3	193
84279at7041	Complete	OY294034.1	1166177	1187908	+	1405.6	742
84352at7041	Complete	OY294032.1	34671031	34671705	+	232.1	151
84376at7041	Complete	OY294032.1	37297485	37300223	+	926.8	657
84395at7041	Complete	OY294028.1	81089846	81084648	-	1374.9	1035
84402at7041	Complete	OY294028.1	5290728	5283956	-	610.9	322
84411at7041	Complete	OY294030.1	3763410	3764361	+	458.8	253
84474at7041	Complete	OY294031.1	39548129	39546331	-	780.2	386
84627at7041	Complete	OY294028.1	92943030	92940958	-	536.9	292
84675at7041	Complete	OY294034.1	14167914	14179652	+	621.9	549
84690at7041	Complete	OY294028.1	84689840	84693000	+	1425.4	874
84698at7041	Complete	OY294031.1	1808089	1809260	+	382.2	210
84699at7041	Complete	OY294029.1	51892138	51893546	+	440.7	266
84753at7041	Complete	OY294033.1	16973642	16974702	+	602.8	319
84905at7041	Complete	OY294028.1	81771621	81780362	+	327.6	156
84925at7041	Complete	OY294028.1	66829507	66827073	-	1189.4	663
84932at7041	Complete	OY294033.1	2258668	2259816	+	455.8	269
84939at7041	Complete	OY294033.1	10162032	10165116	+	1422.7	829
84977at7041	Complete	OY294029.1	15321036	15318177	-	686.9	519
84984at7041	Complete	OY294034.1	26386718	26346087	-	382.5	188
84994at7041	Complete	OY294028.1	15649931	15649065	-	449.8	242
85004at7041	Complete	OY294032.1	11782562	11781610	-	142.8	114
85026at7041	Complete	OY294034.1	31608161	31602263	-	932.9	543
85097at7041	Complete	OY294031.1	9066617	9065824	-	371.7	243
85134at7041	Complete	OY294033.1	13601842	13603517	+	605.8	351
85216at7041	Complete	OY294031.1	36187952	36189006	+	465.1	271
85332at7041	Complete	OY294028.1	92573137	92571806	-	199.3	244
85349at7041	Complete	OY294030.1	6062804	6068548	+	642.4	382
85436at7041	Complete	OY294030.1	28778472	28781107	+	870.2	509
85552at7041	Complete	OY294028.1	22817467	22816038	-	493.5	342
85602at7041	Complete	OY294031.1	10112904	10114562	+	661.2	487
85667at7041	Complete	OY294028.1	31701283	31698602	-	568.3	322
85734at7041	Complete	OY294028.1	71577462	71578957	+	606.1	484
85807at7041	Complete	OY294028.1	30221951	30226105	+	876.4	652
85814at7041	Complete	OY294033.1	2616879	2614289	-	417.4	383
85815at7041	Complete	OY294030.1	13570185	13565922	-	1006.5	623
85832at7041	Complete	OY294028.1	75017666	75027896	+	1351.5	700
85835at7041	Complete	OY294030.1	45727104	45729092	+	985.5	508
85843at7041	Complete	OY294029.1	1890005	1890787	+	319.1	195
85916at7041	Complete	OY294028.1	56959451	56952059	-	651.8	334
85970at7041	Complete	OY294028.1	69621149	69627294	+	1041.7	553
86006at7041	Complete	OY294032.1	33800499	33801587	+	374.2	283
86010at7041	Complete	OY294031.1	22788050	22790409	+	988.0	652
86111at7041	Complete	OY294030.1	27777801	27779618	+	703.7	369
86119at7041	Complete	OY294033.1	21709857	21706312	-	690.4	379
86131at7041	Complete	OY294028.1	70774748	70772204	-	1066.0	634
86139at7041	Complete	OY294032.1	2535469	2537051	+	640.6	402
86142at7041	Complete	OY294028.1	30512961	30532507	+	431.4	266
86201at7041	Complete	OY294028.1	73442966	73438694	-	1236.4	693
86219at7041	Complete	OY294031.1	8371937	8369551	-	844.9	469
86264at7041	Complete	OY294028.1	71572872	71573909	+	367.7	211
86307at7041	Complete	OY294031.1	25216449	25207492	-	917.1	537
86328at7041	Complete	OY294028.1	75491263	75491874	+	141.7	112
86392at7041	Complete	OY294028.1	21645508	21639913	-	578.6	348
86414at7041	Complete	OY294028.1	64533538	64534694	+	549.6	291
86418at7041	Complete	OY294034.1	31738141	31735647	-	457.8	245
86427at7041	Complete	OY294028.1	27162772	27167583	+	690.8	556
86536at7041	Complete	OY294028.1	8853110	8852349	-	347.1	171
86658at7041	Complete	OY294033.1	5478431	5479669	+	224.5	120
86669at7041	Complete	OY294032.1	8145807	8143823	-	758.3	471
86700at7041	Complete	OY294028.1	70355731	70353158	-	1130.5	592
86909at7041	Complete	OY294031.1	37840919	37841753	+	284.1	197
86923at7041	Complete	OY294028.1	93004683	93001051	-	1496.2	934
87126at7041	Complete	OY294032.1	27254909	27249449	-	488.7	294
87171at7041	Complete	OY294032.1	24403270	24406348	+	640.5	361
87188at7041	Complete	OY294028.1	59215734	59216795	+	312.7	223
87224at7041	Complete	OY294031.1	32512180	32510978	-	529.9	334
87303at7041	Complete	OY294030.1	42868422	42870573	+	769.0	581
87328at7041	Complete	OY294032.1	7856169	7878704	+	1249.8	790
87360at7041	Complete	OY294031.1	25647706	25648446	+	476.0	243
87362at7041	Complete	OY294032.1	26915605	26914958	-	364.8	215
87367at7041	Complete	OY294032.1	31072939	31072029	-	395.7	222
87384at7041	Complete	OY294031.1	9309365	9311052	+	427.1	296
87429at7041	Complete	OY294028.1	82825964	82827496	+	588.9	369
87610at7041	Complete	OY294030.1	10458148	10458568	+	194.2	121
87621at7041	Complete	OY294028.1	50277126	50249496	-	1424.6	663
87808at7041	Complete	OY294028.1	70379266	70363441	-	4042.7	2054
87816at7041	Complete	OY294028.1	60597861	60593906	-	1250.7	791
87842at7041	Complete	OY294028.1	93006092	93023931	+	933.7	336
87844at7041	Complete	OY294028.1	76085701	76084062	-	728.6	424
87873at7041	Complete	OY294030.1	47930349	47928899	-	522.0	418
87941at7041	Complete	OY294028.1	5007717	5007046	-	345.6	193
87961at7041	Complete	OY294031.1	22321654	22316058	-	286.3	198
87998at7041	Complete	OY294032.1	2353832	2351308	-	818.8	650
88020at7041	Complete	OY294028.1	82051159	82047499	-	413.6	240
88200at7041	Complete	OY294032.1	37038247	37049201	+	433.7	246
88223at7041	Complete	OY294028.1	64530899	64532786	+	577.4	401
88265at7041	Complete	OY294032.1	38363818	38365221	+	716.8	452
88466at7041	Complete	OY294032.1	2041819	2040196	-	294.7	354
88478at7041	Complete	OY294028.1	67233920	67220264	-	949.4	511
88587at7041	Complete	OY294028.1	80247455	80249978	+	962.8	617
88701at7041	Complete	OY294034.1	15856118	15863666	+	513.0	354
88765at7041	Complete	OY294031.1	27791157	27787784	-	347.7	362
88778at7041	Complete	OY294030.1	45460550	45463005	+	963.4	597
88832at7041	Complete	OY294031.1	31433376	31432666	-	355.6	203
88900at7041	Complete	OY294033.1	11751136	11752777	+	574.0	396
88929at7041	Complete	OY294028.1	34236770	34232433	-	229.2	232
89157at7041	Complete	OY294031.1	36242540	36239878	-	1241.7	644
89294at7041	Complete	OY294028.1	25146370	25158094	+	378.7	263
89323at7041	Complete	OY294028.1	23389868	23388673	-	352.7	197
89328at7041	Complete	OY294030.1	21133569	21107383	-	343.1	265
89369at7041	Complete	OY294031.1	10121913	10115174	-	993.0	523
89374at7041	Complete	OY294030.1	10311497	10307950	-	958.1	523
89533at7041	Complete	OY294028.1	88288373	88289628	+	400.7	324
89562at7041	Complete	OY294028.1	39490313	39485938	-	553.1	426
89588at7041	Complete	OY294028.1	3156095	3157527	+	521.4	328
89616at7041	Complete	OY294031.1	8094023	8099119	+	1426.7	739
89644at7041	Complete	OY294031.1	30904319	30906641	+	673.1	573
89686at7041	Complete	OY294033.1	24779707	24784226	+	1027.4	553
89759at7041	Complete	OY294029.1	6938374	6938974	+	261.5	196
89763at7041	Complete	OY294031.1	30732332	30733906	+	601.4	443
89801at7041	Complete	OY294030.1	38990902	38995841	+	1051.9	610
89840at7041	Complete	OY294031.1	36688787	36685184	-	1171.3	832
89904at7041	Complete	OY294028.1	43813256	43814214	+	509.1	288
89939at7041	Duplicated	OY294032.1	10004300	10005079	+	457.3	229
89939at7041	Duplicated	OY294032.1	10003862	10003152	-	435.9	229
90029at7041	Complete	OY294030.1	48191956	48189163	-	568.3	345
90167at7041	Complete	OY294031.1	31102683	31101907	-	380.7	262
90169at7041	Complete	OY294028.1	63021815	63020717	-	316.0	200
90290at7041	Complete	OY294031.1	2465649	2473217	+	424.1	227
90296at7041	Complete	OY294028.1	5411008	5409224	-	727.0	423
90404at7041	Complete	OY294031.1	36784160	36781160	-	399.0	206
90435at7041	Complete	OY294028.1	7714338	7712033	-	797.0	534
90439at7041	Complete	OY294030.1	21068499	21076432	+	417.2	257
90495at7041	Complete	OY294031.1	23905299	23904172	-	639.0	350
90609at7041	Complete	OY294028.1	70842667	70844316	+	423.8	372
90732at7041	Complete	OY294031.1	3084302	3085281	+	195.6	130
90748at7041	Complete	OY294031.1	10928457	10924994	-	393.9	368
90751at7041	Fragmented	OY294029.1	900626	903582	+	550.9	326
90773at7041	Complete	OY294033.1	24186167	24187519	+	849.0	401
90776at7041	Complete	OY294033.1	30718685	30721478	+	734.0	428
90841at7041	Complete	OY294033.1	5296558	5295047	-	601.4	431
90912at7041	Complete	OY294030.1	4859023	4843566	-	690.3	755
90924at7041	Complete	OY294033.1	30735559	30732764	-	817.1	596
90976at7041	Complete	OY294028.1	4454727	4455926	+	439.1	360
91003at7041	Complete	OY294033.1	28229181	28238483	+	864.0	564
91014at7041	Complete	OY294029.1	314080	312058	-	746.2	569
91076at7041	Complete	OY294028.1	5779058	5782662	+	673.8	346
91119at7041	Complete	OY294033.1	11061708	11060056	-	652.5	415
91122at7041	Complete	OY294028.1	2489720	2488411	-	460.3	247
91198at7041	Complete	OY294028.1	92567416	92565645	-	357.4	216
91284at7041	Complete	OY294028.1	21945343	21943461	-	412.9	254
91389at7041	Complete	OY294031.1	9984512	9983322	-	536.9	373
91406at7041	Complete	OY294028.1	5648964	5649680	+	299.7	169
91437at7041	Complete	OY294032.1	2807662	2806115	-	726.8	423
91451at7041	Complete	OY294031.1	1040914	1042254	+	404.2	280
91588at7041	Complete	OY294028.1	28630330	28628720	-	634.0	357
91663at7041	Complete	OY294030.1	45627959	45624003	-	376.4	202
91697at7041	Complete	OY294031.1	8657858	8656345	-	514.4	304
91730at7041	Complete	OY294028.1	87118099	87117745	-	72.8	68
91742at7041	Complete	OY294029.1	2269568	2268305	-	461.4	286
91747at7041	Complete	OY294028.1	91702769	91701727	-	562.0	288
91774at7041	Complete	OY294028.1	75255114	75253096	-	891.3	505
91895at7041	Complete	OY294033.1	31014115	31015346	+	329.8	155
92051at7041	Complete	OY294031.1	5202274	5185228	-	911.3	443
92093at7041	Complete	OY294030.1	43257471	43261662	+	809.1	387
92118at7041	Complete	OY294032.1	11064295	11172634	+	2158.6	1218
92148at7041	Complete	OY294034.1	5253754	5249408	-	953.9	510
92160at7041	Complete	OY294032.1	34111067	34117821	+	3413.0	1683
92163at7041	Complete	OY294030.1	46935135	46935593	+	138.6	75
92177at7041	Complete	OY294034.1	29908094	29901411	-	169.2	99
92178at7041	Complete	OY294030.1	20363557	20364567	+	128.1	95
92191at7041	Complete	OY294030.1	15605099	15469166	-	2705.9	1684
92203at7041	Complete	OY294028.1	15016865	15018268	+	617.9	361
92227at7041	Complete	OY294028.1	32697196	32693730	-	259.8	181
92266at7041	Complete	OY294030.1	27658076	27656926	-	262.8	153
92277at7041	Complete	OY294028.1	57297281	57298519	+	518.2	359
92325at7041	Complete	OY294031.1	7308602	7288931	-	490.8	304
92329at7041	Complete	OY294030.1	40058020	40056135	-	624.3	341
92335at7041	Complete	OY294028.1	20295487	20295136	-	181.5	98
92353at7041	Complete	OY294031.1	27969371	27968766	-	185.7	126
92377at7041	Complete	OY294034.1	26312865	26294332	-	967.4	521
92398at7041	Complete	OY294028.1	1674413	1672240	-	377.0	477
92412at7041	Complete	OY294030.1	42913268	42911299	-	467.7	351
92413at7041	Complete	OY294028.1	82856280	82857029	+	444.2	231
92456at7041	Complete	OY294028.1	12355523	12356265	+	359.7	196
92495at7041	Complete	OY294032.1	30712121	30741045	+	767.6	363
92496at7041	Complete	OY294028.1	30233249	30228314	-	749.3	485
92506at7041	Complete	OY294028.1	31767738	31769471	+	1068.3	561
92510at7041	Complete	OY294028.1	28037980	28038539	+	148.9	90
92539at7041	Complete	OY294032.1	12486451	12485306	-	565.6	329
92630at7041	Complete	OY294028.1	92417481	92419902	+	1123.3	639
92632at7041	Complete	OY294033.1	11793508	11792459	-	424.6	264
92666at7041	Complete	OY294032.1	14476647	14475217	-	150.1	88
92747at7041	Complete	OY294029.1	52946162	52941737	-	1582.7	781
92759at7041	Complete	OY294031.1	10708510	10711414	+	956.3	577
92783at7041	Duplicated	OY294029.1	17004920	17007148	+	825.0	611
92783at7041	Duplicated	OY294032.1	3074196	3076873	+	796.3	611
92849at7041	Complete	OY294028.1	19669571	19671508	+	438.9	268
92884at7041	Complete	OY294033.1	27928387	27898012	-	1423.9	725
92911at7041	Complete	OY294031.1	19136468	19142078	+	1044.9	586
92985at7041	Complete	OY294030.1	38625593	38614169	-	450.0	277
93028at7041	Complete	OY294031.1	23082496	23091050	+	1419.0	882
93077at7041	Complete	OY294034.1	8693228	8684744	-	935.7	570
93160at7041	Complete	OY294028.1	82429980	82434719	+	639.5	353
93181at7041	Complete	OY294031.1	8148781	8174099	+	410.1	258
93212at7041	Complete	OY294032.1	26711313	26712900	+	674.7	371
93303at7041	Complete	OY294030.1	1049811	1050521	+	314.9	202
93355at7041	Complete	OY294030.1	30356330	30310414	-	755.7	371
93372at7041	Complete	OY294031.1	16502133	16514764	+	1556.5	1083
93385at7041	Complete	OY294028.1	78617945	78621113	+	1314.1	812
93419at7041	Complete	OY294029.1	12663251	12664720	+	678.4	435
93420at7041	Complete	OY294028.1	30390783	30391851	+	200.3	199
93436at7041	Complete	OY294032.1	37842700	37846641	+	1038.6	620
93453at7041	Complete	OY294028.1	50579204	50467733	-	1831.1	893
93519at7041	Complete	OY294030.1	10545901	10545032	-	387.1	231
93569at7041	Complete	OY294031.1	40810308	40808176	-	458.5	261
93591at7041	Complete	OY294031.1	31132408	31135204	+	728.2	727
93641at7041	Complete	OY294028.1	66856970	66868404	+	803.6	500
93655at7041	Complete	OY294031.1	2520724	2522410	+	749.3	450
93769at7041	Complete	OY294030.1	9742675	9739446	-	1526.6	891
93801at7041	Complete	OY294032.1	978027	975027	-	232.8	381
93865at7041	Complete	OY294028.1	39632678	39637817	+	553.4	269
94039at7041	Complete	OY294032.1	29692396	29502883	-	524.3	292
94386at7041	Complete	OY294031.1	12295951	12301466	+	894.9	511
94438at7041	Complete	OY294033.1	27967841	27979780	+	1392.9	1000
94481at7041	Complete	OY294033.1	21313351	21298352	-	960.1	522
94489at7041	Complete	OY294028.1	6416009	6417532	+	587.1	376
94523at7041	Complete	OY294028.1	2472996	2476818	+	985.2	702
94524at7041	Complete	OY294030.1	42443946	42445559	+	399.4	298
94564at7041	Complete	OY294030.1	9034784	9033861	-	245.8	210
94693at7041	Complete	OY294028.1	5315589	5316479	+	238.2	189
94712at7041	Complete	OY294028.1	67291098	67301678	+	1034.3	648
94744at7041	Complete	OY294034.1	998630	1001437	+	849.7	536
94778at7041	Complete	OY294030.1	15285206	15293847	+	1054.6	671
94801at7041	Complete	OY294028.1	1580315	1588605	+	1879.0	1683
94844at7041	Complete	OY294029.1	3650942	3654392	+	1516.2	820
94845at7041	Complete	OY294028.1	43631947	43633723	+	865.5	501
94911at7041	Complete	OY294029.1	10017486	10012448	-	1324.1	733
94958at7041	Complete	OY294028.1	79124789	79126148	+	549.9	319
94961at7041	Complete	OY294028.1	15390574	15391231	+	166.8	144
95003at7041	Complete	OY294029.1	3040665	3037324	-	802.7	589
95024at7041	Complete	OY294031.1	34307659	34294846	-	1141.3	597
95046at7041	Complete	OY294028.1	26689028	26693696	+	1894.9	963
95149at7041	Complete	OY294033.1	31058783	31059925	+	313.7	210
95245at7041	Complete	OY294032.1	12805255	12803969	-	482.6	298
95402at7041	Complete	OY294028.1	13963502	13964483	+	288.3	220
95418at7041	Complete	OY294034.1	31754078	31759438	+	1263.0	768
95714at7041	Complete	OY294028.1	15470491	15465437	-	470.6	244
95741at7041	Complete	OY294028.1	75208050	75212214	+	802.7	476
95805at7041	Complete	OY294028.1	1685699	1687030	+	453.2	337
95883at7041	Complete	OY294031.1	23304978	23305770	+	273.9	192
95904at7041	Complete	OY294028.1	88288182	88278277	-	1463.0	959
95917at7041	Complete	OY294034.1	4552664	4550649	-	624.6	502
95949at7041	Complete	OY294030.1	2423084	2328892	-	927.6	496
95965at7041	Complete	OY294028.1	55294175	55296460	+	951.1	652
96109at7041	Complete	OY294028.1	34627395	34625401	-	502.3	238
96209at7041	Complete	OY294032.1	13578588	13586485	+	536.0	328
96234at7041	Complete	OY294028.1	19334946	19333012	-	563.2	461
96252at7041	Complete	OY294028.1	92717154	92718373	+	302.8	175
96277at7041	Complete	OY294028.1	58725946	58716257	-	638.0	342
96344at7041	Complete	OY294032.1	28166927	28161393	-	465.0	273
96351at7041	Complete	OY294033.1	9441910	9440132	-	589.0	272
96363at7041	Complete	OY294030.1	43281683	43280255	-	461.8	254
96414at7041	Complete	OY294028.1	5546083	5547285	+	277.5	327
96422at7041	Complete	OY294029.1	5395523	5401874	+	1151.2	714
96446at7041	Complete	OY294028.1	82965439	82958775	-	341.7	241
96545at7041	Complete	OY294029.1	49151812	49150554	-	492.3	281
96548at7041	Complete	OY294028.1	27587161	27587939	+	261.1	160
96559at7041	Complete	OY294028.1	72684869	72683352	-	453.6	327
96622at7041	Complete	OY294032.1	12767699	12769309	+	790.2	480
96668at7041	Complete	OY294032.1	29783034	29828481	+	397.0	184
96678at7041	Complete	OY294034.1	1554860	1559670	+	912.0	771
96714at7041	Complete	OY294028.1	76086626	76088632	+	816.2	506
96898at7041	Fragmented	OY294028.1	87646535	87645121	-	357.0	252
97029at7041	Complete	OY294030.1	1585078	1588004	+	342.4	256
97039at7041	Complete	OY294028.1	14077039	14066855	-	361.9	222
97123at7041	Complete	OY294028.1	27235904	27238547	+	535.8	376
97213at7041	Complete	OY294032.1	38844581	38841047	-	1181.4	746
97268at7041	Complete	OY294033.1	4971222	4948688	-	344.7	175
97288at7041	Complete	OY294031.1	14299781	14301578	+	704.5	353
97357at7041	Complete	OY294034.1	7675053	7674199	-	342.9	203
97390at7041	Complete	OY294029.1	6225542	6224677	-	301.0	200
97482at7041	Complete	OY294029.1	3080579	3084421	+	1877.8	1019
97567at7041	Complete	OY294030.1	27560514	27550977	-	530.5	325
97656at7041	Complete	OY294028.1	86833678	86831869	-	970.9	544
97674at7041	Complete	OY294031.1	34223392	34234363	+	792.4	464
97854at7041	Complete	OY294030.1	12118445	12115493	-	216.7	143
97862at7041	Complete	OY294028.1	25440022	25440757	+	316.3	170
97870at7041	Complete	OY294028.1	23354570	23353009	-	506.7	317
97882at7041	Complete	OY294031.1	16183512	16178742	-	1466.8	889
97898at7041	Complete	OY294028.1	38983962	38985036	+	367.9	271
97941at7041	Complete	OY294028.1	53448368	53441235	-	406.8	345
97990at7041	Complete	OY294033.1	11908189	11906796	-	594.6	364
98020at7041	Complete	OY294034.1	24166639	24165945	-	178.5	153
98080at7041	Complete	OY294028.1	10839086	10886406	+	585.2	278
98197at7041	Complete	OY294030.1	38567038	38565429	-	529.2	319
98244at7041	Complete	OY294028.1	8921809	8929787	+	1368.7	777
98385at7041	Complete	OY294033.1	10845735	10849035	+	312.9	181
98594at7041	Complete	OY294028.1	11481397	11480606	-	346.7	176
98692at7041	Complete	OY294028.1	15261373	15251929	-	640.5	635
98695at7041	Complete	OY294031.1	31119143	31128747	+	605.0	396
98769at7041	Complete	OY294031.1	5712420	5708006	-	433.6	215
98771at7041	Complete	OY294030.1	13646662	13646009	-	310.5	166
98810at7041	Complete	OY294030.1	21009115	21029616	+	969.2	576
98815at7041	Complete	OY294034.1	30861594	30863194	+	664.1	446
98835at7041	Complete	OY294028.1	91842779	91841584	-	342.4	305
98867at7041	Complete	OY294028.1	50901706	50857321	-	238.1	109
98969at7041	Complete	OY294031.1	36180582	36182555	+	485.0	501
99058at7041	Complete	OY294034.1	25777042	25781885	+	464.3	369
99138at7041	Complete	OY294030.1	38518383	38513360	-	1006.3	599
99179at7041	Complete	OY294028.1	4967014	4986309	+	857.4	314
99183at7041	Complete	OY294031.1	35343370	35346148	+	1469.1	794
99236at7041	Complete	OY294031.1	14192908	14193655	+	187.0	130
99238at7041	Complete	OY294034.1	16324654	16325750	+	464.3	329
99265at7041	Complete	OY294031.1	36541742	36540957	-	343.5	198
99309at7041	Complete	OY294033.1	20814882	20813776	-	506.7	328
99364at7041	Complete	OY294031.1	12922152	12918556	-	1031.7	623
99450at7041	Complete	OY294033.1	4332613	4329690	-	395.8	228
99508at7041	Complete	OY294028.1	66424474	66425103	+	268.0	203
99552at7041	Complete	OY294030.1	28383039	28385961	+	463.2	371
99560at7041	Complete	OY294034.1	24093817	24052403	-	1142.3	677
99576at7041	Complete	OY294028.1	1280541	1316338	+	396.7	271
99595at7041	Complete	OY294028.1	92217355	92219686	+	458.6	266
99641at7041	Complete	OY294032.1	26153715	26154849	+	422.9	245
99671at7041	Complete	OY294032.1	32987691	32989055	+	649.6	410
99689at7041	Complete	OY294028.1	7100610	7093254	-	360.3	242
99714at7041	Complete	OY294028.1	69399136	69397580	-	600.3	338
99835at7041	Complete	OY294030.1	47299183	47301191	+	565.6	313
99885at7041	Complete	OY294028.1	11691215	11699880	+	309.0	248
99928at7041	Complete	OY294031.1	30886676	30888936	+	230.0	194
99980at7041	Complete	OY294029.1	6625885	6625252	-	213.6	154
100009at7041	Complete	OY294031.1	16400500	16345775	-	423.6	240
100120at7041	Complete	OY294028.1	37794795	37809504	+	1522.5	890
100357at7041	Complete	OY294028.1	39927774	39937071	+	371.7	199
100406at7041	Complete	OY294028.1	31830314	31838447	+	869.3	443
100433at7041	Complete	OY294030.1	29320280	29318616	-	591.8	389
100503at7041	Complete	OY294030.1	20194492	20210526	+	666.9	425
100520at7041	Fragmented	OY294031.1	30634791	30633328	-	666.7	351
100529at7041	Complete	OY294031.1	5745063	5741408	-	557.4	345
100544at7041	Complete	OY294028.1	15592442	15593392	+	244.9	204
100706at7041	Complete	OY294029.1	8760019	8758297	-	812.9	431
100767at7041	Complete	OY294028.1	55424844	55423819	-	422.8	245
100781at7041	Complete	OY294028.1	5303034	5313686	+	1154.4	803
100792at7041	Complete	OY294032.1	38367853	38365421	-	884.4	515
100793at7041	Complete	OY294028.1	90391912	90393024	+	495.1	291
100922at7041	Complete	OY294028.1	84251760	84258199	+	587.2	344
100937at7041	Complete	OY294030.1	31685406	31689807	+	760.4	501
100939at7041	Complete	OY294028.1	91840363	91703656	-	1267.8	552
100971at7041	Complete	OY294030.1	48202003	48206495	+	1349.3	1094
101100at7041	Complete	OY294033.1	14348895	14344727	-	781.2	420
101156at7041	Complete	OY294028.1	11484596	11483097	-	648.8	375
101313at7041	Complete	OY294030.1	34645965	34645507	-	238.9	157
101330at7041	Complete	OY294028.1	70101631	70103606	+	789.3	582
101361at7041	Complete	OY294031.1	13141181	13146273	+	855.2	448
101400at7041	Complete	OY294030.1	47237966	47260382	+	1404.8	763
101435at7041	Complete	OY294030.1	47052961	47055030	+	135.7	192
101502at7041	Complete	OY294034.1	29247300	29248295	+	374.2	189
101570at7041	Complete	OY294031.1	15076206	15069396	-	1016.0	568
101802at7041	Complete	OY294030.1	42201328	42203077	+	578.2	414
101816at7041	Complete	OY294028.1	89069283	89070515	+	733.2	348
101860at7041	Complete	OY294032.1	27287503	27286178	-	309.4	171
101884at7041	Complete	OY294030.1	25233563	25222577	-	132.2	77
101895at7041	Complete	OY294028.1	82132716	82134236	+	348.4	208
101951at7041	Complete	OY294028.1	32433087	32437517	+	1244.0	1013
102082at7041	Complete	OY294028.1	64556528	64560585	+	1466.7	848
102196at7041	Complete	OY294028.1	38213507	38206464	-	1549.5	1014
102220at7041	Complete	OY294032.1	32360704	32359541	-	562.5	362
102292at7041	Complete	OY294028.1	22995915	23012430	+	840.9	429
102356at7041	Complete	OY294031.1	35346921	35352846	+	3242.6	1628
102506at7041	Complete	OY294031.1	32690119	32687110	-	1327.3	826
102687at7041	Complete	OY294029.1	3461742	3457738	-	849.7	529
102775at7041	Complete	OY294028.1	22295792	22270714	-	822.3	435
102805at7041	Complete	OY294028.1	50721797	50689754	-	677.1	376
102863at7041	Complete	OY294028.1	73144438	73145749	+	474.8	278
103039at7041	Complete	OY294028.1	17247092	17247646	+	185.1	101
103083at7041	Complete	OY294034.1	30855666	30856529	+	141.9	195
103130at7041	Complete	OY294029.1	970387	964922	-	451.4	251
103153at7041	Complete	OY294031.1	30936494	30937608	+	224.5	136
103208at7041	Complete	OY294031.1	1843183	1843700	+	140.5	101
103218at7041	Complete	OY294028.1	84330753	84331736	+	402.5	273
103222at7041	Complete	OY294030.1	27521571	27519522	-	612.4	365
103236at7041	Complete	OY294032.1	3870724	3878741	+	311.4	184
103293at7041	Complete	OY294034.1	23060811	23046981	-	617.3	458
103349at7041	Complete	OY294032.1	6990060	6990875	+	212.2	213
103383at7041	Complete	OY294028.1	63777311	63775828	-	396.8	332
103386at7041	Complete	OY294032.1	29293441	29298253	+	1494.2	1020
103539at7041	Complete	OY294032.1	26215056	26336954	+	993.9	531
103696at7041	Complete	OY294030.1	12651247	12647974	-	2029.1	992
103741at7041	Complete	OY294030.1	34594096	34591686	-	890.0	544
103749at7041	Complete	OY294034.1	1274981	1276487	+	761.5	346
103762at7041	Complete	OY294032.1	1875132	1877506	+	361.4	252
103923at7041	Complete	OY294033.1	2223704	2225324	+	346.7	235
103942at7041	Complete	OY294028.1	81885127	81883892	-	448.7	255
104057at7041	Complete	OY294033.1	11628294	11676561	+	868.6	467
104090at7041	Complete	OY294028.1	83706989	83704539	-	676.0	442
104221at7041	Complete	OY294032.1	4274042	4269419	-	239.9	135
104253at7041	Complete	OY294030.1	34213204	34214833	+	514.1	323
104265at7041	Complete	OY294031.1	12320369	12319642	-	324.1	215
104267at7041	Complete	OY294031.1	8546371	8547627	+	523.6	360
104363at7041	Complete	OY294031.1	816325	817708	+	352.8	296
104441at7041	Complete	OY294028.1	31882986	31891761	+	233.8	174
104461at7041	Complete	OY294033.1	14028534	14030540	+	875.7	572
104543at7041	Complete	OY294031.1	18785407	18795656	+	1481.7	872
104552at7041	Complete	OY294029.1	44628160	44634212	+	683.0	385
104571at7041	Complete	OY294028.1	91196939	91195434	-	313.7	233
104594at7041	Complete	OY294031.1	29144968	29213553	+	459.0	254
104597at7041	Duplicated	OY294028.1	22904778	22905497	+	194.2	169
104597at7041	Duplicated	OY294028.1	16799114	16798397	-	181.2	158
104684at7041	Complete	OY294034.1	25765146	25766442	+	577.5	355
104721at7041	Complete	OY294030.1	13236711	13234630	-	381.8	256
104793at7041	Complete	OY294028.1	80586599	80587234	+	402.5	201
104815at7041	Complete	OY294030.1	34787486	34788091	+	184.7	133
104821at7041	Complete	OY294028.1	91110028	91112234	+	1226.2	595
104936at7041	Complete	OY294028.1	16214789	16226019	+	936.8	540
104949at7041	Complete	OY294030.1	31059308	31060052	+	282.3	151
105015at7041	Complete	OY294030.1	2799894	2803685	+	1159.7	987
105088at7041	Complete	OY294032.1	29438396	29435812	-	628.0	408
105189at7041	Complete	OY294031.1	17016112	17022545	+	356.4	311
105205at7041	Complete	OY294028.1	91581720	91584516	+	507.1	458
105210at7041	Complete	OY294030.1	41901480	41902043	+	201.8	173
105229at7041	Complete	OY294034.1	706793	708134	+	246.2	161
105294at7041	Complete	OY294028.1	40992599	40991354	-	448.4	286
105414at7041	Complete	OY294032.1	4530506	4549722	+	1330.8	798
105449at7041	Complete	OY294028.1	18273080	18278909	+	776.3	387
105452at7041	Complete	OY294031.1	18857748	18859256	+	637.3	340
105574at7041	Complete	OY294028.1	20853718	20854924	+	288.8	177
105589at7041	Complete	OY294030.1	1717163	1716098	-	464.2	248
105735at7041	Complete	OY294028.1	12199755	12185493	-	2368.7	1237
105749at7041	Complete	OY294034.1	16891650	16885503	-	532.5	415
105766at7041	Complete	OY294034.1	4801154	4905629	+	399.6	288
105863at7041	Complete	OY294032.1	416690	416295	-	139.1	88
105867at7041	Complete	OY294028.1	91521692	91518752	-	1344.5	865
105984at7041	Complete	OY294032.1	2761271	2762134	+	298.8	238
106012at7041	Complete	OY294028.1	10788533	10789964	+	508.4	313
106027at7041	Complete	OY294030.1	36836170	36827932	-	1697.2	1207
106094at7041	Complete	OY294028.1	1706821	1704853	-	290.7	239
106105at7041	Complete	OY294032.1	36347931	36346650	-	609.9	332
106159at7041	Complete	OY294028.1	92823606	92821949	-	299.8	184
106196at7041	Complete	OY294028.1	39632140	39630618	-	631.4	384
106208at7041	Complete	OY294030.1	44123799	44123077	-	325.7	240
106250at7041	Complete	OY294028.1	34331962	34329470	-	864.0	653
106261at7041	Complete	OY294028.1	92998356	92989311	-	766.7	498
106303at7041	Complete	OY294028.1	721402	722381	+	317.0	217
106529at7041	Complete	OY294029.1	6273838	6283599	+	639.0	581
106677at7041	Complete	OY294033.1	31350706	31349869	-	444.2	223
106710at7041	Complete	OY294034.1	16284653	16291784	+	1214.8	778
106815at7041	Complete	OY294033.1	31912228	31910513	-	303.5	209
106822at7041	Complete	OY294031.1	30807789	30808394	+	179.8	98
106867at7041	Complete	OY294031.1	20761525	20815110	+	616.0	330
106903at7041	Complete	OY294028.1	70210624	70212026	+	307.6	197
106918at7041	Complete	OY294028.1	64582435	64589501	+	1688.7	1228
106926at7041	Complete	OY294032.1	34949891	34952978	+	1302.7	678
106951at7041	Complete	OY294028.1	43746145	43763259	+	1810.3	1288
106957at7041	Complete	OY294028.1	38202925	38187833	-	610.7	328
107045at7041	Complete	OY294030.1	41041245	41042468	+	346.2	229
107072at7041	Complete	OY294033.1	4419942	4420557	+	201.5	137
107087at7041	Complete	OY294034.1	8958647	8956197	-	332.6	256
107145at7041	Complete	OY294028.1	70808706	70800672	-	945.1	733
107154at7041	Complete	OY294033.1	757705	760368	+	954.7	645
107185at7041	Complete	OY294029.1	48050066	48048394	-	275.9	298
107233at7041	Complete	OY294030.1	48403450	48412755	+	1356.6	792
107254at7041	Complete	OY294028.1	73804918	73802147	-	633.3	556
107344at7041	Complete	OY294028.1	1686315	1684482	-	466.1	276
107359at7041	Complete	OY294028.1	67683519	67659137	-	1110.9	759
107365at7041	Complete	OY294029.1	2738210	2734360	-	1661.8	942
107444at7041	Complete	OY294028.1	14634691	14630846	-	1645.2	890
107601at7041	Complete	OY294034.1	11541174	11659768	+	1239.9	457
107606at7041	Complete	OY294030.1	16925160	16884065	-	400.8	215
107631at7041	Complete	OY294030.1	819888	810515	-	1397.4	810
107840at7041	Complete	OY294028.1	19326345	19329177	+	706.3	476
107902at7041	Complete	OY294033.1	21778836	21773363	-	856.9	661
107951at7041	Complete	OY294028.1	70011296	70007608	-	900.8	664
107988at7041	Complete	OY294028.1	93038435	93037038	-	452.8	278
108169at7041	Complete	OY294032.1	12242746	12244671	+	808.1	517
108206at7041	Complete	OY294032.1	3837889	3839222	+	296.5	266
108210at7041	Complete	OY294028.1	72538114	72536859	-	465.0	300
108321at7041	Complete	OY294031.1	1412926	1416002	+	1213.1	741
108346at7041	Complete	OY294028.1	71557988	71566771	+	1403.0	803
108381at7041	Complete	OY294028.1	11306440	11310345	+	465.2	291
108407at7041	Complete	OY294028.1	73110224	73108610	-	717.2	447
108413at7041	Complete	OY294029.1	7242537	7246586	+	885.7	433
108457at7041	Complete	OY294031.1	9175094	9176074	+	425.3	318
108466at7041	Complete	OY294030.1	38499118	38498298	-	437.6	222
108515at7041	Complete	OY294030.1	20371756	20373080	+	350.4	349
108556at7041	Complete	OY294030.1	43077483	43077928	+	168.1	114
108601at7041	Fragmented	OY294031.1	11824449	11822227	-	568.8	225
108730at7041	Complete	OY294028.1	16243657	16240826	-	417.9	307
108743at7041	Complete	OY294028.1	70158796	70157422	-	673.4	367
108986at7041	Complete	OY294028.1	69683696	69672077	-	562.7	477
109001at7041	Complete	OY294028.1	20870134	20871272	+	397.3	273
109014at7041	Complete	OY294028.1	19403411	19394108	-	1260.8	695
109036at7041	Complete	OY294028.1	27225749	27231486	+	800.8	781
109058at7041	Complete	OY294030.1	34346940	34344103	-	743.7	680
109067at7041	Complete	OY294030.1	5225964	5228693	+	720.3	629
109191at7041	Complete	OY294028.1	66913083	66904228	-	399.2	353
109201at7041	Complete	OY294028.1	35009814	35007285	-	565.9	321
109245at7041	Complete	OY294034.1	1577902	1570465	-	2407.9	1216
109255at7041	Complete	OY294030.1	27744174	27760620	+	474.2	524
109325at7041	Complete	OY294031.1	32386776	32390178	+	1268.0	739
109329at7041	Complete	OY294028.1	21196463	21184710	-	1026.0	833
109450at7041	Complete	OY294031.1	23093739	23094712	+	517.2	296
109569at7041	Complete	OY294031.1	11493395	11496588	+	1417.4	801
109603at7041	Complete	OY294032.1	23927211	23919997	-	413.2	225
109661at7041	Complete	OY294031.1	20868122	20869476	+	715.7	336
109696at7041	Complete	OY294033.1	29895655	29892682	-	762.7	475
109713at7041	Complete	OY294028.1	59242767	59243330	+	197.5	146
109763at7041	Complete	OY294028.1	25165057	25164174	-	346.1	238
109809at7041	Complete	OY294030.1	38424462	38422968	-	436.8	243
109855at7041	Complete	OY294029.1	46329153	46329872	+	177.8	113
109858at7041	Complete	OY294030.1	40603851	40602204	-	329.1	220
109939at7041	Complete	OY294031.1	38149151	38146450	-	731.0	548
110007at7041	Complete	OY294031.1	35428538	35427232	-	290.8	194
110093at7041	Complete	OY294029.1	52173129	52171489	-	570.3	318
110103at7041	Complete	OY294030.1	45376841	45376120	-	299.2	172
110181at7041	Complete	OY294028.1	60815581	60830312	+	882.5	465
110195at7041	Complete	OY294032.1	7747182	7753694	+	918.6	616
110202at7041	Complete	OY294028.1	91355547	91359387	+	471.2	321
110257at7041	Complete	OY294028.1	40859769	40858963	-	245.2	222
110291at7041	Complete	OY294033.1	25400263	25400890	+	126.4	122
110323at7041	Complete	OY294028.1	79083776	79082097	-	575.2	449
110718at7041	Complete	OY294033.1	21214951	21214237	-	181.5	121
110778at7041	Complete	OY294031.1	22500287	22499181	-	518.8	314
110790at7041	Complete	OY294030.1	48419902	48424100	+	781.8	475
110876at7041	Complete	OY294028.1	70522983	70527951	+	1821.8	1061
110962at7041	Complete	OY294034.1	29228484	29233317	+	1406.4	679
111038at7041	Complete	OY294032.1	3310386	3312548	+	1268.3	677
111043at7041	Complete	OY294031.1	34904030	34910881	+	734.2	400
111046at7041	Complete	OY294032.1	40187653	40166486	-	477.7	248
111099at7041	Complete	OY294031.1	23341055	23349975	+	238.1	150
111129at7041	Complete	OY294028.1	20860253	20868073	+	743.2	455
111151at7041	Complete	OY294033.1	8335779	8353754	+	918.7	435
111152at7041	Complete	OY294028.1	63157474	63158484	+	212.7	259
111198at7041	Complete	OY294031.1	36190117	36192123	+	913.3	470
111217at7041	Complete	OY294031.1	27343376	27342660	-	384.2	225
111218at7041	Complete	OY294029.1	41631200	41633732	+	423.4	397
111219at7041	Complete	OY294029.1	7131171	7133284	+	500.1	318
111456at7041	Complete	OY294030.1	28451618	28457462	+	805.0	654
111459at7041	Complete	OY294028.1	3665283	3668012	+	512.9	282
111502at7041	Complete	OY294028.1	2190572	2191250	+	283.2	177
111590at7041	Complete	OY294028.1	62458355	62498099	+	319.5	268
111604at7041	Complete	OY294031.1	36726607	36727212	+	229.6	147
111626at7041	Complete	OY294032.1	450798	451633	+	376.4	242
111674at7041	Complete	OY294028.1	40985415	40991094	+	260.0	183
111741at7041	Complete	OY294028.1	39592498	39595389	+	573.6	404
111847at7041	Complete	OY294033.1	1338818	1266046	-	363.0	245
111940at7041	Complete	OY294030.1	6704750	6735851	+	2033.4	1148
112096at7041	Complete	OY294028.1	5235395	5283791	+	1192.4	779
112128at7041	Complete	OY294033.1	32101240	32095059	-	1193.5	777
112139at7041	Complete	OY294031.1	38127128	38128653	+	431.9	293
112162at7041	Complete	OY294028.1	80528786	80530203	+	460.6	249
112186at7041	Complete	OY294029.1	6203042	6218029	+	744.7	578
112402at7041	Complete	OY294032.1	25000188	25011203	+	1699.6	1226
112534at7041	Complete	OY294031.1	35675717	35678005	+	967.0	626
112791at7041	Complete	OY294028.1	72478895	72480196	+	229.9	163
112934at7041	Complete	OY294028.1	28318075	28326095	+	1064.7	647
112971at7041	Complete	OY294033.1	31011773	31012253	+	184.6	120
113077at7041	Complete	OY294034.1	12372914	12367372	-	221.5	146
113220at7041	Complete	OY294028.1	23997327	23996460	-	258.3	235
113232at7041	Complete	OY294033.1	2267548	2265821	-	644.3	421
113337at7041	Complete	OY294028.1	84266322	84271253	+	590.2	317
113436at7041	Complete	OY294029.1	3695457	3698089	+	1055.1	664
113476at7041	Complete	OY294028.1	32968579	32968019	-	178.7	105
113497at7041	Complete	OY294031.1	35907693	35907096	-	245.3	149
113530at7041	Complete	OY294028.1	16230824	16228785	-	756.3	548
113588at7041	Complete	OY294030.1	17246767	17264022	+	546.6	327
113644at7041	Complete	OY294028.1	29246887	29249936	+	266.5	311
113812at7041	Complete	OY294029.1	3483831	3486193	+	1062.8	657
113868at7041	Complete	OY294031.1	34128349	34160138	+	263.2	141
113989at7041	Complete	OY294030.1	27510208	27513088	+	226.6	239
114061at7041	Complete	OY294033.1	6444801	6434468	-	358.4	334
114226at7041	Complete	OY294028.1	53144078	53147923	+	676.0	375
114460at7041	Complete	OY294030.1	10459980	10465084	+	511.6	275
114486at7041	Complete	OY294033.1	2380702	2378675	-	562.7	474
114565at7041	Complete	OY294031.1	31981561	31986760	+	300.5	194
114708at7041	Complete	OY294033.1	10338816	10327686	-	1577.9	1550
114788at7041	Complete	OY294031.1	8553747	8552878	-	349.4	209
114812at7041	Complete	OY294032.1	38173862	38171132	-	412.4	391
114999at7041	Complete	OY294028.1	85358189	85352673	-	505.2	226
115050at7041	Complete	OY294028.1	72781426	72787073	+	535.8	305
115117at7041	Complete	OY294029.1	18280612	18257844	-	677.8	643
115118at7041	Complete	OY294032.1	38890513	38896772	+	1242.1	789
115137at7041	Complete	OY294030.1	46014599	46019802	+	353.1	288
115172at7041	Complete	OY294031.1	690175	686349	-	732.6	509
115196at7041	Complete	OY294028.1	52137124	52147353	+	770.7	580
115224at7041	Complete	OY294029.1	41045454	41046998	+	697.4	516
115264at7041	Complete	OY294031.1	26322767	26327467	+	841.5	446
115315at7041	Complete	OY294028.1	88559716	88565557	+	584.3	340
115524at7041	Complete	OY294028.1	76573723	76575836	+	476.5	285
115597at7041	Complete	OY294030.1	37804400	37817463	+	610.4	305
115598at7041	Complete	OY294028.1	88293965	88295870	+	342.4	291
115609at7041	Complete	OY294031.1	40264596	40260490	-	591.5	620
115615at7041	Complete	OY294028.1	24908395	24911415	+	649.6	359
115668at7041	Complete	OY294029.1	7161886	7154519	-	1142.5	710
115724at7041	Complete	OY294028.1	59380106	59379249	-	340.4	253
115734at7041	Complete	OY294030.1	35777255	35692107	-	395.1	208
115771at7041	Complete	OY294030.1	2524103	2526861	+	400.7	351
115980at7041	Complete	OY294031.1	34855352	34871003	+	447.9	301
116046at7041	Complete	OY294029.1	465653	466396	+	387.3	218
116058at7041	Complete	OY294028.1	90735958	90727378	-	1366.6	1017
116158at7041	Complete	OY294028.1	10552574	10553365	+	256.0	215
116190at7041	Complete	OY294030.1	3844120	3836150	-	766.5	427
116222at7041	Complete	OY294032.1	8132161	8142794	+	1963.1	1029
116354at7041	Complete	OY294034.1	7694519	7688040	-	597.3	320
116369at7041	Complete	OY294033.1	30168401	30171581	+	600.9	456
116379at7041	Complete	OY294028.1	41897133	41896043	-	410.9	242
116386at7041	Complete	OY294028.1	84589539	84589216	-	155.6	101
116392at7041	Complete	OY294031.1	14737598	14731137	-	1797.9	891
116433at7041	Complete	OY294030.1	9751127	9746190	-	600.8	345
116500at7041	Complete	OY294033.1	31055997	31053882	-	928.9	512
116597at7041	Complete	OY294033.1	13009545	13011401	+	585.4	396
116637at7041	Complete	OY294034.1	15712437	15581511	-	535.3	296
116913at7041	Complete	OY294028.1	91625424	91622569	-	1247.2	725
117113at7041	Complete	OY294028.1	73159948	73162604	+	590.1	338
117191at7041	Complete	OY294030.1	15066683	15065208	-	520.2	367
117203at7041	Complete	OY294032.1	40590388	40606546	+	999.6	768
117248at7041	Complete	OY294028.1	35050079	35050863	+	276.3	204
117266at7041	Complete	OY294028.1	38272204	38280139	+	574.1	308
117306at7041	Complete	OY294028.1	22374970	22353699	-	577.2	563
117371at7041	Complete	OY294031.1	15009615	15010779	+	248.4	228
117426at7041	Complete	OY294031.1	13059745	13053683	-	1144.0	717
117506at7041	Complete	OY294033.1	30745262	30750452	+	583.8	394
117574at7041	Complete	OY294031.1	22491236	22496871	+	872.3	465
117585at7041	Complete	OY294028.1	44214920	44214273	-	287.1	191
117805at7041	Complete	OY294032.1	12800392	12785026	-	1487.8	1093
117851at7041	Complete	OY294034.1	664150	665939	+	285.4	169
117992at7041	Complete	OY294028.1	45258385	45220249	-	734.6	506
118168at7041	Complete	OY294032.1	24933900	24932617	-	532.0	392
118284at7041	Complete	OY294028.1	73428551	73430903	+	992.4	548
118360at7041	Complete	OY294034.1	4937369	4935888	-	505.9	307
118442at7041	Complete	OY294028.1	31861821	31866126	+	801.1	796
118461at7041	Complete	OY294034.1	14092291	14082046	-	213.7	145
118570at7041	Complete	OY294028.1	32597799	32569100	-	1420.7	892
118703at7041	Complete	OY294032.1	40435305	40434462	-	378.2	248
118771at7041	Complete	OY294033.1	30000631	29999978	-	249.3	166
118791at7041	Complete	OY294030.1	3481233	3480044	-	185.4	148
118794at7041	Complete	OY294029.1	2740468	2741913	+	437.4	378
118899at7041	Complete	OY294030.1	42319086	42277764	-	884.5	565
118957at7041	Complete	OY294030.1	18266501	18291298	+	2132.2	1346
119043at7041	Complete	OY294028.1	9470920	9468732	-	406.7	268
119129at7041	Complete	OY294028.1	82084365	82083524	-	240.2	204
119152at7041	Complete	OY294028.1	70867656	70855595	-	534.0	346
119165at7041	Complete	OY294028.1	19703754	19715190	+	1118.5	727
119223at7041	Complete	OY294031.1	8670361	8672857	+	458.2	311
119289at7041	Complete	OY294032.1	37086116	37117342	+	326.2	196
119361at7041	Complete	OY294034.1	7163651	7171912	+	1236.4	904
119391at7041	Complete	OY294034.1	4162169	4168170	+	1306.3	723
119499at7041	Complete	OY294030.1	48072633	48073691	+	361.5	226
119690at7041	Complete	OY294029.1	167099	168431	+	520.7	340
119941at7041	Complete	OY294031.1	9595698	9599729	+	553.8	486
119947at7041	Complete	OY294030.1	13137953	13138795	+	324.4	298
120016at7041	Complete	OY294031.1	13285024	13294949	+	1556.6	1124
120219at7041	Complete	OY294028.1	15812483	15812985	+	176.7	114
120377at7041	Complete	OY294028.1	21477013	21472836	-	1688.9	819
120508at7041	Complete	OY294031.1	4941215	4943013	+	854.3	492
120524at7041	Complete	OY294032.1	28327501	28325866	-	546.3	418
120539at7041	Complete	OY294028.1	86697127	86693188	-	771.2	404
120577at7041	Complete	OY294031.1	5704485	5701894	-	913.1	541
120806at7041	Complete	OY294033.1	17187786	17207579	+	171.5	125
120833at7041	Complete	OY294031.1	9985765	9987084	+	669.8	396
120980at7041	Complete	OY294031.1	24616609	24618552	+	330.7	234
121006at7041	Complete	OY294034.1	25790322	25803194	+	248.8	194
121048at7041	Complete	OY294030.1	15264224	15259118	-	442.7	426
121237at7041	Complete	OY294028.1	29726608	29706815	-	658.8	402
121301at7041	Complete	OY294034.1	16942070	16943407	+	544.5	407
121476at7041	Complete	OY294031.1	8477591	8478269	+	209.6	140
121556at7041	Complete	OY294030.1	41415850	41412583	-	400.5	268
121645at7041	Complete	OY294031.1	8411088	8407116	-	632.9	462
121685at7041	Complete	OY294030.1	45597716	45598510	+	369.1	206
121842at7041	Complete	OY294033.1	21767074	21769192	+	436.0	449
121879at7041	Complete	OY294034.1	20346613	20314280	-	242.7	156
122069at7041	Complete	OY294030.1	18297486	18304045	+	958.5	604
122139at7041	Complete	OY294028.1	32731425	32729764	-	692.0	407
122237at7041	Complete	OY294028.1	1264694	1270778	+	2335.0	1770
122251at7041	Complete	OY294028.1	63829715	63823871	-	2556.1	1663
122275at7041	Complete	OY294034.1	28951530	28949548	-	528.1	500
122403at7041	Complete	OY294031.1	30890251	30891227	+	218.4	239
122499at7041	Complete	OY294028.1	73569220	73565088	-	536.6	342
122564at7041	Complete	OY294032.1	38863892	38861723	-	945.9	589
122760at7041	Complete	OY294034.1	4176235	4183388	+	534.0	290
122770at7041	Complete	OY294028.1	27224634	27222722	-	596.9	402
122830at7041	Complete	OY294032.1	34810358	34812367	+	364.6	339
122837at7041	Complete	OY294030.1	13345557	13341209	-	170.8	184
122857at7041	Complete	OY294031.1	8878204	8884527	+	1335.8	1493
122900at7041	Complete	OY294028.1	71238103	71247401	+	1243.1	802
123136at7041	Fragmented	OY294033.1	24353106	24360017	+	663.1	408
123259at7041	Complete	OY294028.1	3382149	3376622	-	583.7	460
123290at7041	Complete	OY294028.1	70096938	70090100	-	1142.8	752
123332at7041	Complete	OY294029.1	1279043	1273143	-	1553.9	1122
123351at7041	Complete	OY294029.1	52020403	51918281	-	438.7	251
123400at7041	Complete	OY294028.1	9308924	9312901	+	665.2	576
123451at7041	Complete	OY294028.1	91917551	91912464	-	407.8	417
123488at7041	Complete	OY294031.1	8411794	8413293	+	545.4	463
123564at7041	Complete	OY294030.1	11267043	11268395	+	270.8	233
123781at7041	Complete	OY294028.1	26882978	26880444	-	208.8	132
123788at7041	Complete	OY294031.1	22968295	22965354	-	1380.3	707
123828at7041	Complete	OY294033.1	1584579	1599824	+	481.3	311
123899at7041	Complete	OY294028.1	15726294	15723463	-	413.9	254
124026at7041	Complete	OY294033.1	4417943	4419557	+	507.2	375
124044at7041	Complete	OY294031.1	13570012	13569032	-	167.9	173
124138at7041	Complete	OY294033.1	1541127	1538466	-	490.4	294
124195at7041	Complete	OY294034.1	26343020	26345958	+	886.8	743
124357at7041	Complete	OY294031.1	15179194	15156260	-	215.6	125
124473at7041	Complete	OY294028.1	66484309	66483536	-	447.6	233
124654at7041	Complete	OY294031.1	30534991	30536619	+	191.6	149
124821at7041	Complete	OY294029.1	3497791	3494901	-	604.3	456
124857at7041	Complete	OY294030.1	47007107	47015562	+	395.9	150
124875at7041	Complete	OY294031.1	35413186	35408312	-	1184.8	989
124968at7041	Complete	OY294028.1	7213686	7211649	-	376.2	245
124990at7041	Complete	OY294028.1	15707413	15710780	+	702.8	390
124994at7041	Complete	OY294028.1	74755977	74716986	-	1522.2	604
125046at7041	Complete	OY294028.1	5797590	5802744	+	450.1	362
125271at7041	Complete	OY294030.1	13824799	13822045	-	649.8	419
125286at7041	Complete	OY294030.1	39457112	39458173	+	306.4	199
125289at7041	Complete	OY294028.1	7442073	7437537	-	1301.1	888
125290at7041	Complete	OY294028.1	56877696	56875784	-	590.5	434
125366at7041	Complete	OY294031.1	31029033	31024692	-	908.7	638
125370at7041	Complete	OY294032.1	33855048	33852248	-	397.3	411
125486at7041	Complete	OY294034.1	6185967	6207457	+	533.8	274
125741at7041	Complete	OY294028.1	15366415	15363650	-	654.6	342
125887at7041	Complete	OY294028.1	7391226	7389876	-	382.1	416
126049at7041	Complete	OY294030.1	29011206	29014845	+	495.6	461
126168at7041	Complete	OY294028.1	76427358	76429561	+	337.2	257
126254at7041	Complete	OY294031.1	32516201	32515118	-	223.1	242
126330at7041	Complete	OY294030.1	29983816	29996842	+	665.3	494
126429at7041	Complete	OY294029.1	1069900	1074280	+	672.1	424
126453at7041	Complete	OY294033.1	17891650	17889926	-	659.8	504
126615at7041	Complete	OY294033.1	2222745	2219521	-	1000.6	696
126977at7041	Complete	OY294033.1	12262241	12243229	-	322.7	236
127084at7041	Complete	OY294030.1	10608865	10610176	+	469.5	309
127093at7041	Complete	OY294028.1	22181380	22216130	+	608.1	441
127146at7041	Complete	OY294030.1	41833608	41834992	+	371.7	338
127272at7041	Complete	OY294028.1	26541806	26542762	+	355.5	243
127517at7041	Complete	OY294033.1	8364275	8355056	-	561.6	458
127523at7041	Complete	OY294031.1	18853529	18842663	-	1526.6	963
127618at7041	Complete	OY294033.1	31203752	31201828	-	564.3	413
127640at7041	Complete	OY294031.1	20715160	20715761	+	253.1	159
127770at7041	Complete	OY294028.1	14589616	14597020	+	409.3	262
127817at7041	Complete	OY294032.1	13126611	13129555	+	915.8	733
127920at7041	Complete	OY294028.1	29071917	29080229	+	1550.4	855
127977at7041	Complete	OY294030.1	3241744	3238949	-	612.4	448
128073at7041	Complete	OY294028.1	14308616	14309943	+	342.2	192
128081at7041	Complete	OY294031.1	36340396	36342792	+	609.0	505
128093at7041	Complete	OY294030.1	38387484	38375495	-	1653.1	1045
128134at7041	Complete	OY294033.1	8854266	8851430	-	684.9	625
128138at7041	Complete	OY294031.1	22411434	22412684	+	405.6	324
128271at7041	Complete	OY294028.1	40715505	40830226	+	9944.3	4421
128520at7041	Complete	OY294028.1	59934385	59935332	+	251.9	177
128594at7041	Complete	OY294030.1	43078173	43081330	+	694.8	548
128637at7041	Complete	OY294030.1	43482067	43483739	+	775.3	498
128650at7041	Complete	OY294028.1	86774099	86763126	-	232.2	138
128785at7041	Complete	OY294032.1	2132123	2132837	+	134.3	90
128789at7041	Complete	OY294034.1	8616641	8603625	-	767.6	427
128931at7041	Complete	OY294030.1	29891709	29890286	-	229.8	192
129095at7041	Complete	OY294028.1	70041871	70044701	+	615.2	584
129360at7041	Complete	OY294032.1	29221365	29215475	-	640.0	516
129403at7041	Complete	OY294029.1	1271727	1273063	+	544.6	353
129442at7041	Complete	OY294033.1	28291417	28282813	-	212.8	128
129499at7041	Complete	OY294030.1	46959342	46957840	-	337.1	316
129547at7041	Complete	OY294032.1	1448062	1451266	+	632.1	401
129780at7041	Complete	OY294032.1	9833820	9827535	-	1185.8	653
129837at7041	Complete	OY294028.1	43299358	43288601	-	294.5	223
129933at7041	Complete	OY294029.1	3706927	3704514	-	354.6	229
130044at7041	Complete	OY294031.1	942948	942260	-	251.8	189
130101at7041	Complete	OY294032.1	24022933	24024234	+	144.5	236
130532at7041	Complete	OY294028.1	57320210	57327514	+	479.5	331
130670at7041	Complete	OY294028.1	85268575	85255221	-	938.7	752
130941at7041	Complete	OY294033.1	8119629	8116626	-	532.1	438
130957at7041	Complete	OY294033.1	5075361	5071924	-	635.8	381
131167at7041	Complete	OY294028.1	15968945	15952891	-	317.2	335
131243at7041	Complete	OY294028.1	3205501	3203686	-	433.8	362
131550at7041	Complete	OY294028.1	68504834	68502711	-	664.3	549
131665at7041	Complete	OY294031.1	36096616	36100289	+	183.0	308
131696at7041	Complete	OY294028.1	86426885	86432789	+	955.2	664
131776at7041	Complete	OY294033.1	12099815	12091594	-	652.4	544
131940at7041	Complete	OY294028.1	55439225	55430465	-	269.1	241
132167at7041	Complete	OY294034.1	4937680	4940725	+	907.8	634
132223at7041	Complete	OY294028.1	86664688	86664004	-	213.1	197
132418at7041	Complete	OY294030.1	42440253	42443567	+	402.9	345
132505at7041	Complete	OY294029.1	2407136	2412108	+	322.5	362
132551at7041	Complete	OY294031.1	8388150	8386194	-	785.2	440
132691at7041	Complete	OY294028.1	17016130	16997696	-	1786.9	1036
133026at7041	Complete	OY294028.1	66974553	66970380	-	302.0	227
133090at7041	Complete	OY294028.1	88304873	88309883	+	626.9	400
133100at7041	Complete	OY294028.1	65085288	65083287	-	59.2	114
133173at7041	Complete	OY294030.1	27602580	27603540	+	66.7	66
133269at7041	Complete	OY294032.1	38401631	38387056	-	1000.5	492
133306at7041	Complete	OY294028.1	80659775	80658568	-	487.9	407
133316at7041	Complete	OY294029.1	1381103	1378628	-	1443.6	752
133627at7041	Complete	OY294030.1	11550666	11551427	+	323.7	212
133642at7041	Complete	OY294028.1	33300043	33298742	-	243.7	207
133960at7041	Complete	OY294028.1	34962260	34869608	-	617.3	475
134050at7041	Complete	OY294028.1	48188901	48203781	+	481.1	235
134329at7041	Complete	OY294028.1	88266668	88268778	+	336.8	277
134437at7041	Complete	OY294028.1	62554424	62559712	+	449.7	362
134537at7041	Complete	OY294029.1	106359	96295	-	716.7	494
134824at7041	Complete	OY294028.1	29681954	29678486	-	275.2	214
135107at7041	Complete	OY294028.1	3159041	3157573	-	277.9	193
135235at7041	Complete	OY294028.1	3762685	3759972	-	228.1	177
135299at7041	Complete	OY294032.1	39883550	39875213	-	1170.2	704
135379at7041	Complete	OY294032.1	13541602	13545401	+	209.8	163
135673at7041	Complete	OY294031.1	37038902	37033901	-	2288.9	1517
135736at7041	Complete	OY294033.1	6754555	6744928	-	237.0	278
135746at7041	Complete	OY294028.1	70643521	70637413	-	535.9	715
135753at7041	Complete	OY294028.1	79596823	79600846	+	663.3	698
135785at7041	Complete	OY294028.1	76420139	76424661	+	229.5	358
135814at7041	Complete	OY294032.1	12246738	12245253	-	449.5	398
136253at7041	Complete	OY294028.1	34039838	34034373	-	439.1	591
136380at7041	Complete	OY294032.1	24942249	24951860	+	180.6	231
136400at7041	Complete	OY294031.1	12406344	12412598	+	387.9	482
163411at7041	Complete	OY294030.1	13591325	13594339	+	536.6	212
163426at7041	Complete	OY294032.1	35570556	35572088	+	763.4	345
163431at7041	Complete	OY294028.1	56349300	56348703	-	396.6	176
163432at7041	Complete	OY294031.1	30734707	30739880	+	718.5	310
163443at7041	Complete	OY294031.1	31762630	31763298	+	333.0	217
163444at7041	Complete	OY294028.1	21400715	21400245	-	210.7	96
163448at7041	Complete	OY294033.1	24343547	24342828	-	367.5	169
163451at7041	Complete	OY294031.1	4368557	4356005	-	765.2	332
163457at7041	Complete	OY294028.1	57312104	57312723	+	308.9	136
163459at7041	Complete	OY294028.1	69606393	69600573	-	1105.5	483
163460at7041	Complete	OY294031.1	38389853	38386951	-	363.9	208
163461at7041	Complete	OY294029.1	6954809	6955871	+	695.3	320
163468at7041	Complete	OY294034.1	4243125	4242556	-	411.3	175
163470at7041	Complete	OY294028.1	21924086	21919640	-	892.8	432
163472at7041	Complete	OY294030.1	41055710	41059290	+	350.3	151
163487at7041	Complete	OY294032.1	34672798	34671957	-	482.7	220
163492at7041	Complete	OY294028.1	69833188	69827085	-	1096.8	479
163495at7041	Complete	OY294028.1	12311155	12293793	-	879.1	388
163500at7041	Complete	OY294029.1	49145233	49146101	+	538.6	250
163506at7041	Complete	OY294028.1	78370428	78327229	-	671.6	343
163509at7041	Complete	OY294028.1	59261101	59251199	-	435.8	190
163517at7041	Complete	OY294030.1	27496195	27494613	-	838.4	376
163519at7041	Complete	OY294032.1	39668286	39673059	+	487.4	217
163521at7041	Complete	OY294031.1	17015957	17014077	-	403.2	181
163526at7041	Complete	OY294030.1	38504572	38500751	-	460.8	195
163533at7041	Complete	OY294031.1	7499164	7493125	-	606.4	312
163535at7041	Complete	OY294031.1	34018420	34017113	-	691.8	345
163537at7041	Complete	OY294028.1	37817596	37818674	+	458.5	207
163542at7041	Complete	OY294028.1	82058370	82059018	+	356.1	161
163546at7041	Complete	OY294031.1	13833069	13830893	-	258.6	117
163550at7041	Complete	OY294028.1	70047408	70044311	-	1096.3	503
163557at7041	Complete	OY294028.1	83720363	83725623	+	361.7	163
163560at7041	Complete	OY294028.1	15648328	15647876	-	259.8	127
163561at7041	Complete	OY294031.1	3152889	3153557	+	350.1	164
163572at7041	Complete	OY294028.1	73448716	73453661	+	1984.4	1089
163574at7041	Complete	OY294028.1	10995499	10994338	-	286.2	125
163578at7041	Complete	OY294030.1	34892080	34890599	-	693.3	390
163579at7041	Complete	OY294031.1	38149737	38153819	+	761.0	347
163582at7041	Complete	OY294030.1	12644080	12635559	-	466.2	206
163583at7041	Complete	OY294031.1	22978601	22979472	+	319.6	146
163584at7041	Complete	OY294032.1	34753828	34752209	-	1088.4	476
163587at7041	Complete	OY294030.1	27496768	27501813	+	707.0	326
163593at7041	Complete	OY294032.1	5761226	5763327	+	997.0	431
163597at7041	Complete	OY294028.1	29691224	29685020	-	780.5	382
163609at7041	Complete	OY294031.1	39446174	39449443	+	686.8	318
163611at7041	Complete	OY294029.1	16596667	16593793	-	796.1	369
163613at7041	Complete	OY294030.1	2651637	2648651	-	1656.7	713
163622at7041	Complete	OY294032.1	30385204	30391293	+	765.3	402
163628at7041	Complete	OY294030.1	46209368	46211988	+	493.3	299
163639at7041	Complete	OY294033.1	275383	267680	-	352.1	156
163646at7041	Complete	OY294032.1	11919359	11928019	+	2282.0	1041
163654at7041	Complete	OY294029.1	3527113	3526480	-	343.5	167
163655at7041	Complete	OY294032.1	13533992	13536292	+	288.2	124
163661at7041	Complete	OY294031.1	623328	626403	+	628.7	304
163663at7041	Complete	OY294033.1	32122448	32121670	-	244.0	137
163666at7041	Complete	OY294034.1	30268760	30268121	-	327.3	174
163687at7041	Complete	OY294030.1	14603437	14607879	+	666.9	371
163694at7041	Complete	OY294032.1	2784937	2782919	-	1132.5	491
163695at7041	Complete	OY294030.1	47723896	47724716	+	473.7	226
163699at7041	Complete	OY294028.1	69585512	69592951	+	5018.5	2156
163700at7041	Complete	OY294030.1	15628486	15650671	+	1038.9	465
163703at7041	Complete	OY294033.1	16183877	16220320	+	2579.1	1232
163707at7041	Complete	OY294032.1	4937199	4941756	+	1083.2	474
163712at7041	Complete	OY294030.1	6591966	6592674	+	382.3	182
163722at7041	Complete	OY294028.1	92468509	92470312	+	822.8	414
163724at7041	Complete	OY294031.1	12952582	12953201	+	308.3	161
163726at7041	Complete	OY294028.1	73130441	73121345	-	907.1	463
163740at7041	Complete	OY294028.1	70128985	70127088	-	1048.1	485
163748at7041	Complete	OY294028.1	7714599	7715363	+	442.2	216
163761at7041	Complete	OY294030.1	938793	938272	-	233.2	123
163768at7041	Complete	OY294028.1	27220558	27221778	+	684.7	339
163769at7041	Complete	OY294028.1	11710854	11709778	-	735.3	337
163771at7041	Complete	OY294030.1	31050050	31048910	-	386.2	175
163779at7041	Complete	OY294028.1	57944713	57938704	-	546.6	279
163781at7041	Complete	OY294033.1	505633	500151	-	879.7	452
163784at7041	Complete	OY294029.1	3035408	3026535	-	3197.9	1473
163787at7041	Complete	OY294033.1	8111903	8112824	+	518.2	247
163790at7041	Complete	OY294030.1	42871818	42876464	+	1275.5	677
163799at7041	Complete	OY294033.1	30244577	30245357	+	393.5	182
163801at7041	Complete	OY294028.1	85820498	85818065	-	1525.5	692
163802at7041	Complete	OY294028.1	55288516	55289731	+	407.4	201
163803at7041	Complete	OY294030.1	17214078	17215349	+	537.8	342
163810at7041	Complete	OY294033.1	16930712	16924362	-	1059.2	576
163813at7041	Complete	OY294031.1	36587247	36585113	-	784.1	460
163815at7041	Complete	OY294029.1	122759	124917	+	881.2	383
163817at7041	Complete	OY294028.1	31848138	31849835	+	1015.8	550
163825at7041	Complete	OY294029.1	6737025	6739606	+	690.8	363
163826at7041	Complete	OY294031.1	20117252	20114402	-	1303.2	642
163827at7041	Complete	OY294030.1	15408046	15408654	+	357.1	186
163831at7041	Complete	OY294031.1	32304794	32261140	-	1491.9	836
163832at7041	Complete	OY294028.1	21722305	21768972	+	758.8	251
163833at7041	Complete	OY294028.1	20822849	20824317	+	816.4	421
163855at7041	Complete	OY294033.1	14412611	14412124	-	153.5	95
163858at7041	Complete	OY294032.1	40161757	40163088	+	582.1	323
163861at7041	Complete	OY294032.1	5770355	5768628	-	528.6	242
163866at7041	Complete	OY294030.1	13063781	13062583	-	257.3	134
163870at7041	Complete	OY294031.1	8364759	8366014	+	347.3	215
163883at7041	Complete	OY294030.1	5178094	5183118	+	399.3	208
163895at7041	Complete	OY294031.1	39960830	39960452	-	162.7	96
163905at7041	Complete	OY294031.1	8200550	8196910	-	826.3	386
163910at7041	Complete	OY294028.1	88272970	88272050	-	363.2	178
163913at7041	Complete	OY294032.1	28994807	28995947	+	214.6	99
163931at7041	Complete	OY294034.1	7776110	7776747	+	298.9	175
163933at7041	Complete	OY294028.1	76591604	76590107	-	967.4	446
163936at7041	Complete	OY294030.1	20375263	20373492	-	504.1	295
163943at7041	Complete	OY294030.1	41518577	41519968	+	489.6	272
163945at7041	Complete	OY294030.1	9759209	9775878	+	1094.5	516
163951at7041	Complete	OY294031.1	8742389	8754037	+	1009.7	458
163953at7041	Complete	OY294031.1	22468343	22466827	-	852.2	409
163956at7041	Complete	OY294031.1	830965	828785	-	913.3	507
163959at7041	Complete	OY294028.1	31109919	31094288	-	519.1	259
163970at7041	Complete	OY294028.1	70149470	70144554	-	721.4	345
163973at7041	Complete	OY294029.1	6948693	6943309	-	700.5	354
163994at7041	Complete	OY294031.1	28022733	28023257	+	271.1	146
163996at7041	Fragmented	OY294033.1	1099781	1101895	+	532.2	290
163998at7041	Complete	OY294033.1	28126136	28122911	-	625.6	309
164003at7041	Complete	OY294030.1	15713762	15720689	+	2483.1	1148
164009at7041	Complete	OY294031.1	8281066	8284081	+	569.6	266
164011at7041	Complete	OY294033.1	5050507	5051214	+	442.3	212
164018at7041	Complete	OY294028.1	69642322	69646984	+	977.0	454
164025at7041	Complete	OY294031.1	32410238	32409811	-	254.6	125
164042at7041	Complete	OY294030.1	41923901	41919859	-	2392.6	1055
164049at7041	Complete	OY294034.1	16958935	16946310	-	869.7	651
164054at7041	Complete	OY294033.1	23634581	23633976	-	374.3	181
164063at7041	Complete	OY294030.1	31351082	31348662	-	971.5	512
164069at7041	Complete	OY294028.1	64682163	64683341	+	538.8	297
164075at7041	Complete	OY294030.1	31460590	31461428	+	315.7	141
164085at7041	Complete	OY294032.1	24743952	24760893	+	1615.2	809
164090at7041	Complete	OY294031.1	34519593	34528683	+	4646.8	2360
164093at7041	Complete	OY294030.1	27586048	27574072	-	2302.6	1145
164096at7041	Complete	OY294028.1	74314707	74315280	+	232.0	134
164099at7041	Complete	OY294030.1	7036567	7034874	-	830.4	457
164102at7041	Complete	OY294034.1	26793180	26788202	-	1501.1	938
164108at7041	Complete	OY294032.1	23244491	23246393	+	980.3	600
164112at7041	Complete	OY294033.1	1228404	1227299	-	515.0	303
164115at7041	Complete	OY294028.1	644119	632890	-	2201.4	1197
164119at7041	Complete	OY294034.1	1402403	1405052	+	727.5	370
164125at7041	Complete	OY294028.1	31822739	31825438	+	918.1	510
164135at7041	Complete	OY294031.1	36588242	36589753	+	678.1	314
164150at7041	Complete	OY294028.1	78630560	78627033	-	1344.3	658
164162at7041	Complete	OY294032.1	36928209	36925585	-	1300.9	686
164164at7041	Complete	OY294033.1	4265085	4268186	+	1583.9	729
164171at7041	Complete	OY294032.1	8217452	8217031	-	219.0	120
164172at7041	Complete	OY294028.1	93061720	93057654	-	640.8	337
164177at7041	Complete	OY294031.1	36805384	36803590	-	732.7	311
164186at7041	Complete	OY294031.1	6640342	6642164	+	880.2	415
164191at7041	Complete	OY294031.1	32668452	32667624	-	277.7	192
164200at7041	Complete	OY294028.1	32939885	32938298	-	367.6	213
164202at7041	Complete	OY294028.1	70747846	70743010	-	1889.5	916
164206at7041	Complete	OY294031.1	40185400	40238307	+	1975.9	958
164213at7041	Complete	OY294030.1	4364882	4362385	-	1229.7	609
164214at7041	Complete	OY294028.1	91105386	91101426	-	1499.9	728
164233at7041	Complete	OY294030.1	41902525	41904615	+	869.8	439
164236at7041	Complete	OY294033.1	20421877	20418310	-	776.8	288
164243at7041	Complete	OY294030.1	45641381	45647730	+	1260.8	630
164250at7041	Complete	OY294028.1	56031092	56011424	-	1352.7	640
164254at7041	Complete	OY294033.1	10288186	10286809	-	639.1	324
164256at7041	Complete	OY294028.1	89334811	89334363	-	178.7	99
164262at7041	Complete	OY294028.1	80527902	80521917	-	821.3	577
164270at7041	Complete	OY294028.1	12291371	12289167	-	1218.6	652
164275at7041	Complete	OY294032.1	36833061	36833535	+	221.1	120
164278at7041	Complete	OY294033.1	23569558	23570457	+	429.7	224
164288at7041	Complete	OY294031.1	9267678	9274165	+	483.9	234
164289at7041	Complete	OY294033.1	1269867	1267812	-	1138.4	537
164291at7041	Complete	OY294028.1	90391484	90390683	-	548.4	249
164294at7041	Complete	OY294031.1	20693031	20696007	+	485.6	301
164295at7041	Complete	OY294029.1	3528297	3529919	+	517.3	433
164298at7041	Complete	OY294028.1	31816784	31812318	-	640.6	359
164301at7041	Complete	OY294032.1	30405662	30404010	-	1052.0	493
164305at7041	Complete	OY294030.1	40449918	40478690	+	1290.9	620
164308at7041	Complete	OY294029.1	2904655	2905875	+	714.5	394
164313at7041	Complete	OY294031.1	10020540	10022980	+	961.5	465
164314at7041	Complete	OY294032.1	5760683	5759697	-	591.7	271
164322at7041	Complete	OY294030.1	8148125	8153053	+	633.9	340
164324at7041	Complete	OY294033.1	11058983	11059937	+	503.9	260
164333at7041	Complete	OY294028.1	66477744	66474714	-	1086.3	521
164335at7041	Complete	OY294034.1	21793488	21798642	+	1241.7	696
164342at7041	Complete	OY294028.1	77686002	77766538	+	644.0	265
164346at7041	Complete	OY294031.1	13107060	13116352	+	3757.6	1617
164350at7041	Complete	OY294031.1	8795628	8798754	+	1233.4	646
164353at7041	Complete	OY294028.1	92350729	92349280	-	815.6	392
164355at7041	Complete	OY294028.1	42595924	42593394	-	1507.1	704
164367at7041	Complete	OY294030.1	2373096	2376818	+	2526.5	1212
164374at7041	Complete	OY294032.1	34652820	34651037	-	1065.3	523
164378at7041	Complete	OY294028.1	55573189	55575908	+	1126.4	618
164383at7041	Complete	OY294028.1	85953233	85953832	+	258.2	159
164384at7041	Complete	OY294030.1	3896213	3888445	-	3372.3	1645
164386at7041	Complete	OY294028.1	82101227	82099557	-	582.9	336
164389at7041	Complete	OY294031.1	560390	563270	+	604.1	379
164391at7041	Complete	OY294034.1	8508416	8514442	+	2058.3	917
164397at7041	Complete	OY294033.1	31778107	31772827	-	1984.3	1027
164414at7041	Complete	OY294028.1	44198684	44209973	+	776.7	416
164418at7041	Complete	OY294030.1	43073689	43075020	+	878.0	436
164419at7041	Complete	OY294032.1	3828913	3827482	-	880.2	415
164420at7041	Complete	OY294031.1	34238657	34240680	+	1215.5	544
164427at7041	Complete	OY294032.1	40285379	40282876	-	878.1	463
164429at7041	Complete	OY294029.1	10245006	10245922	+	311.6	178
164432at7041	Complete	OY294028.1	87537666	87518407	-	1754.1	927
164435at7041	Complete	OY294030.1	13579396	13590821	+	642.1	232
164444at7041	Complete	OY294033.1	10486895	10504517	+	1016.8	607
164451at7041	Complete	OY294028.1	21863579	21871349	+	367.0	201
164453at7041	Complete	OY294028.1	64144990	64145562	+	388.0	171
164458at7041	Complete	OY294031.1	14174647	14182433	+	1515.9	746
164461at7041	Complete	OY294028.1	25040590	25039366	-	646.3	337
164462at7041	Complete	OY294031.1	29861966	29859919	-	982.2	547
164468at7041	Complete	OY294030.1	6610301	6609141	-	470.0	292
164472at7041	Complete	OY294028.1	14607913	14612687	+	1291.3	626
164478at7041	Complete	OY294034.1	29672536	29675644	+	1404.3	797
164481at7041	Complete	OY294030.1	46063503	46061956	-	1070.8	489
164492at7041	Complete	OY294031.1	8070740	8077332	+	672.5	378
164502at7041	Complete	OY294028.1	73545330	73544617	-	396.6	198
164511at7041	Complete	OY294030.1	45992005	45997355	+	2071.3	1089
164514at7041	Complete	OY294034.1	4552924	4561700	+	1095.2	494
164519at7041	Complete	OY294031.1	9015835	9014077	-	1116.7	530
164523at7041	Complete	OY294031.1	12329435	12326009	-	668.3	403
164525at7041	Complete	OY294031.1	11208792	11209817	+	650.5	333
164532at7041	Complete	OY294031.1	1630979	1652704	+	562.9	272
164537at7041	Complete	OY294033.1	11347099	11344951	-	1290.0	626
164538at7041	Complete	OY294028.1	73096561	73107401	+	1931.5	1002
164539at7041	Complete	OY294029.1	179475	177463	-	932.7	489
164540at7041	Complete	OY294031.1	36069451	36070568	+	511.9	301
164551at7041	Complete	OY294031.1	32635063	32613988	-	1879.5	882
164552at7041	Complete	OY294031.1	10001588	10005887	+	1997.7	969
164554at7041	Complete	OY294030.1	3544430	3542047	-	1294.0	680
164564at7041	Complete	OY294028.1	90843454	90845139	+	730.7	356
164570at7041	Complete	OY294032.1	40544870	40546424	+	793.5	411
164575at7041	Complete	OY294031.1	5970728	5970016	-	399.0	181
164590at7041	Complete	OY294031.1	979080	987497	+	407.5	187
164592at7041	Complete	OY294032.1	14488720	14492221	+	1280.6	685
164604at7041	Complete	OY294028.1	60590423	60589872	-	243.9	146
164608at7041	Complete	OY294032.1	26427019	26425840	-	739.5	332
164610at7041	Complete	OY294028.1	49066740	49049240	-	385.3	188
164611at7041	Complete	OY294030.1	36284421	36285462	+	573.8	293
164621at7041	Complete	OY294028.1	91079396	91081594	+	1306.0	640
164627at7041	Complete	OY294028.1	60590255	60592531	+	1023.2	530
164630at7041	Complete	OY294028.1	83202044	83203117	+	407.2	265
164638at7041	Complete	OY294034.1	30276786	30272278	-	1447.3	833
164641at7041	Complete	OY294032.1	36923375	36924598	+	412.9	199
164642at7041	Complete	OY294034.1	1949618	1985875	+	2255.2	1170
164644at7041	Complete	OY294028.1	80654133	80656129	+	1177.3	539
164646at7041	Complete	OY294032.1	35790309	35788184	-	784.3	413
164650at7041	Complete	OY294028.1	70349083	70342522	-	462.3	213
164654at7041	Complete	OY294028.1	80100644	80102027	+	427.9	225
164656at7041	Complete	OY294028.1	9999829	10001121	+	535.3	325
164657at7041	Complete	OY294028.1	34201419	34185178	-	1518.6	830
164662at7041	Complete	OY294029.1	52736760	52741061	+	1585.4	849
164663at7041	Complete	OY294030.1	2436030	2434135	-	910.1	496
164667at7041	Complete	OY294028.1	82922094	82926365	+	1273.7	723
164669at7041	Complete	OY294031.1	30744793	30743352	-	897.7	426
164670at7041	Complete	OY294028.1	5030450	5031368	+	456.5	227
164678at7041	Complete	OY294028.1	59167279	59168037	+	238.8	163
164689at7041	Complete	OY294031.1	20514216	20511296	-	843.7	438
164699at7041	Complete	OY294028.1	85617391	85618334	+	601.2	274
164709at7041	Complete	OY294028.1	721090	720614	-	317.3	141
164710at7041	Complete	OY294034.1	30361337	30359080	-	1074.4	601
164714at7041	Complete	OY294029.1	402214	406701	+	2080.2	1148
164718at7041	Complete	OY294031.1	29246601	29249034	+	600.0	332
164719at7041	Complete	OY294028.1	20784155	20787436	+	928.1	458
164721at7041	Complete	OY294028.1	32007686	32006392	-	654.9	314
164729at7041	Complete	OY294030.1	28527675	28522766	-	1228.3	587
164730at7041	Complete	OY294031.1	1031562	1030185	-	747.7	347
164736at7041	Complete	OY294028.1	20716542	20717858	+	740.5	389
164738at7041	Complete	OY294030.1	2054079	2050108	-	2336.7	1202
164741at7041	Complete	OY294028.1	63841976	63838295	-	1874.4	901
164745at7041	Complete	OY294030.1	18802758	18786341	-	1287.5	694
164751at7041	Complete	OY294028.1	57247124	57257116	+	3173.0	1540
164762at7041	Complete	OY294034.1	3069795	3092863	+	206.4	109
164769at7041	Duplicated	OY294028.1	26756481	26759226	+	1400.3	707
164769at7041	Duplicated	OY294029.1	38927207	38929411	+	1332.4	707
164771at7041	Complete	OY294030.1	39435851	39438083	+	981.8	541
164773at7041	Complete	OY294028.1	4549780	4551357	+	786.7	423
164778at7041	Complete	OY294033.1	5049827	5048866	-	294.1	287
164780at7041	Complete	OY294032.1	441668	437283	-	830.3	397
164788at7041	Complete	OY294030.1	20065570	20090833	+	919.6	456
164789at7041	Complete	OY294034.1	4384759	4395038	+	1258.9	602
164793at7041	Complete	OY294028.1	5543302	5542615	-	366.5	189
164803at7041	Complete	OY294030.1	7337386	7333342	-	341.4	222
164805at7041	Complete	OY294033.1	4326212	4328571	+	293.7	155
164822at7041	Complete	OY294030.1	39807667	39798215	-	525.6	289
164823at7041	Complete	OY294028.1	75661580	75660601	-	398.0	213
164826at7041	Complete	OY294031.1	34025956	34027141	+	681.8	369
164833at7041	Complete	OY294028.1	20719704	20719342	-	169.3	95
164839at7041	Complete	OY294032.1	3786498	3764375	-	1125.4	530
164843at7041	Complete	OY294030.1	40613394	40611314	-	1031.9	499
164848at7041	Complete	OY294031.1	1107197	1102910	-	1266.2	595
164854at7041	Complete	OY294031.1	12933987	12934479	+	285.2	143
164858at7041	Complete	OY294029.1	3376815	3373730	-	1017.2	528
164872at7041	Complete	OY294028.1	7397406	7394088	-	1186.8	673
164873at7041	Complete	OY294029.1	49146886	49148693	+	1120.2	503
164874at7041	Complete	OY294033.1	12904437	12939871	+	1338.6	780
164877at7041	Complete	OY294028.1	46335702	46390493	+	854.3	445
164882at7041	Complete	OY294030.1	13644828	13634280	-	1532.2	967
164886at7041	Complete	OY294034.1	16518832	16558409	+	393.7	178
164889at7041	Complete	OY294033.1	17892188	17897877	+	896.4	405
164895at7041	Complete	OY294028.1	72662255	72657869	-	652.9	458
164911at7041	Complete	OY294030.1	28433308	28436953	+	697.8	367
164916at7041	Complete	OY294030.1	41408762	41398565	-	1428.3	764
164917at7041	Complete	OY294030.1	12056291	12055002	-	576.0	338
164924at7041	Complete	OY294030.1	6350093	6351307	+	612.0	347
164926at7041	Complete	OY294031.1	29417819	29394979	-	1370.6	643
164935at7041	Complete	OY294034.1	29911810	29916557	+	2150.5	1082
164937at7041	Complete	OY294028.1	20844066	20843116	-	556.4	308
164955at7041	Complete	OY294029.1	669794	672462	+	1409.6	708
164956at7041	Complete	OY294034.1	3540812	3542096	+	584.9	330
164961at7041	Complete	OY294031.1	37756835	37757292	+	175.5	125
164962at7041	Complete	OY294028.1	70988079	71007734	+	347.7	223
164963at7041	Complete	OY294030.1	20213955	20211838	-	1423.9	624
164964at7041	Complete	OY294032.1	7027777	7045291	+	985.4	435
164974at7041	Complete	OY294032.1	764934	760765	-	1801.0	1055
164976at7041	Complete	OY294028.1	14718082	14703679	-	1825.3	806
164990at7041	Complete	OY294028.1	31978191	31993233	+	661.8	443
164994at7041	Complete	OY294028.1	26941087	26938885	-	972.3	488
164998at7041	Complete	OY294028.1	41035509	41036692	+	647.1	304
165002at7041	Complete	OY294032.1	26757379	26749866	-	1770.2	856
165004at7041	Complete	OY294028.1	73675588	73676120	+	243.4	132
165012at7041	Complete	OY294031.1	39557458	39558262	+	445.4	211
165015at7041	Complete	OY294031.1	1229634	1209039	-	1476.2	747
165023at7041	Complete	OY294028.1	49817946	49789130	-	479.5	244
165025at7041	Complete	OY294031.1	39951915	39954820	+	680.8	445
165037at7041	Complete	OY294030.1	41996066	41996987	+	475.5	259
165040at7041	Complete	OY294028.1	72969354	72972960	+	1874.0	876
165043at7041	Complete	OY294032.1	4740275	4729509	-	733.1	372
165077at7041	Complete	OY294028.1	83210042	83207080	-	1347.3	733
165081at7041	Complete	OY294028.1	42694035	42695515	+	808.6	418
165085at7041	Complete	OY294029.1	182788	190251	+	3345.1	1603
165086at7041	Complete	OY294031.1	26986839	26975134	-	2415.0	1507
165095at7041	Complete	OY294031.1	9342500	9344301	+	895.8	504
165096at7041	Complete	OY294028.1	26024923	26027017	+	905.8	517
165097at7041	Complete	OY294033.1	22101171	22103642	+	1455.4	748
165100at7041	Complete	OY294030.1	39522980	39523770	+	334.0	204
165104at7041	Complete	OY294031.1	39445839	39444715	-	346.6	198
165109at7041	Complete	OY294028.1	90660508	90661043	+	238.2	134
165119at7041	Complete	OY294032.1	13173062	13165611	-	487.2	307
165127at7041	Complete	OY294032.1	11722557	11721858	-	320.6	192
165131at7041	Complete	OY294032.1	8050650	8056033	+	1347.8	1125
165137at7041	Complete	OY294030.1	45381705	45386799	+	1436.0	867
165140at7041	Complete	OY294031.1	34025390	34021210	-	2300.9	1198
165148at7041	Complete	OY294030.1	20109564	20128765	+	2600.0	1468
165152at7041	Complete	OY294028.1	42606665	42607574	+	467.4	228
165155at7041	Complete	OY294029.1	135412	129531	-	1182.2	598
165162at7041	Complete	OY294028.1	25705792	25704920	-	531.5	257
165172at7041	Complete	OY294031.1	32099895	32098314	-	951.5	431
165180at7041	Complete	OY294028.1	84265532	84262613	-	922.1	491
165187at7041	Complete	OY294033.1	25080907	25116210	+	1199.5	625
165190at7041	Complete	OY294030.1	40276188	40279961	+	1594.9	887
165205at7041	Complete	OY294028.1	56435765	56437066	+	479.4	223
165206at7041	Complete	OY294028.1	16231203	16240488	+	402.7	222
165208at7041	Complete	OY294031.1	39783361	39770554	-	1412.4	672
165220at7041	Complete	OY294028.1	26116767	26114293	-	1092.9	640
165227at7041	Complete	OY294028.1	41991792	41999303	+	1445.6	713
165237at7041	Complete	OY294030.1	43453793	43454891	+	506.3	293
165243at7041	Complete	OY294031.1	15065217	15063954	-	652.5	322
165247at7041	Complete	OY294032.1	32361258	32361757	+	198.2	118
165261at7041	Complete	OY294031.1	22865331	22866761	+	709.6	395
165267at7041	Complete	OY294028.1	80903515	80905946	+	844.1	520
165268at7041	Complete	OY294030.1	32897536	32899043	+	601.7	317
165279at7041	Complete	OY294029.1	6628293	6633172	+	1474.5	774
165280at7041	Complete	OY294028.1	953514	956851	+	1558.9	764
165302at7041	Complete	OY294033.1	8249714	8254076	+	698.4	436
165322at7041	Complete	OY294030.1	46601302	46601850	+	300.6	173
165323at7041	Complete	OY294034.1	8985492	8974573	-	1687.7	922
165324at7041	Complete	OY294033.1	19011949	19005191	-	625.1	355
165326at7041	Complete	OY294032.1	13276159	13272097	-	805.5	459
165329at7041	Complete	OY294030.1	45369866	45368962	-	374.6	220
165337at7041	Complete	OY294034.1	24105184	24105982	+	346.7	189
165341at7041	Complete	OY294028.1	14033448	14044957	+	1956.8	1101
165342at7041	Complete	OY294033.1	2731651	2720886	-	262.2	190
165343at7041	Complete	OY294031.1	10025606	10026247	+	378.4	185
165346at7041	Complete	OY294028.1	40855486	40851777	-	349.3	204
165357at7041	Complete	OY294030.1	48455057	48456988	+	446.4	241
165360at7041	Complete	OY294028.1	90314450	90315922	+	1050.5	482
165361at7041	Complete	OY294033.1	26572444	26573395	+	301.1	146
165375at7041	Complete	OY294028.1	73443407	73447787	+	2256.4	1195
165377at7041	Complete	OY294028.1	91098969	91100839	+	593.0	387
165394at7041	Complete	OY294031.1	10608491	10607612	-	414.3	205
165396at7041	Complete	OY294031.1	20634138	20635116	+	516.7	253
165398at7041	Complete	OY294032.1	36923099	36920029	-	1339.5	788
165399at7041	Complete	OY294031.1	32369436	32376286	+	3317.1	1741
165402at7041	Complete	OY294034.1	29456799	29457236	+	182.8	106
165412at7041	Complete	OY294033.1	2874001	2872370	-	1101.0	564
165416at7041	Complete	OY294032.1	25594998	25601891	+	399.6	243
165423at7041	Complete	OY294028.1	15815214	15813049	-	977.7	501
165430at7041	Complete	OY294028.1	86440316	86442031	+	563.1	347
165434at7041	Complete	OY294028.1	11704573	11701809	-	1287.2	682
165439at7041	Complete	OY294033.1	30706950	30708685	+	994.8	552
165445at7041	Complete	OY294033.1	12090462	12085481	-	707.2	491
165451at7041	Complete	OY294028.1	1120900	1119727	-	551.0	304
165453at7041	Complete	OY294028.1	10326688	10378219	+	2279.8	1370
165454at7041	Complete	OY294030.1	13066264	13068269	+	632.6	424
165455at7041	Complete	OY294034.1	31545810	31575761	+	689.8	333
165460at7041	Complete	OY294030.1	34541455	34535152	-	1288.2	715
165461at7041	Complete	OY294033.1	29453780	29414935	-	1719.9	550
165470at7041	Complete	OY294032.1	3110276	3107198	-	1195.8	744
165471at7041	Complete	OY294028.1	11298805	11300179	+	514.2	294
165477at7041	Complete	OY294031.1	10185372	10176154	-	846.3	439
165483at7041	Complete	OY294030.1	21626243	21641542	+	520.7	303
165493at7041	Complete	OY294029.1	52209742	52211446	+	1000.4	505
165515at7041	Complete	OY294030.1	5189931	5190903	+	539.9	292
165526at7041	Complete	OY294031.1	40651444	40669413	+	1093.2	562
165533at7041	Complete	OY294028.1	27434939	27436812	+	755.4	433
165540at7041	Complete	OY294028.1	32743628	32741811	-	801.0	540
165544at7041	Complete	OY294028.1	80520161	80520808	+	438.6	211
165568at7041	Complete	OY294031.1	34963333	34964236	+	284.3	205
165569at7041	Complete	OY294034.1	4566419	4571848	+	369.9	234
165579at7041	Complete	OY294028.1	25547353	25546482	-	408.3	213
165593at7041	Complete	OY294031.1	36193533	36194197	+	157.8	89
165602at7041	Complete	OY294029.1	3537401	3538507	+	419.1	248
165608at7041	Complete	OY294030.1	32437746	32435841	-	700.7	440
165609at7041	Complete	OY294031.1	22867440	22876499	+	1407.1	672
165624at7041	Complete	OY294030.1	11733410	11731713	-	884.0	460
165626at7041	Complete	OY294031.1	28780900	28797002	+	1164.5	645
165627at7041	Complete	OY294034.1	28980301	28987079	+	680.6	370
165633at7041	Complete	OY294028.1	2349881	2346257	-	1513.3	747
165637at7041	Complete	OY294028.1	15715847	15718707	+	1433.5	712
165639at7041	Complete	OY294031.1	38232639	38234927	+	995.9	737
165648at7041	Complete	OY294028.1	84979737	84978441	-	174.4	157
165649at7041	Complete	OY294028.1	55344975	55345642	+	423.7	202
165651at7041	Complete	OY294030.1	15733019	15722075	-	637.3	436
165653at7041	Complete	OY294028.1	89064444	89063773	-	379.9	181
165656at7041	Complete	OY294028.1	61791722	61798336	+	965.4	626
165670at7041	Complete	OY294028.1	65724631	65725536	+	420.7	238
165690at7041	Complete	OY294029.1	2058597	2060546	+	613.4	382
165692at7041	Complete	OY294028.1	15675874	15674513	-	745.0	367
165694at7041	Complete	OY294032.1	40089680	40088364	-	583.8	340
165703at7041	Complete	OY294033.1	29979723	29981229	+	484.6	318
165711at7041	Complete	OY294031.1	12355581	12358858	+	1855.4	872
165720at7041	Complete	OY294028.1	48147798	48103364	-	527.1	372
165724at7041	Complete	OY294032.1	29445726	29443851	-	693.2	350
165731at7041	Complete	OY294028.1	70021113	70017454	-	1309.4	600
165733at7041	Complete	OY294031.1	13037085	13034314	-	794.0	466
165749at7041	Complete	OY294034.1	4145188	4131810	-	2199.7	1349
165752at7041	Complete	OY294030.1	43075294	43076807	+	776.1	377
165764at7041	Complete	OY294032.1	40585010	40584545	-	232.4	127
165767at7041	Complete	OY294028.1	63913752	63908938	-	1618.9	1082
165769at7041	Complete	OY294033.1	4424074	4423711	-	215.8	103
165773at7041	Complete	OY294030.1	4365214	4370054	+	733.0	472
165776at7041	Complete	OY294030.1	34579805	34580605	+	458.7	267
165778at7041	Complete	OY294031.1	18834376	18840568	+	768.6	427
165779at7041	Complete	OY294028.1	31772398	31773767	+	801.8	396
165791at7041	Complete	OY294028.1	74368720	74371806	+	477.6	213
165797at7041	Complete	OY294028.1	5600691	5605374	+	1428.1	699
165804at7041	Complete	OY294030.1	33399433	33397590	-	725.7	432
165810at7041	Complete	OY294030.1	40566348	40563912	-	995.9	682
165811at7041	Complete	OY294032.1	30668620	30669777	+	643.5	369
165813at7041	Complete	OY294032.1	33791097	33790232	-	323.5	203
165818at7041	Complete	OY294028.1	1683981	1675611	-	542.8	360
165833at7041	Complete	OY294030.1	32266469	32267797	+	764.4	389
165834at7041	Complete	OY294031.1	10694349	10690591	-	435.2	263
165839at7041	Complete	OY294028.1	54619817	54737851	+	1948.3	889
165844at7041	Complete	OY294028.1	26029736	26029172	-	151.0	133
165851at7041	Complete	OY294030.1	42345984	42366466	+	307.8	159
165852at7041	Complete	OY294030.1	39807914	39809296	+	702.1	412
165853at7041	Complete	OY294032.1	31585899	31584473	-	938.1	396
165870at7041	Complete	OY294032.1	40312466	40310081	-	516.0	301
165873at7041	Complete	OY294033.1	6137404	6114046	-	1063.9	559
165877at7041	Complete	OY294028.1	26362055	26360849	-	515.8	249
165882at7041	Complete	OY294030.1	47636500	47638060	+	604.4	374
165883at7041	Complete	OY294034.1	29611683	29615456	+	1241.4	722
165885at7041	Complete	OY294031.1	5369297	5366639	-	494.7	238
165887at7041	Complete	OY294031.1	32391068	32399360	+	1070.0	537
165895at7041	Complete	OY294033.1	793015	793944	+	361.1	205
165897at7041	Complete	OY294030.1	3234993	3236344	+	476.5	341
165900at7041	Complete	OY294031.1	29386019	29386628	+	218.2	112
165911at7041	Complete	OY294028.1	93062004	93062799	+	322.2	202
165912at7041	Complete	OY294030.1	18850700	18852073	+	572.1	327
165913at7041	Complete	OY294032.1	8065490	8082488	+	890.2	446
165917at7041	Complete	OY294031.1	39436298	39433959	-	961.7	704
165921at7041	Complete	OY294028.1	68597536	68619554	+	663.4	426
165934at7041	Complete	OY294028.1	3015120	3008205	-	610.8	364
165942at7041	Complete	OY294030.1	1775139	1779083	+	2601.9	1267
165947at7041	Complete	OY294033.1	14202908	14212275	+	1222.3	628
165955at7041	Complete	OY294034.1	31297298	31291284	-	927.0	549
165965at7041	Complete	OY294031.1	13038259	13038951	+	341.4	194
165971at7041	Complete	OY294029.1	52867923	52872643	+	1179.8	596
165977at7041	Complete	OY294031.1	8553962	8554561	+	326.8	197
165999at7041	Complete	OY294028.1	17979744	17982572	+	1045.9	613
166002at7041	Complete	OY294034.1	30347877	30349857	+	1307.7	607
166010at7041	Complete	OY294028.1	31335810	31337612	+	507.5	271
166012at7041	Complete	OY294030.1	3568207	3583753	+	1220.3	661
166034at7041	Complete	OY294029.1	920957	916379	-	2594.1	1228
166038at7041	Complete	OY294028.1	16070623	16069988	-	200.2	111
166044at7041	Complete	OY294031.1	22794661	22795969	+	641.5	316
166045at7041	Complete	OY294028.1	58047984	58044166	-	432.0	197
166048at7041	Complete	OY294028.1	77645496	77643721	-	555.8	289
166072at7041	Complete	OY294028.1	15786876	15787865	+	474.9	273
166075at7041	Complete	OY294028.1	73322760	73326180	+	642.9	345
166090at7041	Duplicated	OY294032.1	2981242	2981886	+	424.8	202
166090at7041	Duplicated	OY294028.1	84496777	84497415	+	400.7	202
166090at7041	Duplicated	OY294032.1	24330323	24322768	-	457.0	195
166105at7041	Complete	OY294030.1	6851358	6847126	-	1446.7	806
166113at7041	Complete	OY294033.1	4079553	4081394	+	878.6	468
166118at7041	Complete	OY294033.1	22638899	22639937	+	472.9	323
166123at7041	Complete	OY294034.1	8666816	8643515	-	1067.6	532
166137at7041	Complete	OY294028.1	80106742	80107465	+	319.9	177
166139at7041	Complete	OY294030.1	805074	806911	+	403.7	220
166141at7041	Complete	OY294030.1	30297266	30296304	-	475.8	328
166156at7041	Complete	OY294028.1	70086001	70089964	+	471.1	289
166159at7041	Complete	OY294029.1	2404552	2403800	-	325.2	190
166168at7041	Complete	OY294031.1	7851026	7994000	+	688.3	320
166178at7041	Complete	OY294028.1	728501	727271	-	504.6	330
166179at7041	Complete	OY294028.1	6494539	6492338	-	1246.9	635
166194at7041	Complete	OY294031.1	10025423	10023699	-	714.4	344
166198at7041	Complete	OY294031.1	20071417	20074783	+	1707.0	916
166206at7041	Complete	OY294032.1	1452310	1451818	-	210.5	128
166209at7041	Complete	OY294028.1	48987722	48988855	+	505.9	300
166212at7041	Complete	OY294030.1	40610268	40605296	-	545.0	293
166223at7041	Complete	OY294030.1	39582182	39581103	-	219.7	185
166226at7041	Complete	OY294028.1	11315317	11313134	-	692.6	427
166233at7041	Complete	OY294030.1	11480384	11482991	+	317.8	242
166235at7041	Complete	OY294028.1	68113455	68112199	-	693.9	351
166246at7041	Complete	OY294028.1	22865977	22862300	-	1101.0	664
166247at7041	Complete	OY294031.1	896088	896817	+	379.1	190
166254at7041	Complete	OY294033.1	24325002	24326086	+	532.6	248
166255at7041	Complete	OY294030.1	7377985	7354306	-	2849.9	1433
166256at7041	Complete	OY294028.1	71237726	71236484	-	610.8	338
166258at7041	Complete	OY294032.1	10955944	10961010	+	1642.6	844
166263at7041	Complete	OY294032.1	3855196	3853247	-	1085.2	507
166271at7041	Complete	OY294031.1	13320692	13299649	-	521.2	327
166272at7041	Complete	OY294031.1	17564051	17557781	-	463.4	250
166277at7041	Complete	OY294028.1	92713716	92708101	-	2116.3	1309
166278at7041	Complete	OY294028.1	10565682	10556035	-	952.1	498
166280at7041	Complete	OY294028.1	2750442	2749651	-	215.9	115
166281at7041	Complete	OY294030.1	5319059	5309591	-	925.5	626
166285at7041	Complete	OY294028.1	1088663	1088094	-	306.8	162
166294at7041	Complete	OY294031.1	10303627	10316840	+	1743.1	984
166299at7041	Complete	OY294028.1	64465133	64470431	+	1026.8	505
166300at7041	Complete	OY294031.1	9279380	9275849	-	1997.0	957
166302at7041	Complete	OY294030.1	3562959	3561767	-	614.4	315
166308at7041	Complete	OY294028.1	11667329	11667721	+	174.8	106
166314at7041	Complete	OY294030.1	42878234	42879780	+	682.2	413
166316at7041	Complete	OY294031.1	32791457	32808739	+	1680.6	1032
166329at7041	Complete	OY294028.1	61187349	61184195	-	815.4	521
166331at7041	Complete	OY294033.1	9234694	9235839	+	406.4	301
166338at7041	Complete	OY294033.1	5238587	5214914	-	1216.3	770
166350at7041	Complete	OY294029.1	12719238	12717586	-	992.2	482
166366at7041	Complete	OY294028.1	92721121	92718124	-	836.7	427
166372at7041	Complete	OY294028.1	29813430	29809792	-	544.9	300
166375at7041	Complete	OY294030.1	39870198	39844428	-	799.3	681
166395at7041	Complete	OY294030.1	6151089	6128117	-	1233.3	677
166407at7041	Complete	OY294028.1	1721338	1719414	-	868.7	497
166412at7041	Duplicated	OY294033.1	24773800	24774411	+	316.5	189
166412at7041	Duplicated	OY294033.1	11447761	11448369	+	291.9	189
166416at7041	Complete	OY294028.1	81092716	81090866	-	504.4	271
166418at7041	Complete	OY294032.1	29862025	29860152	-	353.6	231
166422at7041	Complete	OY294032.1	39764948	39755776	-	1585.8	829
166431at7041	Complete	OY294028.1	13973426	13969159	-	1271.6	749
166434at7041	Complete	OY294031.1	23978346	23976963	-	300.9	177
166441at7041	Complete	OY294031.1	29477539	29466221	-	1353.7	871
166448at7041	Complete	OY294034.1	18600372	18579166	-	1697.2	835
166452at7041	Complete	OY294031.1	37844654	37842081	-	971.5	529
166454at7041	Complete	OY294028.1	18581667	18584994	+	564.0	379
166456at7041	Complete	OY294032.1	28711652	28715787	+	782.1	574
166460at7041	Complete	OY294028.1	65093975	65092164	-	840.8	556
166464at7041	Complete	OY294029.1	6954631	6951339	-	1444.0	898
166465at7041	Complete	OY294031.1	36583403	36584526	+	543.1	276
166473at7041	Complete	OY294030.1	43010434	43007178	-	1046.0	563
166482at7041	Complete	OY294029.1	5504716	5478944	-	1767.7	877
166487at7041	Complete	OY294030.1	37014220	37015694	+	828.7	460
166493at7041	Complete	OY294030.1	46201127	46204145	+	1237.7	787
166505at7041	Complete	OY294032.1	5388314	5546313	+	1157.5	552
166506at7041	Complete	OY294030.1	5189271	5188458	-	402.7	234
166509at7041	Complete	OY294031.1	1504592	1499367	-	649.6	364
166513at7041	Complete	OY294034.1	19555475	19564741	+	2132.0	1156
166521at7041	Complete	OY294028.1	93108060	93110979	+	782.2	541
166523at7041	Complete	OY294032.1	27305215	27306185	+	420.3	247
166524at7041	Complete	OY294030.1	44882666	44884815	+	863.5	542
166526at7041	Complete	OY294032.1	31513334	31512543	-	353.0	194
166530at7041	Complete	OY294028.1	26699171	26700610	+	631.2	337
166532at7041	Complete	OY294032.1	22051803	22056854	+	419.4	233
166534at7041	Complete	OY294028.1	5611044	5612054	+	461.7	270
166548at7041	Complete	OY294031.1	8651279	8645528	-	2261.5	1220
166550at7041	Complete	OY294029.1	162236	161753	-	208.8	120
166551at7041	Complete	OY294028.1	2273988	2278890	+	1288.0	649
166557at7041	Complete	OY294028.1	11349808	11368818	+	425.8	225
166561at7041	Complete	OY294028.1	5687146	5688673	+	669.1	408
166563at7041	Complete	OY294028.1	56095395	56094100	-	529.5	359
166564at7041	Complete	OY294031.1	22323558	22324550	+	622.4	303
166565at7041	Duplicated	OY294031.1	10016309	10015467	-	420.5	266
166565at7041	Duplicated	OY294029.1	36618046	36617240	-	396.2	257
166566at7041	Complete	OY294028.1	62541694	62544753	+	469.1	268
166570at7041	Complete	OY294032.1	29433889	29434593	+	330.8	174
166571at7041	Complete	OY294028.1	60840476	60837829	-	683.0	387
166576at7041	Complete	OY294032.1	34733403	34751811	+	1111.4	578
166582at7041	Complete	OY294028.1	83980416	83979562	-	399.1	210
166586at7041	Complete	OY294028.1	15482210	15485308	+	530.0	296
166588at7041	Complete	OY294033.1	23635829	23635040	-	234.0	182
166591at7041	Complete	OY294033.1	30607129	30604120	-	958.4	585
166592at7041	Complete	OY294033.1	3299526	3297299	-	1183.4	599
166599at7041	Complete	OY294034.1	30825220	30825786	+	367.8	181
166600at7041	Complete	OY294029.1	2745565	2747422	+	553.4	370
166610at7041	Complete	OY294028.1	74213361	74235702	+	838.8	467
166613at7041	Complete	OY294033.1	2233212	2235520	+	1052.5	588
166614at7041	Complete	OY294030.1	3386778	3388956	+	852.2	531
166621at7041	Complete	OY294033.1	24877219	24875823	-	588.3	385
166622at7041	Complete	OY294034.1	1408776	1408373	-	153.8	77
166632at7041	Complete	OY294033.1	30554643	30421452	-	7150.2	3200
166633at7041	Complete	OY294030.1	31186837	31158228	-	1782.7	961
166634at7041	Complete	OY294032.1	2922282	2918609	-	787.2	403
166639at7041	Complete	OY294028.1	54575938	54574118	-	1196.3	598
166644at7041	Complete	OY294028.1	13947718	13954364	+	1477.8	699
166651at7041	Complete	OY294028.1	70380464	70381882	+	811.0	444
166654at7041	Complete	OY294030.1	41845210	41849514	+	1123.2	585
166669at7041	Complete	OY294030.1	36736264	36734723	-	423.8	302
166680at7041	Complete	OY294032.1	14356503	14358181	+	892.3	465
166684at7041	Complete	OY294029.1	3044050	3043039	-	354.6	236
166689at7041	Complete	OY294030.1	48397830	48402211	+	670.7	446
166708at7041	Complete	OY294030.1	46657855	46655887	-	779.9	442
166712at7041	Complete	OY294028.1	90665764	90665003	-	433.6	246
166713at7041	Complete	OY294028.1	67501270	67503296	+	880.1	569
166715at7041	Complete	OY294028.1	663716	666052	+	1138.5	656
166721at7041	Complete	OY294028.1	70101333	70098483	-	1094.4	730
166727at7041	Complete	OY294033.1	25006734	25001976	-	563.8	294
166732at7041	Complete	OY294033.1	13013664	13012178	-	633.4	393
166735at7041	Complete	OY294028.1	69985050	69980102	-	839.3	488
166740at7041	Complete	OY294028.1	5536305	5537379	+	502.1	294
166743at7041	Complete	OY294030.1	7305649	7307602	+	189.2	223
166748at7041	Complete	OY294028.1	73118007	73118680	+	255.2	137
166753at7041	Complete	OY294032.1	6989840	6987912	-	581.8	309
166774at7041	Complete	OY294032.1	27049253	27050628	+	678.5	321
166776at7041	Complete	OY294030.1	40286891	40289994	+	1385.1	914
166780at7041	Complete	OY294028.1	90740640	90737160	-	404.8	249
166785at7041	Complete	OY294028.1	84292347	84307062	+	621.8	348
166789at7041	Complete	OY294028.1	77522418	77523172	+	337.8	220
166791at7041	Complete	OY294033.1	1111545	1109548	-	653.5	415
166792at7041	Complete	OY294029.1	41559914	41550408	-	416.5	229
166796at7041	Complete	OY294029.1	8476754	8475952	-	381.7	182
166801at7041	Complete	OY294028.1	73240552	73244183	+	1357.0	692
166804at7041	Complete	OY294030.1	10468555	10467623	-	596.9	311
166808at7041	Complete	OY294030.1	3361314	3363937	+	758.3	357
166809at7041	Complete	OY294030.1	41124474	41064330	-	2509.1	1610
166818at7041	Complete	OY294030.1	3550747	3555235	+	370.2	257
166821at7041	Complete	OY294030.1	27526292	27541722	+	218.3	107
166823at7041	Complete	OY294028.1	76964076	76964556	+	274.1	131
166836at7041	Complete	OY294030.1	18854560	18854067	-	318.2	144
166843at7041	Complete	OY294033.1	28118508	28119075	+	269.9	157
166850at7041	Complete	OY294028.1	66563977	66567043	+	183.0	116
166852at7041	Complete	OY294030.1	47295466	47289756	-	2220.5	1491
166859at7041	Complete	OY294028.1	25785507	25781170	-	491.6	284
166869at7041	Complete	OY294028.1	56096963	56097624	+	340.1	179
166871at7041	Complete	OY294029.1	8471010	8472267	+	545.2	409
166872at7041	Complete	OY294028.1	718057	718883	+	318.1	157
166886at7041	Complete	OY294028.1	83000978	83000308	-	337.6	184
166890at7041	Complete	OY294028.1	15508360	15526665	+	324.9	218
166892at7041	Duplicated	OY294033.1	26570514	26569652	-	555.9	256
166892at7041	Duplicated	OY294033.1	26570960	26571721	+	493.5	243
166894at7041	Complete	OY294030.1	15929153	15930238	+	832.6	362
166898at7041	Complete	OY294028.1	90572587	90571940	-	288.3	172
166903at7041	Complete	OY294028.1	66500572	66484599	-	772.1	420
166906at7041	Complete	OY294028.1	7720427	7719409	-	466.8	277
166907at7041	Complete	OY294028.1	49445643	49477122	+	364.9	246
166914at7041	Complete	OY294029.1	11053266	11054109	+	410.8	221
166920at7041	Complete	OY294028.1	76099090	76103880	+	764.1	535
166921at7041	Complete	OY294030.1	875351	872594	-	919.4	556
166942at7041	Complete	OY294028.1	31918420	31913311	-	1273.6	695
166946at7041	Complete	OY294031.1	24769379	24780294	+	140.9	124
166947at7041	Complete	OY294034.1	19492752	19491505	-	566.0	329
166957at7041	Complete	OY294030.1	48389453	48381819	-	1079.0	652
166968at7041	Complete	OY294031.1	22991970	23001383	+	1229.4	625
166978at7041	Complete	OY294034.1	21755198	21749273	-	1865.9	1280
166982at7041	Complete	OY294030.1	27134602	27092781	-	1567.4	770
166984at7041	Complete	OY294028.1	88337905	88337011	-	266.9	160
166993at7041	Complete	OY294034.1	988904	981382	-	1010.4	649
166996at7041	Complete	OY294034.1	12362644	12356329	-	1396.4	732
167000at7041	Complete	OY294028.1	68281606	68284674	+	1456.8	730
167002at7041	Complete	OY294031.1	10928859	10932598	+	367.4	221
167005at7041	Complete	OY294031.1	31935911	31936844	+	399.3	246
167013at7041	Complete	OY294028.1	74250934	74286451	+	593.8	392
167019at7041	Complete	OY294028.1	86678454	86679584	+	440.7	271
167022at7041	Complete	OY294031.1	31836971	31833910	-	906.1	484
167025at7041	Complete	OY294030.1	33482273	33486225	+	310.6	203
167027at7041	Complete	OY294033.1	2277891	2279626	+	539.0	311
167043at7041	Complete	OY294028.1	49761006	49671181	-	817.3	470
167048at7041	Complete	OY294031.1	896373	894733	-	382.5	195
167054at7041	Complete	OY294034.1	7684624	7683366	-	640.0	342
167057at7041	Complete	OY294031.1	6638846	6634718	-	753.9	446
167070at7041	Complete	OY294034.1	31705877	31713875	+	275.1	214
167072at7041	Complete	OY294028.1	69772891	69771434	-	383.6	298
167088at7041	Complete	OY294028.1	87975562	87928643	-	821.0	466
167104at7041	Complete	OY294028.1	27615976	27619722	+	718.7	390
167121at7041	Complete	OY294030.1	9923062	9927555	+	552.2	366
167127at7041	Complete	OY294028.1	916921	914357	-	1064.8	659
167130at7041	Complete	OY294031.1	9583288	9593020	+	3907.6	2004
167150at7041	Complete	OY294032.1	4786146	4868823	+	564.3	289
167160at7041	Complete	OY294028.1	9494818	9498401	+	1608.8	910
167161at7041	Complete	OY294028.1	53746750	53745593	-	623.5	359
167164at7041	Complete	OY294032.1	31216160	31214382	-	605.5	408
167177at7041	Complete	OY294032.1	33789305	33790124	+	397.3	242
167178at7041	Complete	OY294032.1	3845599	3846715	+	508.8	253
167183at7041	Complete	OY294030.1	42115010	42116737	+	1095.6	520
167184at7041	Complete	OY294033.1	31793128	31787158	-	1447.7	736
167195at7041	Complete	OY294029.1	43707214	43708124	+	404.5	246
167197at7041	Complete	OY294032.1	34080823	34079934	-	500.8	283
167205at7041	Complete	OY294034.1	24129544	24131324	+	743.9	441
167216at7041	Complete	OY294033.1	19998806	19999843	+	458.1	274
167243at7041	Complete	OY294030.1	28419778	28419112	-	195.3	128
167247at7041	Complete	OY294028.1	7684271	7685791	+	779.5	403
167251at7041	Complete	OY294030.1	6603219	6608653	+	1796.7	1175
167280at7041	Complete	OY294028.1	75493954	75491996	-	437.5	361
167293at7041	Complete	OY294028.1	26202129	26203792	+	672.7	400
167294at7041	Complete	OY294028.1	37833117	37931568	+	2021.9	970
167296at7041	Complete	OY294028.1	65969616	65972930	+	893.2	453
167302at7041	Complete	OY294034.1	4956816	4954431	-	1199.1	632
167304at7041	Complete	OY294028.1	5555571	5553421	-	1265.9	674
167308at7041	Complete	OY294028.1	73220957	73219802	-	478.8	280
167324at7041	Complete	OY294032.1	32957668	32960579	+	282.2	141
167332at7041	Complete	OY294031.1	20526051	20523906	-	913.2	530
167336at7041	Complete	OY294029.1	16661659	16653669	-	1157.4	591
167337at7041	Complete	OY294031.1	39150794	39151651	+	198.8	128
167356at7041	Complete	OY294028.1	1548939	1546785	-	636.7	382
167357at7041	Complete	OY294030.1	2542724	2537985	-	2100.2	1403
167358at7041	Complete	OY294032.1	1963915	1962648	-	588.9	379
167365at7041	Complete	OY294031.1	5053951	5057447	+	1161.1	740
167373at7041	Complete	OY294028.1	2187585	2176901	-	1924.4	1093
167386at7041	Complete	OY294030.1	3307510	3301589	-	630.9	463
167408at7041	Complete	OY294030.1	30978188	30984175	+	716.2	429
167410at7041	Complete	OY294028.1	25167164	25171184	+	1363.1	656
167411at7041	Complete	OY294028.1	20859783	20856071	-	646.8	421
167418at7041	Complete	OY294028.1	88292037	88293377	+	487.9	297
167419at7041	Complete	OY294031.1	36602958	36604656	+	855.9	431
167429at7041	Complete	OY294028.1	93052828	93054484	+	624.1	348
167431at7041	Complete	OY294031.1	40050378	40050024	-	165.8	106
167432at7041	Complete	OY294030.1	40529182	40524889	-	2234.1	1259
167438at7041	Complete	OY294031.1	18773317	18772526	-	395.6	212
167439at7041	Complete	OY294031.1	30542637	30543257	+	291.8	170
167440at7041	Complete	OY294030.1	4276809	4278549	+	778.2	425
167443at7041	Complete	OY294028.1	70818606	70820247	+	461.4	290
167449at7041	Complete	OY294031.1	20402875	20403980	+	391.6	271
167456at7041	Complete	OY294031.1	22826997	22841240	+	1959.0	1060
167459at7041	Complete	OY294028.1	56363402	56361207	-	826.7	484
167478at7041	Complete	OY294031.1	36723887	36722924	-	554.3	293
167479at7041	Complete	OY294032.1	34092592	34091867	-	415.2	224
167507at7041	Complete	OY294028.1	34580360	34582987	+	1147.3	649
167520at7041	Complete	OY294030.1	29368372	29356124	-	2049.7	1311
167533at7041	Complete	OY294032.1	24364010	24363418	-	225.4	169
167546at7041	Complete	OY294030.1	40572891	40571708	-	487.5	318
167547at7041	Complete	OY294033.1	15710134	15712107	+	931.9	493
167559at7041	Complete	OY294031.1	27440276	27438384	-	1022.7	592
167563at7041	Complete	OY294028.1	16979758	16941740	-	504.8	274
167571at7041	Complete	OY294033.1	11738599	11739876	+	519.6	361
167574at7041	Complete	OY294033.1	6674187	6669416	-	1349.1	898
167582at7041	Complete	OY294030.1	14561476	14589900	+	2804.8	1474
167585at7041	Complete	OY294032.1	26470686	26468622	-	463.6	308
167588at7041	Complete	OY294031.1	22664264	22662296	-	839.3	505
167591at7041	Complete	OY294031.1	11977185	11969163	-	1138.0	574
167598at7041	Complete	OY294031.1	22978009	22977058	-	416.3	233
167606at7041	Complete	OY294028.1	28209920	28187523	-	2017.5	1271
167618at7041	Complete	OY294033.1	18972751	18980081	+	1205.4	773
167624at7041	Complete	OY294028.1	2535257	2520372	-	1080.0	602
167645at7041	Complete	OY294034.1	7685213	7686210	+	473.1	282
167654at7041	Complete	OY294030.1	9922345	9920765	-	738.8	361
167658at7041	Complete	OY294028.1	22799418	22798069	-	514.2	295
167659at7041	Complete	OY294030.1	27571633	27565195	-	1443.4	756
167660at7041	Complete	OY294030.1	11550335	11548705	-	562.2	379
167663at7041	Complete	OY294028.1	84699060	84693546	-	707.2	415
167664at7041	Complete	OY294033.1	3517728	3516474	-	554.7	298
167667at7041	Complete	OY294028.1	55319945	55320702	+	462.8	213
167672at7041	Complete	OY294033.1	29212739	29204004	-	2511.7	1416
167675at7041	Complete	OY294028.1	93123075	93123917	+	405.3	251
167677at7041	Complete	OY294029.1	1289087	1287775	-	613.6	339
167678at7041	Complete	OY294028.1	1995821	1995363	-	293.8	145
167682at7041	Complete	OY294030.1	43436232	43440397	+	760.0	653
167683at7041	Complete	OY294031.1	32452799	32455800	+	693.8	588
167688at7041	Complete	OY294030.1	28921241	28927551	+	797.2	377
167691at7041	Complete	OY294028.1	74240614	74243117	+	1478.9	708
167692at7041	Complete	OY294028.1	36649267	36651434	+	494.5	345
167701at7041	Complete	OY294028.1	39553612	39587503	+	773.1	554
167705at7041	Complete	OY294030.1	46760163	46755010	-	1262.6	807
167707at7041	Complete	OY294029.1	9999718	9998699	-	524.0	309
167709at7041	Complete	OY294032.1	2767313	2764146	-	1103.8	687
167710at7041	Complete	OY294028.1	55470350	55467651	-	877.0	499
167713at7041	Complete	OY294028.1	1971876	1962439	-	581.9	334
167715at7041	Complete	OY294028.1	64381534	64405233	+	588.2	313
167726at7041	Complete	OY294033.1	31022723	31024127	+	710.4	369
167736at7041	Complete	OY294032.1	22705682	22704797	-	444.2	233
167742at7041	Complete	OY294028.1	76081683	76082032	+	146.4	95
167758at7041	Complete	OY294030.1	16874995	16860260	-	891.0	572
167765at7041	Complete	OY294031.1	39592494	39594066	+	630.6	412
167781at7041	Complete	OY294032.1	3648840	3644470	-	1381.1	673
167786at7041	Complete	OY294034.1	4754144	4755618	+	528.9	287
167789at7041	Complete	OY294032.1	35766201	35760589	-	910.7	430
167795at7041	Complete	OY294028.1	70634594	70635262	+	275.1	213
167796at7041	Complete	OY294031.1	35604275	35600530	-	297.6	158
167797at7041	Complete	OY294033.1	2227697	2226014	-	682.3	381
167798at7041	Complete	OY294028.1	87779046	87691550	-	1017.7	486
167807at7041	Complete	OY294032.1	28481185	28489844	+	168.7	100
167817at7041	Complete	OY294028.1	38821820	38820234	-	868.2	480
167819at7041	Complete	OY294028.1	15711393	15713353	+	570.6	357
167820at7041	Complete	OY294028.1	40849060	40850875	+	583.3	392
167827at7041	Complete	OY294033.1	17027152	17034075	+	291.2	215
167839at7041	Complete	OY294032.1	28921237	28918349	-	1104.8	823
167843at7041	Complete	OY294034.1	19481634	19467379	-	2457.5	1256
167851at7041	Complete	OY294030.1	30000993	29998967	-	660.4	388
167873at7041	Complete	OY294030.1	43129283	43130884	+	753.1	478
167882at7041	Complete	OY294028.1	87008889	86983583	-	641.1	360
167888at7041	Complete	OY294030.1	8392376	8393452	+	435.9	259
167897at7041	Complete	OY294028.1	38997284	39017548	+	1038.4	549
167902at7041	Complete	OY294032.1	13146150	13118949	-	1200.5	620
167915at7041	Complete	OY294033.1	21337231	21338172	+	422.1	257
167919at7041	Complete	OY294029.1	52320619	52321671	+	545.2	294
167922at7041	Complete	OY294028.1	73895706	73876482	-	2009.2	1082
167928at7041	Complete	OY294028.1	40906986	40905382	-	464.8	265
167930at7041	Complete	OY294028.1	71766610	71767308	+	299.9	166
167935at7041	Complete	OY294028.1	4453096	4454423	+	654.5	343
167944at7041	Complete	OY294028.1	9646750	9639065	-	1237.5	625
167954at7041	Complete	OY294029.1	52833368	52830520	-	188.4	167
167956at7041	Complete	OY294028.1	20684431	20685521	+	325.3	210
167960at7041	Complete	OY294034.1	24956009	24958033	+	1100.0	540
167968at7041	Complete	OY294034.1	30381073	30370638	-	279.0	260
167976at7041	Fragmented	OY294030.1	41741713	41742280	+	355.4	146
167988at7041	Complete	OY294031.1	38582514	38581918	-	241.3	124
167994at7041	Complete	OY294033.1	28027372	28029537	+	984.0	625
167997at7041	Complete	OY294034.1	30860537	30860027	-	221.4	128
168003at7041	Complete	OY294028.1	42758989	42758636	-	201.5	117
168008at7041	Complete	OY294031.1	35000912	35003241	+	944.0	518
168012at7041	Fragmented	OY294030.1	28886512	28885784	-	319.9	158
168013at7041	Complete	OY294028.1	5317162	5316525	-	328.4	188
168015at7041	Complete	OY294028.1	87071355	87072945	+	704.6	433
168018at7041	Complete	OY294031.1	14209163	14210451	+	680.2	343
168019at7041	Complete	OY294030.1	41910526	41906984	-	626.1	354
168023at7041	Complete	OY294032.1	27263364	27259249	-	250.9	190
168025at7041	Complete	OY294031.1	12305200	12306464	+	501.4	262
168028at7041	Complete	OY294028.1	73392947	73391721	-	641.6	342
168032at7041	Complete	OY294030.1	27053929	27060231	+	497.2	302
168034at7041	Complete	OY294028.1	88523151	88532433	+	376.1	200
168053at7041	Complete	OY294030.1	40443241	40441610	-	694.9	495
168059at7041	Complete	OY294029.1	8437498	8440512	+	803.6	454
168063at7041	Complete	OY294029.1	18653326	18644140	-	176.0	105
168065at7041	Complete	OY294028.1	68276039	68268323	-	296.5	172
168068at7041	Complete	OY294028.1	72832549	72825697	-	891.3	464
168074at7041	Complete	OY294028.1	87230493	87221367	-	417.3	234
168076at7041	Complete	OY294032.1	35267017	35267937	+	499.2	261
168081at7041	Complete	OY294028.1	2172798	2169855	-	1268.4	719
168091at7041	Complete	OY294029.1	8703884	8705397	+	811.5	416
168092at7041	Complete	OY294033.1	10094114	10099913	+	291.9	197
168104at7041	Complete	OY294028.1	72025861	72025010	-	361.9	241
168131at7041	Complete	OY294034.1	5236580	5234964	-	791.0	433
168152at7041	Complete	OY294030.1	901108	898940	-	513.6	317
168164at7041	Complete	OY294029.1	52950776	52955592	+	768.2	493
168166at7041	Complete	OY294030.1	43124361	43126967	+	1240.9	701
168171at7041	Complete	OY294028.1	92098100	92055579	-	448.1	223
168183at7041	Complete	OY294033.1	16697338	16685397	-	881.9	588
168209at7041	Complete	OY294029.1	9687968	9736162	+	471.1	239
168223at7041	Complete	OY294028.1	76068665	76069906	+	681.5	374
168229at7041	Complete	OY294033.1	13838096	14025967	+	4223.6	2289
168232at7041	Complete	OY294028.1	75237030	75238455	+	707.1	390
168236at7041	Complete	OY294031.1	33155699	33201759	+	170.7	135
168238at7041	Complete	OY294032.1	3937965	3930861	-	414.3	256
168243at7041	Complete	OY294028.1	26432825	26432019	-	374.3	196
168244at7041	Complete	OY294030.1	43460631	43477257	+	875.1	425
168245at7041	Complete	OY294032.1	23772082	23771509	-	190.3	116
168253at7041	Complete	OY294034.1	4967755	4976299	+	1157.0	608
168274at7041	Complete	OY294032.1	10159486	10158434	-	449.9	377
168275at7041	Complete	OY294031.1	8404253	8404721	+	256.7	127
168286at7041	Complete	OY294028.1	71734279	71733527	-	434.5	226
168288at7041	Complete	OY294030.1	40234167	40231876	-	384.5	229
168292at7041	Complete	OY294029.1	3091248	3093786	+	1191.6	765
168294at7041	Complete	OY294028.1	74711967	74713108	+	436.1	232
168298at7041	Complete	OY294031.1	19158904	19146716	-	655.3	371
168299at7041	Complete	OY294032.1	2363773	2360363	-	1097.5	693
168303at7041	Complete	OY294028.1	92468082	92463311	-	1347.0	999
168304at7041	Complete	OY294030.1	28540977	28541802	+	400.3	215
168306at7041	Complete	OY294029.1	6923253	6922409	-	268.8	201
168307at7041	Complete	OY294028.1	82109604	82107895	-	987.3	507
168313at7041	Complete	OY294030.1	37768248	37772266	+	639.9	384
168324at7041	Complete	OY294028.1	57859737	57857164	-	744.3	392
168331at7041	Complete	OY294031.1	8126355	8127345	+	517.8	282
168332at7041	Complete	OY294028.1	41060791	41063114	+	625.8	327
168351at7041	Complete	OY294028.1	90847659	90845954	-	855.6	476
168352at7041	Complete	OY294028.1	79266655	79261355	-	1282.2	799
168358at7041	Complete	OY294031.1	7557701	7561116	+	1138.6	624
168364at7041	Complete	OY294030.1	43478884	43481790	+	634.6	461
168366at7041	Complete	OY294032.1	9866486	9867079	+	382.0	195
168370at7041	Complete	OY294028.1	11724701	11723219	-	544.6	336
168375at7041	Complete	OY294031.1	14238768	14227885	-	747.9	410
168389at7041	Complete	OY294031.1	35995880	36000639	+	303.6	250
168392at7041	Complete	OY294028.1	64031711	64030441	-	454.5	265
168396at7041	Complete	OY294028.1	78256166	78254253	-	620.4	463
168406at7041	Complete	OY294031.1	28100701	28089700	-	558.7	298
168418at7041	Complete	OY294028.1	21590605	21595165	+	1378.7	804
168424at7041	Complete	OY294028.1	41895339	41894359	-	404.6	264
168426at7041	Complete	OY294032.1	24928532	24928178	-	142.1	91
168433at7041	Complete	OY294028.1	76592399	76594027	+	645.4	434
168456at7041	Complete	OY294032.1	22971016	22969827	-	539.7	308
168457at7041	Complete	OY294031.1	32512788	32514891	+	852.5	539
168458at7041	Complete	OY294028.1	87089998	87094787	+	1614.9	1082
168460at7041	Complete	OY294033.1	8922501	8924031	+	465.4	303
168462at7041	Complete	OY294028.1	91551804	91554772	+	922.6	622
168464at7041	Complete	OY294030.1	13187249	13189712	+	1238.3	743
168465at7041	Complete	OY294030.1	3605441	3606964	+	713.5	420
168466at7041	Complete	OY294030.1	15273698	15272703	-	526.0	296
168468at7041	Complete	OY294032.1	31606738	31598989	-	285.2	331
168477at7041	Complete	OY294028.1	38263141	38260049	-	811.7	439
168487at7041	Complete	OY294031.1	22515123	22545658	+	3450.2	1767
168493at7041	Complete	OY294028.1	87106074	87110807	+	1174.8	681
168501at7041	Complete	OY294028.1	3212552	3209159	-	1430.3	845
168502at7041	Complete	OY294028.1	5787675	5786447	-	633.5	386
168503at7041	Complete	OY294028.1	20815684	20814436	-	478.7	330
168504at7041	Complete	OY294033.1	2242534	2235627	-	1787.2	895
168507at7041	Complete	OY294030.1	28575682	28576485	+	330.2	217
168523at7041	Complete	OY294028.1	65720677	65717345	-	715.0	434
168525at7041	Complete	OY294029.1	4685810	4687676	+	654.3	415
168527at7041	Complete	OY294033.1	14525887	14535012	+	916.9	502
168529at7041	Complete	OY294032.1	23892004	23894415	+	968.7	677
168533at7041	Complete	OY294029.1	43714901	43719618	+	659.7	430
168543at7041	Complete	OY294028.1	15928825	15927149	-	650.4	439
168547at7041	Complete	OY294028.1	14698128	14693428	-	1182.9	803
168584at7041	Complete	OY294031.1	20255212	20249141	-	131.4	115
168592at7041	Complete	OY294028.1	91575787	91579209	+	567.8	316
168605at7041	Complete	OY294030.1	3249400	3245302	-	1034.1	793
168612at7041	Complete	OY294028.1	4471412	4477402	+	190.0	135
168614at7041	Complete	OY294033.1	11058502	11056595	-	685.1	385
168626at7041	Complete	OY294029.1	1104058	1101949	-	788.4	479
168628at7041	Fragmented	OY294034.1	24335511	24336073	+	240.4	148
168630at7041	Complete	OY294028.1	89026410	89027589	+	383.8	266
168631at7041	Complete	OY294030.1	31118144	31114892	-	682.7	373
168632at7041	Complete	OY294031.1	4699568	4700230	+	214.7	161
168635at7041	Complete	OY294028.1	33120158	33132490	+	910.0	608
168654at7041	Complete	OY294031.1	40265675	40268690	+	1649.0	841
168661at7041	Complete	OY294030.1	30771904	30759125	-	581.9	291
168663at7041	Complete	OY294028.1	15388807	15389997	+	292.9	260
168668at7041	Complete	OY294028.1	28092674	28070693	-	170.4	215
168672at7041	Complete	OY294033.1	1563036	1565300	+	760.7	660
168673at7041	Complete	OY294028.1	57270233	57280634	+	516.6	310
168676at7041	Complete	OY294033.1	6646444	6649401	+	283.6	156
168678at7041	Complete	OY294030.1	36317058	36316159	-	432.4	204
168679at7041	Complete	OY294029.1	18615725	18605169	-	461.8	224
168688at7041	Complete	OY294031.1	22913857	22917020	+	233.9	144
168691at7041	Complete	OY294028.1	67771734	67780851	+	486.3	491
168692at7041	Complete	OY294031.1	37853228	37852126	-	380.6	232
168726at7041	Fragmented	OY294028.1	19325941	19324688	-	472.1	389
168738at7041	Complete	OY294034.1	3580333	3581202	+	542.4	254
168740at7041	Complete	OY294032.1	23894787	23897472	+	587.5	327
168743at7041	Complete	OY294030.1	12632094	12630421	-	650.1	507
168749at7041	Complete	OY294029.1	52483413	52484551	+	465.2	331
168752at7041	Complete	OY294028.1	18293342	18294387	+	522.1	311
168753at7041	Complete	OY294028.1	22601908	22495553	-	807.8	398
168756at7041	Complete	OY294032.1	29886859	29978601	+	1125.1	437
168770at7041	Complete	OY294032.1	1425562	1438975	+	1819.7	1090
168776at7041	Complete	OY294031.1	3253696	3252248	-	806.8	444
168778at7041	Complete	OY294030.1	39892038	39888445	-	847.3	576
168779at7041	Complete	OY294030.1	46905528	46899991	-	502.8	292
168783at7041	Complete	OY294028.1	10794711	10793956	-	297.5	209
168791at7041	Complete	OY294031.1	4408908	4410740	+	705.2	561
168797at7041	Complete	OY294034.1	5237677	5245826	+	768.4	503
168801at7041	Complete	OY294031.1	16937867	16987743	+	550.4	441
168814at7041	Complete	OY294034.1	1299184	1293218	-	3015.2	1700
168816at7041	Complete	OY294033.1	3521496	3530890	+	455.9	241
168817at7041	Complete	OY294029.1	201057	209417	+	654.9	394
168819at7041	Complete	OY294028.1	93067690	93068586	+	352.1	233
168838at7041	Complete	OY294031.1	17204330	17208790	+	1646.5	950
168844at7041	Complete	OY294033.1	30739505	30740159	+	220.3	159
168849at7041	Complete	OY294028.1	28281580	28284776	+	1054.4	595
168853at7041	Complete	OY294031.1	31259970	31258352	-	369.2	275
168857at7041	Complete	OY294028.1	71253412	71251056	-	915.0	595
168859at7041	Complete	OY294029.1	504055	508573	+	258.6	179
168862at7041	Complete	OY294028.1	37221030	37223639	+	206.1	168
168867at7041	Complete	OY294033.1	8910351	8904056	-	789.7	511
168873at7041	Complete	OY294032.1	2042455	2044826	+	1050.2	635
168874at7041	Complete	OY294028.1	74314637	74313587	-	230.2	122
168878at7041	Complete	OY294032.1	9157736	9162096	+	1609.4	1005
168879at7041	Complete	OY294031.1	38431983	38426828	-	1614.5	990
168883at7041	Complete	OY294028.1	67744622	67759914	+	823.3	397
168889at7041	Complete	OY294034.1	1626638	1628398	+	341.3	383
168893at7041	Complete	OY294034.1	26768691	26767948	-	369.5	177
168899at7041	Complete	OY294028.1	53711167	53711841	+	356.3	217
168900at7041	Complete	OY294028.1	21339105	21329256	-	1259.9	600
168904at7041	Complete	OY294032.1	40422138	40421405	-	320.8	155
168909at7041	Complete	OY294030.1	39036519	39026474	-	1180.8	652
168920at7041	Complete	OY294030.1	43027150	43029010	+	615.9	393
168923at7041	Complete	OY294030.1	34525147	34441545	-	293.4	195
168926at7041	Complete	OY294028.1	78586208	78569939	-	859.0	442
168932at7041	Complete	OY294034.1	30354554	30358859	+	1198.8	833
168935at7041	Complete	OY294033.1	30736539	30739263	+	1029.8	637
168936at7041	Complete	OY294028.1	93070401	93073739	+	766.6	345
168941at7041	Complete	OY294032.1	3657447	3659012	+	550.9	323
168959at7041	Complete	OY294028.1	36615114	36617224	+	628.4	363
168962at7041	Complete	OY294028.1	22745541	22747143	+	395.6	260
168963at7041	Complete	OY294031.1	5080079	5077864	-	666.4	458
168978at7041	Complete	OY294033.1	2392487	2387106	-	1403.3	805
168993at7041	Complete	OY294028.1	23384202	23383356	-	393.7	200
169000at7041	Complete	OY294028.1	88521735	88520171	-	688.1	409
169004at7041	Complete	OY294030.1	966991	963578	-	847.3	546
169008at7041	Complete	OY294028.1	85678570	85676027	-	420.4	408
169010at7041	Complete	OY294031.1	20861378	20867296	+	1631.8	897
169013at7041	Complete	OY294034.1	6920114	6907066	-	1044.0	524
169014at7041	Complete	OY294029.1	1889066	1885407	-	978.5	603
169025at7041	Complete	OY294031.1	12933495	12932241	-	365.3	221
169027at7041	Complete	OY294030.1	31535446	31536506	+	372.7	250
169030at7041	Complete	OY294030.1	18297100	18295257	-	836.4	557
169034at7041	Complete	OY294030.1	2640517	2636706	-	723.6	502
169035at7041	Complete	OY294028.1	23378666	23377818	-	235.4	151
169036at7041	Complete	OY294030.1	26031639	26033237	+	507.6	324
169051at7041	Complete	OY294028.1	57500944	57501780	+	427.5	254
169058at7041	Complete	OY294028.1	28942115	28983823	+	462.2	225
169062at7041	Complete	OY294028.1	14496133	14491326	-	1913.0	1000
169083at7041	Complete	OY294028.1	2229557	2232643	+	541.6	276
169095at7041	Complete	OY294031.1	16994337	16991369	-	350.0	189
169105at7041	Complete	OY294028.1	19909979	19911522	+	572.7	341
169106at7041	Complete	OY294032.1	37848799	37847367	-	335.6	244
169108at7041	Complete	OY294028.1	31371534	31364227	-	711.3	394
169114at7041	Complete	OY294031.1	36693522	36690550	-	1102.9	596
169120at7041	Complete	OY294028.1	90389366	90390478	+	489.3	280
169121at7041	Complete	OY294031.1	32679646	32681549	+	899.5	538
169133at7041	Complete	OY294028.1	75013290	74870484	-	1847.4	1139
169147at7041	Complete	OY294028.1	57966733	57965393	-	544.3	371
169162at7041	Complete	OY294028.1	37296828	37299727	+	415.8	288
169164at7041	Complete	OY294028.1	29091765	29093562	+	818.2	484
169166at7041	Complete	OY294030.1	40392937	40396273	+	268.8	201
169168at7041	Complete	OY294033.1	31200172	31186347	-	1561.6	925
169174at7041	Complete	OY294031.1	37881467	37884931	+	560.3	366
169175at7041	Complete	OY294032.1	7606284	7519605	-	474.6	254
169176at7041	Complete	OY294034.1	21582576	21590082	+	1855.0	1030
169177at7041	Complete	OY294031.1	22659452	22658861	-	208.5	145
169179at7041	Complete	OY294028.1	26516342	26517535	+	693.8	335
169181at7041	Complete	OY294032.1	30128892	30131469	+	860.1	610
169184at7041	Complete	OY294033.1	1132944	1123156	-	1501.5	873
169186at7041	Complete	OY294030.1	12660491	12661275	+	225.9	184
169189at7041	Complete	OY294032.1	6630364	6724881	+	654.6	353
169198at7041	Complete	OY294034.1	8731110	8705919	-	666.3	513
169212at7041	Complete	OY294031.1	4349047	4352812	+	508.0	311
169222at7041	Complete	OY294030.1	14549664	14548773	-	397.1	202
169237at7041	Complete	OY294030.1	40930010	40928191	-	792.0	373
169244at7041	Complete	OY294031.1	8403749	8402294	-	398.2	255
169253at7041	Complete	OY294028.1	83001638	83005000	+	852.6	525
169263at7041	Complete	OY294033.1	21560221	21579080	+	1430.3	1038
169275at7041	Complete	OY294028.1	64701392	64708686	+	1043.6	601
169287at7041	Complete	OY294031.1	20838867	20838118	-	302.8	178
169295at7041	Complete	OY294030.1	27493641	27477435	-	972.4	626
169296at7041	Complete	OY294028.1	79210006	79211906	+	739.4	472
169307at7041	Complete	OY294029.1	52236721	52276959	+	565.1	300
169312at7041	Complete	OY294031.1	9185242	9187274	+	935.6	548
169317at7041	Complete	OY294033.1	24339390	24328775	-	913.5	618
169319at7041	Complete	OY294031.1	31076955	31074857	-	1159.8	640
169340at7041	Complete	OY294028.1	50620097	50658533	+	301.1	276
169347at7041	Complete	OY294030.1	7007302	7017729	+	594.0	419
169351at7041	Complete	OY294033.1	24773518	24770595	-	754.3	552
169353at7041	Complete	OY294031.1	1340297	1284483	-	1231.8	660
169354at7041	Complete	OY294028.1	88277837	88277326	-	252.9	136
169358at7041	Complete	OY294032.1	38898156	38899382	+	414.1	233
169366at7041	Complete	OY294031.1	22305102	22306784	+	602.3	372
169374at7041	Complete	OY294028.1	3657666	3651498	-	775.0	568
169398at7041	Complete	OY294034.1	5465465	5476210	+	838.7	470
169399at7041	Complete	OY294028.1	7795070	7791026	-	816.7	539
169408at7041	Complete	OY294028.1	68224083	68225658	+	558.8	365
169420at7041	Complete	OY294032.1	34403378	34404767	+	547.1	291
169423at7041	Complete	OY294034.1	17944000	17931258	-	1027.3	1311
169425at7041	Complete	OY294031.1	37785334	37778995	-	427.6	370
169432at7041	Complete	OY294028.1	83826018	83824985	-	347.3	216
169441at7041	Complete	OY294031.1	20188872	20188160	-	274.8	187
169461at7041	Complete	OY294031.1	30544481	30543528	-	324.5	255
169477at7041	Complete	OY294028.1	65770128	65771225	+	224.7	218
169482at7041	Complete	OY294034.1	30489875	30475965	-	736.4	407
169485at7041	Complete	OY294028.1	67508500	67511409	+	112.7	87
169488at7041	Complete	OY294033.1	4715461	4714142	-	698.7	437
169494at7041	Complete	OY294031.1	34430265	34431227	+	452.6	277
169495at7041	Complete	OY294031.1	1265049	1263690	-	284.4	233
169503at7041	Complete	OY294028.1	7320537	7286444	-	2843.3	1648
169504at7041	Complete	OY294030.1	41987247	41989393	+	566.4	316
169523at7041	Complete	OY294028.1	946844	950976	+	891.8	520
169524at7041	Complete	OY294030.1	18858370	18857264	-	323.2	280
169547at7041	Complete	OY294034.1	24177631	24171413	-	686.9	371
169550at7041	Complete	OY294032.1	25504465	25494200	-	650.6	376
169568at7041	Complete	OY294032.1	36542638	36547663	+	1255.1	789
169569at7041	Complete	OY294033.1	12117415	12121804	+	1874.2	1126
169579at7041	Complete	OY294028.1	39656618	39657354	+	378.9	210
169607at7041	Complete	OY294028.1	17816623	17811421	-	1211.0	752
169628at7041	Complete	OY294032.1	36456435	36437924	-	753.0	582
169629at7041	Complete	OY294028.1	73199177	73200487	+	587.8	351
169639at7041	Complete	OY294033.1	1973325	1972597	-	143.0	157
169644at7041	Complete	OY294033.1	497461	499834	+	180.5	119
169648at7041	Complete	OY294032.1	33741200	33719086	-	1723.2	1109
169651at7041	Complete	OY294031.1	7556759	7553359	-	1199.4	743
169662at7041	Complete	OY294031.1	7138721	7054281	-	405.6	268
169668at7041	Complete	OY294028.1	22858865	22861289	+	1003.6	614
169677at7041	Complete	OY294031.1	8877614	8873015	-	1084.1	614
169678at7041	Complete	OY294032.1	640426	632768	-	619.4	497
169679at7041	Complete	OY294033.1	6497170	6496487	-	114.3	105
169680at7041	Complete	OY294030.1	3795252	3797786	+	1113.9	716
169690at7041	Complete	OY294028.1	53177047	53175234	-	542.8	328
169692at7041	Complete	OY294029.1	7819772	7841155	+	531.2	285
169698at7041	Complete	OY294034.1	10670825	10681002	+	1527.2	921
169701at7041	Complete	OY294029.1	4773731	4775226	+	318.4	170
169706at7041	Complete	OY294028.1	62996782	63003149	+	882.4	577
169710at7041	Complete	OY294028.1	76786773	76791110	+	586.4	327
169716at7041	Complete	OY294031.1	8008658	8009177	+	195.5	98
169718at7041	Complete	OY294031.1	36113237	36113941	+	163.3	175
169722at7041	Complete	OY294028.1	81823112	81820821	-	572.3	365
169725at7041	Complete	OY294031.1	1873696	1827416	-	490.2	309
169726at7041	Complete	OY294028.1	45503996	45522701	+	840.5	546
169732at7041	Complete	OY294028.1	82825362	82824196	-	414.0	246
169747at7041	Complete	OY294031.1	36112850	36110268	-	985.7	591
169758at7041	Complete	OY294028.1	25243465	25245680	+	809.9	443
169764at7041	Complete	OY294032.1	39263494	39265882	+	908.8	484
169768at7041	Complete	OY294030.1	12061777	12059325	-	552.9	364
169773at7041	Complete	OY294030.1	34949025	34959008	+	428.2	206
169776at7041	Complete	OY294031.1	15365680	15376652	+	1523.9	853
169782at7041	Complete	OY294030.1	34639600	34645303	+	1855.7	1250
169788at7041	Complete	OY294030.1	24935890	24942786	+	636.0	464
169789at7041	Complete	OY294032.1	14189047	14190261	+	428.5	323
169790at7041	Complete	OY294031.1	34393488	34392126	-	533.7	316
169793at7041	Complete	OY294032.1	8800276	8754861	-	764.4	397
169794at7041	Complete	OY294028.1	80260548	80250382	-	625.3	432
169803at7041	Complete	OY294030.1	12523841	12525653	+	472.7	290
169809at7041	Complete	OY294032.1	36349309	36348358	-	251.1	193
169813at7041	Complete	OY294031.1	38236072	38235324	-	289.6	204
169818at7041	Duplicated	OY294033.1	12025102	12023822	-	441.3	269
169818at7041	Duplicated	OY294033.1	21121907	21120936	-	466.4	261
169824at7041	Complete	OY294031.1	37030450	37031660	+	420.8	249
169840at7041	Complete	OY294030.1	41835828	41839606	+	454.8	327
169860at7041	Complete	OY294033.1	31779527	31780687	+	221.3	156
169865at7041	Complete	OY294030.1	33395643	33397531	+	624.3	371
169876at7041	Complete	OY294028.1	92567743	92570109	+	1240.1	720
169890at7041	Complete	OY294028.1	66233446	66229509	-	960.7	597
169892at7041	Complete	OY294028.1	60584164	60588520	+	749.0	412
169895at7041	Complete	OY294031.1	27481728	27479209	-	629.4	386
169899at7041	Complete	OY294032.1	961171	947750	-	584.0	338
169905at7041	Complete	OY294030.1	44885170	44886021	+	356.6	232
169920at7041	Complete	OY294031.1	5717607	5718926	+	660.1	340
169921at7041	Complete	OY294028.1	65757747	65752658	-	1104.4	762
169926at7041	Complete	OY294028.1	59446064	59436182	-	602.3	462
169932at7041	Complete	OY294028.1	87111338	87110913	-	155.6	128
169933at7041	Complete	OY294028.1	24774739	24775577	+	275.8	155
169935at7041	Duplicated	OY294029.1	2980834	2979336	-	652.1	424
169935at7041	Duplicated	OY294031.1	16968881	16970269	+	603.5	423
169936at7041	Complete	OY294031.1	22554837	22553752	-	317.1	256
169942at7041	Complete	OY294031.1	37574246	37570624	-	1309.9	925
169954at7041	Complete	OY294028.1	59211223	59202736	-	867.3	541
169959at7041	Complete	OY294030.1	9777224	9776392	-	358.1	216
169972at7041	Complete	OY294030.1	46345459	46343978	-	420.1	254
169983at7041	Complete	OY294028.1	72438752	72447404	+	348.5	230
169992at7041	Complete	OY294028.1	37469023	37472075	+	103.2	81
170000at7041	Complete	OY294032.1	36336299	36333353	-	320.2	190
170006at7041	Complete	OY294028.1	10677972	10677027	-	302.2	211
170008at7041	Complete	OY294028.1	2224345	2225599	+	361.1	238
170013at7041	Complete	OY294031.1	32675739	32674968	-	295.3	190
170026at7041	Complete	OY294029.1	956832	955543	-	247.1	272
170027at7041	Complete	OY294030.1	45327849	45330457	+	1297.1	612
170036at7041	Complete	OY294028.1	5030184	5027318	-	425.5	301
170038at7041	Complete	OY294028.1	73523789	73526502	+	1260.2	720
170046at7041	Complete	OY294029.1	52824941	52819058	-	1056.7	678
170050at7041	Complete	OY294029.1	9022868	9021541	-	260.5	152
170061at7041	Complete	OY294028.1	82056659	82057321	+	179.6	169
170073at7041	Complete	OY294028.1	4440415	4442175	+	744.3	490
170074at7041	Complete	OY294028.1	30866933	30794538	-	779.4	450
170076at7041	Complete	OY294030.1	26900721	26899789	-	476.7	288
170085at7041	Complete	OY294028.1	69607386	69611328	+	1026.1	748
170092at7041	Complete	OY294028.1	76161799	76164440	+	327.7	249
170104at7041	Complete	OY294034.1	9998140	9882098	-	399.1	191
170116at7041	Complete	OY294033.1	19936766	19951726	+	1468.0	956
170129at7041	Complete	OY294030.1	45393499	45391725	-	414.9	299
170133at7041	Fragmented	OY294032.1	5764048	5764745	+	211.2	168
170136at7041	Complete	OY294029.1	46390400	46386211	-	502.6	373
170142at7041	Complete	OY294032.1	7047539	7051600	+	548.7	575
170151at7041	Complete	OY294031.1	32553087	32548641	-	1458.7	1051
170155at7041	Complete	OY294029.1	620305	585369	-	950.7	610
170165at7041	Complete	OY294028.1	52817923	52831442	+	480.1	324
170166at7041	Complete	OY294030.1	9539627	9538565	-	361.5	240
170191at7041	Complete	OY294031.1	15411409	15407911	-	546.2	403
170197at7041	Complete	OY294030.1	36939264	36937807	-	444.3	341
170218at7041	Complete	OY294028.1	17176416	17134180	-	360.1	316
170222at7041	Complete	OY294028.1	80138188	80155150	+	2205.7	1485
170223at7041	Complete	OY294030.1	6924085	6925355	+	418.9	216
170229at7041	Complete	OY294030.1	9078139	9076352	-	371.9	292
170248at7041	Complete	OY294030.1	3512405	3504194	-	187.5	118
170254at7041	Complete	OY294030.1	7125501	7117258	-	912.1	513
170255at7041	Complete	OY294028.1	40593845	40589350	-	1442.6	1094
170257at7041	Complete	OY294033.1	19930449	19931985	+	441.5	376
170258at7041	Complete	OY294032.1	38907839	38900453	-	822.5	748
170260at7041	Complete	OY294028.1	19372933	19371138	-	452.3	330
170266at7041	Complete	OY294029.1	785026	787437	+	768.4	629
170268at7041	Complete	OY294031.1	34267059	34273036	+	1007.5	431
170274at7041	Complete	OY294034.1	6798217	6743915	-	387.9	178
170282at7041	Complete	OY294030.1	35104571	35050692	-	965.5	610
170288at7041	Complete	OY294031.1	36250611	36256129	+	356.9	219
170290at7041	Fragmented	OY294033.1	29213196	29213948	+	253.7	199
170292at7041	Complete	OY294029.1	7865072	7856381	-	596.7	381
170299at7041	Complete	OY294031.1	38111310	38116274	+	271.7	212
170315at7041	Complete	OY294029.1	2018591	2022578	+	1139.8	850
170330at7041	Complete	OY294028.1	36178998	36176515	-	1012.0	622
170337at7041	Complete	OY294029.1	372895	375731	+	775.2	579
170338at7041	Complete	OY294031.1	6434288	6455868	+	459.9	319
170340at7041	Complete	OY294031.1	36582554	36581778	-	264.0	220
170353at7041	Complete	OY294031.1	1815051	1818101	+	623.2	395
170357at7041	Complete	OY294031.1	1280155	1274686	-	781.7	524
170358at7041	Complete	OY294028.1	33274712	33249941	-	765.6	732
170361at7041	Complete	OY294029.1	3448338	3447840	-	274.8	150
170366at7041	Complete	OY294033.1	17927596	17930409	+	322.8	308
170368at7041	Complete	OY294031.1	9174290	9167239	-	508.7	440
170380at7041	Complete	OY294033.1	3286443	3288221	+	296.4	171
170383at7041	Complete	OY294031.1	14183174	14184718	+	724.3	497
170388at7041	Complete	OY294028.1	60497965	60492426	-	779.9	657
170391at7041	Complete	OY294033.1	1548566	1542758	-	815.2	668
170395at7041	Complete	OY294028.1	15947448	15944818	-	230.6	380
170396at7041	Complete	OY294028.1	25421034	25420468	-	314.1	161
170406at7041	Complete	OY294028.1	13959398	13958033	-	408.4	288
170427at7041	Complete	OY294031.1	23275914	23280548	+	277.2	191
170444at7041	Complete	OY294031.1	13118059	13137260	+	691.8	448
170453at7041	Complete	OY294031.1	36539679	36540526	+	307.4	178
170457at7041	Complete	OY294028.1	82834029	82840287	+	588.9	378
170466at7041	Complete	OY294031.1	8955124	8953960	-	346.7	253
170468at7041	Complete	OY294028.1	80834608	80832028	-	266.8	212
170507at7041	Complete	OY294032.1	40538387	40537113	-	372.3	313
170524at7041	Complete	OY294028.1	71704440	71715638	+	361.8	207
170525at7041	Complete	OY294032.1	28701953	28702536	+	166.9	110
170536at7041	Complete	OY294033.1	14224982	14223480	-	339.9	325
170543at7041	Complete	OY294033.1	22119678	22117108	-	309.7	234
170546at7041	Complete	OY294028.1	84458324	84447433	-	190.3	149
170577at7041	Complete	OY294030.1	15896932	15873087	-	1217.5	720
170582at7041	Complete	OY294034.1	16305586	16295403	-	338.7	273
170585at7041	Complete	OY294030.1	33415824	33409261	-	798.0	725
170597at7041	Complete	OY294030.1	27374439	27361191	-	507.2	532
170598at7041	Complete	OY294029.1	2033206	2045175	+	596.0	333
170608at7041	Complete	OY294028.1	7800738	7799062	-	686.9	420
170609at7041	Complete	OY294034.1	19165087	19176792	+	993.4	415
170632at7041	Complete	OY294028.1	73208476	73215261	+	1425.7	792
170635at7041	Complete	OY294028.1	80609017	80607353	-	586.6	340
170644at7041	Complete	OY294028.1	11881801	11842217	-	1172.2	884
170647at7041	Complete	OY294033.1	16616622	16617789	+	250.9	170
170664at7041	Complete	OY294028.1	31899151	31894378	-	410.5	303
170673at7041	Complete	OY294030.1	7032984	7034199	+	316.3	278
170676at7041	Complete	OY294033.1	10632975	10607564	-	314.4	527
170679at7041	Complete	OY294028.1	7915262	7916626	+	392.6	287
170680at7041	Complete	OY294029.1	136599	145374	+	770.6	742
170681at7041	Complete	OY294028.1	27031075	27037221	+	1486.1	1243
170685at7041	Complete	OY294028.1	42616636	42615732	-	280.4	225
170686at7041	Complete	OY294032.1	37827704	37822383	-	1157.2	719
170690at7041	Complete	OY294030.1	18665473	18658282	-	872.6	582
170693at7041	Complete	OY294028.1	67729711	67743337	+	992.9	685
170704at7041	Complete	OY294028.1	32980427	33005109	+	630.1	376
170710at7041	Complete	OY294032.1	7051945	7052768	+	279.9	189
170712at7041	Complete	OY294029.1	4258217	4256473	-	558.9	374
170722at7041	Complete	OY294028.1	11481841	11483114	+	286.9	168
170733at7041	Complete	OY294034.1	979118	976627	-	366.7	338
170748at7041	Complete	OY294030.1	46931019	46930417	-	336.4	204
170757at7041	Complete	OY294028.1	86641630	86638274	-	667.6	630
170760at7041	Complete	OY294028.1	27090769	27091722	+	409.5	254
170790at7041	Complete	OY294028.1	42123095	42203474	+	507.0	272
170794at7041	Complete	OY294029.1	6163832	6167203	+	509.0	561
170795at7041	Complete	OY294031.1	39437009	39438461	+	183.7	185
170816at7041	Complete	OY294028.1	63161996	63159399	-	512.9	297
170824at7041	Complete	OY294031.1	8684909	8675639	-	619.7	413
170826at7041	Complete	OY294032.1	30966705	30956814	-	1221.3	772
170830at7041	Complete	OY294033.1	12165621	12161638	-	1579.5	1175
170834at7041	Complete	OY294028.1	26101181	26113036	+	693.8	543
170838at7041	Complete	OY294031.1	4522395	4529962	+	580.1	438
170841at7041	Complete	OY294032.1	30909245	30910142	+	228.6	223
170854at7041	Complete	OY294034.1	12270693	12252316	-	754.1	570
170869at7041	Complete	OY294030.1	38959465	38960336	+	234.6	205
170885at7041	Complete	OY294030.1	39547513	39549059	+	499.1	391
170909at7041	Complete	OY294034.1	1564802	1561378	-	851.4	642
170929at7041	Complete	OY294030.1	41897346	41894748	-	666.0	682
170930at7041	Complete	OY294032.1	4134174	4138627	+	162.8	87
170949at7041	Complete	OY294028.1	55293641	55292418	-	669.2	383
170959at7041	Complete	OY294032.1	26749329	26745747	-	223.7	146
170978at7041	Complete	OY294031.1	31845818	31847474	+	323.6	250
171004at7041	Complete	OY294032.1	33216232	33159481	-	751.0	445
171010at7041	Complete	OY294030.1	41870728	41875094	+	1315.5	1043
171017at7041	Complete	OY294030.1	4522742	4530532	+	2126.0	1384
171023at7041	Complete	OY294034.1	10526321	10523349	-	953.2	946
171025at7041	Complete	OY294029.1	2863804	2862086	-	194.4	129
171050at7041	Complete	OY294028.1	87373470	87371147	-	544.4	359
171051at7041	Complete	OY294028.1	86408847	86409813	+	179.4	177
171071at7041	Complete	OY294030.1	47040291	47045822	+	463.5	398
171084at7041	Complete	OY294030.1	40180500	40176873	-	132.4	80
171088at7041	Complete	OY294031.1	36849082	36888069	+	1325.8	954
171093at7041	Complete	OY294028.1	20844521	20845847	+	311.3	367
171102at7041	Complete	OY294030.1	43246171	43247062	+	388.6	258
171128at7041	Complete	OY294030.1	35959294	35929468	-	236.9	165
171131at7041	Complete	OY294031.1	2327310	2326255	-	425.4	303
171144at7041	Complete	OY294028.1	40961579	40968823	+	419.0	424
171172at7041	Complete	OY294028.1	7210738	7211419	+	198.7	148
171187at7041	Complete	OY294028.1	24586637	24584128	-	400.4	235
171192at7041	Fragmented	OY294028.1	1575146	1563756	-	409.5	381
