# BUSCO version is: 5.8.2 		
# The lineage dataset is: coleoptera_odb12 (Creation date: 2025-04-11, number of genomes: 64, number of BUSCOs: 3729)		
# Busco id	Status	Sequence	Gene Start	Gene End	Strand	Score	Length
48at7041	Complete	NC_087401.1	17575328	17574781	-	283.5	126
110at7041	Complete	NC_087394.1	32209956	32209131	-	433.0	200
157at7041	Complete	NC_087398.1	15816658	15824107	+	473.9	230
165at7041	Complete	NC_087396.1	13482385	13483559	+	804.4	356
180at7041	Complete	NC_087399.1	656061	654154	-	725.3	313
199at7041	Complete	NC_087398.1	7907906	7906414	-	547.0	242
306at7041	Complete	NC_087398.1	8219193	8226984	+	498.8	217
425at7041	Complete	NC_087401.1	15477099	15476749	-	203.8	101
447at7041	Complete	NC_087401.1	11681616	11680010	-	707.6	307
495at7041	Complete	NC_087403.1	3446667	3449337	+	1090.6	533
517at7041	Complete	NC_087397.1	6060487	6024203	-	780.6	365
583at7041	Complete	NC_087397.1	520791	520008	-	466.3	222
631at7041	Complete	NC_087396.1	12238192	12237586	-	351.2	170
648at7041	Complete	NC_087394.1	25810363	25812841	+	192.3	84
676at7041	Complete	NC_087400.1	16459454	16459014	-	331.7	145
754at7041	Complete	NC_087394.1	25612931	25616252	+	753.3	354
793at7041	Complete	NC_087397.1	8977799	8978738	+	538.3	262
849at7041	Complete	NC_087397.1	3679701	3677399	-	371.4	176
860at7041	Complete	NC_087394.1	30791096	30794105	+	948.0	412
862at7041	Complete	NC_087398.1	1096600	1095606	-	740.7	314
898at7041	Complete	NC_087401.1	7845732	7839461	-	686.1	320
981at7041	Complete	NC_087398.1	9666140	9662252	-	1223.2	522
1086at7041	Complete	NC_087402.1	9053375	9052760	-	378.2	176
1095at7041	Complete	NC_087394.1	25645768	25646512	+	368.7	194
1119at7041	Complete	NC_087396.1	17628723	17627701	-	686.4	297
1235at7041	Complete	NC_087396.1	15833693	15835172	+	784.1	420
1246at7041	Complete	NC_087397.1	9138131	9137199	-	643.1	309
1358at7041	Complete	NC_087396.1	21706234	21707157	+	632.8	302
1422at7041	Complete	NC_087398.1	6631308	6632127	+	412.6	205
1472at7041	Complete	NC_087395.1	25539223	25539919	+	493.9	214
1605at7041	Complete	NC_087401.1	11249405	11244367	-	975.4	428
1728at7041	Complete	NC_087398.1	9649818	9644880	-	1254.4	534
1777at7041	Complete	NC_087399.1	8874526	8878052	+	394.5	214
1789at7041	Complete	NC_087398.1	9596097	9595391	-	357.8	163
1840at7041	Complete	NC_087399.1	1125817	1124818	-	454.4	202
1906at7041	Complete	NC_087400.1	5276771	5277777	+	680.0	302
1923at7041	Complete	NC_087395.1	17165585	17165184	-	130.7	104
1929at7041	Complete	NC_087398.1	4988281	4989471	+	800.9	348
1948at7041	Complete	NC_087396.1	12238619	12239960	+	742.9	365
1957at7041	Complete	NC_087394.1	28599752	28598090	-	920.2	425
1983at7041	Complete	NC_087402.1	197037	196504	-	356.4	161
1986at7041	Complete	NC_087394.1	5467685	5478331	+	956.3	446
2034at7041	Complete	NC_087402.1	3391793	3392273	+	290.3	137
2084at7041	Complete	NC_087396.1	13949997	13950395	+	262.5	115
2099at7041	Complete	NC_087395.1	23544486	23545177	+	430.4	186
2104at7041	Complete	NC_087397.1	2138238	2136664	-	588.6	337
2131at7041	Complete	NC_087396.1	24459369	24458349	-	601.0	283
2207at7041	Complete	NC_087394.1	2879675	2879210	-	258.5	130
2233at7041	Complete	NC_087402.1	4519584	4518548	-	514.5	271
2260at7041	Complete	NC_087402.1	2134568	2134070	-	270.4	148
2281at7041	Complete	NC_087402.1	4611373	4613749	+	1337.3	674
2499at7041	Complete	NC_087398.1	3195550	3196790	+	420.3	191
2574at7041	Complete	NC_087395.1	21529394	21529726	+	255.0	111
2696at7041	Complete	NC_087396.1	13935422	13942953	+	597.3	291
2710at7041	Complete	NC_087403.1	4811619	4807335	-	247.3	173
2764at7041	Complete	NC_087398.1	2636664	2638461	+	1005.0	528
2807at7041	Complete	NC_087398.1	299345	300076	+	389.7	198
2893at7041	Complete	NC_087395.1	22417706	22418938	+	758.9	380
2962at7041	Complete	NC_087396.1	20562306	20563310	+	508.3	270
3085at7041	Complete	NC_087397.1	5010948	5007648	-	1019.3	496
3092at7041	Complete	NC_087398.1	4982158	4980641	-	815.6	444
3247at7041	Complete	NC_087398.1	7202563	7207864	+	1720.2	870
3317at7041	Complete	NC_087400.1	7171013	7170335	-	282.1	181
3360at7041	Complete	NC_087394.1	23221807	23220654	-	528.5	303
3369at7041	Complete	NC_087396.1	13099533	12985299	-	367.2	170
3396at7041	Complete	NC_087403.1	5279508	5272469	-	2668.5	1550
3439at7041	Complete	NC_087399.1	6556990	6556430	-	272.7	133
3448at7041	Complete	NC_087396.1	16197294	16197812	+	227.3	157
3540at7041	Complete	NC_087403.1	547019	545858	-	321.6	147
3587at7041	Complete	NC_087397.1	983741	983203	-	336.6	157
3590at7041	Complete	NC_087396.1	21615993	21617777	+	1349.8	592
3723at7041	Complete	NC_087394.1	11294342	11293317	-	673.5	338
3733at7041	Complete	NC_087397.1	9559599	9558955	-	372.5	206
3751at7041	Complete	NC_087396.1	21104947	21105643	+	444.3	190
3841at7041	Complete	NC_087395.1	17863738	17866825	+	836.5	361
4002at7041	Complete	NC_087396.1	21475719	21474735	-	361.0	183
4118at7041	Complete	NC_087397.1	22612855	22618046	+	483.7	218
4306at7041	Complete	NC_087399.1	316435	317791	+	806.8	355
4406at7041	Complete	NC_087398.1	8318109	8317149	-	556.7	265
4511at7041	Complete	NC_087401.1	16916918	16921194	+	816.2	401
4574at7041	Complete	NC_087399.1	6207616	6208701	+	696.7	345
4621at7041	Complete	NC_087399.1	5546377	5549785	+	1158.9	594
4628at7041	Complete	NC_087403.1	1913342	1914494	+	620.6	288
4657at7041	Complete	NC_087394.1	30263663	30261519	-	1095.0	556
4775at7041	Complete	NC_087395.1	23174134	23166401	-	2202.8	1057
4803at7041	Complete	NC_087402.1	10513112	10513754	+	400.8	178
4864at7041	Complete	NC_087394.1	29194909	29196268	+	640.4	324
4870at7041	Complete	NC_087397.1	3680012	3680934	+	357.5	168
4924at7041	Fragmented	NC_087399.1	875485	875870	+	232.8	104
5026at7041	Complete	NC_087402.1	3063316	3060166	-	820.2	358
5081at7041	Complete	NC_087398.1	13254978	13237778	-	1358.5	577
5143at7041	Complete	NC_087395.1	24241843	24238002	-	1909.6	986
5264at7041	Complete	NC_087396.1	10868198	10869553	+	868.2	400
5310at7041	Complete	NC_087400.1	5276333	5274244	-	1106.4	546
5368at7041	Complete	NC_087396.1	22512847	22511607	-	524.2	249
5370at7041	Complete	NC_087397.1	435265	435786	+	295.2	158
5458at7041	Complete	NC_087395.1	3580438	3591997	+	810.5	391
5498at7041	Complete	NC_087396.1	13485115	13486397	+	452.8	235
5560at7041	Complete	NC_087403.1	5902966	5893673	-	717.8	330
5634at7041	Duplicated	NC_087400.1	605405	605988	+	251.0	153
5634at7041	Duplicated	NC_087400.1	1333502	1332919	-	249.6	153
5704at7041	Complete	NC_087401.1	15102982	15103864	+	390.4	235
5859at7041	Complete	NC_087397.1	6257307	6253782	-	1082.9	516
5860at7041	Complete	NC_087401.1	17009152	17012491	+	902.9	447
5897at7041	Complete	NC_087402.1	9100345	9104670	+	1310.9	576
5901at7041	Complete	NC_087397.1	21580839	21589977	+	839.3	353
5981at7041	Complete	NC_087400.1	100705	99296	-	916.3	465
5990at7041	Complete	NC_087396.1	11015943	11015439	-	336.2	153
6098at7041	Complete	NC_087398.1	11675133	11669763	-	922.1	479
6110at7041	Complete	NC_087401.1	11293635	11290534	-	1142.5	577
6118at7041	Complete	NC_087400.1	5887683	5891048	+	2421.4	1107
6163at7041	Complete	NC_087398.1	10417302	10418455	+	636.6	296
6205at7041	Complete	NC_087396.1	14852226	14852955	+	375.7	183
6229at7041	Complete	NC_087396.1	22988786	22991905	+	360.4	192
6310at7041	Complete	NC_087396.1	15623309	15622074	-	501.3	259
6496at7041	Complete	NC_087396.1	10657489	10758424	+	1428.3	646
6508at7041	Complete	NC_087394.1	25849260	25853309	+	905.8	393
6511at7041	Fragmented	NC_087398.1	3709064	3713799	+	334.6	180
6516at7041	Complete	NC_087401.1	15951014	15950328	-	357.5	175
6586at7041	Complete	NC_087399.1	11583740	11578771	-	366.7	178
6634at7041	Complete	NC_087396.1	14219023	14218420	-	241.5	150
6641at7041	Complete	NC_087399.1	8086342	8101139	+	1831.7	920
6674at7041	Complete	NC_087401.1	15441076	15427814	-	805.6	399
6687at7041	Complete	NC_087400.1	5329719	5329325	-	259.5	114
6810at7041	Complete	NC_087394.1	32933726	32932879	-	438.5	216
6913at7041	Complete	NC_087401.1	16017663	16026616	+	1499.1	798
7014at7041	Complete	NC_087394.1	36029673	36030542	+	397.0	228
7019at7041	Complete	NC_087395.1	15963837	15964958	+	483.9	217
7117at7041	Complete	NC_087394.1	27627428	27633079	+	1698.4	758
7188at7041	Complete	NC_087398.1	14067768	14066806	-	695.4	300
7190at7041	Complete	NC_087399.1	5908737	5908250	-	338.4	147
7467at7041	Complete	NC_087394.1	25043329	25053959	+	932.4	433
7483at7041	Complete	NC_087395.1	13506500	13510011	+	321.6	163
7532at7041	Complete	NC_087399.1	8623000	8624136	+	622.4	342
7605at7041	Complete	NC_087397.1	2037561	2043317	+	534.6	248
7698at7041	Complete	NC_087397.1	5231860	5229501	-	788.0	464
7762at7041	Complete	NC_087395.1	14199641	14191105	-	445.4	232
7778at7041	Complete	NC_087398.1	5845561	5846790	+	523.5	242
7815at7041	Complete	NC_087395.1	26206182	26207204	+	326.0	257
7823at7041	Complete	NC_087397.1	6145256	6147507	+	1096.9	618
7844at7041	Complete	NC_087399.1	6272686	6270919	-	836.1	385
7866at7041	Complete	NC_087402.1	3074495	3075461	+	435.2	249
7976at7041	Complete	NC_087401.1	10042096	10055100	+	1050.6	511
8039at7041	Complete	NC_087400.1	96126	96674	+	344.9	179
8128at7041	Complete	NC_087394.1	25786357	25759223	-	735.8	338
8274at7041	Complete	NC_087398.1	7156640	7160016	+	1695.6	874
8327at7041	Complete	NC_087395.1	22677537	22679477	+	1034.5	538
8445at7041	Complete	NC_087402.1	5969927	5977244	+	2394.6	1451
8514at7041	Complete	NC_087402.1	10033598	10034329	+	360.7	177
8547at7041	Complete	NC_087398.1	233062	237024	+	1364.4	638
8599at7041	Complete	NC_087398.1	6462611	6461502	-	758.0	332
8632at7041	Complete	NC_087394.1	27753878	27755086	+	670.2	325
8652at7041	Complete	NC_087397.1	2988987	2990368	+	735.8	421
8676at7041	Complete	NC_087402.1	1036215	1034829	-	870.6	381
8776at7041	Complete	NC_087401.1	16085807	16086513	+	357.9	180
8858at7041	Complete	NC_087398.1	12756383	12755917	-	191.1	101
8983at7041	Complete	NC_087396.1	24508911	24510297	+	561.7	281
8997at7041	Complete	NC_087403.1	8406966	8357522	-	3553.5	1567
9011at7041	Complete	NC_087399.1	6560096	6564705	+	799.0	379
9013at7041	Complete	NC_087400.1	127593	105105	-	4380.2	2212
9060at7041	Complete	NC_087400.1	151141	150412	-	478.8	210
9076at7041	Complete	NC_087394.1	25661152	25657797	-	732.1	354
9114at7041	Complete	NC_087399.1	7341110	7336965	-	826.2	454
9153at7041	Complete	NC_087394.1	32083754	32081940	-	1026.3	520
9160at7041	Complete	NC_087395.1	16375988	16375587	-	235.0	129
9221at7041	Complete	NC_087396.1	12763394	12766884	+	858.2	418
9519at7041	Complete	NC_087398.1	12754242	12755864	+	803.6	473
9549at7041	Complete	NC_087402.1	984457	985864	+	659.2	356
9562at7041	Complete	NC_087399.1	3472422	3469225	-	644.9	295
9574at7041	Complete	NC_087395.1	26180635	26175666	-	1141.3	518
9598at7041	Complete	NC_087397.1	2876264	2871692	-	464.8	222
9698at7041	Complete	NC_087398.1	5697767	5699005	+	534.5	415
9718at7041	Complete	NC_087394.1	5354311	5377154	+	1436.9	703
9739at7041	Complete	NC_087401.1	15852800	15853887	+	638.3	318
9809at7041	Complete	NC_087397.1	11805869	11804609	-	503.6	233
9860at7041	Complete	NC_087394.1	22562328	22561834	-	275.9	130
9981at7041	Complete	NC_087401.1	11231905	11225264	-	511.8	230
10053at7041	Complete	NC_087403.1	7698382	7682820	-	3226.9	1568
10287at7041	Complete	NC_087399.1	147525	146845	-	309.7	190
10380at7041	Complete	NC_087403.1	6184200	6181436	-	762.8	344
10397at7041	Complete	NC_087398.1	642199	641048	-	306.1	144
10508at7041	Complete	NC_087396.1	18333939	18339788	+	855.3	448
10560at7041	Complete	NC_087396.1	11680679	11681402	+	457.5	208
10588at7041	Complete	NC_087401.1	16032160	16032824	+	426.1	202
10639at7041	Complete	NC_087397.1	9076922	9084488	+	1069.4	600
10662at7041	Complete	NC_087396.1	22463019	22461230	-	693.8	444
10698at7041	Complete	NC_087399.1	8065983	8062515	-	967.4	449
10805at7041	Complete	NC_087398.1	4514766	4515862	+	581.8	257
11065at7041	Complete	NC_087395.1	26208021	26207207	-	405.2	223
11114at7041	Complete	NC_087395.1	14050099	14048732	-	537.2	271
11117at7041	Complete	NC_087398.1	742046	741110	-	302.3	223
11245at7041	Complete	NC_087400.1	7022170	7052193	+	1027.1	474
11249at7041	Complete	NC_087399.1	6628191	6629033	+	484.3	265
11275at7041	Complete	NC_087403.1	1125740	1122720	-	904.9	617
11507at7041	Complete	NC_087398.1	3198619	3197442	-	591.0	306
11537at7041	Complete	NC_087394.1	30232815	30231377	-	717.4	418
11580at7041	Complete	NC_087394.1	15051270	15058999	+	165.2	84
11765at7041	Complete	NC_087394.1	12587717	12586453	-	655.8	352
11776at7041	Complete	NC_087394.1	31075463	31076551	+	632.8	308
11822at7041	Complete	NC_087401.1	16101018	16102019	+	491.8	299
11882at7041	Complete	NC_087401.1	10801551	10812342	+	2215.7	965
11899at7041	Complete	NC_087397.1	12039391	12030203	-	2411.1	1085
11954at7041	Complete	NC_087401.1	12844795	12844292	-	370.0	167
12047at7041	Complete	NC_087398.1	989313	1006601	+	303.6	153
12089at7041	Complete	NC_087395.1	25165018	25166907	+	187.1	115
12138at7041	Complete	NC_087396.1	24476810	24475149	-	473.9	247
12144at7041	Complete	NC_087401.1	8485612	8484975	-	365.7	161
12177at7041	Complete	NC_087403.1	6736204	6735274	-	383.4	262
12187at7041	Complete	NC_087399.1	5889135	5888220	-	343.5	200
12206at7041	Complete	NC_087396.1	16196939	16195488	-	718.4	386
12418at7041	Complete	NC_087403.1	2218095	2221242	+	1140.5	552
12449at7041	Complete	NC_087399.1	8518843	8517481	-	569.3	301
12516at7041	Complete	NC_087395.1	18417995	18418247	+	133.8	66
12570at7041	Complete	NC_087400.1	7993520	7988515	-	898.2	398
12571at7041	Complete	NC_087398.1	13753600	13758774	+	705.9	309
12599at7041	Complete	NC_087396.1	16692362	16691059	-	602.7	309
12683at7041	Complete	NC_087394.1	36865250	36863116	-	1275.2	562
12725at7041	Complete	NC_087395.1	21473750	21471014	-	769.7	374
12749at7041	Complete	NC_087397.1	1376555	1375980	-	338.3	158
13014at7041	Complete	NC_087396.1	15749412	15751737	+	1349.3	648
13019at7041	Complete	NC_087398.1	7465018	7462492	-	704.4	398
13093at7041	Complete	NC_087396.1	14243245	14242328	-	482.4	249
13116at7041	Complete	NC_087396.1	20060096	20059524	-	307.2	154
13228at7041	Complete	NC_087398.1	8148338	8147902	-	205.5	111
13297at7041	Complete	NC_087394.1	21756748	21757236	+	275.9	148
13472at7041	Complete	NC_087397.1	2856064	2863157	+	1470.2	868
13483at7041	Complete	NC_087401.1	16040098	16040847	+	261.6	141
13518at7041	Complete	NC_087395.1	5116622	5126292	+	2050.3	929
13540at7041	Complete	NC_087394.1	31296556	31295573	-	412.5	198
13543at7041	Complete	NC_087396.1	12076748	12076147	-	306.1	183
13594at7041	Complete	NC_087396.1	23367738	23368921	+	473.6	284
13619at7041	Complete	NC_087398.1	9605044	9603538	-	755.3	393
13623at7041	Complete	NC_087397.1	2917023	2917724	+	265.6	176
13626at7041	Complete	NC_087403.1	1774520	1768694	-	922.0	406
13694at7041	Complete	NC_087402.1	7054540	7055477	+	518.8	256
13715at7041	Complete	NC_087401.1	14120427	14121255	+	412.5	204
13737at7041	Complete	NC_087399.1	4632495	4613471	-	970.0	566
13754at7041	Complete	NC_087396.1	13310405	13311160	+	477.9	251
13902at7041	Complete	NC_087396.1	16587445	16589359	+	931.3	458
14005at7041	Complete	NC_087399.1	2710805	2708599	-	1371.1	641
14018at7041	Complete	NC_087400.1	4433084	4429087	-	533.7	451
14033at7041	Complete	NC_087396.1	24042069	24040885	-	179.2	80
14106at7041	Complete	NC_087396.1	24267306	24270008	+	1109.9	569
14113at7041	Complete	NC_087396.1	22908899	22900500	-	569.4	270
14128at7041	Complete	NC_087402.1	2105858	2112504	+	854.9	484
14129at7041	Complete	NC_087394.1	25489410	25490579	+	789.3	387
14213at7041	Complete	NC_087394.1	15460120	15439173	-	1179.7	770
14284at7041	Complete	NC_087396.1	16139550	16141317	+	537.0	272
14314at7041	Complete	NC_087395.1	16041496	16046419	+	2641.9	1143
14330at7041	Complete	NC_087397.1	10353265	10354706	+	548.5	310
14349at7041	Complete	NC_087401.1	17258027	17261588	+	1396.3	707
14463at7041	Complete	NC_087400.1	16081354	16059047	-	418.8	196
14530at7041	Complete	NC_087396.1	14617953	14614820	-	1210.7	619
14538at7041	Complete	NC_087397.1	4708418	4710298	+	884.7	458
14659at7041	Complete	NC_087394.1	30422535	30423690	+	636.2	294
14692at7041	Complete	NC_087402.1	2421752	2423392	+	691.2	397
14718at7041	Complete	NC_087399.1	7153502	7109452	-	662.1	311
14787at7041	Complete	NC_087398.1	7450517	7448552	-	771.2	392
14801at7041	Complete	NC_087396.1	19898957	19897075	-	489.8	290
14813at7041	Complete	NC_087402.1	2230733	2230026	-	393.1	217
14843at7041	Complete	NC_087401.1	8861600	8864883	+	669.2	303
14865at7041	Complete	NC_087400.1	17015639	17016126	+	281.6	144
14917at7041	Complete	NC_087402.1	8163174	8162418	-	433.5	214
14985at7041	Complete	NC_087397.1	6397403	6400795	+	869.3	373
15026at7041	Complete	NC_087395.1	23309890	23331554	+	2256.2	994
15046at7041	Complete	NC_087398.1	6533324	6531632	-	428.8	209
15153at7041	Complete	NC_087402.1	11285176	11291329	+	1134.0	501
15268at7041	Complete	NC_087397.1	2510027	2510554	+	252.4	145
15282at7041	Complete	NC_087399.1	11272589	11272978	+	212.1	129
15319at7041	Complete	NC_087396.1	11146408	11145680	-	316.1	176
15356at7041	Complete	NC_087402.1	3279095	3279878	+	437.5	213
15406at7041	Complete	NC_087394.1	35206603	35202659	-	2680.6	1267
15415at7041	Complete	NC_087399.1	7182853	7181742	-	578.0	284
15522at7041	Complete	NC_087401.1	17571552	17577592	+	712.1	374
15580at7041	Complete	NC_087399.1	1126564	1126253	-	227.1	104
15685at7041	Complete	NC_087396.1	14243169	14244500	+	345.5	165
15717at7041	Complete	NC_087394.1	31340794	31339582	-	514.5	274
15764at7041	Complete	NC_087398.1	13208076	13208959	+	571.7	256
15874at7041	Complete	NC_087399.1	9870328	9871032	+	382.9	198
15887at7041	Complete	NC_087399.1	876018	880705	+	1094.0	620
15926at7041	Complete	NC_087401.1	17463654	17462665	-	474.7	214
15944at7041	Complete	NC_087394.1	24848816	24828022	-	635.2	330
15949at7041	Complete	NC_087402.1	5944886	5944356	-	270.8	153
15963at7041	Complete	NC_087398.1	1342943	1344088	+	454.6	272
16073at7041	Complete	NC_087394.1	30442716	30442087	-	344.3	206
16074at7041	Complete	NC_087403.1	2426110	2423842	-	632.7	330
16095at7041	Complete	NC_087399.1	6890182	6889270	-	588.6	262
16179at7041	Complete	NC_087399.1	7891016	7893956	+	805.5	405
16393at7041	Complete	NC_087399.1	3672329	3676645	+	785.1	507
16415at7041	Complete	NC_087398.1	7510742	7511681	+	521.9	253
16432at7041	Complete	NC_087398.1	5697522	5696716	-	436.7	205
16436at7041	Complete	NC_087396.1	10902501	10901677	-	551.4	241
16479at7041	Complete	NC_087397.1	4606213	4557384	-	373.2	174
16490at7041	Complete	NC_087396.1	10632335	10633483	+	466.2	208
16619at7041	Complete	NC_087402.1	7129670	7142737	+	958.8	501
16650at7041	Complete	NC_087399.1	1314160	1314838	+	328.1	205
16672at7041	Complete	NC_087396.1	17387095	17388865	+	1187.2	560
16695at7041	Complete	NC_087398.1	8325065	8330756	+	2610.2	1542
16904at7041	Complete	NC_087395.1	25654363	25651476	-	1190.2	674
16930at7041	Complete	NC_087395.1	15254736	15261077	+	1154.5	561
17024at7041	Complete	NC_087402.1	822387	823810	+	687.8	388
17185at7041	Complete	NC_087398.1	15111798	15106348	-	875.6	425
17191at7041	Complete	NC_087394.1	10697732	10696719	-	674.3	326
17247at7041	Complete	NC_087398.1	15421790	15425298	+	681.2	322
17322at7041	Complete	NC_087398.1	15058881	15055460	-	488.8	275
17377at7041	Complete	NC_087402.1	8009728	8006159	-	864.9	471
17404at7041	Complete	NC_087398.1	9946293	9944347	-	807.1	447
17428at7041	Complete	NC_087394.1	11180377	11182720	+	511.2	243
17493at7041	Complete	NC_087396.1	9665331	9662269	-	537.0	255
17669at7041	Complete	NC_087394.1	36058014	36046602	-	1722.3	894
17722at7041	Complete	NC_087396.1	16794816	16787345	-	823.3	398
17748at7041	Complete	NC_087398.1	7191877	7197263	+	1806.1	804
17780at7041	Complete	NC_087403.1	8616229	8616771	+	413.0	180
17824at7041	Complete	NC_087399.1	3390383	3391126	+	462.8	242
17837at7041	Complete	NC_087396.1	21954816	21912254	-	1791.6	837
17919at7041	Complete	NC_087402.1	11585061	11596185	+	1276.4	709
17942at7041	Complete	NC_087398.1	1202864	1202320	-	256.6	134
17963at7041	Complete	NC_087403.1	320626	319595	-	607.6	316
18029at7041	Complete	NC_087400.1	10482174	10482836	+	365.8	175
18040at7041	Complete	NC_087396.1	22480813	22479569	-	789.9	390
18068at7041	Complete	NC_087398.1	4959855	4959146	-	407.5	212
18108at7041	Complete	NC_087403.1	4513040	4511637	-	969.3	412
18131at7041	Complete	NC_087398.1	6540989	6541908	+	422.1	198
18138at7041	Complete	NC_087394.1	33123404	33123966	+	309.9	146
18231at7041	Complete	NC_087398.1	8302785	8302129	-	458.8	216
18254at7041	Complete	NC_087396.1	15586778	15587688	+	316.7	225
18266at7041	Complete	NC_087394.1	36568455	36567877	-	258.4	150
18444at7041	Complete	NC_087399.1	567777	575761	+	672.2	353
18467at7041	Complete	NC_087403.1	8302732	8306424	+	963.4	455
18511at7041	Complete	NC_087402.1	1014886	1015983	+	492.2	275
18585at7041	Complete	NC_087396.1	20721388	20724580	+	993.9	492
18633at7041	Complete	NC_087401.1	14800438	14776967	-	845.1	427
18652at7041	Complete	NC_087401.1	13820320	13819749	-	294.4	167
18730at7041	Complete	NC_087400.1	9084823	9075552	-	601.6	309
18792at7041	Complete	NC_087396.1	10638197	10637675	-	297.6	158
18878at7041	Complete	NC_087394.1	10139103	10138025	-	691.8	335
18901at7041	Complete	NC_087395.1	24216992	24212505	-	2489.4	1162
18937at7041	Complete	NC_087403.1	7294899	7304390	+	3888.3	2259
19001at7041	Complete	NC_087395.1	3498831	3511121	+	518.9	325
19012at7041	Complete	NC_087394.1	6132075	6131595	-	218.1	122
19013at7041	Complete	NC_087398.1	392312	388366	-	2259.3	1099
19175at7041	Complete	NC_087395.1	17535956	17541820	+	1409.6	672
19206at7041	Complete	NC_087402.1	10978832	10979701	+	514.7	278
19210at7041	Complete	NC_087399.1	7651424	7646039	-	1067.8	541
19232at7041	Complete	NC_087397.1	11470237	11468760	-	895.3	402
19328at7041	Complete	NC_087397.1	1823506	1822749	-	230.7	118
19359at7041	Complete	NC_087399.1	7832770	7832257	-	186.2	107
19382at7041	Complete	NC_087401.1	10035079	10033556	-	591.9	410
19505at7041	Complete	NC_087395.1	23835400	23836231	+	478.3	226
19538at7041	Complete	NC_087396.1	24666624	24668427	+	537.6	295
19589at7041	Complete	NC_087394.1	21668937	21673851	+	633.8	306
19609at7041	Complete	NC_087395.1	18123425	18125872	+	256.9	125
19626at7041	Complete	NC_087398.1	3470104	3471518	+	947.5	427
19634at7041	Complete	NC_087394.1	32204751	32207960	+	947.4	479
19644at7041	Complete	NC_087403.1	7753861	7752188	-	618.6	243
19709at7041	Complete	NC_087398.1	1097407	1100705	+	2016.7	958
19725at7041	Complete	NC_087396.1	17948358	17946976	-	799.7	388
19758at7041	Complete	NC_087396.1	13480658	13479828	-	558.2	259
19804at7041	Complete	NC_087398.1	10027672	10008202	-	549.6	269
19878at7041	Complete	NC_087394.1	6453442	6444505	-	1024.2	495
19930at7041	Complete	NC_087402.1	753075	772554	+	1931.3	891
19982at7041	Complete	NC_087396.1	11891039	11891581	+	295.0	147
20072at7041	Complete	NC_087402.1	9798530	9799187	+	315.3	174
20148at7041	Complete	NC_087400.1	1390158	1379013	-	957.5	488
20205at7041	Complete	NC_087399.1	8695165	8691459	-	483.5	295
20221at7041	Complete	NC_087396.1	10274347	10234767	-	999.0	591
20331at7041	Complete	NC_087398.1	1434641	1436697	+	644.3	323
20379at7041	Complete	NC_087396.1	14358391	14353262	-	1059.2	486
20440at7041	Complete	NC_087397.1	8773538	8775161	+	332.3	161
20474at7041	Complete	NC_087396.1	21293835	21295223	+	861.2	450
20481at7041	Complete	NC_087394.1	30832332	30830177	-	1177.2	557
20649at7041	Complete	NC_087399.1	924548	915413	-	1619.9	1130
20675at7041	Complete	NC_087399.1	11339288	11332109	-	713.8	343
20746at7041	Complete	NC_087398.1	11676912	11675671	-	674.4	393
20748at7041	Complete	NC_087401.1	17022876	17022214	-	408.7	192
20767at7041	Complete	NC_087394.1	35803080	35802250	-	559.9	267
20850at7041	Complete	NC_087396.1	8924124	8914095	-	1609.8	761
20916at7041	Complete	NC_087402.1	3105480	3107921	+	934.9	410
20919at7041	Complete	NC_087398.1	15284134	15281299	-	653.0	304
20929at7041	Complete	NC_087398.1	7471896	7470688	-	480.3	306
20980at7041	Complete	NC_087398.1	8333503	8331425	-	598.6	269
20981at7041	Complete	NC_087403.1	5634323	5635222	+	353.9	257
21066at7041	Complete	NC_087399.1	6877020	6886054	+	1971.6	921
21176at7041	Complete	NC_087395.1	4705797	4720308	+	892.8	584
21202at7041	Complete	NC_087395.1	3398299	3393945	-	1003.5	527
21226at7041	Complete	NC_087397.1	2838922	2843765	+	1343.6	656
21228at7041	Complete	NC_087402.1	10258295	10251861	-	1024.3	590
21299at7041	Complete	NC_087394.1	1542771	1545293	+	1281.4	823
21311at7041	Complete	NC_087399.1	370421	369346	-	522.2	289
21352at7041	Complete	NC_087398.1	1579432	1577864	-	755.0	400
21511at7041	Complete	NC_087403.1	2741764	2739535	-	1050.2	536
21523at7041	Complete	NC_087394.1	35404046	35404585	+	338.3	172
21716at7041	Complete	NC_087398.1	14044375	14040706	-	579.6	337
21801at7041	Complete	NC_087399.1	656552	660491	+	724.2	308
21812at7041	Complete	NC_087396.1	21424240	21423803	-	241.6	134
21849at7041	Complete	NC_087398.1	8893876	8896527	+	362.6	317
21927at7041	Complete	NC_087397.1	545376	544078	-	715.3	393
22116at7041	Complete	NC_087396.1	11111799	11121622	+	1779.3	956
22123at7041	Complete	NC_087401.1	13708113	13704893	-	820.8	368
22192at7041	Complete	NC_087397.1	167254	170472	+	1533.7	686
22202at7041	Complete	NC_087394.1	5344377	5343646	-	427.4	257
22338at7041	Complete	NC_087398.1	11620669	11628796	+	350.6	216
22353at7041	Complete	NC_087398.1	14040360	14019209	-	1766.5	814
22366at7041	Complete	NC_087397.1	1943173	1954120	+	1266.2	596
22376at7041	Complete	NC_087402.1	1137548	1134120	-	968.1	644
22566at7041	Complete	NC_087397.1	6535752	6507915	-	1050.9	540
22628at7041	Complete	NC_087396.1	16599828	16618886	+	1423.6	612
22646at7041	Complete	NC_087398.1	4015710	4012521	-	927.3	423
22749at7041	Complete	NC_087395.1	1737087	1738657	+	598.0	365
22805at7041	Complete	NC_087395.1	18961898	18948189	-	1035.4	552
22882at7041	Complete	NC_087394.1	15499271	15498691	-	246.8	153
22938at7041	Complete	NC_087403.1	7324692	7326105	+	352.4	154
22958at7041	Complete	NC_087397.1	3682845	3685459	+	394.3	215
22961at7041	Complete	NC_087403.1	269409	266306	-	1142.9	617
23016at7041	Complete	NC_087400.1	1731089	1733820	+	834.6	376
23138at7041	Complete	NC_087403.1	6929272	6926729	-	1006.4	500
23152at7041	Complete	NC_087399.1	676797	678916	+	953.9	619
23274at7041	Complete	NC_087400.1	8037126	8031434	-	2040.3	1139
23299at7041	Complete	NC_087402.1	129914	131815	+	654.0	483
23528at7041	Complete	NC_087399.1	5884952	5887965	+	1246.2	594
23577at7041	Complete	NC_087403.1	4475113	4476964	+	885.3	481
23717at7041	Complete	NC_087401.1	16823857	16820889	-	765.1	413
23721at7041	Complete	NC_087394.1	25342854	25342104	-	484.6	229
23838at7041	Complete	NC_087398.1	2276154	2276843	+	316.7	178
23841at7041	Complete	NC_087395.1	25139240	25143200	+	1276.2	643
23860at7041	Complete	NC_087400.1	291132	285421	-	1533.5	866
23861at7041	Complete	NC_087394.1	14537270	14524413	-	1502.7	813
24066at7041	Complete	NC_087394.1	30808318	30807631	-	332.7	165
24166at7041	Complete	NC_087396.1	14819945	14821665	+	403.1	197
24175at7041	Complete	NC_087394.1	24076718	24074374	-	596.5	284
24212at7041	Complete	NC_087398.1	1025369	1023341	-	1159.8	596
24257at7041	Complete	NC_087398.1	979288	982912	+	577.1	364
24348at7041	Complete	NC_087398.1	15613267	15620074	+	899.9	471
24532at7041	Complete	NC_087403.1	5726917	5723401	-	652.3	284
24536at7041	Complete	NC_087394.1	37169344	37161123	-	831.5	584
24546at7041	Complete	NC_087402.1	5413858	5415627	+	990.4	521
24571at7041	Complete	NC_087395.1	22663427	22664755	+	739.9	437
24661at7041	Complete	NC_087402.1	4870186	4871989	+	938.9	505
24677at7041	Complete	NC_087396.1	15930653	15929982	-	241.0	172
24680at7041	Complete	NC_087399.1	3912949	3906543	-	1274.5	677
24723at7041	Complete	NC_087394.1	30436012	30435053	-	350.3	230
24761at7041	Complete	NC_087401.1	11672399	11669201	-	800.1	384
24866at7041	Complete	NC_087394.1	10179606	10174846	-	573.9	304
24883at7041	Complete	NC_087399.1	6184251	6185817	+	810.7	459
24938at7041	Complete	NC_087396.1	10365256	10365847	+	235.2	138
24972at7041	Complete	NC_087399.1	9261583	9265396	+	376.6	168
24993at7041	Complete	NC_087399.1	6903648	6892371	-	1429.4	679
25072at7041	Complete	NC_087402.1	2114550	2117041	+	1105.4	556
25347at7041	Complete	NC_087394.1	8340388	8344448	+	764.3	449
25396at7041	Complete	NC_087401.1	11640937	11638179	-	476.7	259
25431at7041	Complete	NC_087400.1	4929536	4931746	+	443.9	257
25548at7041	Complete	NC_087403.1	3358421	3360133	+	797.4	389
25599at7041	Complete	NC_087398.1	430867	431484	+	428.0	203
25604at7041	Complete	NC_087396.1	21415346	21417593	+	1131.2	757
25749at7041	Complete	NC_087397.1	13131187	13133098	+	760.1	362
25918at7041	Complete	NC_087397.1	9013638	9011894	-	768.9	479
25928at7041	Complete	NC_087399.1	2520626	2530091	+	969.8	530
26082at7041	Complete	NC_087394.1	1535854	1541970	+	579.3	336
26196at7041	Complete	NC_087396.1	17349945	17350972	+	465.4	253
26221at7041	Complete	NC_087398.1	3667071	3665608	-	674.4	388
26233at7041	Complete	NC_087396.1	10447547	10448802	+	597.1	342
26293at7041	Complete	NC_087397.1	4139129	4136153	-	1535.1	770
26309at7041	Complete	NC_087397.1	11395694	11391879	-	2694.7	1227
26481at7041	Complete	NC_087398.1	3155480	3157348	+	1029.5	515
26626at7041	Complete	NC_087397.1	2511559	2510647	-	462.7	265
26638at7041	Complete	NC_087394.1	37253693	37253029	-	329.7	173
26702at7041	Complete	NC_087403.1	2434732	2432113	-	399.5	240
26720at7041	Complete	NC_087398.1	2119875	2123201	+	1088.3	677
26733at7041	Complete	NC_087402.1	3403415	3399248	-	1775.0	1042
26785at7041	Complete	NC_087396.1	14763716	14764366	+	323.8	161
26887at7041	Complete	NC_087399.1	691015	694037	+	545.7	291
26889at7041	Complete	NC_087402.1	7983830	7984767	+	475.9	263
27037at7041	Complete	NC_087394.1	31249766	31250098	+	215.9	110
27069at7041	Complete	NC_087394.1	32884432	32887910	+	634.3	323
27075at7041	Complete	NC_087399.1	7253116	7252373	-	419.0	203
27107at7041	Complete	NC_087394.1	29869267	29875808	+	573.1	447
27220at7041	Complete	NC_087400.1	633109	627602	-	298.7	153
27300at7041	Complete	NC_087394.1	24277709	24194690	-	813.3	384
27302at7041	Complete	NC_087394.1	12122732	12133974	+	1593.1	960
27305at7041	Complete	NC_087399.1	12331062	12322258	-	815.3	419
27311at7041	Complete	NC_087401.1	17013189	17019655	+	742.4	439
27407at7041	Complete	NC_087402.1	9336860	9352046	+	489.4	259
27420at7041	Complete	NC_087395.1	5355628	5347332	-	669.5	326
27503at7041	Complete	NC_087396.1	20795887	20796708	+	499.2	303
27510at7041	Complete	NC_087397.1	5078388	5080988	+	1369.8	610
27721at7041	Complete	NC_087395.1	17474343	17469172	-	1123.2	576
27732at7041	Complete	NC_087397.1	6487699	6493891	+	356.5	183
27802at7041	Complete	NC_087395.1	19974345	19973600	-	378.0	193
27850at7041	Complete	NC_087399.1	8853303	8848895	-	1137.9	523
27922at7041	Complete	NC_087398.1	8084400	8085404	+	587.3	317
28054at7041	Complete	NC_087400.1	758821	755798	-	1573.5	758
28078at7041	Complete	NC_087397.1	11964520	11960207	-	864.3	387
28127at7041	Complete	NC_087397.1	4274931	4274242	-	353.2	180
28180at7041	Complete	NC_087403.1	4586679	4588361	+	393.5	181
28258at7041	Complete	NC_087399.1	4681356	4665704	-	839.7	412
28269at7041	Complete	NC_087397.1	132709	135325	+	578.3	270
28370at7041	Complete	NC_087402.1	10034648	10046009	+	2409.3	1294
28463at7041	Complete	NC_087397.1	8461763	8399946	-	752.6	378
28502at7041	Complete	NC_087395.1	20055951	20060569	+	1304.2	589
28507at7041	Complete	NC_087398.1	435559	435053	-	315.7	167
28611at7041	Complete	NC_087402.1	8610781	8615411	+	851.0	447
28619at7041	Complete	NC_087397.1	760298	759942	-	223.6	117
28620at7041	Complete	NC_087399.1	3942454	3920792	-	1183.8	528
28628at7041	Complete	NC_087395.1	13834467	13830459	-	604.5	299
28693at7041	Complete	NC_087394.1	30649406	30643279	-	598.4	300
28715at7041	Complete	NC_087394.1	34643289	34603758	-	1546.0	857
28759at7041	Complete	NC_087402.1	1524313	1523849	-	193.4	97
28777at7041	Complete	NC_087396.1	24571400	24574971	+	867.7	427
28897at7041	Complete	NC_087395.1	18278402	18281932	+	746.8	416
28920at7041	Complete	NC_087399.1	11142310	11107955	-	1732.9	909
29083at7041	Complete	NC_087400.1	6017946	6012397	-	1634.7	778
29109at7041	Complete	NC_087396.1	11858782	11858209	-	329.1	171
29182at7041	Complete	NC_087396.1	16412264	16413784	+	713.1	451
29214at7041	Complete	NC_087394.1	31786199	31787464	+	591.4	316
29231at7041	Complete	NC_087398.1	6147308	6146021	-	623.6	318
29244at7041	Complete	NC_087401.1	9566914	9566276	-	323.7	175
29248at7041	Complete	NC_087402.1	12402015	12387844	-	1120.1	673
29251at7041	Complete	NC_087395.1	18443777	18447678	+	896.8	476
29252at7041	Complete	NC_087394.1	36856494	36853342	-	934.2	473
29352at7041	Complete	NC_087394.1	36374884	36374153	-	408.2	195
29384at7041	Complete	NC_087394.1	36188804	36184577	-	1815.8	905
29484at7041	Complete	NC_087399.1	11146380	11142733	-	447.1	315
29574at7041	Complete	NC_087394.1	6142796	6146460	+	635.6	313
29663at7041	Complete	NC_087394.1	31307061	31310033	+	1015.1	537
29817at7041	Complete	NC_087398.1	11359531	11358211	-	358.0	165
29861at7041	Complete	NC_087397.1	6638300	6636310	-	861.1	502
29919at7041	Complete	NC_087396.1	23429271	23429963	+	312.4	186
29941at7041	Complete	NC_087401.1	14331365	14335604	+	419.4	279
30013at7041	Complete	NC_087396.1	16690121	16690818	+	402.1	199
30017at7041	Complete	NC_087403.1	4125323	4127022	+	753.2	386
30096at7041	Complete	NC_087401.1	11641142	11646051	+	1537.9	747
30147at7041	Complete	NC_087395.1	5441695	5453065	+	459.1	239
30173at7041	Complete	NC_087394.1	37142833	37143603	+	374.8	233
30176at7041	Complete	NC_087396.1	12007596	12008101	+	194.7	117
30197at7041	Complete	NC_087400.1	3570329	3571278	+	492.5	292
30222at7041	Complete	NC_087402.1	11349609	11344594	-	336.3	187
30232at7041	Complete	NC_087398.1	10497916	10494720	-	640.9	491
30240at7041	Complete	NC_087402.1	1713230	1707914	-	1280.3	649
30369at7041	Complete	NC_087396.1	21604682	21600925	-	1096.5	618
30397at7041	Complete	NC_087395.1	18443566	18443205	-	198.0	100
30445at7041	Complete	NC_087401.1	17460870	17457771	-	1176.7	563
30449at7041	Complete	NC_087399.1	11238955	11246010	+	534.3	291
30505at7041	Complete	NC_087402.1	10244629	10250478	+	1430.0	727
30603at7041	Complete	NC_087396.1	14884517	14884969	+	283.3	130
30650at7041	Complete	NC_087398.1	2131607	2135457	+	1300.3	665
30653at7041	Complete	NC_087402.1	4060491	4054662	-	1276.7	597
30722at7041	Complete	NC_087394.1	28283834	28289699	+	2096.4	1055
30727at7041	Complete	NC_087394.1	22029465	22030510	+	477.4	280
30751at7041	Complete	NC_087395.1	15590522	15568924	-	1210.8	639
30779at7041	Complete	NC_087401.1	7781062	7784226	+	534.9	258
30805at7041	Complete	NC_087402.1	8509926	8510611	+	363.0	180
30887at7041	Complete	NC_087395.1	24411564	24405230	-	1285.3	673
30936at7041	Complete	NC_087402.1	2979797	2977773	-	884.3	469
31028at7041	Complete	NC_087396.1	20926857	20925338	-	1010.4	434
31110at7041	Complete	NC_087401.1	14305010	14301310	-	260.2	133
31281at7041	Complete	NC_087400.1	2395111	2394330	-	478.3	226
31288at7041	Complete	NC_087396.1	13198814	13204085	+	1498.6	731
31399at7041	Complete	NC_087399.1	891367	890204	-	541.2	359
31406at7041	Complete	NC_087400.1	16416620	16426463	+	1019.5	549
31496at7041	Complete	NC_087396.1	9665836	9666532	+	308.5	196
31497at7041	Complete	NC_087401.1	8270525	8272821	+	273.7	170
31547at7041	Complete	NC_087398.1	3446236	3444541	-	726.3	335
31672at7041	Complete	NC_087395.1	3930288	3945687	+	1057.2	542
31726at7041	Complete	NC_087395.1	14273114	14265320	-	1765.5	914
31727at7041	Complete	NC_087396.1	16429766	16417927	-	2397.4	1634
31790at7041	Complete	NC_087403.1	211883	206441	-	1027.3	544
31878at7041	Complete	NC_087398.1	382130	379369	-	1204.4	590
31894at7041	Complete	NC_087402.1	4860996	4861627	+	373.9	178
31910at7041	Complete	NC_087398.1	2301015	2298938	-	780.9	471
31973at7041	Complete	NC_087394.1	22511716	22498475	-	2137.0	1150
32107at7041	Complete	NC_087403.1	5637212	5635720	-	934.9	462
32109at7041	Complete	NC_087397.1	4188244	4185408	-	1669.1	749
32119at7041	Complete	NC_087399.1	1074209	1021234	-	1889.1	986
32120at7041	Complete	NC_087398.1	2985564	2981090	-	1308.0	938
32136at7041	Complete	NC_087403.1	4262569	4261200	-	730.3	346
32197at7041	Complete	NC_087401.1	15930098	15928207	-	983.0	503
32218at7041	Complete	NC_087401.1	10024188	9996211	-	903.2	457
32229at7041	Complete	NC_087400.1	2871730	2881264	+	1712.1	931
32248at7041	Complete	NC_087402.1	7096846	7097855	+	588.9	276
32291at7041	Complete	NC_087398.1	7513175	7511718	-	599.9	351
32356at7041	Complete	NC_087395.1	19372590	19357934	-	878.9	409
32513at7041	Complete	NC_087398.1	9600516	9602796	+	905.0	453
32526at7041	Complete	NC_087395.1	16478584	16471837	-	1567.5	824
32537at7041	Complete	NC_087402.1	1014383	1012321	-	916.6	565
32567at7041	Complete	NC_087395.1	19593274	19597967	+	1100.2	594
32643at7041	Complete	NC_087398.1	640821	641453	+	330.3	175
32743at7041	Complete	NC_087396.1	11099445	11101972	+	1018.6	550
32751at7041	Complete	NC_087402.1	812299	811103	-	461.2	284
32844at7041	Complete	NC_087402.1	4118093	4120087	+	522.6	405
32876at7041	Complete	NC_087402.1	2773121	2774256	+	582.9	289
33079at7041	Complete	NC_087399.1	7816363	7819337	+	655.7	293
33100at7041	Complete	NC_087398.1	4662869	4662568	-	168.4	81
33120at7041	Complete	NC_087396.1	13445599	13434915	-	757.4	436
33232at7041	Complete	NC_087397.1	4707546	4705491	-	1161.9	543
33262at7041	Complete	NC_087400.1	1962147	1963229	+	330.8	227
33516at7041	Complete	NC_087402.1	3507953	3505839	-	1146.4	600
33607at7041	Complete	NC_087394.1	4864920	4844409	-	2092.1	858
33611at7041	Complete	NC_087394.1	30547817	30548425	+	197.6	113
33618at7041	Complete	NC_087394.1	23933004	23934437	+	890.0	458
33656at7041	Complete	NC_087399.1	6871130	6874553	+	588.0	315
33689at7041	Complete	NC_087399.1	7155170	7159830	+	1343.6	696
33750at7041	Complete	NC_087398.1	3133884	3136270	+	1116.6	656
33788at7041	Complete	NC_087395.1	23894633	23893935	-	337.4	184
33858at7041	Complete	NC_087395.1	22490012	22493732	+	1061.4	659
33882at7041	Complete	NC_087402.1	8151826	8031155	-	5628.6	2803
34040at7041	Complete	NC_087398.1	8501759	8462915	-	1402.6	705
34169at7041	Complete	NC_087403.1	4366763	4368817	+	1105.8	537
34247at7041	Complete	NC_087398.1	11375907	11374731	-	525.0	301
34287at7041	Complete	NC_087399.1	3177972	3180670	+	904.3	609
34299at7041	Complete	NC_087396.1	21978034	21979525	+	393.0	223
34387at7041	Complete	NC_087403.1	8772219	8739092	-	756.8	446
34426at7041	Complete	NC_087396.1	9914328	9915404	+	500.2	311
34440at7041	Complete	NC_087399.1	766409	837131	+	2187.8	1128
34450at7041	Complete	NC_087401.1	12948730	12949489	+	216.0	120
34789at7041	Complete	NC_087396.1	22005061	22004491	-	296.7	159
34796at7041	Complete	NC_087395.1	25174734	25171696	-	849.6	389
34802at7041	Complete	NC_087402.1	2632787	2637160	+	253.9	171
34821at7041	Complete	NC_087398.1	3465126	3462270	-	784.1	464
34831at7041	Complete	NC_087401.1	14823633	14826020	+	1343.4	640
34880at7041	Complete	NC_087399.1	9145688	9145002	-	447.7	225
35003at7041	Complete	NC_087399.1	2631073	2629062	-	568.1	320
35004at7041	Complete	NC_087402.1	999291	997710	-	1005.5	508
35033at7041	Complete	NC_087398.1	4019429	4017635	-	1156.7	550
35052at7041	Complete	NC_087396.1	13477689	13479166	+	690.1	350
35115at7041	Complete	NC_087398.1	5396001	5394728	-	396.5	117
35163at7041	Complete	NC_087402.1	7329219	7327130	-	744.8	388
35200at7041	Complete	NC_087401.1	13624386	13624940	+	307.0	158
35209at7041	Complete	NC_087400.1	5252349	5253537	+	435.1	269
35232at7041	Complete	NC_087397.1	6595771	6599551	+	639.9	324
35234at7041	Complete	NC_087400.1	1665906	1677684	+	743.2	380
35249at7041	Complete	NC_087394.1	20313428	20264128	-	829.4	419
35259at7041	Complete	NC_087396.1	21483173	21485740	+	1206.1	588
35300at7041	Complete	NC_087394.1	24167305	24192586	+	1685.0	854
35324at7041	Complete	NC_087394.1	34749301	34815223	+	1444.0	787
35328at7041	Complete	NC_087394.1	24109980	24132018	+	897.8	423
35639at7041	Complete	NC_087402.1	8576616	8577919	+	673.6	363
35843at7041	Complete	NC_087401.1	16450388	16445815	-	342.5	191
35883at7041	Complete	NC_087394.1	9331676	9346070	+	843.2	444
36031at7041	Complete	NC_087399.1	2075607	2063674	-	1042.3	623
36032at7041	Complete	NC_087394.1	36182492	36173019	-	1111.1	515
36206at7041	Complete	NC_087401.1	13757265	13764607	+	712.8	632
36283at7041	Complete	NC_087403.1	7399174	7395745	-	627.2	334
36289at7041	Complete	NC_087395.1	4178826	4194928	+	901.8	493
36390at7041	Complete	NC_087394.1	33026187	32992711	-	1035.9	504
36413at7041	Complete	NC_087402.1	4616101	4622793	+	2124.6	1186
36429at7041	Complete	NC_087397.1	7650829	7654589	+	759.6	349
36491at7041	Complete	NC_087396.1	15363999	15360338	-	734.3	400
36569at7041	Complete	NC_087394.1	25696532	25693092	-	413.9	241
36629at7041	Complete	NC_087396.1	22343081	22346988	+	676.2	311
36663at7041	Complete	NC_087402.1	5776961	5775592	-	544.4	339
36701at7041	Complete	NC_087396.1	20725797	20727031	+	405.7	239
36809at7041	Complete	NC_087401.1	17377381	17372487	-	1768.8	852
36896at7041	Complete	NC_087402.1	73136	75169	+	1324.9	642
37014at7041	Complete	NC_087397.1	6588820	6586906	-	1228.9	574
37022at7041	Complete	NC_087396.1	11163595	11161713	-	1111.8	508
37034at7041	Complete	NC_087399.1	9821153	9825933	+	656.7	312
37046at7041	Complete	NC_087397.1	12426746	12397558	-	1521.3	729
37053at7041	Complete	NC_087403.1	8530613	8529314	-	582.5	350
37111at7041	Complete	NC_087398.1	13281649	13282634	+	466.4	245
37288at7041	Complete	NC_087396.1	14736649	14735740	-	441.2	197
37385at7041	Complete	NC_087398.1	6552278	6555975	+	1023.6	475
37388at7041	Complete	NC_087394.1	33815749	33822978	+	2728.9	1310
37391at7041	Complete	NC_087394.1	15304530	15246954	-	365.0	202
37549at7041	Complete	NC_087403.1	3439691	3442166	+	1323.4	717
37577at7041	Complete	NC_087397.1	21948093	21947433	-	335.2	176
37666at7041	Complete	NC_087401.1	15477442	15478273	+	420.0	229
37729at7041	Complete	NC_087394.1	27823286	27818413	-	813.3	460
37737at7041	Complete	NC_087397.1	4510051	4511747	+	800.7	389
37756at7041	Complete	NC_087401.1	13146192	13157744	+	1115.5	511
37760at7041	Complete	NC_087396.1	21510923	21516348	+	1041.5	463
37767at7041	Complete	NC_087398.1	8132133	8140048	+	1138.4	605
37784at7041	Complete	NC_087397.1	2512207	2515002	+	969.7	630
37869at7041	Complete	NC_087401.1	16093752	16097227	+	820.5	411
37907at7041	Complete	NC_087402.1	5497044	5491894	-	1005.1	576
38076at7041	Complete	NC_087395.1	16912565	16911518	-	572.3	272
38078at7041	Complete	NC_087394.1	24158486	24158115	-	230.9	122
38118at7041	Complete	NC_087398.1	4277935	4274753	-	705.7	336
38154at7041	Complete	NC_087398.1	8230856	8237957	+	1092.1	538
38169at7041	Complete	NC_087403.1	5217126	5215750	-	860.4	458
38173at7041	Complete	NC_087397.1	2063058	2064057	+	369.5	202
38275at7041	Complete	NC_087396.1	15748879	15746825	-	657.1	455
38344at7041	Complete	NC_087398.1	7091626	7092702	+	514.9	322
38465at7041	Complete	NC_087397.1	6639073	6644677	+	1990.9	1224
38472at7041	Complete	NC_087400.1	410483	407811	-	530.4	283
38575at7041	Complete	NC_087401.1	17555624	17553826	-	627.7	382
38616at7041	Complete	NC_087402.1	4640017	4641699	+	790.4	442
38688at7041	Complete	NC_087396.1	14176854	14177561	+	468.1	235
38820at7041	Complete	NC_087403.1	4514611	4518741	+	1927.3	874
38850at7041	Complete	NC_087398.1	11588753	11583198	-	243.4	144
38915at7041	Complete	NC_087396.1	21175794	21183253	+	1465.6	1165
39082at7041	Complete	NC_087402.1	4862421	4861763	-	350.4	197
39095at7041	Complete	NC_087394.1	32297515	32300865	+	475.8	283
39116at7041	Complete	NC_087402.1	7275748	7279823	+	813.8	458
39130at7041	Complete	NC_087402.1	9564293	9568457	+	935.9	522
39164at7041	Complete	NC_087398.1	3484673	3485384	+	366.5	199
39226at7041	Complete	NC_087398.1	5371862	5371387	-	189.7	98
39282at7041	Complete	NC_087403.1	7525940	7517291	-	954.5	486
39412at7041	Complete	NC_087397.1	2121304	2119836	-	560.1	256
39614at7041	Complete	NC_087403.1	8504307	8504830	+	319.3	155
39648at7041	Complete	NC_087400.1	1230871	1243287	+	589.0	441
39703at7041	Complete	NC_087395.1	25662988	25660899	-	612.7	334
39712at7041	Complete	NC_087395.1	15855231	15852186	-	626.0	425
39723at7041	Complete	NC_087394.1	9303217	9297564	-	705.4	634
39810at7041	Complete	NC_087394.1	24155204	24149785	-	1106.8	564
39827at7041	Complete	NC_087394.1	13701976	13706101	+	347.1	261
39875at7041	Complete	NC_087398.1	4891922	4891151	-	444.8	222
39958at7041	Complete	NC_087397.1	8249261	8260513	+	790.0	374
39991at7041	Complete	NC_087400.1	6040680	6041352	+	401.1	191
39995at7041	Fragmented	NC_087403.1	7332501	7333316	+	360.7	193
40020at7041	Complete	NC_087403.1	304541	301314	-	1910.1	862
40103at7041	Complete	NC_087394.1	25735207	25740395	+	742.0	365
40174at7041	Complete	NC_087396.1	10629613	10627673	-	848.0	485
40184at7041	Complete	NC_087394.1	10139418	10145750	+	521.7	314
40223at7041	Complete	NC_087396.1	15450922	15452321	+	662.1	384
40264at7041	Complete	NC_087398.1	12787894	12786773	-	693.4	337
40272at7041	Complete	NC_087398.1	8521654	8518489	-	870.3	417
40298at7041	Complete	NC_087397.1	4743406	4743014	-	248.5	113
40342at7041	Complete	NC_087397.1	2519666	2521366	+	1103.2	555
40417at7041	Complete	NC_087398.1	11166370	11167466	+	406.2	236
40456at7041	Complete	NC_087403.1	6671922	6671208	-	332.4	188
40502at7041	Complete	NC_087400.1	312568	311444	-	615.2	355
40638at7041	Complete	NC_087401.1	14290994	14265290	-	1263.6	613
40658at7041	Complete	NC_087397.1	308738	294702	-	461.9	288
40698at7041	Complete	NC_087397.1	9467078	9436313	-	1605.0	861
40853at7041	Complete	NC_087403.1	293286	288398	-	905.3	519
41074at7041	Complete	NC_087398.1	4353054	4357072	+	610.1	346
41116at7041	Complete	NC_087398.1	12419349	12349287	-	656.8	299
41144at7041	Complete	NC_087394.1	25878862	25879656	+	439.5	209
41208at7041	Complete	NC_087398.1	8517789	8515930	-	1133.6	545
41268at7041	Complete	NC_087394.1	2341505	2340877	-	423.7	188
41341at7041	Complete	NC_087402.1	1524679	1525547	+	286.7	190
41475at7041	Complete	NC_087396.1	22637065	22639267	+	859.3	531
41548at7041	Complete	NC_087395.1	15401731	15397718	-	622.0	381
41565at7041	Complete	NC_087396.1	11168223	11167596	-	332.8	173
41576at7041	Complete	NC_087394.1	31211836	31242333	+	1290.3	632
41599at7041	Complete	NC_087397.1	9851087	9849358	-	1057.1	497
41605at7041	Complete	NC_087402.1	8739846	8740919	+	618.0	324
41633at7041	Complete	NC_087399.1	10623976	10632743	+	1406.8	691
41696at7041	Complete	NC_087394.1	9287928	9288593	+	431.5	206
41843at7041	Complete	NC_087398.1	10392474	10391905	-	361.7	185
41865at7041	Complete	NC_087395.1	17183657	17167522	-	678.4	317
41889at7041	Complete	NC_087397.1	6191015	6190018	-	155.4	88
41905at7041	Complete	NC_087398.1	2992643	2994671	+	819.1	395
41910at7041	Complete	NC_087400.1	2408621	2396960	-	1747.4	828
41948at7041	Complete	NC_087396.1	11007718	11005462	-	1165.2	636
41965at7041	Complete	NC_087398.1	4862580	4860551	-	917.5	470
41988at7041	Complete	NC_087398.1	3110706	3109038	-	421.1	223
41989at7041	Complete	NC_087398.1	3283571	3284329	+	355.2	194
41995at7041	Complete	NC_087396.1	14757506	14757114	-	162.4	90
42104at7041	Complete	NC_087395.1	20676895	20673039	-	456.7	289
42139at7041	Complete	NC_087396.1	13309804	13300215	-	1087.3	496
42149at7041	Complete	NC_087395.1	20731549	20724921	-	1182.7	527
42154at7041	Complete	NC_087394.1	15569889	15590696	+	1117.8	561
42162at7041	Complete	NC_087397.1	10028857	10025426	-	354.0	186
42170at7041	Complete	NC_087397.1	9535054	9536669	+	619.0	321
42196at7041	Complete	NC_087398.1	3100360	3104461	+	1761.1	972
42350at7041	Complete	NC_087401.1	13695559	13690359	-	476.3	285
42370at7041	Complete	NC_087397.1	2847965	2847468	-	256.4	158
42421at7041	Complete	NC_087399.1	6064123	6057120	-	552.6	275
42432at7041	Complete	NC_087395.1	21451710	21469839	+	961.8	524
42446at7041	Complete	NC_087402.1	3056342	3056949	+	340.6	169
42608at7041	Complete	NC_087401.1	7785445	7789907	+	475.5	323
42631at7041	Complete	NC_087398.1	15447314	15428474	-	1234.3	751
42651at7041	Complete	NC_087396.1	12811418	12802697	-	1401.9	699
42704at7041	Fragmented	NC_087400.1	1866172	1866864	+	430.4	225
42720at7041	Complete	NC_087394.1	36059624	36060184	+	210.0	136
42737at7041	Complete	NC_087398.1	140026	131077	-	1229.6	616
42909at7041	Complete	NC_087397.1	9929960	9928271	-	679.7	424
42914at7041	Complete	NC_087397.1	10039864	10039075	-	431.5	239
42918at7041	Complete	NC_087394.1	30963932	30959089	-	667.1	476
42930at7041	Complete	NC_087395.1	24732303	24736212	+	1256.4	643
43003at7041	Complete	NC_087399.1	5339201	5316219	-	744.1	402
43024at7041	Complete	NC_087394.1	3565290	3578392	+	695.2	320
43171at7041	Complete	NC_087395.1	1232149	1244129	+	878.7	407
43315at7041	Complete	NC_087398.1	5484960	5481229	-	754.0	347
43436at7041	Complete	NC_087397.1	2866059	2868930	+	604.8	320
43504at7041	Complete	NC_087398.1	5415151	5416079	+	368.0	186
43514at7041	Complete	NC_087399.1	6443866	6437316	-	936.5	445
43516at7041	Complete	NC_087400.1	6177471	6222175	+	755.0	351
43606at7041	Complete	NC_087398.1	15654650	15659528	+	302.4	213
43734at7041	Complete	NC_087395.1	15680066	15658136	-	1637.4	821
43748at7041	Complete	NC_087403.1	8420901	8413784	-	1017.0	539
43796at7041	Complete	NC_087396.1	12232169	12230405	-	655.1	425
43810at7041	Complete	NC_087398.1	12651382	12652223	+	369.5	202
43980at7041	Complete	NC_087397.1	7689815	7673181	-	7076.6	3227
44115at7041	Complete	NC_087396.1	22086561	22083127	-	1668.3	771
44169at7041	Complete	NC_087394.1	13291281	13256801	-	1010.6	499
44177at7041	Complete	NC_087394.1	23952532	23956530	+	569.7	316
44188at7041	Complete	NC_087394.1	32293159	32279156	-	2631.4	1232
44203at7041	Complete	NC_087396.1	13657441	13656542	-	441.3	266
44214at7041	Complete	NC_087399.1	7285235	7281357	-	1828.3	990
44256at7041	Complete	NC_087394.1	12631486	12678027	+	1542.2	729
44276at7041	Complete	NC_087399.1	134604	136447	+	991.2	541
44353at7041	Complete	NC_087395.1	16926333	16924825	-	699.8	410
44488at7041	Complete	NC_087395.1	14140420	14139369	-	488.5	244
44535at7041	Complete	NC_087394.1	36666558	36664211	-	927.8	496
44752at7041	Complete	NC_087399.1	2706095	2705034	-	665.0	346
44778at7041	Complete	NC_087399.1	3772935	3778817	+	1814.5	966
44880at7041	Complete	NC_087398.1	12870561	12871769	+	592.3	358
44971at7041	Complete	NC_087395.1	23160361	23161693	+	287.3	221
44973at7041	Complete	NC_087396.1	20822833	20821881	-	557.5	294
45150at7041	Complete	NC_087395.1	24395142	24403914	+	3937.7	1484
45386at7041	Complete	NC_087397.1	7636255	7640698	+	2339.5	1204
45391at7041	Complete	NC_087396.1	21172301	21174646	+	1027.0	646
45392at7041	Complete	NC_087397.1	1929947	1923582	-	3232.6	1828
45420at7041	Complete	NC_087397.1	906169	904532	-	735.5	425
45430at7041	Complete	NC_087394.1	30230933	30231322	+	272.7	126
45468at7041	Complete	NC_087402.1	8508908	8509329	+	236.4	123
45635at7041	Complete	NC_087400.1	178538	177364	-	535.0	296
45735at7041	Complete	NC_087394.1	5550922	5481909	-	539.7	278
45784at7041	Complete	NC_087397.1	2599827	2598111	-	1212.2	544
45787at7041	Complete	NC_087400.1	9048216	9068709	+	1590.2	704
45804at7041	Complete	NC_087399.1	11206741	11162838	-	401.0	242
45826at7041	Complete	NC_087396.1	19873971	19869405	-	1992.7	1143
45840at7041	Complete	NC_087395.1	18122727	18119139	-	469.8	285
45895at7041	Complete	NC_087398.1	8184466	8180830	-	993.0	476
45933at7041	Complete	NC_087398.1	897260	893760	-	435.6	258
45993at7041	Complete	NC_087398.1	961185	960228	-	384.2	233
46039at7041	Complete	NC_087397.1	5001041	5006581	+	580.5	535
46077at7041	Complete	NC_087401.1	13231218	13227011	-	503.7	221
46089at7041	Complete	NC_087396.1	16129108	16129632	+	324.6	164
46099at7041	Complete	NC_087398.1	15112305	15112860	+	321.0	167
46140at7041	Complete	NC_087397.1	5191024	5189953	-	381.9	174
46156at7041	Complete	NC_087403.1	3807656	3809141	+	651.8	389
46159at7041	Complete	NC_087402.1	12433084	12422859	-	1283.8	617
46166at7041	Complete	NC_087397.1	5651075	5679596	+	761.8	351
46175at7041	Complete	NC_087402.1	8202338	8207181	+	1113.4	529
46176at7041	Complete	NC_087398.1	5368130	5359486	-	1614.3	757
46186at7041	Complete	NC_087398.1	11191867	11191317	-	325.9	164
46227at7041	Complete	NC_087395.1	26564850	26564030	-	296.7	177
46237at7041	Complete	NC_087398.1	7899624	7902550	+	466.1	254
46294at7041	Complete	NC_087401.1	17046459	17047672	+	413.7	335
46347at7041	Complete	NC_087395.1	15950728	15963227	+	1184.9	534
46425at7041	Complete	NC_087398.1	3475586	3474353	-	624.2	361
46472at7041	Complete	NC_087396.1	20371358	20372690	+	614.3	320
46594at7041	Complete	NC_087394.1	14382228	14385347	+	251.6	126
46641at7041	Complete	NC_087399.1	8516422	8517222	+	259.3	163
46657at7041	Complete	NC_087401.1	11160352	11163230	+	435.8	207
46713at7041	Complete	NC_087398.1	3606943	3607457	+	247.3	139
46720at7041	Complete	NC_087403.1	4540742	4553112	+	2118.9	977
46831at7041	Complete	NC_087394.1	20220070	20215611	-	1262.7	584
47071at7041	Complete	NC_087401.1	15539505	15538566	-	251.4	220
47084at7041	Complete	NC_087402.1	7611108	7609950	-	459.6	246
47090at7041	Complete	NC_087396.1	13473545	13474346	+	397.1	197
47137at7041	Complete	NC_087397.1	10551038	10546982	-	627.6	347
47160at7041	Complete	NC_087396.1	16416936	16415876	-	457.8	237
47193at7041	Complete	NC_087394.1	25773099	25776674	+	397.5	238
47210at7041	Complete	NC_087402.1	2781807	2784168	+	836.1	550
47251at7041	Complete	NC_087402.1	4010125	4000557	-	820.7	495
47275at7041	Complete	NC_087395.1	22189640	22188131	-	464.4	271
47316at7041	Complete	NC_087400.1	98988	96922	-	1422.6	667
47324at7041	Complete	NC_087403.1	4263192	4266408	+	1339.3	656
47442at7041	Complete	NC_087396.1	14890641	14888926	-	844.4	426
47454at7041	Complete	NC_087403.1	5992133	5964136	-	387.9	217
47542at7041	Complete	NC_087401.1	7986110	7976620	-	959.7	538
47638at7041	Complete	NC_087394.1	25113234	25120054	+	1001.6	503
47667at7041	Complete	NC_087395.1	18777696	18780522	+	777.4	365
47693at7041	Complete	NC_087396.1	15133901	15133281	-	376.3	187
47781at7041	Complete	NC_087395.1	15263193	15323382	+	4162.3	2028
47815at7041	Complete	NC_087402.1	3662388	3666910	+	977.4	471
47820at7041	Complete	NC_087400.1	10158503	10150678	-	936.1	607
47836at7041	Complete	NC_087396.1	16253036	16254255	+	335.2	167
47861at7041	Complete	NC_087394.1	12591045	12590467	-	318.1	154
48017at7041	Complete	NC_087399.1	1309680	1308005	-	455.9	277
48058at7041	Complete	NC_087394.1	31591733	31586730	-	597.9	286
48084at7041	Complete	NC_087398.1	15673003	15663498	-	893.3	481
48087at7041	Complete	NC_087396.1	19987035	19988620	+	861.2	459
48106at7041	Complete	NC_087400.1	16220195	16151403	-	1963.9	1118
48140at7041	Complete	NC_087400.1	459503	465477	+	695.9	385
48148at7041	Complete	NC_087398.1	8157839	8161588	+	1618.5	908
48156at7041	Complete	NC_087403.1	1800475	1797881	-	984.7	547
48219at7041	Complete	NC_087398.1	2290560	2291720	+	487.4	291
48226at7041	Complete	NC_087401.1	14245845	14261279	+	794.2	485
48263at7041	Complete	NC_087401.1	15510905	15511751	+	379.0	203
48271at7041	Complete	NC_087402.1	4017994	4019672	+	835.8	462
48354at7041	Complete	NC_087398.1	6655201	6653819	-	792.5	440
48547at7041	Complete	NC_087397.1	6257753	6258331	+	254.0	126
48575at7041	Complete	NC_087395.1	23142550	23143733	+	648.0	317
48578at7041	Complete	NC_087395.1	5396790	5392247	-	250.6	156
48637at7041	Complete	NC_087401.1	16058539	16065047	+	1333.9	662
48730at7041	Complete	NC_087394.1	32520632	32523438	+	799.4	460
48795at7041	Complete	NC_087403.1	8077257	8080466	+	1585.3	850
48868at7041	Complete	NC_087402.1	3058587	3057028	-	652.5	403
48918at7041	Complete	NC_087401.1	15933986	15930542	-	883.8	431
48992at7041	Complete	NC_087402.1	4117626	4116868	-	486.9	248
49004at7041	Complete	NC_087396.1	15802969	15802042	-	550.7	258
49012at7041	Complete	NC_087397.1	2892115	2910180	+	791.4	365
49030at7041	Complete	NC_087402.1	7790202	7789504	-	440.1	231
49143at7041	Complete	NC_087402.1	8185268	8187762	+	1154.4	644
49181at7041	Complete	NC_087401.1	13584520	13585209	+	230.5	151
49182at7041	Complete	NC_087394.1	11604839	11605281	+	188.4	119
49194at7041	Complete	NC_087398.1	4359227	4363145	+	513.8	297
49226at7041	Complete	NC_087394.1	3358220	3356691	-	701.8	344
49236at7041	Complete	NC_087398.1	3902958	3903470	+	190.8	126
49281at7041	Complete	NC_087398.1	2644942	2638773	-	2272.2	1269
49323at7041	Complete	NC_087396.1	23832715	23835449	+	827.8	507
49330at7041	Complete	NC_087401.1	16846338	16847586	+	505.3	341
49350at7041	Complete	NC_087397.1	1785919	1785111	-	502.8	246
49357at7041	Complete	NC_087395.1	26262593	26254110	-	2026.1	1058
49445at7041	Complete	NC_087394.1	33141366	33025878	-	1954.8	1024
49603at7041	Complete	NC_087398.1	6557927	6556163	-	963.2	476
49605at7041	Complete	NC_087402.1	11293715	11295384	+	739.5	434
49607at7041	Complete	NC_087398.1	15116274	15120381	+	608.4	348
49628at7041	Complete	NC_087401.1	14227014	14223205	-	969.5	489
49681at7041	Complete	NC_087398.1	5170059	5168215	-	1066.0	586
49697at7041	Complete	NC_087394.1	26786202	26779729	-	766.3	423
49716at7041	Complete	NC_087398.1	624720	623483	-	515.7	355
49753at7041	Complete	NC_087401.1	13709788	13711076	+	491.4	279
49760at7041	Complete	NC_087398.1	6851464	6848555	-	1624.9	836
49786at7041	Complete	NC_087394.1	20221062	20224583	+	841.4	469
49800at7041	Complete	NC_087401.1	10906351	10907268	+	528.4	303
49812at7041	Complete	NC_087397.1	1032321	1031557	-	390.9	224
49831at7041	Complete	NC_087399.1	7034866	7030571	-	1089.3	637
49834at7041	Complete	NC_087403.1	6998503	6996243	-	769.3	434
49842at7041	Complete	NC_087398.1	6167002	6158041	-	1623.4	768
49856at7041	Complete	NC_087394.1	32811434	32807755	-	742.0	396
49921at7041	Complete	NC_087396.1	9939627	9938701	-	369.6	204
49931at7041	Complete	NC_087402.1	6630849	6627432	-	617.2	338
50041at7041	Complete	NC_087401.1	17252402	17255116	+	989.3	534
50052at7041	Complete	NC_087402.1	10128221	10084443	-	2228.6	1024
50103at7041	Complete	NC_087398.1	4866208	4863386	-	381.9	190
50172at7041	Complete	NC_087399.1	2907168	2903582	-	1763.8	945
50234at7041	Complete	NC_087397.1	10038953	10033869	-	526.6	317
50237at7041	Complete	NC_087401.1	11246066	11245251	-	298.4	189
50304at7041	Complete	NC_087400.1	1552513	1553769	+	521.0	347
50422at7041	Complete	NC_087397.1	11565467	11584575	+	756.8	364
50436at7041	Complete	NC_087394.1	29354617	29206916	-	773.4	390
50614at7041	Complete	NC_087402.1	10235193	10243410	+	994.5	782
50619at7041	Complete	NC_087397.1	4271027	4269463	-	993.6	446
50621at7041	Complete	NC_087394.1	32805682	32806551	+	497.7	246
50637at7041	Complete	NC_087394.1	10151457	10150273	-	144.4	78
50655at7041	Complete	NC_087394.1	31254681	31252999	-	600.1	342
50750at7041	Complete	NC_087396.1	10440778	10442434	+	549.2	280
50769at7041	Complete	NC_087398.1	12060007	12059210	-	406.2	285
50774at7041	Complete	NC_087398.1	1476387	1486762	+	1325.7	991
50837at7041	Complete	NC_087395.1	18108888	18114328	+	974.4	474
50844at7041	Complete	NC_087402.1	1729109	1729880	+	448.3	226
50847at7041	Complete	NC_087396.1	12012462	12010280	-	1027.9	544
50848at7041	Complete	NC_087403.1	6990886	6995971	+	2181.9	1101
50867at7041	Complete	NC_087401.1	10979327	10978632	-	300.3	199
50918at7041	Complete	NC_087396.1	16636777	16635018	-	494.0	379
50923at7041	Complete	NC_087394.1	35416313	35415423	-	250.5	158
50944at7041	Complete	NC_087396.1	18085702	18045913	-	547.9	269
50972at7041	Complete	NC_087394.1	32230890	32227397	-	1404.8	725
50992at7041	Complete	NC_087401.1	12930374	12935758	+	1036.6	537
51004at7041	Complete	NC_087396.1	12756666	12757859	+	613.8	294
51083at7041	Complete	NC_087397.1	2600630	2601218	+	222.2	132
51186at7041	Complete	NC_087401.1	15384696	15385400	+	283.0	194
51213at7041	Complete	NC_087403.1	7309635	7310426	+	547.1	263
51302at7041	Complete	NC_087402.1	4637078	4631808	-	2738.4	1456
51320at7041	Complete	NC_087399.1	3876849	3874615	-	950.0	560
51359at7041	Complete	NC_087396.1	10579707	10575010	-	414.8	231
51380at7041	Complete	NC_087394.1	22036869	22030559	-	755.9	396
51475at7041	Complete	NC_087396.1	21571869	21574508	+	1331.7	683
51478at7041	Complete	NC_087402.1	3556550	3555366	-	600.7	302
51487at7041	Complete	NC_087394.1	33994037	33997695	+	1146.6	723
51516at7041	Complete	NC_087394.1	36205658	36215986	+	1004.1	524
51541at7041	Complete	NC_087399.1	9258884	9256998	-	168.3	93
51543at7041	Complete	NC_087395.1	1460942	1454217	-	983.5	511
51562at7041	Complete	NC_087394.1	32255253	32236961	-	451.6	221
51617at7041	Complete	NC_087398.1	5118608	5115276	-	857.0	483
51646at7041	Complete	NC_087398.1	463663	462943	-	352.7	206
51731at7041	Complete	NC_087402.1	11071289	11069909	-	673.8	315
51752at7041	Complete	NC_087398.1	6300022	6294951	-	1019.4	472
51784at7041	Complete	NC_087396.1	11000852	11001987	+	682.2	317
51820at7041	Complete	NC_087396.1	21724142	21724532	+	190.9	108
51964at7041	Complete	NC_087395.1	6431946	6439774	+	663.6	372
52055at7041	Complete	NC_087397.1	1852504	1848975	-	1614.5	818
52088at7041	Complete	NC_087396.1	21560732	21540520	-	658.9	314
52123at7041	Complete	NC_087396.1	14883037	14878691	-	1757.8	912
52134at7041	Complete	NC_087397.1	2373563	2372492	-	532.3	289
52271at7041	Complete	NC_087398.1	622854	619556	-	1390.5	764
52358at7041	Complete	NC_087396.1	18134245	18118288	-	1530.3	848
52408at7041	Complete	NC_087402.1	10471873	10462748	-	1410.9	785
52426at7041	Complete	NC_087394.1	27187693	27183212	-	1431.0	707
52514at7041	Complete	NC_087394.1	15074706	15059303	-	1407.0	827
52594at7041	Complete	NC_087395.1	16848425	16849696	+	676.8	341
52614at7041	Complete	NC_087401.1	16860943	16863825	+	1233.6	724
52669at7041	Complete	NC_087402.1	6760600	6749021	-	491.7	247
52715at7041	Complete	NC_087399.1	11364016	11371388	+	870.6	477
52777at7041	Complete	NC_087398.1	816602	819070	+	873.0	451
52868at7041	Complete	NC_087394.1	747335	739693	-	796.4	535
52887at7041	Complete	NC_087395.1	15887041	15886177	-	355.9	204
52964at7041	Complete	NC_087395.1	24256477	24244583	-	372.7	190
53082at7041	Complete	NC_087399.1	1129004	1127073	-	822.8	530
53172at7041	Complete	NC_087402.1	317621	319145	+	865.3	438
53181at7041	Complete	NC_087394.1	30434669	30433187	-	746.7	389
53196at7041	Complete	NC_087402.1	3364912	3366214	+	675.5	366
53284at7041	Complete	NC_087395.1	18453501	18447961	-	1137.0	602
53308at7041	Complete	NC_087401.1	13611904	13620301	+	2032.2	949
53310at7041	Complete	NC_087395.1	21486914	21490572	+	853.4	491
53365at7041	Complete	NC_087396.1	19110401	19109706	-	381.2	205
53381at7041	Complete	NC_087402.1	3381266	3384622	+	1488.1	772
53412at7041	Complete	NC_087394.1	22109538	22148670	+	1134.6	615
53421at7041	Complete	NC_087398.1	660514	661389	+	324.4	197
53438at7041	Complete	NC_087394.1	22493491	22498330	+	1107.9	580
53518at7041	Complete	NC_087396.1	21785925	21786983	+	620.7	345
53535at7041	Complete	NC_087397.1	1013759	991314	-	749.3	463
53572at7041	Complete	NC_087399.1	4597434	4596637	-	382.6	215
53676at7041	Complete	NC_087402.1	8219493	8222765	+	538.4	307
53711at7041	Complete	NC_087395.1	25647644	25644326	-	412.4	237
53793at7041	Complete	NC_087394.1	36572525	36569910	-	1020.2	455
53805at7041	Complete	NC_087397.1	5686064	5681742	-	1086.0	500
53838at7041	Complete	NC_087399.1	6091591	6090457	-	486.0	313
53841at7041	Complete	NC_087394.1	25469786	25474526	+	783.3	463
53883at7041	Complete	NC_087399.1	9051596	9025358	-	835.2	432
53920at7041	Complete	NC_087402.1	5894188	5897056	+	1377.1	744
53983at7041	Complete	NC_087396.1	8521628	8499816	-	551.1	284
54012at7041	Complete	NC_087401.1	14851462	14838083	-	1818.8	1000
54021at7041	Complete	NC_087398.1	5533796	5535136	+	650.4	373
54053at7041	Complete	NC_087397.1	10013737	10014489	+	315.0	199
54135at7041	Complete	NC_087401.1	13363688	13355066	-	717.0	341
54490at7041	Complete	NC_087403.1	6935375	6939404	+	700.8	368
54536at7041	Complete	NC_087398.1	6265453	6264988	-	268.8	138
54547at7041	Complete	NC_087396.1	14938163	14941550	+	286.6	169
54621at7041	Complete	NC_087396.1	21486072	21487148	+	310.6	174
54678at7041	Complete	NC_087397.1	1787721	1806089	+	1125.2	590
54715at7041	Complete	NC_087395.1	18436861	18442811	+	1071.6	659
54745at7041	Complete	NC_087395.1	3978607	3979421	+	334.1	179
54813at7041	Complete	NC_087394.1	6581707	6531704	-	2313.8	1182
54842at7041	Complete	NC_087400.1	755266	747618	-	1058.9	593
54853at7041	Complete	NC_087395.1	14103365	14100402	-	1043.3	616
54871at7041	Complete	NC_087402.1	351246	349730	-	653.7	361
54936at7041	Complete	NC_087403.1	3036504	3038362	+	288.7	136
54972at7041	Complete	NC_087399.1	3314487	3313954	-	204.6	129
54990at7041	Complete	NC_087396.1	16255572	16254293	-	609.0	368
55051at7041	Complete	NC_087394.1	29374390	29370472	-	489.7	269
55213at7041	Complete	NC_087398.1	6200028	6196135	-	2270.8	1038
55234at7041	Complete	NC_087397.1	11670771	11670124	-	323.5	172
55256at7041	Complete	NC_087403.1	5625947	5623677	-	598.0	458
55274at7041	Complete	NC_087400.1	3492771	3507742	+	1665.2	944
55347at7041	Complete	NC_087394.1	37341698	37346415	+	770.5	426
55434at7041	Complete	NC_087401.1	12072894	12017177	-	2141.3	1110
55467at7041	Complete	NC_087399.1	9465222	9482467	+	1293.7	585
55520at7041	Complete	NC_087400.1	5270774	5247379	-	1740.7	937
55521at7041	Complete	NC_087399.1	9121061	9093959	-	4879.2	1936
55550at7041	Complete	NC_087397.1	4364363	4367478	+	1603.1	833
55552at7041	Complete	NC_087398.1	9095330	9096607	+	774.1	403
55561at7041	Complete	NC_087401.1	17590204	17588183	-	799.9	555
55577at7041	Complete	NC_087398.1	6148083	6151938	+	1989.7	941
55581at7041	Complete	NC_087403.1	1871307	1866710	-	752.7	374
55586at7041	Complete	NC_087394.1	32859258	32861368	+	1018.0	489
55679at7041	Complete	NC_087399.1	7641773	7642537	+	336.5	222
55687at7041	Complete	NC_087396.1	11859113	11860283	+	555.9	299
55728at7041	Complete	NC_087399.1	10186374	10146019	-	883.2	432
55783at7041	Complete	NC_087394.1	26088544	26077491	-	1400.9	854
55821at7041	Complete	NC_087395.1	1229092	1216716	-	953.8	475
55916at7041	Complete	NC_087402.1	8582986	8583803	+	456.8	218
56028at7041	Complete	NC_087396.1	24494510	24484495	-	759.0	415
56265at7041	Complete	NC_087403.1	5257379	5258675	+	803.2	398
56281at7041	Complete	NC_087399.1	1256941	1255338	-	395.0	187
56282at7041	Complete	NC_087395.1	6384886	6364765	-	1341.9	615
56328at7041	Complete	NC_087394.1	7467762	7443624	-	1795.4	1176
56361at7041	Complete	NC_087397.1	7649548	7648520	-	250.5	116
56377at7041	Complete	NC_087399.1	3799454	3795740	-	1484.6	1044
56404at7041	Complete	NC_087396.1	22483321	22489193	+	746.7	362
56435at7041	Complete	NC_087398.1	4016955	4016095	-	441.5	264
56449at7041	Complete	NC_087397.1	11478643	11482257	+	737.4	354
56454at7041	Complete	NC_087401.1	7818388	7833079	+	2149.5	1156
56497at7041	Complete	NC_087400.1	9623315	9623929	+	267.8	148
56535at7041	Complete	NC_087398.1	4906932	4902926	-	698.6	464
56735at7041	Complete	NC_087400.1	3482886	3483387	+	340.5	151
56837at7041	Complete	NC_087395.1	13184504	13179557	-	353.3	225
56888at7041	Complete	NC_087402.1	4189403	4193391	+	1883.5	902
56926at7041	Complete	NC_087400.1	4148477	4147512	-	600.3	305
56956at7041	Complete	NC_087394.1	25732678	25730934	-	623.8	428
56974at7041	Complete	NC_087397.1	6247540	6252034	+	1415.2	761
56977at7041	Complete	NC_087398.1	1437830	1436742	-	520.1	324
57035at7041	Complete	NC_087396.1	18821070	18848300	+	1024.3	477
57053at7041	Complete	NC_087402.1	1939066	1936621	-	296.7	149
57058at7041	Complete	NC_087396.1	22583084	22579654	-	1619.7	945
57074at7041	Complete	NC_087398.1	2726686	2705994	-	936.6	473
57146at7041	Complete	NC_087394.1	31158144	31151850	-	695.9	351
57239at7041	Complete	NC_087400.1	5295528	5296579	+	545.5	284
57244at7041	Complete	NC_087401.1	15104970	15109152	+	961.1	608
57378at7041	Complete	NC_087394.1	30801975	30807127	+	808.5	482
57428at7041	Complete	NC_087402.1	8234193	8225205	-	4387.7	1988
57569at7041	Complete	NC_087395.1	14933827	14932992	-	395.8	224
57581at7041	Complete	NC_087397.1	2070120	2070827	+	382.8	203
57615at7041	Complete	NC_087396.1	23093459	23096440	+	573.7	305
57669at7041	Complete	NC_087395.1	24037870	24036134	-	862.0	588
57700at7041	Complete	NC_087396.1	9598030	9605669	+	1938.7	838
57736at7041	Complete	NC_087398.1	1948369	1947534	-	352.3	200
57765at7041	Complete	NC_087397.1	5876349	5875138	-	668.3	311
57800at7041	Complete	NC_087402.1	8579131	8578021	-	704.7	324
57908at7041	Complete	NC_087397.1	11467054	11467569	+	333.1	159
58001at7041	Complete	NC_087402.1	11320535	11344581	+	2529.5	1296
58066at7041	Complete	NC_087400.1	407390	402383	-	1032.7	543
58106at7041	Complete	NC_087396.1	24221365	24226672	+	869.4	413
58262at7041	Complete	NC_087395.1	26627122	26626159	-	290.0	143
58351at7041	Complete	NC_087394.1	27639736	27675161	+	749.2	583
58432at7041	Complete	NC_087396.1	11312854	11314581	+	600.4	370
58460at7041	Complete	NC_087400.1	7894892	7868063	-	702.4	345
58474at7041	Complete	NC_087394.1	36819191	36818608	-	308.0	156
58484at7041	Complete	NC_087396.1	14837788	14842176	+	1168.4	618
58489at7041	Complete	NC_087398.1	13210466	13209529	-	362.0	239
58492at7041	Complete	NC_087395.1	6431572	6419478	-	1039.0	534
58501at7041	Complete	NC_087396.1	17395864	17394100	-	557.7	307
58530at7041	Complete	NC_087403.1	3369700	3365174	-	1301.4	835
58604at7041	Complete	NC_087397.1	6613037	6612522	-	264.3	124
58696at7041	Complete	NC_087396.1	10964357	10972802	+	861.9	436
58719at7041	Complete	NC_087400.1	2457111	2466590	+	715.4	333
58873at7041	Complete	NC_087396.1	10370821	10374522	+	686.1	387
58916at7041	Complete	NC_087396.1	19252571	19253266	+	268.6	152
58921at7041	Complete	NC_087396.1	14752271	14756627	+	447.0	302
59005at7041	Complete	NC_087397.1	2848080	2849383	+	654.7	363
59104at7041	Complete	NC_087395.1	4853212	4860637	+	457.8	136
59134at7041	Complete	NC_087398.1	4678412	4677069	-	763.6	386
59158at7041	Complete	NC_087397.1	10677641	10675283	-	611.7	327
59175at7041	Complete	NC_087402.1	10913100	10918053	+	1144.3	618
59293at7041	Complete	NC_087403.1	4423423	4369913	-	1446.9	717
59300at7041	Complete	NC_087394.1	9697016	9696363	-	312.2	161
59333at7041	Complete	NC_087398.1	959451	959942	+	303.8	158
59353at7041	Complete	NC_087398.1	15848868	15835039	-	624.3	279
59398at7041	Complete	NC_087396.1	15691157	15689669	-	773.9	418
59406at7041	Complete	NC_087403.1	4013685	3984137	-	1800.3	917
59408at7041	Complete	NC_087396.1	18353558	18343866	-	3204.5	1779
59537at7041	Complete	NC_087395.1	1562003	1515691	-	535.7	322
59574at7041	Complete	NC_087397.1	4182381	4183155	+	290.0	225
59671at7041	Complete	NC_087395.1	22370949	22368314	-	1154.7	536
59696at7041	Complete	NC_087401.1	17583591	17584817	+	692.2	335
59711at7041	Complete	NC_087398.1	7189716	7191505	+	778.7	452
59809at7041	Complete	NC_087394.1	31266404	31260987	-	861.8	495
59824at7041	Complete	NC_087397.1	9411597	9409902	-	711.7	392
59842at7041	Complete	NC_087396.1	14348607	14352091	+	996.3	476
59893at7041	Complete	NC_087396.1	19742374	19739048	-	1251.5	660
59906at7041	Complete	NC_087399.1	5846781	5843230	-	546.8	275
59914at7041	Complete	NC_087398.1	14587152	14558446	-	1348.0	630
59929at7041	Complete	NC_087399.1	6079802	6078935	-	306.0	196
59951at7041	Complete	NC_087398.1	14120616	14126527	+	569.9	288
59956at7041	Complete	NC_087402.1	7511306	7513119	+	1286.5	585
60009at7041	Complete	NC_087399.1	6224420	6226586	+	886.2	489
60026at7041	Complete	NC_087400.1	297789	291680	-	830.5	445
60087at7041	Complete	NC_087398.1	7644247	7661773	+	820.4	221
60109at7041	Complete	NC_087395.1	21132068	21076443	-	446.4	232
60173at7041	Complete	NC_087396.1	11696331	11697583	+	388.9	270
60232at7041	Complete	NC_087396.1	19178644	19177352	-	854.4	438
60234at7041	Complete	NC_087397.1	1025278	1027148	+	1157.3	533
60309at7041	Complete	NC_087399.1	4670426	4676520	+	278.4	157
60328at7041	Complete	NC_087399.1	7351832	7351441	-	189.5	107
60367at7041	Complete	NC_087398.1	9102406	9099053	-	910.7	514
60495at7041	Complete	NC_087396.1	14702170	14707431	+	928.3	566
60587at7041	Complete	NC_087398.1	15234171	15231117	-	312.8	169
60590at7041	Complete	NC_087399.1	3426697	3403232	-	995.0	462
60625at7041	Complete	NC_087397.1	12479088	12480446	+	723.3	378
60633at7041	Complete	NC_087402.1	2137119	2138936	+	700.7	351
60797at7041	Complete	NC_087396.1	23578996	23577803	-	490.7	276
60799at7041	Complete	NC_087397.1	8977555	8973406	-	924.0	423
60841at7041	Complete	NC_087394.1	32929840	32932154	+	1081.0	754
60855at7041	Complete	NC_087402.1	1019540	1016465	-	1517.2	796
60995at7041	Complete	NC_087394.1	35388337	35384675	-	770.9	347
61038at7041	Complete	NC_087400.1	7815336	7812901	-	977.3	622
61046at7041	Complete	NC_087399.1	6668277	6662874	-	1621.4	797
61207at7041	Complete	NC_087395.1	15743674	15711570	-	831.8	379
61212at7041	Complete	NC_087399.1	134332	133251	-	463.2	270
61322at7041	Complete	NC_087396.1	19989668	19988762	-	543.2	289
61327at7041	Complete	NC_087401.1	16241128	16239952	-	508.1	309
61433at7041	Complete	NC_087398.1	7619564	7615729	-	1111.9	564
61439at7041	Complete	NC_087394.1	2871115	2876582	+	567.0	256
61458at7041	Complete	NC_087403.1	2314067	2312322	-	891.2	498
61649at7041	Complete	NC_087398.1	3590733	3590104	-	322.8	218
61660at7041	Complete	NC_087402.1	2632306	2631206	-	417.0	265
61698at7041	Complete	NC_087397.1	7431031	7431792	+	392.2	243
61709at7041	Complete	NC_087394.1	3850984	3848280	-	642.6	470
61739at7041	Complete	NC_087398.1	6263452	6263952	+	303.0	142
61760at7041	Complete	NC_087403.1	3572859	3587414	+	722.5	313
61817at7041	Complete	NC_087401.1	15955843	15952647	-	811.1	368
61824at7041	Complete	NC_087394.1	36068709	36064061	-	580.6	272
62026at7041	Complete	NC_087400.1	992931	993920	+	620.3	302
62041at7041	Complete	NC_087395.1	26146040	26145096	-	354.7	238
62051at7041	Complete	NC_087394.1	2890367	2891196	+	293.9	158
62114at7041	Complete	NC_087395.1	23692796	23732494	+	623.3	299
62128at7041	Complete	NC_087401.1	13160726	13158297	-	514.3	231
62305at7041	Complete	NC_087394.1	14049083	14038051	-	816.5	453
62318at7041	Complete	NC_087394.1	35800469	35801412	+	358.6	213
62322at7041	Complete	NC_087399.1	6017748	6030171	+	813.3	404
62328at7041	Complete	NC_087399.1	10145350	10146469	+	198.2	91
62359at7041	Complete	NC_087397.1	10497521	10499173	+	883.4	491
62414at7041	Complete	NC_087402.1	6166607	6185953	+	230.0	145
62454at7041	Complete	NC_087403.1	5627328	5626336	-	574.4	330
62562at7041	Complete	NC_087397.1	10304483	10304889	+	169.9	89
62670at7041	Complete	NC_087394.1	32869013	32867799	-	517.0	431
62724at7041	Complete	NC_087402.1	314254	315693	+	507.4	320
62761at7041	Complete	NC_087394.1	32377302	32377938	+	265.1	190
62874at7041	Complete	NC_087395.1	16471098	16471670	+	190.7	126
62921at7041	Complete	NC_087396.1	23396681	23395407	-	478.7	302
62951at7041	Complete	NC_087398.1	487179	488990	+	338.7	194
62961at7041	Complete	NC_087395.1	18070050	18073058	+	346.2	241
63030at7041	Complete	NC_087400.1	8012462	8015809	+	734.5	482
63065at7041	Complete	NC_087402.1	2119299	2119998	+	253.5	143
63112at7041	Complete	NC_087398.1	11365157	11365908	+	378.4	218
63145at7041	Complete	NC_087394.1	35317415	35323476	+	1495.9	722
63152at7041	Complete	NC_087399.1	5891181	5889469	-	416.5	256
63239at7041	Complete	NC_087401.1	17301163	17302294	+	570.0	365
63242at7041	Complete	NC_087400.1	5227052	5225358	-	1173.6	557
63423at7041	Complete	NC_087403.1	2413475	2416003	+	968.0	481
63444at7041	Complete	NC_087394.1	25727175	25722712	-	755.9	424
63496at7041	Complete	NC_087398.1	8314016	8317026	+	1469.5	717
63537at7041	Complete	NC_087403.1	7548313	7542603	-	1088.1	539
63595at7041	Complete	NC_087398.1	3406626	3404765	-	899.5	559
63620at7041	Complete	NC_087397.1	9541823	9537120	-	594.2	304
63674at7041	Complete	NC_087398.1	3606322	3603141	-	527.6	276
63703at7041	Complete	NC_087396.1	15785968	15786520	+	162.1	95
63734at7041	Complete	NC_087396.1	17556910	17553636	-	897.1	474
63764at7041	Complete	NC_087401.1	16914475	16916639	+	583.9	360
63798at7041	Complete	NC_087402.1	7766849	7767859	+	490.2	268
63874at7041	Complete	NC_087394.1	32923800	32918540	-	850.5	415
63882at7041	Complete	NC_087394.1	25218192	25208572	-	2049.9	1251
64000at7041	Complete	NC_087402.1	1027766	1033658	+	2085.9	1010
64010at7041	Complete	NC_087398.1	11372287	11374521	+	401.0	211
64062at7041	Complete	NC_087399.1	4136423	4149923	+	477.7	273
64109at7041	Complete	NC_087402.1	9701612	9704842	+	455.7	335
64117at7041	Complete	NC_087396.1	18199956	18200709	+	421.0	206
64120at7041	Complete	NC_087401.1	10209949	10206112	-	1088.3	838
64171at7041	Complete	NC_087398.1	4257179	4242635	-	808.5	486
64186at7041	Complete	NC_087395.1	22743998	22745303	+	863.7	408
64199at7041	Complete	NC_087394.1	37102001	37103932	+	811.4	430
64203at7041	Complete	NC_087394.1	36791428	36790347	-	602.7	284
64233at7041	Complete	NC_087396.1	22627853	22631842	+	589.1	298
64249at7041	Complete	NC_087398.1	4388281	4389296	+	690.8	308
64269at7041	Complete	NC_087403.1	6752584	6761835	+	723.3	370
64407at7041	Complete	NC_087396.1	21751780	21748656	-	1282.6	649
64415at7041	Complete	NC_087401.1	14206816	14212429	+	762.2	423
64463at7041	Complete	NC_087395.1	23963609	23962616	-	535.4	252
64487at7041	Complete	NC_087396.1	22614869	22612561	-	879.0	445
64521at7041	Complete	NC_087394.1	10168355	10166132	-	1250.3	693
64522at7041	Complete	NC_087397.1	9830746	9828987	-	694.5	372
64571at7041	Complete	NC_087400.1	7174299	7171682	-	574.4	338
64595at7041	Complete	NC_087395.1	21504339	21505922	+	466.3	293
64787at7041	Complete	NC_087398.1	5390982	5389489	-	748.2	347
64816at7041	Complete	NC_087403.1	6538836	6544290	+	2037.8	1016
64905at7041	Complete	NC_087398.1	15608630	15612788	+	612.1	349
64925at7041	Complete	NC_087403.1	8426916	8430224	+	601.8	445
64945at7041	Complete	NC_087395.1	14845968	14840019	-	657.7	323
64973at7041	Complete	NC_087397.1	5269898	5269361	-	237.0	129
65003at7041	Complete	NC_087402.1	1040319	1039834	-	365.1	162
65038at7041	Complete	NC_087400.1	1879042	1879831	+	337.8	212
65068at7041	Complete	NC_087399.1	143601	146473	+	1607.5	767
65101at7041	Complete	NC_087399.1	2095351	2092337	-	1261.5	635
65186at7041	Complete	NC_087396.1	20627802	20630538	+	919.2	529
65332at7041	Complete	NC_087394.1	30268481	30269187	+	286.5	186
65404at7041	Complete	NC_087396.1	20573793	20575888	+	812.7	409
65492at7041	Complete	NC_087399.1	1817540	1856893	+	3455.7	1798
65511at7041	Complete	NC_087398.1	433841	434861	+	496.4	273
65542at7041	Complete	NC_087394.1	11652207	11650705	-	759.5	452
65625at7041	Complete	NC_087397.1	12683194	12679755	-	202.9	111
65639at7041	Complete	NC_087398.1	5422061	5424188	+	1367.3	651
65654at7041	Complete	NC_087402.1	11624360	11627774	+	627.8	348
65820at7041	Complete	NC_087395.1	3980180	3989860	+	504.5	265
65909at7041	Complete	NC_087398.1	8106787	8087637	-	4770.5	2244
65980at7041	Complete	NC_087400.1	2882123	2886216	+	586.6	294
65982at7041	Complete	NC_087397.1	11477910	11476644	-	549.4	417
66003at7041	Complete	NC_087396.1	9628167	9627022	-	494.3	268
66008at7041	Complete	NC_087400.1	471125	456122	-	725.1	356
66082at7041	Complete	NC_087396.1	23121658	23120528	-	454.6	316
66148at7041	Complete	NC_087394.1	28290894	28291784	+	519.7	294
66170at7041	Complete	NC_087400.1	7274447	7266932	-	1497.3	777
66230at7041	Complete	NC_087397.1	6278068	6278573	+	280.8	144
66328at7041	Complete	NC_087396.1	13446031	13448070	+	967.8	501
66395at7041	Complete	NC_087395.1	14764771	14763979	-	372.9	203
66570at7041	Complete	NC_087402.1	9091029	9090138	-	480.9	252
66709at7041	Complete	NC_087402.1	6113319	6112943	-	186.6	115
66712at7041	Complete	NC_087403.1	430081	436931	+	2143.8	1225
66820at7041	Complete	NC_087402.1	12453278	12443491	-	584.1	349
66843at7041	Complete	NC_087398.1	8189380	8188588	-	409.2	203
66856at7041	Complete	NC_087401.1	11679118	11675106	-	1456.9	684
66890at7041	Complete	NC_087394.1	13749812	13769800	+	517.1	248
66900at7041	Complete	NC_087396.1	11710427	11717090	+	1411.1	853
67129at7041	Complete	NC_087402.1	5146502	5144139	-	1444.4	698
67137at7041	Complete	NC_087402.1	6295917	6296912	+	664.5	329
67153at7041	Complete	NC_087394.1	7839820	7790671	-	665.0	364
67187at7041	Complete	NC_087402.1	1190109	1187743	-	956.6	589
67252at7041	Complete	NC_087394.1	33095154	33096369	+	453.1	279
67257at7041	Complete	NC_087403.1	1334968	1337185	+	434.0	281
67274at7041	Complete	NC_087394.1	32654135	32651900	-	938.6	560
67288at7041	Complete	NC_087399.1	2003524	2000751	-	609.5	309
67298at7041	Complete	NC_087401.1	16977781	16978599	+	316.7	215
67593at7041	Complete	NC_087397.1	6423041	6421449	-	832.2	456
67668at7041	Complete	NC_087401.1	8584197	8585334	+	500.3	312
67744at7041	Complete	NC_087394.1	12485558	12497673	+	1314.9	800
67835at7041	Complete	NC_087403.1	1136175	1132990	-	475.0	461
67879at7041	Complete	NC_087395.1	14753219	14756879	+	339.8	220
67956at7041	Complete	NC_087395.1	26138002	26136949	-	491.0	253
68030at7041	Complete	NC_087395.1	14141623	14144333	+	686.5	411
68032at7041	Complete	NC_087399.1	6092013	6092813	+	275.4	244
68098at7041	Complete	NC_087394.1	6667056	6715516	+	1066.4	511
68146at7041	Complete	NC_087401.1	16001086	16001650	+	355.7	169
68147at7041	Complete	NC_087398.1	7384185	7383615	-	286.3	157
68148at7041	Complete	NC_087395.1	21481386	21484230	+	441.9	195
68160at7041	Complete	NC_087394.1	35260927	35258147	-	1631.8	868
68195at7041	Complete	NC_087403.1	549386	552973	+	1343.0	702
68231at7041	Complete	NC_087394.1	30530078	30529533	-	275.4	146
68385at7041	Complete	NC_087394.1	35885030	35888185	+	1229.0	739
68393at7041	Complete	NC_087402.1	4867364	4863714	-	1577.7	768
68414at7041	Complete	NC_087394.1	36370938	36367625	-	603.4	293
68426at7041	Duplicated	NC_087402.1	1526060	1531410	+	2640.6	1294
68426at7041	Duplicated	NC_087400.1	18015627	18005762	-	2359.0	1159
68545at7041	Complete	NC_087395.1	25802244	25803367	+	535.0	317
68567at7041	Complete	NC_087396.1	22342410	22341488	-	398.1	204
68589at7041	Complete	NC_087398.1	3946405	3947059	+	322.8	166
68601at7041	Complete	NC_087398.1	12611384	12616023	+	590.0	403
68623at7041	Complete	NC_087402.1	9005320	9004724	-	366.7	181
68814at7041	Complete	NC_087396.1	13457316	13456451	-	354.9	223
68930at7041	Complete	NC_087395.1	22077903	22079989	+	862.8	512
68931at7041	Complete	NC_087399.1	9842448	9837160	-	811.8	467
68969at7041	Complete	NC_087394.1	27762360	27768984	+	572.4	310
68970at7041	Complete	NC_087402.1	9800284	9799371	-	433.6	263
69143at7041	Complete	NC_087402.1	9318998	9318500	-	225.5	148
69163at7041	Complete	NC_087397.1	9709505	9716391	+	936.9	724
69299at7041	Complete	NC_087396.1	14038028	14041469	+	1020.7	578
69321at7041	Complete	NC_087399.1	142448	140869	-	601.7	451
69348at7041	Complete	NC_087394.1	35468219	35465775	-	965.9	575
69350at7041	Complete	NC_087399.1	8871314	8859185	-	414.0	221
69401at7041	Complete	NC_087402.1	8802209	8805772	+	860.3	427
69413at7041	Complete	NC_087399.1	7830478	7832219	+	360.4	262
69481at7041	Complete	NC_087398.1	9863511	9864235	+	256.2	146
69484at7041	Complete	NC_087394.1	33596715	33639554	+	1500.6	781
69498at7041	Complete	NC_087403.1	5807508	5810777	+	1094.3	493
69568at7041	Complete	NC_087397.1	4536603	4535318	-	581.3	308
69604at7041	Complete	NC_087394.1	3859673	3857634	-	845.3	562
69628at7041	Complete	NC_087396.1	24702798	24704999	+	754.3	431
69647at7041	Complete	NC_087402.1	6034888	6111105	+	1667.4	787
69672at7041	Complete	NC_087401.1	12967560	12978283	+	451.3	391
69674at7041	Complete	NC_087402.1	3836374	3849683	+	2089.6	1089
69710at7041	Complete	NC_087396.1	24547100	24545580	-	779.5	427
69711at7041	Complete	NC_087401.1	16138241	16137054	-	625.8	363
69749at7041	Complete	NC_087402.1	3651179	3651769	+	330.9	198
69820at7041	Complete	NC_087401.1	11342642	11350518	+	873.1	421
70060at7041	Complete	NC_087401.1	11767614	11768607	+	455.9	262
70068at7041	Complete	NC_087401.1	16968870	16959425	-	1493.2	906
70169at7041	Complete	NC_087398.1	459712	462832	+	1461.4	806
70191at7041	Complete	NC_087398.1	2052518	2053582	+	479.1	294
70238at7041	Complete	NC_087398.1	7160702	7160115	-	212.2	156
70366at7041	Complete	NC_087402.1	9986065	9987033	+	456.3	292
70405at7041	Complete	NC_087399.1	1661374	1655451	-	1704.4	878
70521at7041	Complete	NC_087394.1	30158752	30160143	+	569.6	283
70566at7041	Complete	NC_087401.1	9727979	9842739	+	503.9	318
70572at7041	Complete	NC_087397.1	4480941	4481918	+	599.7	306
70648at7041	Complete	NC_087402.1	5419896	5418240	-	806.5	444
70655at7041	Complete	NC_087394.1	25609009	25608503	-	217.3	112
70709at7041	Complete	NC_087398.1	1092528	1094808	+	849.7	522
70723at7041	Complete	NC_087395.1	14164711	14166092	+	618.9	384
70811at7041	Complete	NC_087403.1	7443453	7450374	+	362.5	258
70824at7041	Complete	NC_087398.1	7056612	7057901	+	524.2	302
70840at7041	Complete	NC_087395.1	19592971	19592158	-	474.5	231
70927at7041	Complete	NC_087403.1	1904467	1910902	+	1088.2	570
70931at7041	Complete	NC_087399.1	5854990	5861391	+	1144.1	556
70968at7041	Complete	NC_087402.1	114718	106517	-	4290.2	1988
71018at7041	Complete	NC_087394.1	27328666	27332487	+	463.1	254
71037at7041	Complete	NC_087397.1	5285716	5290669	+	825.7	261
71051at7041	Complete	NC_087397.1	766097	870645	+	2369.1	1237
71083at7041	Complete	NC_087396.1	14911222	14899031	-	1077.0	542
71090at7041	Complete	NC_087403.1	6252565	6276320	+	164.9	126
71097at7041	Complete	NC_087395.1	25663562	25664993	+	628.3	374
71128at7041	Complete	NC_087394.1	25439491	25438403	-	507.7	368
71152at7041	Complete	NC_087398.1	12756759	12757519	+	301.4	183
71160at7041	Complete	NC_087402.1	12475373	12490727	+	1759.8	986
71261at7041	Complete	NC_087395.1	13849170	13853491	+	809.2	387
71289at7041	Complete	NC_087397.1	4195321	4196659	+	766.5	421
71398at7041	Complete	NC_087395.1	2014445	2020579	+	415.2	163
71403at7041	Complete	NC_087394.1	36256955	36258748	+	966.6	507
71465at7041	Complete	NC_087399.1	2698318	2696507	-	935.3	456
71466at7041	Complete	NC_087398.1	5372164	5374888	+	648.3	331
71518at7041	Complete	NC_087402.1	3495790	3491064	-	2464.5	1271
71553at7041	Complete	NC_087397.1	2601838	2603277	+	606.0	460
71555at7041	Complete	NC_087402.1	9988225	9989296	+	656.7	308
71678at7041	Complete	NC_087396.1	18716479	18715719	-	329.6	203
71763at7041	Complete	NC_087397.1	10014919	10021871	+	1172.5	591
71768at7041	Complete	NC_087399.1	3368374	3367541	-	406.4	247
71942at7041	Complete	NC_087396.1	23112599	23109022	-	1077.4	394
72102at7041	Complete	NC_087399.1	5897388	5894741	-	561.8	281
72130at7041	Complete	NC_087401.1	8590847	8586328	-	441.2	216
72183at7041	Complete	NC_087402.1	10473646	10478944	+	1126.2	582
72185at7041	Complete	NC_087398.1	11212217	11235459	+	980.4	508
72222at7041	Complete	NC_087395.1	25959846	25955447	-	1295.5	652
72318at7041	Complete	NC_087402.1	327686	328303	+	354.3	178
72476at7041	Complete	NC_087395.1	25146825	25143233	-	946.7	482
72501at7041	Complete	NC_087396.1	12943430	12952165	+	659.9	373
72686at7041	Complete	NC_087395.1	25635336	25635698	+	214.9	111
72709at7041	Complete	NC_087401.1	11932885	11949514	+	454.0	213
72721at7041	Complete	NC_087399.1	9774534	9757603	-	1280.6	632
72741at7041	Complete	NC_087403.1	1347280	1345562	-	651.4	421
72880at7041	Complete	NC_087394.1	30332298	30330571	-	252.0	247
72896at7041	Complete	NC_087396.1	21739540	21740645	+	619.4	311
72939at7041	Complete	NC_087396.1	21843363	21840957	-	901.9	580
72997at7041	Complete	NC_087394.1	28389201	28386045	-	522.6	266
73007at7041	Complete	NC_087398.1	4424403	4423573	-	332.6	199
73020at7041	Complete	NC_087398.1	2403290	2407006	+	940.2	471
73038at7041	Complete	NC_087396.1	12942712	12943095	+	253.7	127
73096at7041	Complete	NC_087395.1	1596529	1585353	-	385.5	255
73339at7041	Complete	NC_087394.1	24165457	24164849	-	236.6	177
73383at7041	Complete	NC_087395.1	26140070	26141045	+	451.1	231
73539at7041	Complete	NC_087398.1	5320227	5319583	-	301.3	178
73550at7041	Complete	NC_087394.1	36560772	36564978	+	1708.0	782
73584at7041	Complete	NC_087399.1	3369819	3369129	-	362.7	174
73609at7041	Complete	NC_087402.1	1097220	1094055	-	963.5	588
73659at7041	Complete	NC_087401.1	15048268	15054751	+	1624.9	817
73743at7041	Complete	NC_087400.1	1577341	1580164	+	1248.7	615
73781at7041	Complete	NC_087402.1	696918	699533	+	1549.3	822
73810at7041	Complete	NC_087394.1	10301837	10329563	+	1686.9	929
73862at7041	Complete	NC_087396.1	12047040	12047654	+	127.8	112
73972at7041	Complete	NC_087398.1	2546629	2570789	+	1039.7	501
73991at7041	Complete	NC_087400.1	275460	264961	-	1020.2	475
74167at7041	Complete	NC_087396.1	19822848	19822274	-	264.0	149
74174at7041	Complete	NC_087395.1	23592876	23585576	-	959.8	470
74392at7041	Complete	NC_087402.1	10419071	10419841	+	305.4	338
74425at7041	Complete	NC_087399.1	9843058	9848476	+	1022.9	595
74475at7041	Complete	NC_087395.1	23958316	23956986	-	203.4	245
74506at7041	Complete	NC_087403.1	8563714	8556172	-	516.0	337
74598at7041	Complete	NC_087396.1	14690598	14689437	-	443.1	320
74599at7041	Complete	NC_087397.1	911192	913023	+	531.9	268
74685at7041	Complete	NC_087398.1	11393776	11427091	+	623.3	364
74706at7041	Complete	NC_087398.1	5463888	5460159	-	1604.7	818
74755at7041	Complete	NC_087396.1	11892071	11891619	-	269.0	150
74765at7041	Complete	NC_087403.1	7333906	7342882	+	2246.1	1649
74978at7041	Complete	NC_087397.1	11643038	11647828	+	1166.5	665
75014at7041	Complete	NC_087395.1	23055711	23057204	+	586.6	318
75037at7041	Complete	NC_087398.1	5433152	5433898	+	294.4	200
75078at7041	Complete	NC_087394.1	32995689	32997677	+	881.7	487
75088at7041	Complete	NC_087398.1	6208887	6208168	-	433.6	238
75165at7041	Complete	NC_087402.1	1568955	1564315	-	976.8	588
75173at7041	Complete	NC_087403.1	8496583	8498823	+	1260.4	672
75226at7041	Complete	NC_087398.1	3717601	3716424	-	604.6	309
75259at7041	Complete	NC_087395.1	23306198	23301704	-	805.7	534
75280at7041	Complete	NC_087394.1	9821344	9820362	-	515.3	292
75303at7041	Complete	NC_087397.1	12818540	12817689	-	480.8	259
75367at7041	Complete	NC_087398.1	810459	811389	+	405.1	216
75419at7041	Complete	NC_087396.1	24484222	24483403	-	252.6	146
75423at7041	Complete	NC_087402.1	1155480	1152871	-	1261.7	734
75427at7041	Complete	NC_087402.1	6322378	6323105	+	240.9	195
75473at7041	Complete	NC_087397.1	5821170	5822401	+	595.9	354
75544at7041	Complete	NC_087398.1	5668629	5665461	-	1406.0	654
75550at7041	Complete	NC_087401.1	14748780	14747702	-	515.0	273
75553at7041	Complete	NC_087398.1	3642707	3640827	-	981.3	524
75611at7041	Complete	NC_087398.1	10494106	10491722	-	531.6	299
75614at7041	Complete	NC_087397.1	9372891	9365171	-	1364.5	779
75629at7041	Complete	NC_087396.1	16247436	16251963	+	749.0	479
75689at7041	Complete	NC_087403.1	443669	446947	+	520.4	283
75747at7041	Complete	NC_087396.1	11585898	11584712	-	688.0	327
75754at7041	Complete	NC_087402.1	1720618	1719404	-	436.7	282
75772at7041	Complete	NC_087398.1	2703997	2703404	-	297.1	148
75799at7041	Complete	NC_087398.1	7465346	7468699	+	621.2	347
75952at7041	Complete	NC_087399.1	3715953	3716669	+	335.5	200
76003at7041	Complete	NC_087398.1	4033966	4033276	-	283.6	180
76011at7041	Complete	NC_087400.1	10444724	10196321	-	1239.9	604
76041at7041	Complete	NC_087402.1	3010892	3010183	-	467.1	218
76053at7041	Complete	NC_087399.1	2829114	2813648	-	742.4	458
76076at7041	Complete	NC_087394.1	26195727	26186131	-	593.3	358
76103at7041	Complete	NC_087395.1	14103597	14104625	+	212.7	174
76130at7041	Complete	NC_087402.1	11598796	11596327	-	563.9	313
76143at7041	Complete	NC_087402.1	11355673	11351074	-	617.0	466
76177at7041	Complete	NC_087401.1	16210471	16246548	+	931.9	439
76228at7041	Complete	NC_087396.1	14733900	14734844	+	572.7	300
76338at7041	Complete	NC_087395.1	15618669	15606549	-	3016.7	1673
76376at7041	Complete	NC_087397.1	903023	904565	+	344.8	225
76533at7041	Complete	NC_087394.1	25419757	25416695	-	177.4	105
76550at7041	Complete	NC_087403.1	306075	308571	+	1041.1	489
76568at7041	Complete	NC_087401.1	13572038	13575386	+	377.6	467
76602at7041	Complete	NC_087401.1	8395033	8395822	+	275.3	139
76651at7041	Complete	NC_087394.1	32787897	32792090	+	1047.0	577
76654at7041	Complete	NC_087394.1	8288958	8293437	+	1170.1	683
76705at7041	Complete	NC_087402.1	3395102	3399085	+	577.6	303
76725at7041	Complete	NC_087394.1	22104760	22099898	-	988.4	559
76826at7041	Complete	NC_087398.1	10155675	10154668	-	608.3	334
77018at7041	Complete	NC_087402.1	3672309	3671517	-	456.9	230
77170at7041	Complete	NC_087394.1	24141087	24145558	+	228.5	134
77196at7041	Complete	NC_087403.1	3763825	3759342	-	1811.4	968
77355at7041	Complete	NC_087402.1	7611979	7613351	+	629.4	351
77476at7041	Complete	NC_087397.1	2128780	2131036	+	416.5	233
77487at7041	Complete	NC_087394.1	672152	668739	-	800.3	479
77498at7041	Complete	NC_087398.1	12093492	12098266	+	863.5	421
77510at7041	Complete	NC_087402.1	1732370	1730074	-	916.6	607
77512at7041	Complete	NC_087403.1	4221847	4218482	-	638.3	352
77593at7041	Complete	NC_087403.1	8659593	8676767	+	1663.8	862
77693at7041	Complete	NC_087395.1	14786391	14784468	-	1046.2	554
77700at7041	Complete	NC_087400.1	4380464	4374599	-	733.7	488
77734at7041	Complete	NC_087394.1	27268268	27275140	+	663.5	364
77758at7041	Complete	NC_087394.1	9697598	9702290	+	426.1	223
77787at7041	Complete	NC_087402.1	10198731	10199978	+	500.6	281
77811at7041	Complete	NC_087399.1	6619406	6610665	-	794.9	506
77905at7041	Complete	NC_087396.1	14191783	14196696	+	527.3	274
77910at7041	Complete	NC_087394.1	30990403	30991916	+	676.2	399
78215at7041	Complete	NC_087399.1	915133	914455	-	388.3	199
78248at7041	Complete	NC_087399.1	9904270	9901311	-	444.0	294
78271at7041	Complete	NC_087403.1	2315455	2328416	+	5070.8	2878
78356at7041	Complete	NC_087401.1	11387711	11377333	-	1782.5	931
78361at7041	Complete	NC_087400.1	147024	146421	-	298.7	167
78368at7041	Complete	NC_087394.1	14179873	14224534	+	1126.4	537
78369at7041	Complete	NC_087398.1	1253557	1303253	+	1193.8	595
78442at7041	Complete	NC_087401.1	9934626	9935813	+	666.6	379
78463at7041	Complete	NC_087402.1	11319425	11310926	-	856.2	419
78665at7041	Complete	NC_087401.1	8556331	8574975	+	996.2	603
78668at7041	Complete	NC_087397.1	7463984	7463470	-	244.0	142
78691at7041	Complete	NC_087398.1	7773802	7742149	-	1609.6	856
78742at7041	Complete	NC_087399.1	11857190	11875052	+	1427.5	798
78770at7041	Complete	NC_087396.1	14075949	14077402	+	196.1	156
78778at7041	Complete	NC_087398.1	13089404	13090389	+	485.0	276
78966at7041	Fragmented	NC_087397.1	9534125	9532234	-	325.9	218
79082at7041	Complete	NC_087396.1	14154270	14156439	+	840.9	421
79192at7041	Complete	NC_087394.1	25218593	25219015	+	188.9	118
79216at7041	Complete	NC_087396.1	11324660	11326583	+	476.4	273
79281at7041	Complete	NC_087395.1	15888154	15890849	+	593.3	306
79467at7041	Complete	NC_087397.1	4153791	4156173	+	1270.0	605
79515at7041	Complete	NC_087394.1	31351601	31349437	-	1263.2	657
79642at7041	Complete	NC_087399.1	4926636	4925128	-	678.4	407
79646at7041	Complete	NC_087394.1	32749416	32756924	+	704.3	387
79659at7041	Complete	NC_087398.1	13763076	13758947	-	433.2	344
79694at7041	Complete	NC_087395.1	17504120	17503346	-	417.8	223
79785at7041	Complete	NC_087402.1	8923432	8924483	+	593.1	307
79838at7041	Complete	NC_087394.1	22512144	22519497	+	657.8	360
79961at7041	Complete	NC_087402.1	8576261	8575034	-	501.7	281
79977at7041	Fragmented	NC_087399.1	1781250	1779940	-	412.1	109
80014at7041	Complete	NC_087394.1	30616555	30617788	+	471.5	325
80030at7041	Complete	NC_087397.1	3920335	3919312	-	231.0	150
80069at7041	Complete	NC_087395.1	15325239	15323930	-	338.3	260
80072at7041	Complete	NC_087399.1	8014875	8018898	+	740.6	375
80148at7041	Complete	NC_087403.1	4488968	4486891	-	1023.9	533
80179at7041	Complete	NC_087395.1	24417405	24416713	-	328.7	205
80272at7041	Complete	NC_087398.1	7287657	7286156	-	368.1	266
80364at7041	Complete	NC_087399.1	6206956	6206015	-	183.0	185
80487at7041	Complete	NC_087398.1	9360861	9385535	+	1052.0	682
80563at7041	Complete	NC_087394.1	23771128	23767648	-	721.0	384
80601at7041	Complete	NC_087400.1	1804914	1805414	+	207.4	121
80745at7041	Complete	NC_087401.1	12524566	12522214	-	501.4	297
80757at7041	Complete	NC_087401.1	16947253	16928084	-	1319.4	840
80792at7041	Complete	NC_087398.1	13233967	13234783	+	339.8	186
80821at7041	Complete	NC_087402.1	968601	970868	+	706.5	476
80870at7041	Complete	NC_087394.1	29190657	29193969	+	1139.3	680
80890at7041	Duplicated	NC_087400.1	1366017	1364268	-	523.5	351
80890at7041	Duplicated	NC_087400.1	1114669	1112925	-	507.3	351
80919at7041	Complete	NC_087400.1	7291867	7288804	-	536.9	317
80931at7041	Complete	NC_087398.1	5175954	5177155	+	594.6	373
80961at7041	Complete	NC_087396.1	19758216	19763005	+	994.0	730
80981at7041	Complete	NC_087398.1	225741	218810	-	392.1	236
81103at7041	Complete	NC_087395.1	17184257	17191076	+	1485.1	737
81146at7041	Complete	NC_087399.1	9862143	9869247	+	644.9	320
81198at7041	Complete	NC_087403.1	3363441	3365067	+	661.7	427
81199at7041	Complete	NC_087398.1	10555098	10556187	+	560.6	273
81311at7041	Complete	NC_087401.1	15164494	15182769	+	1883.6	944
81322at7041	Complete	NC_087402.1	10197046	10196581	-	201.8	137
81353at7041	Complete	NC_087397.1	3752758	3751892	-	399.6	232
81411at7041	Complete	NC_087397.1	11470951	11475778	+	982.2	423
81668at7041	Complete	NC_087398.1	4990656	4989666	-	522.7	271
81670at7041	Complete	NC_087399.1	965135	934907	-	2689.7	1318
81674at7041	Complete	NC_087396.1	19340219	19341713	+	364.5	236
81824at7041	Complete	NC_087401.1	14835071	14827374	-	519.1	269
81840at7041	Complete	NC_087398.1	3294470	3285078	-	827.4	463
81948at7041	Complete	NC_087394.1	22041754	22037004	-	871.3	491
82021at7041	Complete	NC_087394.1	14546882	14593443	+	800.6	437
82054at7041	Complete	NC_087402.1	5454494	5455614	+	457.1	248
82064at7041	Complete	NC_087398.1	1786231	1706236	-	905.9	420
82079at7041	Complete	NC_087394.1	29856012	29828957	-	1416.9	854
82105at7041	Complete	NC_087394.1	36983022	37000706	+	731.7	403
82237at7041	Complete	NC_087398.1	10691175	10678385	-	420.5	264
82297at7041	Complete	NC_087401.1	13007337	12998420	-	951.4	435
82298at7041	Complete	NC_087400.1	400718	397005	-	651.8	488
82327at7041	Complete	NC_087397.1	920023	919242	-	357.1	200
82356at7041	Complete	NC_087397.1	8169596	8172662	+	879.0	421
82362at7041	Complete	NC_087397.1	6383669	6385305	+	596.3	359
82406at7041	Complete	NC_087400.1	5972689	5968729	-	848.1	526
82423at7041	Complete	NC_087396.1	14348381	14343169	-	1709.0	1048
82441at7041	Complete	NC_087400.1	5220078	5223464	+	136.4	184
82453at7041	Complete	NC_087403.1	8426469	8423752	-	548.9	281
82456at7041	Complete	NC_087397.1	2048019	2049961	+	239.7	129
82480at7041	Complete	NC_087398.1	7070339	7062054	-	441.9	259
82560at7041	Complete	NC_087399.1	7183439	7186954	+	831.9	433
82616at7041	Complete	NC_087398.1	205485	223773	+	1154.7	630
82660at7041	Complete	NC_087397.1	9706142	9707143	+	622.7	323
82676at7041	Complete	NC_087394.1	8340034	8339155	-	194.7	120
82691at7041	Complete	NC_087395.1	18436411	18433332	-	658.7	340
82750at7041	Complete	NC_087399.1	1347574	1346764	-	341.5	205
82766at7041	Complete	NC_087394.1	30427706	30429052	+	659.2	333
82808at7041	Complete	NC_087394.1	7422099	7425091	+	688.9	380
82946at7041	Complete	NC_087398.1	1335157	1338560	+	840.0	603
82957at7041	Complete	NC_087402.1	9403113	9377231	-	572.8	417
82989at7041	Complete	NC_087403.1	8297134	8293314	-	467.6	233
83031at7041	Complete	NC_087395.1	17938455	17937948	-	263.0	140
83194at7041	Complete	NC_087402.1	2493668	2517492	+	646.0	337
83264at7041	Complete	NC_087401.1	11059870	11065347	+	678.4	359
83294at7041	Complete	NC_087394.1	1509924	1509499	-	166.6	96
83333at7041	Complete	NC_087396.1	16689435	16686246	-	637.4	423
83506at7041	Complete	NC_087396.1	22275804	22267484	-	1780.8	1054
83510at7041	Complete	NC_087399.1	8053341	8056515	+	428.6	238
83539at7041	Complete	NC_087397.1	21479573	21482619	+	355.0	203
83556at7041	Complete	NC_087395.1	22016758	22019087	+	662.6	307
83565at7041	Complete	NC_087403.1	7218778	7216751	-	602.3	387
83583at7041	Complete	NC_087400.1	491821	484751	-	1058.0	827
83594at7041	Complete	NC_087395.1	26034155	26036081	+	652.7	545
83671at7041	Complete	NC_087402.1	7633450	7627797	-	737.9	429
83680at7041	Complete	NC_087402.1	8547576	8539417	-	2513.3	1334
83685at7041	Complete	NC_087398.1	6269890	6283666	+	266.2	129
83693at7041	Complete	NC_087402.1	3376201	3378292	+	529.0	364
83776at7041	Complete	NC_087402.1	6657798	6660130	+	558.9	497
83821at7041	Complete	NC_087397.1	12927985	12963598	+	587.5	339
83906at7041	Complete	NC_087398.1	4982555	4983234	+	396.2	209
83908at7041	Complete	NC_087397.1	6246448	6247185	+	260.6	144
83968at7041	Complete	NC_087394.1	12498721	12521056	+	799.6	425
84030at7041	Complete	NC_087395.1	22488541	22479566	-	2169.2	1135
84065at7041	Complete	NC_087399.1	1898445	1899148	+	361.7	196
84083at7041	Complete	NC_087399.1	4528031	4526618	-	774.3	356
84088at7041	Complete	NC_087394.1	33024137	33025696	+	624.9	358
84186at7041	Complete	NC_087400.1	5283890	5284665	+	387.7	219
84273at7041	Complete	NC_087396.1	12982794	12984203	+	379.6	193
84279at7041	Complete	NC_087403.1	5265168	5271622	+	1403.6	737
84352at7041	Complete	NC_087395.1	2323160	2322465	-	264.5	153
84376at7041	Complete	NC_087395.1	26511391	26514688	+	1237.3	772
84395at7041	Complete	NC_087398.1	146423	141386	-	1740.6	1094
84402at7041	Complete	NC_087396.1	18022259	18015483	-	751.6	364
84411at7041	Complete	NC_087400.1	1577217	1576307	-	475.9	253
84474at7041	Complete	NC_087399.1	12235580	12230326	-	792.8	386
84627at7041	Complete	NC_087398.1	662654	661644	-	590.5	298
84675at7041	Complete	NC_087403.1	4119433	4117282	-	635.3	519
84690at7041	Complete	NC_087398.1	5657460	5652999	-	1560.3	877
84698at7041	Complete	NC_087401.1	11636781	11634751	-	391.2	210
84699at7041	Complete	NC_087394.1	2175005	2171767	-	467.4	266
84753at7041	Complete	NC_087402.1	7510663	7508944	-	645.9	317
84905at7041	Complete	NC_087398.1	1911388	1910832	-	330.0	162
84925at7041	Complete	NC_087394.1	22009192	21999567	-	1181.3	670
84932at7041	Complete	NC_087402.1	348205	349197	+	489.2	269
84939at7041	Complete	NC_087402.1	12357928	12343147	-	1544.7	829
84977at7041	Complete	NC_087394.1	13085011	13076038	-	758.0	526
84984at7041	Complete	NC_087403.1	3780333	3766322	-	380.0	189
84994at7041	Complete	NC_087396.1	17559920	17559118	-	463.7	242
85004at7041	Complete	NC_087395.1	1163976	1164683	+	150.0	114
85026at7041	Complete	NC_087403.1	7244878	7240506	-	983.1	539
85097at7041	Complete	NC_087401.1	11106684	11105953	-	378.0	242
85134at7041	Complete	NC_087402.1	4222310	4223822	+	626.1	363
85216at7041	Fragmented	NC_087399.1	3391762	3391145	-	386.4	204
85332at7041	Complete	NC_087398.1	7514545	7513503	-	222.7	245
85349at7041	Complete	NC_087400.1	1511382	1495824	-	845.2	429
85436at7041	Complete	NC_087397.1	1781797	1783677	+	772.3	438
85552at7041	Complete	NC_087396.1	15940719	15942031	+	558.4	343
85602at7041	Complete	NC_087401.1	15513593	15511992	-	752.6	485
85667at7041	Complete	NC_087396.1	15227250	15231929	+	582.5	321
85734at7041	Complete	NC_087398.1	6846187	6864011	+	835.0	510
85807at7041	Complete	NC_087396.1	20823989	20826648	+	1172.1	718
85814at7041	Complete	NC_087402.1	6780895	6778278	-	466.8	391
85815at7041	Complete	NC_087400.1	2469509	2479878	+	987.6	652
85832at7041	Complete	NC_087398.1	4516654	4520797	+	1324.5	673
85835at7041	Complete	NC_087397.1	4644461	4642656	-	1010.0	509
85843at7041	Complete	NC_087394.1	8164871	8169017	+	334.7	195
85916at7041	Complete	NC_087394.1	15023508	15045704	+	668.1	336
86006at7041	Complete	NC_087395.1	24035162	24036031	+	449.1	285
86010at7041	Complete	NC_087399.1	8083808	8079478	-	1010.5	651
86111at7041	Complete	NC_087397.1	3332224	3334494	+	687.2	369
86119at7041	Complete	NC_087402.1	2979938	2981359	+	678.5	379
86131at7041	Complete	NC_087398.1	8561443	8557991	-	1123.1	633
86139at7041	Complete	NC_087395.1	5811163	5796154	-	629.0	403
86142at7041	Complete	NC_087396.1	20815232	20814183	-	450.3	268
86201at7041	Complete	NC_087398.1	813956	811440	-	1179.3	686
86219at7041	Complete	NC_087401.1	15491908	15496005	+	768.4	430
86264at7041	Complete	NC_087398.1	6844946	6845913	+	377.4	220
86307at7041	Complete	NC_087401.1	7780622	7773285	-	958.6	542
86328at7041	Complete	NC_087398.1	14381398	14380408	-	160.1	106
86392at7041	Complete	NC_087396.1	11108597	11110109	+	620.8	349
86414at7041	Complete	NC_087394.1	23232596	23231431	-	577.1	306
86418at7041	Complete	NC_087403.1	4802954	4805626	+	474.6	246
86427at7041	Complete	NC_087396.1	16621627	16619287	-	893.2	565
86536at7041	Complete	NC_087396.1	14099346	14095557	-	345.4	171
86658at7041	Complete	NC_087402.1	1674288	1674798	+	243.6	120
86669at7041	Complete	NC_087395.1	21758768	21754627	-	749.1	470
86700at7041	Complete	NC_087398.1	676606	674103	-	1199.4	595
86909at7041	Complete	NC_087399.1	3376936	3376130	-	314.5	197
86923at7041	Complete	NC_087398.1	12838365	12832728	-	1692.7	934
87126at7041	Complete	NC_087395.1	25404046	25402931	-	463.4	292
87171at7041	Complete	NC_087395.1	14758731	14757289	-	653.9	360
87188at7041	Complete	NC_087394.1	6885648	6890511	+	309.0	227
87224at7041	Complete	NC_087399.1	2011823	2013949	+	546.9	334
87303at7041	Complete	NC_087397.1	235095	232917	-	714.5	543
87328at7041	Complete	NC_087395.1	21702017	21675626	-	1346.8	789
87360at7041	Complete	NC_087399.1	321337	322074	+	487.0	243
87362at7041	Complete	NC_087395.1	18417435	18416785	-	367.4	215
87367at7041	Complete	NC_087395.1	21926390	21927251	+	438.0	223
87384at7041	Complete	NC_087401.1	13267738	13271879	+	405.5	293
87429at7041	Complete	NC_087394.1	32802411	32803976	+	603.7	369
87610at7041	Complete	NC_087397.1	6267260	6267771	+	222.3	133
87621at7041	Complete	NC_087394.1	20967554	20926070	-	1483.1	663
87808at7041	Complete	NC_087398.1	5538799	5549454	+	4200.5	2054
87816at7041	Complete	NC_087394.1	20347420	20340839	-	1227.5	745
87842at7041	Complete	NC_087398.1	4343360	4344654	+	531.9	304
87844at7041	Complete	NC_087398.1	12799591	12797271	-	747.0	422
87873at7041	Complete	NC_087397.1	9705912	9704632	-	470.5	380
87941at7041	Complete	NC_087396.1	23715772	23716437	+	343.2	191
87961at7041	Complete	NC_087399.1	9875635	9872395	-	339.0	199
87998at7041	Complete	NC_087395.1	22032602	22029647	-	951.4	674
88020at7041	Complete	NC_087398.1	2116500	2115098	-	417.5	240
88200at7041	Complete	NC_087395.1	26650254	26651663	+	444.0	250
88223at7041	Complete	NC_087394.1	35470130	35468409	-	591.5	405
88265at7041	Complete	NC_087397.1	4741114	4742514	+	719.9	452
88466at7041	Complete	NC_087395.1	3888775	3876869	-	227.6	347
88478at7041	Complete	NC_087394.1	31352060	31365765	+	1014.1	572
88587at7041	Complete	NC_087398.1	650036	647819	-	1000.7	620
88701at7041	Complete	NC_087403.1	3811744	3809515	-	673.0	406
88765at7041	Complete	NC_087395.1	5005637	5015530	+	503.5	438
88778at7041	Complete	NC_087397.1	9400089	9406725	+	997.6	592
88832at7041	Complete	NC_087399.1	8216537	8217236	+	376.9	202
88900at7041	Complete	NC_087402.1	3081163	3083018	+	637.2	394
88929at7041	Complete	NC_087396.1	18759653	18765416	+	304.8	227
89157at7041	Complete	NC_087399.1	4145466	4143150	-	1278.9	645
89294at7041	Complete	NC_087394.1	4981977	4954999	-	420.1	267
89323at7041	Complete	NC_087396.1	14003719	14004418	+	376.0	198
89328at7041	Complete	NC_087397.1	1607699	1593593	-	368.8	264
89369at7041	Complete	NC_087401.1	13237305	13240531	+	1047.3	523
89374at7041	Complete	NC_087400.1	301342	304704	+	943.6	525
89533at7041	Complete	NC_087398.1	13283894	13282629	-	431.6	332
89562at7041	Complete	NC_087394.1	37157705	37154827	-	618.9	426
89588at7041	Complete	NC_087396.1	19134009	19133002	-	525.5	347
89616at7041	Complete	NC_087401.1	15837876	15829872	-	1540.5	739
89644at7041	Complete	NC_087399.1	10225263	10221561	-	759.1	575
89686at7041	Complete	NC_087402.1	5194307	5189956	-	1001.2	493
89759at7041	Complete	NC_087394.1	25120757	25121380	+	308.3	197
89763at7041	Complete	NC_087399.1	670994	665277	-	767.7	448
89801at7041	Complete	NC_087397.1	12724546	12722759	-	1052.0	609
89840at7041	Complete	NC_087399.1	5882488	5878290	-	957.9	697
89904at7041	Complete	NC_087394.1	22056265	22055348	-	514.2	287
89939at7041	Complete	NC_087395.1	16039278	16041225	+	464.4	229
90029at7041	Complete	NC_087400.1	202910	204293	+	532.1	342
90167at7041	Complete	NC_087399.1	6200140	6198934	-	411.4	246
90169at7041	Complete	NC_087398.1	9296853	9295802	-	308.5	201
90290at7041	Complete	NC_087401.1	17176277	17184735	+	460.8	227
90296at7041	Complete	NC_087396.1	21520770	21522345	+	744.1	419
90404at7041	Complete	NC_087399.1	8883402	8900981	+	423.5	206
90435at7041	Complete	NC_087396.1	15904585	15902401	-	884.7	525
90439at7041	Complete	NC_087400.1	1947557	1946087	-	365.8	241
90495at7041	Complete	NC_087399.1	8622740	8621625	-	668.5	351
90609at7041	Complete	NC_087398.1	8512998	8511569	-	320.4	373
90732at7041	Complete	NC_087401.1	15161275	15160602	-	203.4	132
90748at7041	Complete	NC_087401.1	8866638	8865025	-	331.6	305
90751at7041	Complete	NC_087394.1	35478156	35480426	+	802.6	451
90773at7041	Complete	NC_087399.1	5884447	5882826	-	864.0	401
90776at7041	Complete	NC_087402.1	9611507	9608554	-	733.8	432
90841at7041	Complete	NC_087395.1	15628443	15634197	+	646.6	432
90912at7041	Complete	NC_087397.1	5735298	5726076	-	944.8	751
90924at7041	Complete	NC_087402.1	2909548	2906780	-	932.0	596
90976at7041	Complete	NC_087396.1	12756274	12755081	-	498.4	360
91003at7041	Complete	NC_087402.1	7292420	7295325	+	875.3	564
91014at7041	Complete	NC_087394.1	30439450	30441492	+	841.8	568
91076at7041	Complete	NC_087396.1	21736640	21738779	+	682.2	346
91119at7041	Complete	NC_087402.1	2426940	2416236	-	689.7	417
91122at7041	Complete	NC_087396.1	20030112	20028256	-	429.0	234
91198at7041	Complete	NC_087398.1	7518102	7519441	+	364.9	216
91284at7041	Complete	NC_087396.1	13181684	13182776	+	455.4	256
91389at7041	Complete	NC_087402.1	5200709	5199300	-	548.6	373
91406at7041	Complete	NC_087396.1	17549683	17548949	-	302.7	175
91437at7041	Complete	NC_087395.1	17241826	17237919	-	764.7	423
91451at7041	Complete	NC_087395.1	16050269	16049262	-	397.5	280
91588at7041	Complete	NC_087394.1	2166499	2162625	-	646.3	357
91663at7041	Complete	NC_087397.1	4699387	4701427	+	325.7	183
91697at7041	Complete	NC_087401.1	13016075	13009082	-	519.5	304
91730at7041	Complete	NC_087398.1	9874509	9874855	+	106.7	82
91742at7041	Complete	NC_087394.1	36669688	36670681	+	498.6	286
91747at7041	Complete	NC_087398.1	4991816	4990843	-	573.9	289
91774at7041	Complete	NC_087398.1	8313459	8311886	-	876.7	504
91895at7041	Complete	NC_087402.1	5498874	5499899	+	309.5	155
92051at7041	Complete	NC_087399.1	2231336	2246027	+	933.7	443
92093at7041	Complete	NC_087397.1	2850673	2854326	+	795.8	391
92118at7041	Complete	NC_087395.1	25972131	26030916	+	1755.9	1138
92148at7041	Complete	NC_087403.1	422583	426193	+	1041.9	510
92160at7041	Complete	NC_087395.1	15691172	15682030	-	3489.5	1684
92163at7041	Complete	NC_087397.1	3972049	3971480	-	150.7	76
92177at7041	Complete	NC_087403.1	1454900	1455811	+	182.5	99
92178at7041	Complete	NC_087400.1	16220605	16220982	+	122.6	89
92191at7041	Complete	NC_087397.1	12054093	12124078	+	2766.7	1683
92203at7041	Fragmented	NC_087396.1	21909424	21910435	+	512.1	287
92227at7041	Complete	NC_087396.1	21175407	21174735	-	284.3	180
92266at7041	Complete	NC_087397.1	3275778	3274426	-	258.3	144
92277at7041	Complete	NC_087394.1	10154833	10158353	+	549.7	359
92325at7041	Complete	NC_087399.1	378860	390499	+	470.9	303
92329at7041	Complete	NC_087397.1	9027058	9028316	+	608.3	343
92335at7041	Complete	NC_087396.1	11282486	11282142	-	178.7	99
92353at7041	Complete	NC_087399.1	3206842	3206237	-	186.2	126
92377at7041	Complete	NC_087403.1	7060792	7023143	-	1104.2	523
92398at7041	Complete	NC_087396.1	9687539	9682876	-	438.9	477
92412at7041	Complete	NC_087400.1	6407020	6409061	+	570.9	388
92413at7041	Complete	NC_087397.1	4882410	4883336	+	445.2	231
92456at7041	Complete	NC_087396.1	17389902	17389198	-	380.3	196
92495at7041	Complete	NC_087395.1	15873697	15859449	-	783.8	363
92496at7041	Complete	NC_087394.1	25403327	25405129	+	793.2	487
92506at7041	Complete	NC_087396.1	22635018	22633267	-	1111.3	561
92510at7041	Complete	NC_087394.1	931544	931125	-	162.7	92
92539at7041	Complete	NC_087394.1	30240997	30239758	-	575.4	327
92630at7041	Complete	NC_087398.1	7348849	7352615	+	1173.5	639
92632at7041	Complete	NC_087402.1	4161312	4162424	+	410.0	264
92666at7041	Complete	NC_087395.1	25787503	25787812	+	159.6	85
92747at7041	Complete	NC_087394.1	954756	961631	+	1673.9	781
92759at7041	Complete	NC_087399.1	169890	172372	+	1005.0	579
92783at7041	Complete	NC_087395.1	24230964	24233252	+	934.8	607
92849at7041	Complete	NC_087396.1	15008168	15009603	+	463.8	272
92884at7041	Complete	NC_087402.1	1076164	1093018	+	1456.0	723
92911at7041	Complete	NC_087401.1	14702470	14712829	+	1009.8	551
92985at7041	Complete	NC_087397.1	12806191	12794376	-	446.2	283
93028at7041	Complete	NC_087401.1	12978343	12952711	-	1463.3	881
93077at7041	Complete	NC_087403.1	1860933	1865068	+	1022.8	570
93160at7041	Complete	NC_087394.1	20229494	20228187	-	648.1	355
93181at7041	Complete	NC_087401.1	13991110	14002067	+	385.6	240
93212at7041	Complete	NC_087395.1	23954332	23956949	+	750.8	370
93303at7041	Complete	NC_087397.1	4363972	4363286	-	347.8	209
93355at7041	Complete	NC_087397.1	11937352	11946492	+	762.5	369
93372at7041	Complete	NC_087401.1	8766334	8782776	+	1846.0	1083
93385at7041	Complete	NC_087398.1	8840090	8843160	+	1413.5	812
93419at7041	Complete	NC_087394.1	35644914	35643427	-	728.8	435
93420at7041	Complete	NC_087396.1	20772086	20770814	-	245.9	209
93436at7041	Complete	NC_087395.1	25842854	25840717	-	1045.1	647
93453at7041	Complete	NC_087394.1	32869296	32880395	+	1869.3	893
93519at7041	Complete	NC_087400.1	591076	590190	-	392.1	230
93569at7041	Complete	NC_087399.1	567886	566951	-	481.6	260
93591at7041	Complete	NC_087399.1	3792645	3795379	+	1004.0	737
93641at7041	Complete	NC_087394.1	21786386	21757574	-	814.1	516
93655at7041	Complete	NC_087401.1	9401494	9419314	+	1144.5	452
93769at7041	Complete	NC_087400.1	2835256	2844081	+	1552.7	911
93801at7041	Complete	NC_087395.1	21189008	21180946	-	442.1	447
93865at7041	Complete	NC_087394.1	37094104	37092499	-	561.1	269
94039at7041	Complete	NC_087395.1	25550696	25561447	+	502.1	292
94386at7041	Complete	NC_087401.1	10028494	10033520	+	950.2	512
94438at7041	Complete	NC_087402.1	1075348	1071561	-	1567.8	1000
94481at7041	Complete	NC_087402.1	3324134	3330856	+	874.8	454
94489at7041	Complete	NC_087396.1	11315410	11317925	+	627.0	370
94523at7041	Complete	NC_087396.1	15791858	15787024	-	1059.7	702
94524at7041	Complete	NC_087397.1	103049	104470	+	407.9	299
94564at7041	Complete	NC_087397.1	12138089	12138889	+	269.4	212
94693at7041	Complete	NC_087396.1	14191586	14190751	-	237.2	191
94712at7041	Complete	NC_087398.1	122347	128112	+	1065.4	632
94744at7041	Complete	NC_087403.1	5295307	5285120	-	906.7	520
94778at7041	Complete	NC_087400.1	4166247	4169895	+	1065.4	670
94801at7041	Complete	NC_087396.1	17949683	17963967	+	2366.7	1683
94844at7041	Complete	NC_087394.1	30444249	30449061	+	1571.0	821
94845at7041	Complete	NC_087394.1	30828257	30830032	+	983.5	527
94911at7041	Complete	NC_087394.1	31636170	31593171	-	1225.7	732
94958at7041	Complete	NC_087398.1	1438145	1439305	+	561.7	320
94961at7041	Complete	NC_087394.1	31788284	31788872	+	169.9	144
95003at7041	Complete	NC_087394.1	23966153	23956659	-	752.9	569
95024at7041	Complete	NC_087399.1	2104825	2098987	-	1271.7	640
95046at7041	Complete	NC_087396.1	18676928	18604871	-	1966.8	963
95149at7041	Complete	NC_087402.1	9803252	9804152	+	330.7	211
95245at7041	Complete	NC_087396.1	18342502	18343696	+	557.2	299
95402at7041	Complete	NC_087396.1	20742608	20741808	-	319.9	224
95418at7041	Complete	NC_087403.1	8349597	8356308	+	1270.7	764
95714at7041	Complete	NC_087396.1	11655313	11654453	-	458.9	243
95741at7041	Complete	NC_087398.1	13264758	13257970	-	814.4	479
95805at7041	Complete	NC_087396.1	18948124	18946713	-	507.2	338
95883at7041	Complete	NC_087401.1	11764529	11765298	+	283.7	191
95904at7041	Complete	NC_087398.1	625067	628544	+	1582.2	961
95917at7041	Complete	NC_087403.1	4507696	4509563	+	699.8	506
95949at7041	Complete	NC_087397.1	11148849	11254393	+	998.1	501
95965at7041	Complete	NC_087394.1	36560381	36553060	-	1058.6	655
96056at7041	Complete	NC_087395.1	15987645	15990921	+	387.1	234
96109at7041	Complete	NC_087396.1	14759581	14760979	+	492.3	241
96209at7041	Complete	NC_087395.1	25824620	25803687	-	528.3	328
96234at7041	Complete	NC_087396.1	13263373	13261485	-	631.6	462
96252at7041	Complete	NC_087398.1	7930742	7934032	+	388.9	196
96277at7041	Complete	NC_087394.1	24278136	24279442	+	670.9	347
96344at7041	Complete	NC_087395.1	1954929	1796725	-	463.0	273
96351at7041	Complete	NC_087402.1	3318445	3319464	+	610.6	275
96363at7041	Complete	NC_087397.1	2846270	2844865	-	512.6	264
96414at7041	Complete	NC_087395.1	26393509	26392224	-	352.0	328
96422at7041	Complete	NC_087394.1	34146859	34154622	+	1248.0	718
96446at7041	Complete	NC_087398.1	1201971	1198638	-	368.2	240
96545at7041	Complete	NC_087394.1	9162896	9167105	+	536.3	282
96548at7041	Complete	NC_087394.1	24943443	24942703	-	293.4	159
96559at7041	Complete	NC_087398.1	13796223	13797716	+	458.3	335
96622at7041	Complete	NC_087395.1	18718997	18722908	+	842.2	481
96668at7041	Complete	NC_087395.1	25537682	25526776	-	393.3	184
96678at7041	Complete	NC_087403.1	5232130	5236002	+	986.0	772
96714at7041	Complete	NC_087398.1	12802835	12800865	-	865.2	505
96898at7041	Complete	NC_087398.1	6292133	6290676	-	630.7	347
97029at7041	Complete	NC_087400.1	6379432	6383084	+	358.9	265
97039at7041	Complete	NC_087396.1	18120991	18132570	+	365.1	226
97123at7041	Complete	NC_087396.1	20676614	20681082	+	572.3	377
97213at7041	Complete	NC_087395.1	14126426	14130913	+	1217.4	743
97268at7041	Complete	NC_087402.1	9761532	9775440	+	355.9	174
97288at7041	Complete	NC_087401.1	16933607	16936792	+	725.5	354
97357at7041	Complete	NC_087400.1	992543	991729	-	360.3	203
97390at7041	Complete	NC_087396.1	22333067	22333834	+	315.4	200
97482at7041	Complete	NC_087394.1	32739659	32734381	-	1907.0	1015
97567at7041	Complete	NC_087400.1	2720403	2722818	+	553.7	324
97656at7041	Complete	NC_087398.1	7059587	7061564	+	1022.1	543
97674at7041	Complete	NC_087399.1	4803308	4808459	+	837.7	463
97854at7041	Complete	NC_087400.1	424704	425636	+	236.9	147
97862at7041	Complete	NC_087394.1	2351203	2350435	-	319.3	169
97870at7041	Complete	NC_087396.1	14008609	14006623	-	528.6	328
97882at7041	Complete	NC_087401.1	16661155	16668481	+	1533.5	891
97898at7041	Complete	NC_087394.1	25886163	25884520	-	389.2	267
97914at7041	Complete	NC_087396.1	19910450	19911271	+	369.3	241
97941at7041	Complete	NC_087394.1	37339370	37336186	-	442.2	336
97990at7041	Complete	NC_087402.1	752889	750192	-	532.2	365
98020at7041	Complete	NC_087403.1	6201942	6201254	-	192.8	153
98080at7041	Complete	NC_087396.1	22647546	22671009	+	588.8	278
98197at7041	Complete	NC_087397.1	12872548	12868956	-	550.3	321
98244at7041	Complete	NC_087396.1	24279171	24270312	-	1277.6	752
98385at7041	Complete	NC_087402.1	5943168	5944161	+	348.9	181
98594at7041	Complete	NC_087396.1	16781982	16782557	+	352.4	178
98692at7041	Complete	NC_087396.1	21964629	21960309	-	736.4	649
98695at7041	Complete	NC_087399.1	3785043	3791223	+	617.4	382
98769at7041	Complete	NC_087399.1	973601	976922	+	426.2	224
98771at7041	Complete	NC_087402.1	3024907	3025544	+	335.1	166
98810at7041	Complete	NC_087400.1	1994375	1978469	-	992.0	580
98815at7041	Complete	NC_087403.1	4062811	4064325	+	768.8	446
98835at7041	Complete	NC_087398.1	5120633	5119439	-	413.8	308
98867at7041	Complete	NC_087394.1	32904719	32901598	-	231.0	110
98969at7041	Complete	NC_087399.1	3394179	3392574	-	588.2	519
99058at7041	Complete	NC_087403.1	3030712	3032874	+	467.6	365
99138at7041	Complete	NC_087397.1	6229755	6226863	-	1062.2	588
99179at7041	Complete	NC_087396.1	23529737	23545803	+	1367.8	299
99183at7041	Complete	NC_087399.1	1377433	1373540	-	1499.7	791
99236at7041	Complete	NC_087399.1	6525528	6526203	+	178.2	130
99238at7041	Complete	NC_087402.1	7514133	7513192	-	497.6	329
99265at7041	Complete	NC_087399.1	1012395	1013141	+	350.4	199
99309at7041	Complete	NC_087402.1	8208596	8207483	-	545.4	328
99364at7041	Complete	NC_087401.1	9567248	9572539	+	1135.3	625
99450at7041	Complete	NC_087402.1	3391273	3387395	-	404.6	223
99508at7041	Complete	NC_087394.1	32503906	32504505	+	318.9	202
99552at7041	Complete	NC_087397.1	3187866	3189874	+	460.1	368
99560at7041	Complete	NC_087403.1	4050543	4029898	-	1139.2	679
99576at7041	Complete	NC_087396.1	9880430	9794693	-	455.4	271
99595at7041	Complete	NC_087398.1	7909826	7914221	+	394.2	228
99641at7041	Complete	NC_087403.1	2900914	2899651	-	409.9	257
99671at7041	Complete	NC_087395.1	24008586	24009872	+	681.1	410
99689at7041	Complete	NC_087396.1	12452773	12445394	-	370.3	237
99714at7041	Complete	NC_087398.1	4761355	4760444	-	544.5	309
99835at7041	Complete	NC_087400.1	136656	135412	-	562.6	292
99885at7041	Complete	NC_087396.1	22585068	22588959	+	345.4	242
99928at7041	Complete	NC_087399.1	9820315	9819551	-	243.8	195
99974at7041	Complete	NC_087398.1	3280969	3276880	-	722.7	408
99980at7041	Complete	NC_087394.1	3847897	3847139	-	222.0	157
100009at7041	Complete	NC_087401.1	8687634	8633243	-	451.2	240
100120at7041	Complete	NC_087396.1	14232954	14241007	+	1652.2	911
100357at7041	Complete	NC_087394.1	37009329	37003651	-	348.9	199
100406at7041	Complete	NC_087396.1	14324268	14325841	+	838.2	443
100433at7041	Complete	NC_087400.1	6445233	6446798	+	381.1	332
100503at7041	Complete	NC_087397.1	9970056	9971913	+	690.2	427
100520at7041	Complete	NC_087399.1	5849843	5851928	+	748.8	413
100529at7041	Complete	NC_087399.1	320886	318061	-	554.9	352
100544at7041	Complete	NC_087396.1	11881640	11880782	-	269.5	203
100706at7041	Complete	NC_087394.1	7758325	7762638	+	881.5	445
100767at7041	Complete	NC_087394.1	30827179	30824537	-	355.9	243
100781at7041	Complete	NC_087396.1	18030381	18038779	+	986.5	726
100792at7041	Complete	NC_087395.1	22668009	22665774	-	959.1	516
100793at7041	Complete	NC_087398.1	6547753	6548769	+	531.7	292
100922at7041	Complete	NC_087398.1	4658668	4662050	+	650.7	348
100937at7041	Complete	NC_087397.1	3612407	3598438	-	730.6	430
100939at7041	Complete	NC_087398.1	5105148	4992480	-	1280.7	552
100971at7041	Complete	NC_087400.1	636071	641580	+	1238.0	1070
101100at7041	Complete	NC_087402.1	3659002	3657562	-	798.1	420
101156at7041	Complete	NC_087396.1	22564095	22565687	+	668.0	376
101313at7041	Complete	NC_087397.1	11531798	11531358	-	238.6	157
101330at7041	Complete	NC_087394.1	10458420	10461640	+	839.5	583
101361at7041	Complete	NC_087401.1	11196755	11202933	+	851.8	448
101400at7041	Complete	NC_087397.1	3743776	3732035	-	1415.1	760
101435at7041	Complete	NC_087397.1	3897668	3895596	-	162.6	193
101502at7041	Complete	NC_087399.1	9190716	9189781	-	363.7	191
101570at7041	Complete	NC_087401.1	14745597	14738050	-	1046.4	565
101802at7041	Complete	NC_087397.1	6497839	6496155	-	597.4	415
101816at7041	Complete	NC_087398.1	6635409	6636488	+	723.2	331
101843at7041	Complete	NC_087395.1	5462855	5457716	-	667.3	360
101860at7041	Complete	NC_087395.1	19981466	19980585	-	317.1	171
101884at7041	Complete	NC_087397.1	4993027	4998507	+	141.9	79
101895at7041	Complete	NC_087394.1	29616949	29615561	-	368.7	208
101951at7041	Complete	NC_087396.1	21315528	21311702	-	1450.7	1013
102082at7041	Complete	NC_087394.1	23979200	23974729	-	1438.6	849
102196at7041	Complete	NC_087396.1	20518558	20523002	+	1631.6	1015
102220at7041	Complete	NC_087395.1	13740550	13732794	-	605.2	362
102292at7041	Complete	NC_087396.1	23739924	23738207	-	797.6	435
102356at7041	Complete	NC_087399.1	3764225	3772330	+	3222.1	1607
102506at7041	Complete	NC_087399.1	891438	894370	+	1357.3	821
102687at7041	Complete	NC_087394.1	33115206	33119830	+	723.0	460
102775at7041	Complete	NC_087396.1	15481791	15500433	+	855.0	434
102805at7041	Complete	NC_087394.1	32893926	32895815	+	678.2	375
102863at7041	Complete	NC_087394.1	36912523	36911642	-	472.9	279
103039at7041	Complete	NC_087396.1	15588127	15588507	+	174.6	104
103083at7041	Complete	NC_087395.1	22033013	22033721	+	169.1	177
103130at7041	Complete	NC_087394.1	34529936	34522462	-	442.9	251
103153at7041	Complete	NC_087399.1	2911830	2910596	-	242.2	136
103208at7041	Complete	NC_087399.1	7018009	7018371	+	146.2	101
103218at7041	Complete	NC_087398.1	15240174	15237261	-	453.6	273
103222at7041	Complete	NC_087400.1	2424526	2422364	-	669.0	362
103236at7041	Complete	NC_087395.1	24747475	24751057	+	328.8	185
103293at7041	Complete	NC_087403.1	3538656	3536838	-	685.6	469
103349at7041	Complete	NC_087395.1	13567913	13568738	+	270.6	213
103383at7041	Complete	NC_087394.1	31266932	31268041	+	479.6	334
103386at7041	Complete	NC_087395.1	16071310	16077242	+	1496.9	1022
103539at7041	Complete	NC_087395.1	22876081	22900674	+	900.0	500
103696at7041	Complete	NC_087397.1	10568570	10559558	-	2233.4	1087
103741at7041	Complete	NC_087397.1	11504073	11493384	-	952.1	544
103749at7041	Complete	NC_087403.1	3922015	3920225	-	732.4	348
103762at7041	Complete	NC_087395.1	22952829	22951226	-	364.4	252
103923at7041	Complete	NC_087402.1	9728104	9731807	+	358.2	237
103942at7041	Complete	NC_087398.1	1973767	1972790	-	467.4	255
104057at7041	Complete	NC_087402.1	1781119	1735556	-	849.6	467
104090at7041	Complete	NC_087398.1	3138943	3140876	+	605.7	439
104221at7041	Complete	NC_087395.1	24593922	24598367	+	243.3	132
104253at7041	Complete	NC_087397.1	9200478	9203394	+	556.2	323
104265at7041	Complete	NC_087401.1	15386035	15385408	-	330.8	178
104267at7041	Complete	NC_087401.1	11169122	11138335	-	485.6	332
104363at7041	Complete	NC_087401.1	13098956	13093739	-	373.1	298
104441at7041	Complete	NC_087396.1	19864597	19863885	-	252.3	175
104461at7041	Complete	NC_087399.1	6201893	6205202	+	926.8	578
104543at7041	Complete	NC_087401.1	14387302	14396629	+	1428.3	880
104552at7041	Complete	NC_087394.1	31701086	31697221	-	678.3	366
104571at7041	Complete	NC_087398.1	1316469	1317401	+	359.1	234
104594at7041	Complete	NC_087399.1	11851300	11792928	-	461.5	260
104597at7041	Complete	NC_087396.1	24512832	24513550	+	229.7	170
104684at7041	Fragmented	NC_087403.1	368708	366937	-	505.9	265
104721at7041	Complete	NC_087397.1	2102027	2100641	-	388.8	261
104793at7041	Complete	NC_087398.1	6539891	6540529	+	399.1	201
104815at7041	Complete	NC_087397.1	11589411	11633434	+	191.2	130
104821at7041	Complete	NC_087398.1	3471912	3474031	+	1234.4	595
104936at7041	Complete	NC_087396.1	12026356	12015615	-	976.4	545
104949at7041	Complete	NC_087397.1	324668	325270	+	301.3	151
105015at7041	Complete	NC_087397.1	552114	555134	+	1478.1	843
105088at7041	Complete	NC_087395.1	26562261	26563943	+	657.7	400
105189at7041	Complete	NC_087401.1	12554972	12558458	+	443.3	315
105205at7041	Complete	NC_087398.1	5726783	5728638	+	510.4	458
105210at7041	Complete	NC_087397.1	10500741	10499197	-	230.8	173
105229at7041	Complete	NC_087403.1	1854625	1855968	+	276.9	163
105294at7041	Complete	NC_087394.1	2886212	2887543	+	465.9	287
105414at7041	Complete	NC_087395.1	24482774	24470491	-	1168.9	751
105449at7041	Complete	NC_087396.1	13488653	13486115	-	799.9	387
105452at7041	Complete	NC_087401.1	14431054	14435673	+	659.5	335
105574at7041	Complete	NC_087396.1	13299115	13298462	-	310.0	177
105589at7041	Complete	NC_087397.1	10765664	10764506	-	473.6	248
105735at7041	Complete	NC_087396.1	23763997	23752560	-	2298.4	1181
105749at7041	Complete	NC_087403.1	5112327	5110779	-	557.9	415
105766at7041	Complete	NC_087403.1	8465975	8439932	-	404.1	290
105771at7041	Complete	NC_087400.1	1581196	1580215	-	453.1	269
105863at7041	Complete	NC_087395.1	17387340	17386817	-	141.8	88
105867at7041	Complete	NC_087398.1	1369562	1366439	-	1508.4	870
105984at7041	Complete	NC_087395.1	15150424	15151265	+	334.2	238
106012at7041	Complete	NC_087396.1	24432186	24433616	+	555.2	313
106027at7041	Complete	NC_087397.1	7708462	7701757	-	1776.3	1207
106094at7041	Complete	NC_087396.1	14189616	14178922	-	277.3	215
106105at7041	Complete	NC_087395.1	15893880	15891030	-	663.2	332
106159at7041	Complete	NC_087398.1	7609874	7606262	-	309.4	187
106196at7041	Complete	NC_087394.1	37094699	37096509	+	660.4	386
106208at7041	Complete	NC_087394.1	10141593	10140883	-	335.0	239
106250at7041	Complete	NC_087396.1	10842135	10844760	+	932.0	655
106261at7041	Complete	NC_087398.1	5431395	5424535	-	795.6	500
106303at7041	Complete	NC_087396.1	14085434	14084396	-	357.8	217
106529at7041	Complete	NC_087394.1	33033195	33030596	-	716.7	575
106677at7041	Complete	NC_087402.1	9099313	9098537	-	465.4	223
106710at7041	Complete	NC_087395.1	16937822	16942391	+	1143.8	709
106815at7041	Complete	NC_087402.1	3069035	3070521	+	352.1	211
106822at7041	Complete	NC_087399.1	9851744	9851365	-	174.3	101
106867at7041	Complete	NC_087399.1	1228011	1251185	+	653.4	330
106903at7041	Complete	NC_087398.1	7287866	7288688	+	339.4	198
106918at7041	Complete	NC_087394.1	35283305	35289698	+	1957.3	1229
106926at7041	Complete	NC_087395.1	22171638	22167839	-	1348.0	678
106951at7041	Complete	NC_087394.1	22056688	22071059	+	1924.3	1287
106957at7041	Complete	NC_087396.1	20525392	20537188	+	651.5	328
107045at7041	Complete	NC_087397.1	9530796	9529131	-	400.9	229
107072at7041	Complete	NC_087402.1	713790	713204	-	220.5	137
107087at7041	Complete	NC_087403.1	5041665	5038781	-	345.5	253
107145at7041	Complete	NC_087398.1	8165020	8152594	-	992.7	731
107154at7041	Complete	NC_087402.1	7385115	7379931	-	1060.4	648
107185at7041	Complete	NC_087394.1	2205931	2203745	-	341.3	294
107233at7041	Complete	NC_087397.1	2679213	2538167	-	1510.6	881
107254at7041	Complete	NC_087398.1	526609	524237	-	698.2	544
107344at7041	Complete	NC_087398.1	14827669	14826777	-	493.0	275
107359at7041	Complete	NC_087398.1	11483645	11525147	+	1158.5	757
107365at7041	Complete	NC_087394.1	24792021	24802932	+	1589.5	942
107444at7041	Complete	NC_087396.1	9626585	9607357	-	1666.8	890
107601at7041	Complete	NC_087403.1	4582552	4575428	-	1140.7	457
107606at7041	Complete	NC_087397.1	1381708	1385214	+	430.6	220
107631at7041	Complete	NC_087397.1	11974665	11972107	-	1495.3	831
107840at7041	Complete	NC_087401.1	16844211	16842676	-	732.0	476
107902at7041	Complete	NC_087402.1	1541897	1544829	+	927.2	660
107951at7041	Complete	NC_087398.1	13233385	13224544	-	1032.2	660
107988at7041	Complete	NC_087398.1	1023172	1021499	-	455.6	278
108169at7041	Complete	NC_087395.1	24218585	24220483	+	909.9	514
108206at7041	Complete	NC_087395.1	14058607	14059743	+	343.7	272
108210at7041	Complete	NC_087398.1	12785456	12786674	+	472.0	302
108321at7041	Complete	NC_087399.1	5485392	5490078	+	1239.0	741
108346at7041	Complete	NC_087398.1	6796293	6843698	+	1392.3	803
108381at7041	Complete	NC_087396.1	24481501	24482990	+	369.2	236
108407at7041	Complete	NC_087398.1	1032088	1033567	+	686.1	447
108413at7041	Complete	NC_087394.1	11458459	11434338	-	912.5	433
108457at7041	Complete	NC_087401.1	7990389	7989421	-	424.0	318
108466at7041	Complete	NC_087400.1	3232020	3233059	+	442.6	225
108515at7041	Complete	NC_087400.1	2408836	2410146	+	394.4	352
108556at7041	Complete	NC_087400.1	1405892	1406301	+	162.3	112
108601at7041	Fragmented	NC_087398.1	1205375	1203513	-	602.9	381
108730at7041	Complete	NC_087396.1	12848116	12846977	-	458.6	307
108743at7041	Complete	NC_087398.1	11645726	11646943	+	698.0	377
108986at7041	Complete	NC_087398.1	14047336	14059760	+	601.0	477
109001at7041	Complete	NC_087397.1	9708897	9707231	-	408.1	272
109014at7041	Complete	NC_087396.1	14829633	14822978	-	1331.6	693
109036at7041	Complete	NC_087396.1	20633920	20639057	+	845.3	784
109058at7041	Complete	NC_087397.1	1294845	1335197	+	909.4	697
109067at7041	Complete	NC_087400.1	4046453	4037566	-	778.8	603
109191at7041	Complete	NC_087394.1	32600985	32590572	-	438.7	353
109201at7041	Complete	NC_087396.1	23021333	23002885	-	586.3	321
109245at7041	Complete	NC_087403.1	5734449	5729307	-	2429.5	1216
109255at7041	Complete	NC_087397.1	3320776	3328400	+	565.6	528
109325at7041	Complete	NC_087399.1	1264979	1261634	-	1311.7	740
109329at7041	Complete	NC_087396.1	20582072	20587102	+	1301.7	834
109450at7041	Complete	NC_087401.1	11672915	11673731	+	468.8	245
109569at7041	Complete	NC_087401.1	15564022	15566833	+	1467.5	803
109603at7041	Complete	NC_087395.1	14111925	14109092	-	426.4	225
109661at7041	Complete	NC_087399.1	1998923	2000158	+	721.1	336
109696at7041	Complete	NC_087402.1	1521990	1523789	+	789.8	475
109713at7041	Complete	NC_087394.1	6909843	6904763	-	209.7	146
109763at7041	Complete	NC_087394.1	4935645	4936493	+	339.9	238
109809at7041	Complete	NC_087397.1	12691024	12696859	+	442.0	262
109855at7041	Complete	NC_087394.1	30502125	30502819	+	210.6	118
109858at7041	Complete	NC_087397.1	3714697	3713132	-	277.0	221
109939at7041	Complete	NC_087399.1	2658343	2649685	-	782.8	548
110007at7041	Complete	NC_087399.1	1817239	1816441	-	291.0	194
110093at7041	Complete	NC_087394.1	28596363	28594705	-	586.2	318
110103at7041	Complete	NC_087397.1	22850723	22849924	-	323.0	172
110181at7041	Complete	NC_087394.1	22384219	22436384	+	900.0	466
110195at7041	Complete	NC_087395.1	21513044	21519897	+	1048.7	658
110202at7041	Complete	NC_087398.1	974369	976875	+	508.7	325
110257at7041	Complete	NC_087394.1	687624	690081	+	249.5	222
110291at7041	Complete	NC_087399.1	1190554	1190042	-	171.3	121
110323at7041	Complete	NC_087398.1	386343	388049	+	645.1	451
110718at7041	Complete	NC_087402.1	7695780	7696491	+	178.5	118
110778at7041	Complete	NC_087399.1	2869908	2870991	+	500.7	314
110790at7041	Complete	NC_087397.1	5109446	5111098	+	800.2	470
110876at7041	Complete	NC_087398.1	11079773	11096242	+	1756.6	1061
110962at7041	Complete	NC_087403.1	7201577	7198430	-	1424.2	690
111038at7041	Complete	NC_087395.1	25094817	25098362	+	1212.4	673
111043at7041	Complete	NC_087399.1	2445196	2447878	+	713.2	396
111046at7041	Complete	NC_087395.1	22726628	22733701	+	450.6	248
111099at7041	Complete	NC_087401.1	16867369	16867905	+	249.3	144
111129at7041	Complete	NC_087396.1	13295287	13297154	+	593.8	401
111151at7041	Complete	NC_087402.1	5060571	5046513	-	927.4	435
111152at7041	Complete	NC_087398.1	9388915	9387927	-	384.4	289
111198at7041	Complete	NC_087399.1	3390353	3388062	-	926.9	470
111217at7041	Complete	NC_087399.1	1117253	1116546	-	350.6	227
111218at7041	Complete	NC_087394.1	30551379	30548753	-	491.5	399
111219at7041	Complete	NC_087394.1	32801705	32800016	-	537.9	308
111456at7041	Complete	NC_087397.1	3202476	3204645	+	852.0	654
111459at7041	Complete	NC_087396.1	17668116	17669506	+	531.4	282
111502at7041	Complete	NC_087396.1	24665620	24666265	+	290.1	175
111590at7041	Complete	NC_087394.1	26706683	26777588	+	360.0	268
111626at7041	Complete	NC_087395.1	24217395	24218296	+	474.1	270
111674at7041	Complete	NC_087394.1	2889531	2887726	-	268.7	191
111741at7041	Complete	NC_087394.1	37106432	37104709	-	504.2	384
111847at7041	Complete	NC_087402.1	8164453	8163572	-	402.5	245
111940at7041	Complete	NC_087400.1	189596	201274	+	1833.3	1047
112096at7041	Complete	NC_087396.1	17964454	18015275	+	1252.0	777
112128at7041	Complete	NC_087402.1	6214900	6217857	+	1364.1	796
112139at7041	Complete	NC_087399.1	5008390	5005385	-	444.0	287
112162at7041	Complete	NC_087398.1	3898587	3897227	-	464.3	249
112186at7041	Complete	NC_087394.1	20479244	20459686	-	799.5	594
112402at7041	Complete	NC_087395.1	24760127	24753275	-	1743.0	1160
112424at7041	Complete	NC_087398.1	290183	295247	+	1040.2	557
112534at7041	Complete	NC_087396.1	24431762	24428442	-	1028.2	626
112791at7041	Complete	NC_087398.1	4290604	4289804	-	236.7	164
112934at7041	Complete	NC_087394.1	724556	716559	-	1124.8	637
112971at7041	Complete	NC_087402.1	5497308	5497756	+	196.9	126
113077at7041	Complete	NC_087403.1	5629195	5628585	-	248.1	148
113220at7041	Complete	NC_087396.1	20068108	20069012	+	265.8	235
113232at7041	Complete	NC_087403.1	5280865	5282420	+	693.4	420
113337at7041	Complete	NC_087398.1	4674093	4675811	+	617.4	318
113436at7041	Complete	NC_087394.1	30430242	30436154	+	1106.0	648
113476at7041	Complete	NC_087396.1	20454602	20455049	+	192.6	105
113497at7041	Complete	NC_087399.1	2561483	2562070	+	262.9	147
113530at7041	Complete	NC_087396.1	12842624	12845356	+	697.1	579
113588at7041	Complete	NC_087397.1	1047922	1051082	+	623.6	343
113644at7041	Complete	NC_087394.1	37191709	37193004	+	364.3	311
113812at7041	Complete	NC_087394.1	11618784	11608417	-	1103.5	657
113868at7041	Complete	NC_087399.1	4757164	4779243	+	272.8	141
113989at7041	Complete	NC_087397.1	3273079	3274299	+	262.4	237
114061at7041	Complete	NC_087402.1	8287727	8295240	+	380.6	336
114226at7041	Complete	NC_087394.1	14537862	14542045	+	717.1	376
114460at7041	Complete	NC_087397.1	6259556	6258408	-	466.0	275
114486at7041	Complete	NC_087402.1	3825922	3823104	-	638.1	489
114565at7041	Complete	NC_087399.1	4299326	4298387	-	253.6	195
114708at7041	Complete	NC_087402.1	1042980	1050488	+	1713.0	1550
114788at7041	Complete	NC_087401.1	11138113	11134534	-	373.6	205
114812at7041	Complete	NC_087395.1	25028133	25030717	+	474.0	391
114999at7041	Complete	NC_087398.1	15772916	15761637	-	417.2	227
115050at7041	Complete	NC_087398.1	5321844	5323007	+	577.6	307
115117at7041	Complete	NC_087394.1	30556803	30576719	+	793.6	644
115118at7041	Complete	NC_087395.1	22762611	22755183	-	1297.8	790
115137at7041	Fragmented	NC_087400.1	4123696	4122463	-	319.7	231
115172at7041	Complete	NC_087399.1	9233522	9237527	+	762.9	507
115196at7041	Complete	NC_087394.1	30995221	31014917	+	822.9	578
115224at7041	Complete	NC_087394.1	3899512	3903484	+	788.4	566
115264at7041	Complete	NC_087399.1	11513876	11523453	+	843.7	446
115315at7041	Complete	NC_087398.1	10760646	10756475	-	593.7	342
115524at7041	Complete	NC_087398.1	15208267	15186785	-	468.7	260
115597at7041	Complete	NC_087397.1	8181585	8196212	+	557.8	305
115598at7041	Complete	NC_087398.1	378855	377291	-	286.8	264
115609at7041	Complete	NC_087399.1	3033272	3036324	+	687.4	611
115615at7041	Complete	NC_087394.1	5191315	5141283	-	744.4	395
115668at7041	Complete	NC_087394.1	35253151	35257879	+	1208.5	710
115724at7041	Complete	NC_087394.1	7014393	7009432	-	350.7	252
115734at7041	Complete	NC_087397.1	7103685	7029545	-	402.0	208
115771at7041	Complete	NC_087400.1	4143898	4146185	+	396.3	351
115980at7041	Complete	NC_087399.1	2433436	2423558	-	491.3	300
116046at7041	Complete	NC_087394.1	25807004	25809574	+	377.3	218
116058at7041	Complete	NC_087398.1	3260415	3252980	-	1490.1	1010
116158at7041	Complete	NC_087396.1	23075029	23074174	-	263.8	215
116190at7041	Complete	NC_087400.1	2763392	2770465	+	740.1	443
116222at7041	Complete	NC_087395.1	21739111	21752331	+	1978.4	1030
116354at7041	Complete	NC_087403.1	3927504	3929140	+	590.9	321
116369at7041	Complete	NC_087402.1	4615623	4613851	-	648.9	456
116379at7041	Complete	NC_087394.1	36918035	36918983	+	438.6	243
116386at7041	Complete	NC_087398.1	11675272	11675655	+	153.4	101
116392at7041	Complete	NC_087399.1	720791	731251	+	1853.3	894
116433at7041	Complete	NC_087400.1	2830714	2833152	+	630.4	344
116500at7041	Complete	NC_087402.1	9780135	9778261	-	995.4	512
116597at7041	Complete	NC_087402.1	4541262	4542965	+	660.4	413
116637at7041	Complete	NC_087403.1	4084105	4095043	+	498.5	295
116913at7041	Complete	NC_087398.1	13284372	13291038	+	1277.2	725
117113at7041	Complete	NC_087398.1	3250847	3263501	+	600.5	338
117191at7041	Complete	NC_087397.1	12846820	12848136	+	579.5	366
117201at7041	Complete	NC_087397.1	1842684	1839346	-	625.9	309
117203at7041	Complete	NC_087402.1	9359321	9353752	-	1062.2	756
117248at7041	Complete	NC_087396.1	23023239	23023932	+	273.5	207
117266at7041	Complete	NC_087396.1	20931821	20934256	+	588.1	308
117306at7041	Complete	NC_087402.1	8462680	8458414	-	1006.0	568
117371at7041	Complete	NC_087401.1	16017317	16016359	-	270.5	228
117426at7041	Complete	NC_087401.1	8464712	8455551	-	1263.0	718
117506at7041	Complete	NC_087402.1	1065702	1067929	+	608.5	394
117574at7041	Complete	NC_087399.1	11292219	11268946	-	887.0	470
117585at7041	Complete	NC_087394.1	32825880	32825230	-	295.8	190
117805at7041	Complete	NC_087395.1	14813871	14809690	-	1729.2	1103
117851at7041	Complete	NC_087403.1	3370068	3370850	+	276.4	170
117992at7041	Complete	NC_087394.1	36851964	36819462	-	914.5	601
118168at7041	Complete	NC_087400.1	1558063	1556996	-	511.7	356
118284at7041	Complete	NC_087398.1	2269798	2267435	-	1151.7	548
118360at7041	Complete	NC_087403.1	7980198	7977117	-	516.4	306
118442at7041	Complete	NC_087396.1	23421224	23425854	+	916.9	796
118461at7041	Complete	NC_087403.1	4122746	4120449	-	219.9	145
118570at7041	Complete	NC_087396.1	21263105	21247562	-	1388.1	892
118703at7041	Complete	NC_087395.1	20742765	20733558	-	379.3	246
118771at7041	Complete	NC_087402.1	10224757	10224184	-	265.8	166
118791at7041	Complete	NC_087397.1	10703449	10701599	-	203.7	149
118899at7041	Complete	NC_087400.1	4989173	4962583	-	941.3	575
118957at7041	Complete	NC_087397.1	1903608	1917980	+	2276.4	1346
119043at7041	Complete	NC_087396.1	11658480	11661377	+	394.5	269
119129at7041	Complete	NC_087394.1	31738335	31739172	+	252.6	205
119152at7041	Complete	NC_087398.1	8504379	8507932	+	437.1	303
119165at7041	Complete	NC_087396.1	20001652	20007321	+	1184.6	725
119223at7041	Complete	NC_087401.1	13610641	13608813	-	468.9	314
119289at7041	Complete	NC_087395.1	26666909	26671960	+	393.4	198
119361at7041	Complete	NC_087403.1	7750269	7737157	-	1436.9	937
119391at7041	Complete	NC_087403.1	338692	343296	+	1313.7	720
119499at7041	Complete	NC_087397.1	545721	547188	+	436.5	226
119690at7041	Complete	NC_087401.1	17595361	17596580	+	636.9	341
119941at7041	Complete	NC_087401.1	16308286	16302951	-	767.2	501
119947at7041	Complete	NC_087397.1	437339	435967	-	376.8	303
120016at7041	Complete	NC_087401.1	9942877	9950694	+	1642.5	1110
120219at7041	Complete	NC_087396.1	10364729	10364376	-	191.6	113
120377at7041	Complete	NC_087396.1	16521548	16532347	+	1578.5	776
120508at7041	Complete	NC_087395.1	54527	52885	-	913.1	492
120524at7041	Complete	NC_087395.1	2145872	2147086	+	570.6	418
120539at7041	Complete	NC_087398.1	7728759	7680488	-	770.5	380
120577at7041	Complete	NC_087399.1	8290179	8292643	+	964.6	540
120806at7041	Complete	NC_087402.1	5433359	5425045	-	173.6	124
120833at7041	Complete	NC_087401.1	12810394	12808975	-	728.0	401
120980at7041	Complete	NC_087395.1	14257974	14257037	-	362.9	238
121006at7041	Complete	NC_087403.1	4201032	4195958	-	288.8	194
121048at7041	Complete	NC_087400.1	5218552	5213886	-	587.9	488
121237at7041	Complete	NC_087394.1	1677554	1691500	+	691.6	403
121301at7041	Complete	NC_087403.1	4503287	4501961	-	601.0	407
121556at7041	Complete	NC_087400.1	4068916	4078553	+	407.3	273
121585at7041	Complete	NC_087395.1	15211890	15219628	+	152.5	226
121645at7041	Complete	NC_087401.1	12512141	12507344	-	691.2	474
121685at7041	Complete	NC_087397.1	4188807	4189515	+	380.5	200
121842at7041	Complete	NC_087402.1	1546260	1544950	-	404.4	441
121879at7041	Complete	NC_087403.1	675384	669993	-	282.4	157
122069at7041	Complete	NC_087397.1	1920519	1923543	+	1063.1	632
122139at7041	Complete	NC_087396.1	21289358	21290935	+	693.7	407
122237at7041	Complete	NC_087396.1	9922943	9896725	-	2579.9	1776
122251at7041	Complete	NC_087394.1	30717377	30711451	-	2780.9	1656
122275at7041	Complete	NC_087403.1	6519719	6517217	-	633.5	501
122403at7041	Complete	NC_087399.1	9836916	9835958	-	236.5	241
122499at7041	Complete	NC_087398.1	2307519	2306086	-	571.6	342
122564at7041	Complete	NC_087395.1	22766316	22768259	+	994.3	589
122760at7041	Complete	NC_087403.1	347748	343687	-	657.7	327
122770at7041	Complete	NC_087396.1	18319569	18320977	+	631.5	402
122830at7041	Complete	NC_087398.1	7076657	7074886	-	435.3	343
122837at7041	Complete	NC_087397.1	2113504	2110875	-	228.8	209
122857at7041	Complete	NC_087401.1	12837306	12841587	+	1318.3	1439
122900at7041	Complete	NC_087398.1	6653206	6648118	-	1295.2	802
123136at7041	Complete	NC_087402.1	7049541	7053815	+	988.6	586
123259at7041	Complete	NC_087396.1	20764063	20767139	+	629.5	463
123290at7041	Complete	NC_087398.1	8146730	8142871	-	1183.9	752
123332at7041	Complete	NC_087394.1	25786725	25795260	+	1388.1	1030
123351at7041	Complete	NC_087394.1	8459039	8448757	-	452.1	251
123400at7041	Complete	NC_087396.1	15137376	15141568	+	842.3	580
123451at7041	Complete	NC_087398.1	7342817	7339582	-	460.3	417
123488at7041	Complete	NC_087401.1	12519508	12521067	+	534.7	465
123564at7041	Complete	NC_087397.1	9990362	9989283	-	293.8	230
123781at7041	Complete	NC_087396.1	18318298	18316861	-	217.7	130
123788at7041	Complete	NC_087401.1	12821717	12813035	-	1448.9	714
123828at7041	Complete	NC_087402.1	1704849	1677890	-	526.9	314
124026at7041	Complete	NC_087402.1	460064	461617	+	523.8	370
124044at7041	Complete	NC_087401.1	11059567	11058851	-	233.5	200
124138at7041	Complete	NC_087402.1	126713	129509	+	430.4	253
124195at7041	Complete	NC_087394.1	28834410	28837385	+	1068.2	744
124473at7041	Complete	NC_087394.1	32541227	32540460	-	443.2	232
124654at7041	Complete	NC_087399.1	132046	130920	-	214.3	149
124821at7041	Complete	NC_087394.1	25756425	25751690	-	630.3	455
124857at7041	Complete	NC_087397.1	3925640	3924933	-	265.2	157
124875at7041	Complete	NC_087402.1	12454317	12466991	+	1298.0	991
124968at7041	Complete	NC_087396.1	10975740	10976915	+	404.7	246
124990at7041	Complete	NC_087396.1	13452313	13450370	-	715.4	389
124994at7041	Complete	NC_087398.1	10499999	10515899	+	1567.6	617
125046at7041	Complete	NC_087396.1	21745647	21744444	-	554.7	330
125168at7041	Complete	NC_087396.1	15658923	15660532	+	481.0	350
125271at7041	Complete	NC_087400.1	9148797	9157082	+	712.9	419
125286at7041	Complete	NC_087400.1	4955597	4954701	-	327.3	199
125289at7041	Complete	NC_087396.1	21099603	21103385	+	1408.1	899
125290at7041	Complete	NC_087394.1	22475498	22483168	+	619.8	401
125366at7041	Complete	NC_087399.1	3869019	3873338	+	937.4	631
125370at7041	Complete	NC_087395.1	17549323	17544334	-	412.9	357
125486at7041	Complete	NC_087403.1	7435351	7413210	-	558.3	282
125741at7041	Fragmented	NC_087396.1	19123926	19113679	-	572.3	298
125887at7041	Complete	NC_087396.1	10902992	10904619	+	612.6	452
125894at7041	Complete	NC_087395.1	21523760	21524627	+	149.5	79
126049at7041	Complete	NC_087400.1	7175025	7179461	+	547.2	458
126168at7041	Complete	NC_087398.1	13291413	13296524	+	446.4	283
126246at7041	Complete	NC_087395.1	26205847	26205026	-	324.3	215
126254at7041	Complete	NC_087399.1	1998809	1997358	-	312.9	241
126330at7041	Complete	NC_087400.1	3662299	3692310	+	753.7	495
126429at7041	Complete	NC_087394.1	32202921	32198185	-	682.2	424
126453at7041	Complete	NC_087402.1	6499295	6502592	+	898.9	504
126615at7041	Complete	NC_087402.1	9106919	9111193	+	880.8	686
126977at7041	Complete	NC_087402.1	5205869	5200911	-	374.9	242
127084at7041	Complete	NC_087400.1	2727767	2725138	-	463.5	325
127093at7041	Complete	NC_087396.1	13053393	13040262	-	694.5	441
127146at7041	Complete	NC_087400.1	988733	990060	+	396.5	340
127272at7041	Complete	NC_087396.1	19111984	19111053	-	397.5	244
127517at7041	Complete	NC_087402.1	5043678	5045473	+	586.4	457
127523at7041	Complete	NC_087401.1	14419514	14428327	+	1637.7	963
127640at7041	Complete	NC_087399.1	7894202	7894838	+	264.6	159
127770at7041	Complete	NC_087396.1	16208072	16198117	-	327.4	215
127817at7041	Complete	NC_087395.1	24412275	24416400	+	1060.9	707
127920at7041	Complete	NC_087394.1	33868283	33927880	+	1628.2	854
127977at7041	Complete	NC_087400.1	16476575	16463413	-	711.6	447
128073at7041	Complete	NC_087396.1	18043242	18041313	-	334.6	192
128081at7041	Complete	NC_087399.1	6944754	6948306	+	698.9	505
128093at7041	Complete	NC_087397.1	8515334	8505565	-	1738.5	1044
128134at7041	Complete	NC_087402.1	3562680	3560055	-	772.2	621
128138at7041	Complete	NC_087399.1	9436043	9437500	+	459.0	330
128271at7041	Complete	NC_087394.1	3705798	3837050	+	10565.3	4421
128520at7041	Complete	NC_087394.1	34962715	34961765	-	260.4	184
128594at7041	Complete	NC_087400.1	1405272	1398495	-	646.9	466
128637at7041	Complete	NC_087397.1	257573	255852	-	826.3	503
128650at7041	Complete	NC_087398.1	11304357	11305208	+	264.0	142
128785at7041	Complete	NC_087395.1	14981028	14981663	+	135.8	84
128789at7041	Complete	NC_087403.1	870287	874597	+	797.6	410
128931at7041	Complete	NC_087397.1	1223896	1222826	-	259.8	192
129095at7041	Complete	NC_087398.1	8107790	8110583	+	653.5	586
129360at7041	Complete	NC_087395.1	15200707	15195053	-	656.0	503
129403at7041	Complete	NC_087394.1	25749589	25751376	+	553.2	353
129442at7041	Complete	NC_087402.1	7266342	7269480	+	203.6	128
129499at7041	Complete	NC_087397.1	3940311	3953577	+	421.9	316
129547at7041	Complete	NC_087395.1	16949739	16945086	-	629.8	401
129780at7041	Complete	NC_087395.1	14164067	14161213	-	1122.6	594
129837at7041	Complete	NC_087394.1	36568725	36569603	+	295.7	223
129933at7041	Complete	NC_087394.1	25630545	25621970	-	387.3	282
130044at7041	Complete	NC_087399.1	7322819	7322125	-	278.7	189
130101at7041	Complete	NC_087395.1	18431251	18430202	-	178.9	236
130532at7041	Complete	NC_087394.1	10180331	10192185	+	537.4	337
130670at7041	Complete	NC_087398.1	15712907	15693583	-	1054.8	752
130941at7041	Complete	NC_087402.1	4013081	4015371	+	565.6	438
130957at7041	Complete	NC_087402.1	10056080	10054649	-	679.5	381
131167at7041	Complete	NC_087396.1	12087503	12094217	+	375.8	335
131243at7041	Complete	NC_087396.1	23492337	23490675	-	493.0	363
131550at7041	Complete	NC_087403.1	8716390	8688572	-	846.6	555
131665at7041	Complete	NC_087399.1	7358257	7364916	+	248.5	318
131696at7041	Complete	NC_087398.1	6207538	6201972	-	992.0	676
131776at7041	Complete	NC_087402.1	369469	373633	+	771.5	566
132167at7041	Complete	NC_087403.1	7307722	7304813	-	916.4	637
132223at7041	Complete	NC_087398.1	6128751	6129911	+	261.6	200
132418at7041	Complete	NC_087397.1	100642	102371	+	461.6	344
132505at7041	Complete	NC_087394.1	24757196	24751473	-	363.4	377
132551at7041	Complete	NC_087403.1	3721963	3718843	-	844.6	432
132691at7041	Complete	NC_087396.1	23952813	23959553	+	1809.0	1030
133026at7041	Complete	NC_087394.1	32639756	32637738	-	296.7	226
133090at7041	Complete	NC_087398.1	3236841	3235041	-	644.5	398
133100at7041	Complete	NC_087398.1	745153	746238	+	88.8	99
133173at7041	Complete	NC_087397.1	3206595	3207672	+	92.0	65
133269at7041	Complete	NC_087395.1	22496493	22660364	+	949.4	490
133306at7041	Complete	NC_087398.1	225992	227744	+	506.1	407
133316at7041	Complete	NC_087400.1	3569755	3566380	-	1461.3	752
133627at7041	Complete	NC_087400.1	3000573	3001310	+	305.6	212
133642at7041	Complete	NC_087396.1	11853705	11854381	+	347.7	206
133960at7041	Complete	NC_087396.1	22918284	22915183	-	686.6	477
134050at7041	Complete	NC_087394.1	35540885	35543827	+	493.9	237
134329at7041	Complete	NC_087398.1	2646162	2647586	+	364.9	277
134437at7041	Complete	NC_087394.1	26814044	26818968	+	497.2	364
134537at7041	Complete	NC_087394.1	32210923	32217019	+	735.0	493
134824at7041	Complete	NC_087394.1	3358563	3363755	+	314.2	211
135107at7041	Complete	NC_087396.1	19124430	19132715	+	302.3	200
135235at7041	Complete	NC_087396.1	14887990	14885084	-	259.9	180
135299at7041	Complete	NC_087395.1	22718907	22722907	+	1220.3	699
135379at7041	Complete	NC_087395.1	25830742	25828821	-	179.6	163
135673at7041	Complete	NC_087399.1	8920825	8910854	-	2519.4	1518
135736at7041	Complete	NC_087402.1	8535604	8529400	-	303.1	282
135746at7041	Complete	NC_087398.1	5282983	5278964	-	635.2	702
135753at7041	Complete	NC_087398.1	11175083	11167486	-	742.9	699
135785at7041	Complete	NC_087398.1	3214212	3217389	+	209.2	373
135814at7041	Complete	NC_087395.1	24222116	24220773	-	474.2	397
136253at7041	Complete	NC_087396.1	18865359	18870146	+	475.9	607
136380at7041	Complete	NC_087398.1	11163948	11159635	-	848.9	214
136400at7041	Complete	NC_087401.1	8394584	8390897	-	437.3	490
163411at7041	Complete	NC_087400.1	4401836	4409164	+	545.2	212
163426at7041	Complete	NC_087395.1	17784199	17783055	-	766.4	342
163431at7041	Complete	NC_087394.1	37272306	37271664	-	401.9	176
163432at7041	Complete	NC_087399.1	726999	663015	-	707.5	305
163443at7041	Complete	NC_087399.1	2070483	2071142	+	402.3	217
163444at7041	Complete	NC_087396.1	16533309	16532784	-	213.2	96
163448at7041	Complete	NC_087402.1	7049075	7048373	-	368.6	169
163451at7041	Complete	NC_087401.1	8232938	8251201	+	781.1	332
163457at7041	Complete	NC_087394.1	10171100	10171557	+	310.5	135
163459at7041	Complete	NC_087398.1	4886540	4883945	-	1121.0	485
163460at7041	Complete	NC_087399.1	3454673	3453463	-	456.3	209
163461at7041	Complete	NC_087394.1	25134432	25135496	+	716.0	320
163468at7041	Complete	NC_087403.1	6964645	6965193	+	411.5	175
163470at7041	Complete	NC_087396.1	11008611	11011877	+	926.8	430
163472at7041	Complete	NC_087400.1	6411877	6409723	-	350.3	151
163487at7041	Complete	NC_087395.1	22128975	22129715	+	502.8	220
163492at7041	Complete	NC_087398.1	13094322	13090535	-	1103.0	479
163495at7041	Complete	NC_087396.1	16581275	16571311	-	868.1	388
163500at7041	Complete	NC_087394.1	8428531	8425402	-	558.7	249
163506at7041	Complete	NC_087398.1	8729391	8721830	-	709.7	346
163509at7041	Complete	NC_087394.1	6935856	6926325	-	436.9	190
163517at7041	Complete	NC_087400.1	1049418	1050699	+	840.4	376
163519at7041	Complete	NC_087395.1	13334074	13340255	+	485.6	215
163521at7041	Complete	NC_087401.1	12554388	12553381	-	407.3	181
163526at7041	Complete	NC_087397.1	6269163	6268524	-	461.1	195
163533at7041	Complete	NC_087399.1	1131225	1129739	-	658.3	315
163535at7041	Complete	NC_087399.1	11302174	11298163	-	723.4	345
163537at7041	Complete	NC_087396.1	14245455	14246681	+	449.7	207
163542at7041	Complete	NC_087394.1	14612262	14611611	-	376.1	166
163546at7041	Complete	NC_087401.1	11665092	11664385	-	242.4	117
163550at7041	Complete	NC_087398.1	8113266	8111103	-	1148.6	503
163551at7041	Complete	NC_087402.1	3828964	3828549	-	233.5	118
163557at7041	Complete	NC_087398.1	3137490	3136799	-	368.6	163
163560at7041	Complete	NC_087396.1	22513693	22514141	+	271.3	126
163561at7041	Complete	NC_087401.1	15386825	15386191	-	358.2	165
163572at7041	Complete	NC_087398.1	9961105	9955466	-	2099.6	1022
163574at7041	Complete	NC_087396.1	22722206	22721787	-	272.1	125
163578at7041	Complete	NC_087397.1	11638125	11636600	-	783.9	390
163579at7041	Complete	NC_087399.1	2658876	2666841	+	763.6	347
163582at7041	Complete	NC_087397.1	10557782	10553282	-	484.8	213
163583at7041	Complete	NC_087401.1	17190342	17190820	+	321.7	145
163584at7041	Complete	NC_087395.1	18020385	18026247	+	1104.9	476
163587at7041	Complete	NC_087400.1	2426393	2440174	+	719.0	326
163593at7041	Complete	NC_087395.1	22143531	22141929	-	982.0	430
163597at7041	Complete	NC_087394.1	3353985	3356157	+	782.3	380
163609at7041	Complete	NC_087399.1	2900971	2902837	+	674.8	320
163611at7041	Complete	NC_087394.1	30615978	30614618	-	812.5	370
163613at7041	Complete	NC_087397.1	4421403	4424830	+	1644.2	713
163622at7041	Complete	NC_087395.1	4680042	4671463	-	767.7	400
163628at7041	Complete	NC_087397.1	2677089	2675712	-	517.0	297
163639at7041	Complete	NC_087402.1	3380074	3379287	-	352.9	162
163646at7041	Complete	NC_087395.1	14179062	14173672	-	2298.5	1041
163654at7041	Complete	NC_087394.1	35425611	35425002	-	369.0	167
163655at7041	Complete	NC_087395.1	25836077	25835229	-	296.6	124
163661at7041	Complete	NC_087401.1	14734038	14737047	+	643.6	315
163663at7041	Complete	NC_087401.1	14722047	14722574	+	269.7	137
163666at7041	Fragmented	NC_087403.1	3758363	3758830	+	254.2	136
163687at7041	Complete	NC_087400.1	3459876	3451635	-	728.9	371
163694at7041	Complete	NC_087395.1	15167493	15163264	-	1134.7	491
163695at7041	Complete	NC_087397.1	915249	914428	-	477.7	226
163699at7041	Complete	NC_087398.1	4874516	4881212	+	5060.0	2156
163700at7041	Complete	NC_087397.1	4527309	4520501	-	1033.4	466
163703at7041	Complete	NC_087402.1	1187161	1174116	-	2287.1	1152
163707at7041	Complete	NC_087395.1	5108471	5102578	-	1083.3	473
163712at7041	Complete	NC_087400.1	1176760	1175052	-	362.7	182
163722at7041	Complete	NC_087398.1	1342087	1339145	-	874.3	414
163724at7041	Complete	NC_087401.1	9294970	9294407	-	324.1	162
163726at7041	Complete	NC_087398.1	3267228	3263780	-	910.8	463
163740at7041	Complete	NC_087398.1	4902108	4898861	-	1067.6	488
163748at7041	Complete	NC_087396.1	19874374	19875163	+	464.2	216
163761at7041	Complete	NC_087400.1	3573998	3573519	-	239.0	124
163768at7041	Complete	NC_087396.1	18322461	18321256	-	739.1	339
163769at7041	Complete	NC_087396.1	19828413	19826899	-	763.2	338
163771at7041	Complete	NC_087397.1	291798	292580	+	381.3	175
163779at7041	Complete	NC_087394.1	23995328	23996328	+	561.6	262
163781at7041	Complete	NC_087402.1	2132448	2120600	-	954.1	453
163784at7041	Complete	NC_087394.1	24895726	24864015	-	3074.9	1431
163787at7041	Complete	NC_087402.1	4016439	4017330	+	531.1	247
163790at7041	Complete	NC_087400.1	4143426	4140438	-	1306.5	677
163799at7041	Complete	NC_087402.1	7616070	7613909	-	411.5	186
163801at7041	Complete	NC_087398.1	8336063	8338962	+	1524.8	693
163802at7041	Complete	NC_087394.1	33931475	33930137	-	446.6	202
163803at7041	Complete	NC_087397.1	1042472	1044086	+	495.1	335
163810at7041	Complete	NC_087402.1	12504578	12536133	+	1119.2	576
163813at7041	Complete	NC_087399.1	4174126	4172222	-	996.3	512
163815at7041	Complete	NC_087394.1	9244009	9238446	-	855.5	386
163817at7041	Complete	NC_087396.1	22621881	22623581	+	1060.1	549
163825at7041	Complete	NC_087394.1	23791360	23794686	+	716.3	362
163826at7041	Complete	NC_087399.1	11392580	11374261	-	1370.4	641
163827at7041	Complete	NC_087400.1	7301953	7302552	+	368.0	186
163831at7041	Complete	NC_087399.1	347479	357700	+	1236.9	717
163832at7041	Complete	NC_087396.1	11068929	11047854	-	771.2	252
163833at7041	Complete	NC_087396.1	13439783	13441400	+	877.7	421
163855at7041	Complete	NC_087402.1	6650017	6650405	+	172.2	96
163858at7041	Complete	NC_087394.1	14029986	14035564	+	598.8	302
163861at7041	Complete	NC_087395.1	22149490	22146366	-	540.6	243
163866at7041	Complete	NC_087400.1	5968112	5968606	+	268.1	134
163870at7041	Complete	NC_087401.1	15498073	15497235	-	389.8	216
163883at7041	Complete	NC_087400.1	7689547	7685829	-	409.1	208
163895at7041	Complete	NC_087399.1	9900777	9901233	+	169.1	89
163905at7041	Complete	NC_087401.1	13772589	13765339	-	821.5	385
163910at7041	Complete	NC_087398.1	9595062	9594312	-	379.1	179
163913at7041	Complete	NC_087395.1	21132610	21133065	+	244.5	116
163931at7041	Complete	NC_087396.1	15504016	15503486	-	322.3	174
163933at7041	Complete	NC_087394.1	35399968	35396028	-	987.6	444
163936at7041	Complete	NC_087400.1	2387348	2391786	+	519.1	295
163943at7041	Complete	NC_087400.1	4091350	4093037	+	558.5	277
163945at7041	Complete	NC_087400.1	2829775	2823930	-	1121.3	517
163951at7041	Complete	NC_087401.1	16436935	16433285	-	1052.4	463
163953at7041	Complete	NC_087399.1	5889154	5894432	+	793.9	386
163956at7041	Complete	NC_087399.1	5813094	5817027	+	1084.8	567
163959at7041	Complete	NC_087396.1	16114642	16110348	-	436.4	229
163970at7041	Complete	NC_087398.1	11605083	11609940	+	765.9	371
163973at7041	Complete	NC_087394.1	25129041	25120097	-	570.8	353
163994at7041	Complete	NC_087399.1	3248016	3248477	+	283.0	149
163996at7041	Complete	NC_087402.1	158905	156715	-	651.6	362
163998at7041	Complete	NC_087402.1	6137915	6140498	+	611.1	310
164003at7041	Complete	NC_087397.1	12012576	11997810	-	2457.8	1148
164009at7041	Complete	NC_087399.1	1122613	1124088	+	566.9	266
164011at7041	Complete	NC_087402.1	8573091	8572392	-	451.7	212
164018at7041	Complete	NC_087398.1	14070294	14079635	+	828.2	420
164025at7041	Complete	NC_087399.1	7251237	7251660	+	233.0	125
164042at7041	Complete	NC_087397.1	529408	533358	+	2420.0	1055
164049at7041	Complete	NC_087403.1	5591037	5588949	-	1025.9	661
164054at7041	Complete	NC_087402.1	9987670	9987065	-	400.9	182
164063at7041	Complete	NC_087400.1	1194667	1199627	+	1063.4	512
164066at7041	Complete	NC_087395.1	18464069	18471664	+	1283.5	634
164069at7041	Complete	NC_087398.1	15128882	15120595	-	551.6	295
164075at7041	Complete	NC_087397.1	10544273	10544999	+	285.2	121
164085at7041	Complete	NC_087395.1	14632362	14608012	-	1665.0	812
164090at7041	Complete	NC_087399.1	3304569	3313321	+	4628.1	2294
164093at7041	Complete	NC_087400.1	9581581	9557004	-	2401.2	1145
164096at7041	Complete	NC_087398.1	11366876	11367439	+	248.8	134
164099at7041	Complete	NC_087397.1	12225727	12221171	-	860.9	458
164102at7041	Complete	NC_087403.1	4821954	4826678	+	1701.3	985
164108at7041	Complete	NC_087395.1	16269090	16273687	+	1116.0	608
164112at7041	Complete	NC_087402.1	313938	312765	-	533.8	302
164115at7041	Complete	NC_087396.1	23699580	23691115	-	2429.1	1270
164119at7041	Complete	NC_087403.1	6770625	6768173	-	671.1	370
164125at7041	Complete	NC_087396.1	21715125	21718054	+	906.2	479
164150at7041	Complete	NC_087398.1	8852203	8846360	-	1216.1	658
164162at7041	Complete	NC_087395.1	26693584	26690011	-	1277.1	685
164164at7041	Complete	NC_087402.1	2282978	2287981	+	1601.0	730
164171at7041	Complete	NC_087395.1	21793652	21793233	-	230.0	120
164172at7041	Complete	NC_087398.1	10369679	10366000	-	632.1	335
164177at7041	Complete	NC_087399.1	7832873	7833853	+	719.7	311
164186at7041	Complete	NC_087401.1	13372702	13367733	-	907.1	415
164191at7041	Complete	NC_087399.1	7240718	7242445	+	328.6	192
164200at7041	Complete	NC_087396.1	20514298	20513404	-	405.0	230
164202at7041	Complete	NC_087398.1	5275591	5278497	+	1921.6	913
164206at7041	Complete	NC_087399.1	3080277	3048873	-	2008.6	958
164213at7041	Complete	NC_087397.1	541341	543384	+	1254.8	609
164214at7041	Complete	NC_087398.1	3459874	3454728	-	1529.3	728
164233at7041	Complete	NC_087397.1	10497095	10493519	-	922.4	439
164236at7041	Complete	NC_087402.1	8997079	8993903	-	761.1	289
164243at7041	Complete	NC_087397.1	4689013	4685064	-	1267.6	631
164250at7041	Complete	NC_087394.1	30698160	30706479	+	1231.7	572
164254at7041	Complete	NC_087402.1	3653797	3652333	-	642.6	320
164256at7041	Complete	NC_087398.1	4376158	4375724	-	177.9	98
164262at7041	Complete	NC_087398.1	3899951	3901936	+	970.0	582
164275at7041	Complete	NC_087395.1	2652761	2652309	-	190.5	121
164278at7041	Complete	NC_087402.1	7656613	7654770	-	405.7	209
164288at7041	Complete	NC_087401.1	11274088	11278148	+	469.1	237
164289at7041	Complete	NC_087402.1	555981	558097	+	1160.9	538
164291at7041	Complete	NC_087398.1	3894032	3893237	-	549.6	249
164294at7041	Complete	NC_087399.1	8217898	8219009	+	508.4	298
164295at7041	Complete	NC_087394.1	33127487	33129109	+	533.7	438
164298at7041	Complete	NC_087396.1	13192462	13193768	+	679.5	359
164301at7041	Complete	NC_087395.1	23127658	23131489	+	1065.0	493
164305at7041	Complete	NC_087400.1	169718	177011	+	1302.1	615
164308at7041	Complete	NC_087394.1	25657519	25656305	-	759.0	393
164313at7041	Complete	NC_087401.1	13215260	13218103	+	972.4	465
164314at7041	Complete	NC_087395.1	16943097	16944043	+	577.6	271
164322at7041	Complete	NC_087397.1	6094494	6095921	+	666.4	340
164324at7041	Complete	NC_087402.1	2415178	2416184	+	526.4	261
164333at7041	Complete	NC_087394.1	32529058	32524910	-	1141.2	520
164335at7041	Complete	NC_087403.1	2334530	2337543	+	1226.0	696
164342at7041	Complete	NC_087398.1	9751569	9729550	-	678.4	248
164346at7041	Complete	NC_087401.1	12665366	12689886	+	3803.3	1622
164350at7041	Complete	NC_087403.1	6748835	6751612	+	1279.5	611
164353at7041	Complete	NC_087398.1	8187025	8188500	+	814.8	389
164355at7041	Complete	NC_087394.1	22611018	22613144	+	1525.8	704
164367at7041	Complete	NC_087397.1	11186872	11183126	-	2596.2	1212
164374at7041	Complete	NC_087395.1	22073023	22076370	+	1053.4	525
164378at7041	Complete	NC_087394.1	37261377	37264024	+	1211.7	619
164383at7041	Complete	NC_087398.1	8083749	8082396	-	281.0	159
164384at7041	Complete	NC_087397.1	682366	675873	-	3695.8	1689
164386at7041	Complete	NC_087394.1	31723155	31720086	-	611.7	336
164389at7041	Complete	NC_087399.1	6876895	6874622	-	598.2	377
164391at7041	Complete	NC_087403.1	6344045	6349115	+	2086.4	917
164397at7041	Complete	NC_087402.1	4392143	4397395	+	1908.5	1028
164414at7041	Complete	NC_087394.1	32822905	32824942	+	804.2	419
164418at7041	Complete	NC_087400.1	1390499	1392868	+	923.5	437
164419at7041	Complete	NC_087395.1	14061327	14059916	-	893.1	415
164420at7041	Complete	NC_087399.1	4809336	4811318	+	1207.6	544
164427at7041	Complete	NC_087395.1	26616522	26618906	+	906.6	460
164429at7041	Complete	NC_087394.1	7781070	7781701	+	304.2	175
164432at7041	Complete	NC_087398.1	7217299	7208841	-	1827.1	927
164435at7041	Complete	NC_087400.1	4383726	4395772	+	662.4	234
164444at7041	Complete	NC_087402.1	8734979	8712471	-	1262.8	688
164451at7041	Complete	NC_087396.1	11027440	11025624	-	375.8	198
164453at7041	Complete	NC_087394.1	27167668	27168189	+	393.0	172
164458at7041	Complete	NC_087399.1	6538664	6533759	-	1572.3	746
164461at7041	Complete	NC_087394.1	4934727	4931184	-	679.5	346
164462at7041	Complete	NC_087399.1	4346401	4348256	+	1014.2	548
164468at7041	Complete	NC_087400.1	9122442	9127155	+	495.2	290
164472at7041	Complete	NC_087396.1	9578547	9593819	+	1370.1	665
164478at7041	Complete	NC_087403.1	3570496	3567530	-	1548.2	797
164481at7041	Complete	NC_087400.1	9599753	9606023	+	1105.3	491
164492at7041	Complete	NC_087401.1	15848864	15845068	-	688.7	376
164502at7041	Complete	NC_087398.1	3643283	3643973	+	415.3	198
164511at7041	Complete	NC_087397.1	3671261	3676913	+	2051.0	1092
164514at7041	Complete	NC_087403.1	4507232	4504605	-	1087.3	493
164519at7041	Complete	NC_087401.1	17539653	17536701	-	1142.2	530
164523at7041	Complete	NC_087399.1	3181318	3182740	+	720.6	424
164525at7041	Complete	NC_087401.1	8857346	8856324	-	668.4	333
164532at7041	Complete	NC_087399.1	5795650	5812681	+	505.0	231
164537at7041	Complete	NC_087402.1	1945084	1942981	-	1378.7	622
164538at7041	Complete	NC_087398.1	1025689	1030077	+	2236.2	1058
164539at7041	Complete	NC_087394.1	25826608	25818030	-	970.8	488
164540at7041	Complete	NC_087399.1	5920368	5913577	-	559.2	299
164551at7041	Complete	NC_087399.1	4955787	4960090	+	1963.5	883
164552at7041	Complete	NC_087401.1	12465847	12502575	+	1958.1	969
164554at7041	Complete	NC_087397.1	10764027	10755587	-	1310.9	684
164570at7041	Complete	NC_087395.1	18117998	18114379	-	818.8	413
164575at7041	Complete	NC_087399.1	6866603	6867263	+	405.6	182
164590at7041	Complete	NC_087401.1	12845104	12847780	+	406.0	191
164592at7041	Complete	NC_087395.1	15403451	15414992	+	1433.4	688
164603at7041	Complete	NC_087399.1	578313	579843	+	505.7	270
164604at7041	Complete	NC_087394.1	20355504	20354969	-	265.7	146
164608at7041	Complete	NC_087395.1	23656246	23655166	-	757.4	330
164610at7041	Complete	NC_087394.1	30292289	30295476	+	395.8	188
164611at7041	Complete	NC_087397.1	7430676	7429430	-	647.9	321
164621at7041	Complete	NC_087398.1	2408669	2411271	+	1364.6	641
164627at7041	Complete	NC_087394.1	20347671	20349377	+	1072.9	538
164630at7041	Complete	NC_087398.1	6316095	6317154	+	439.9	264
164638at7041	Complete	NC_087403.1	3558787	3566270	+	1564.1	834
164641at7041	Complete	NC_087395.1	14772596	14773834	+	433.8	199
164642at7041	Complete	NC_087403.1	1146670	1157321	+	2198.3	1119
164644at7041	Complete	NC_087398.1	232411	230115	-	1201.0	540
164646at7041	Complete	NC_087395.1	25836624	25837886	+	772.4	413
164650at7041	Complete	NC_087398.1	671623	670835	-	448.5	213
164654at7041	Complete	NC_087398.1	6459931	6460680	+	467.9	234
164656at7041	Complete	NC_087396.1	24079476	24078031	-	649.6	324
164657at7041	Complete	NC_087396.1	18784839	18796177	+	1583.7	830
164662at7041	Complete	NC_087394.1	28445646	28451119	+	1618.9	849
164663at7041	Complete	NC_087397.1	22827285	22772737	-	947.9	494
164667at7041	Complete	NC_087398.1	1186460	1189019	+	1401.1	723
164669at7041	Complete	NC_087399.1	661159	662620	+	903.6	431
164670at7041	Complete	NC_087399.1	2669420	2670265	+	477.1	229
164678at7041	Complete	NC_087394.1	6841899	6841181	-	279.2	163
164689at7041	Complete	NC_087399.1	7085974	7089209	+	874.7	466
164699at7041	Complete	NC_087398.1	10074935	10077537	+	605.7	275
164709at7041	Complete	NC_087396.1	14085787	14086254	+	318.7	141
164710at7041	Complete	NC_087396.1	21775119	21777346	+	1109.6	599
164714at7041	Complete	NC_087394.1	25594552	25604106	+	2083.9	1115
164718at7041	Complete	NC_087399.1	4505353	4506727	+	658.7	332
164719at7041	Complete	NC_087396.1	24282054	24280005	-	1162.3	531
164721at7041	Complete	NC_087396.1	21426375	21425226	-	664.4	316
164729at7041	Complete	NC_087397.1	10360843	10365045	+	1244.5	587
164730at7041	Complete	NC_087401.1	12013769	12014899	+	765.6	348
164733at7041	Complete	NC_087401.1	15928044	15926110	-	856.6	453
164736at7041	Complete	NC_087396.1	11300987	11302273	+	763.5	394
164738at7041	Complete	NC_087397.1	11142954	11135959	-	2411.5	1203
164741at7041	Complete	NC_087394.1	27313463	27325549	+	1932.4	901
164745at7041	Complete	NC_087397.1	5590529	5594446	+	1312.7	693
164751at7041	Complete	NC_087394.1	32723506	32732880	+	3203.5	1556
164762at7041	Complete	NC_087403.1	3295913	3355716	+	214.6	109
164769at7041	Complete	NC_087396.1	18210208	18214949	+	1461.9	707
164771at7041	Complete	NC_087397.1	7646045	7643329	-	1032.0	541
164773at7041	Complete	NC_087396.1	12686652	12684917	-	800.2	423
164778at7041	Complete	NC_087402.1	8573493	8574897	+	487.6	316
164780at7041	Complete	NC_087395.1	18805137	18793042	-	844.9	396
164788at7041	Complete	NC_087397.1	5319897	5315836	-	931.0	449
164789at7041	Complete	NC_087403.1	8337426	8332618	-	1242.9	603
164793at7041	Complete	NC_087396.1	21504886	21504227	-	383.9	189
164803at7041	Complete	NC_087397.1	12532244	12533036	+	373.4	221
164805at7041	Complete	NC_087402.1	3386092	3386962	+	292.0	155
164822at7041	Complete	NC_087397.1	172013	170907	-	574.2	290
164823at7041	Complete	NC_087398.1	12055711	12058945	+	427.8	213
164826at7041	Complete	NC_087399.1	157090	158288	+	736.2	369
164833at7041	Complete	NC_087396.1	11283012	11283356	+	185.5	95
164839at7041	Complete	NC_087395.1	14068557	14097693	+	1114.2	523
164843at7041	Complete	NC_087397.1	5208629	5206775	-	1119.6	499
164848at7041	Complete	NC_087401.1	13348974	13338460	-	1311.2	596
164854at7041	Complete	NC_087401.1	17497070	17497561	+	279.7	144
164858at7041	Complete	NC_087394.1	35430476	35434279	+	1049.0	527
164872at7041	Complete	NC_087396.1	10874131	10870141	-	1090.3	621
164873at7041	Complete	NC_087394.1	11699386	11709236	+	1131.8	503
164874at7041	Complete	NC_087402.1	9700499	9652921	-	1343.9	780
164877at7041	Complete	NC_087394.1	22486648	22492097	+	849.2	445
164882at7041	Complete	NC_087397.1	9927983	9924201	-	1635.7	967
164886at7041	Complete	NC_087403.1	5363353	5362441	-	366.7	178
164889at7041	Complete	NC_087402.1	6473702	6475243	+	911.0	405
164895at7041	Complete	NC_087398.1	13838380	13846701	+	761.3	453
164911at7041	Complete	NC_087397.1	3197438	3199253	+	731.0	367
164916at7041	Complete	NC_087400.1	8648836	8632265	-	1507.1	764
164917at7041	Complete	NC_087397.1	4354670	4353612	-	464.0	278
164924at7041	Complete	NC_087400.1	2658591	2659859	+	693.9	349
164926at7041	Complete	NC_087399.1	4607061	4599379	-	1382.8	642
164935at7041	Complete	NC_087403.1	1451330	1446864	-	2200.6	1083
164937at7041	Complete	NC_087396.1	21489151	21488201	-	580.3	308
164955at7041	Complete	NC_087394.1	25749418	25742370	-	1428.4	709
164956at7041	Complete	NC_087403.1	4699500	4698162	-	614.2	330
164957at7041	Complete	NC_087395.1	19310593	19342802	+	1798.1	827
164961at7041	Complete	NC_087399.1	3368537	3369025	+	218.9	127
164962at7041	Complete	NC_087398.1	8455807	8452331	-	347.1	220
164963at7041	Complete	NC_087397.1	9950917	9954542	+	1417.7	624
164964at7041	Complete	NC_087395.1	13616390	13641339	+	995.3	435
164974at7041	Complete	NC_087395.1	23288426	23298682	+	1728.2	1009
164976at7041	Complete	NC_087396.1	11628785	11618866	-	1861.7	806
164990at7041	Complete	NC_087396.1	19837153	19835235	-	773.6	496
164994at7041	Complete	NC_087396.1	19107919	19099869	-	961.7	459
164998at7041	Complete	NC_087394.1	2147685	2151778	+	604.6	305
165002at7041	Complete	NC_087395.1	23845180	23836274	-	1813.7	858
165004at7041	Complete	NC_087398.1	467188	467703	+	269.3	131
165012at7041	Complete	NC_087399.1	12318164	12320127	+	446.7	210
165015at7041	Complete	NC_087401.1	11073544	11101514	+	1543.3	755
165023at7041	Complete	NC_087394.1	30265293	30264277	-	491.0	246
165025at7041	Complete	NC_087399.1	9919818	9913689	-	777.1	445
165037at7041	Complete	NC_087396.1	19073345	19086156	+	488.9	259
165040at7041	Complete	NC_087398.1	12747452	12753231	+	1904.6	873
165043at7041	Complete	NC_087395.1	5293324	5341098	+	774.5	372
165077at7041	Complete	NC_087398.1	6322706	6318132	-	1402.6	733
165081at7041	Complete	NC_087394.1	22600839	22590632	-	798.0	420
165085at7041	Complete	NC_087394.1	2203106	2175833	-	3444.1	1603
165086at7041	Complete	NC_087399.1	5365434	5359260	-	2485.1	1448
165095at7041	Complete	NC_087401.1	13250379	13253659	+	934.6	504
165096at7041	Complete	NC_087394.1	30975257	30977280	+	913.8	517
165097at7041	Complete	NC_087402.1	7596673	7599117	+	1538.9	748
165100at7041	Complete	NC_087397.1	1823581	1824314	+	349.8	203
165104at7041	Complete	NC_087399.1	2900592	2899733	-	367.2	198
165109at7041	Complete	NC_087398.1	1412642	1413191	+	242.0	137
165119at7041	Complete	NC_087395.1	16904513	16908448	+	530.1	302
165127at7041	Complete	NC_087400.1	16461839	16461147	-	332.4	192
165131at7041	Complete	NC_087395.1	21702488	21706986	+	1677.5	1126
165137at7041	Complete	NC_087397.1	6269508	6274279	+	1615.3	868
165140at7041	Complete	NC_087399.1	3383486	3387283	+	1873.4	1034
165148at7041	Complete	NC_087397.1	5182335	5188787	+	2737.0	1469
165152at7041	Complete	NC_087394.1	22610534	22609102	-	485.8	230
165155at7041	Complete	NC_087394.1	25421766	25438350	+	1221.8	600
165162at7041	Complete	NC_087394.1	10091344	10090456	-	551.8	261
165172at7041	Complete	NC_087399.1	4272573	4270642	-	1003.1	431
165180at7041	Complete	NC_087398.1	4664118	4666169	+	972.9	495
165187at7041	Complete	NC_087402.1	6123661	6114389	-	1106.7	565
165190at7041	Complete	NC_087397.1	6158422	6153548	-	1811.4	954
165205at7041	Complete	NC_087394.1	8307748	8303440	-	493.1	238
165206at7041	Complete	NC_087396.1	12012862	12013639	+	423.4	221
165208at7041	Complete	NC_087399.1	10061178	10125259	+	1439.8	673
165217at7041	Complete	NC_087398.1	9871830	9874332	+	1442.2	699
165220at7041	Complete	NC_087394.1	22535079	22527219	-	1227.9	630
165227at7041	Complete	NC_087394.1	34719030	34728248	+	1548.0	713
165237at7041	Complete	NC_087397.1	191997	193144	+	526.9	276
165243at7041	Complete	NC_087402.1	972355	971171	-	638.3	319
165247at7041	Complete	NC_087395.1	13741110	13743242	+	206.1	118
165261at7041	Complete	NC_087401.1	14119884	14116987	-	862.1	471
165267at7041	Complete	NC_087398.1	1492919	1488718	-	907.5	522
165268at7041	Complete	NC_087397.1	2376853	2375692	-	630.8	317
165279at7041	Complete	NC_087394.1	29200502	29196842	-	1530.6	784
165280at7041	Complete	NC_087396.1	16660123	16652648	-	1785.6	835
165302at7041	Complete	NC_087402.1	5087289	5085394	-	799.9	426
165322at7041	Complete	NC_087397.1	4351673	4352233	+	327.8	174
165323at7041	Complete	NC_087403.1	4900036	4989147	+	1812.6	933
165324at7041	Complete	NC_087402.1	104725	106131	+	656.8	355
165326at7041	Complete	NC_087395.1	15942656	15937155	-	866.2	463
165329at7041	Complete	NC_087400.1	9069819	9074348	+	392.9	220
165337at7041	Complete	NC_087403.1	4055272	4056047	+	356.6	190
165341at7041	Complete	NC_087396.1	9542182	9527163	-	2156.5	1110
165342at7041	Complete	NC_087402.1	3086627	3087822	+	293.5	193
165346at7041	Complete	NC_087394.1	693017	695747	+	366.4	209
165357at7041	Complete	NC_087397.1	4268292	4269005	+	383.5	203
165360at7041	Complete	NC_087398.1	7156161	7154677	-	1052.2	482
165361at7041	Complete	NC_087402.1	2916835	2917451	+	284.3	129
165375at7041	Complete	NC_087398.1	459264	455127	-	2380.7	1196
165377at7041	Complete	NC_087398.1	431772	433655	+	611.3	387
165394at7041	Complete	NC_087399.1	198583	199504	+	422.0	205
165396at7041	Complete	NC_087399.1	7651764	7652630	+	519.3	252
165398at7041	Complete	NC_087395.1	14783069	14778493	-	1392.6	788
165399at7041	Complete	NC_087399.1	7323519	7333351	+	3461.7	1741
165402at7041	Complete	NC_087395.1	26387745	26387398	-	187.9	111
165412at7041	Complete	NC_087402.1	3997351	3999648	+	1138.1	564
165416at7041	Complete	NC_087395.1	2341715	2361362	+	430.2	244
165423at7041	Complete	NC_087396.1	10356651	10364356	+	1004.0	501
165430at7041	Complete	NC_087398.1	6195006	6193479	-	595.7	346
165434at7041	Complete	NC_087396.1	19823314	19826024	+	1318.0	682
165439at7041	Complete	NC_087402.1	141993	143717	+	1031.6	557
165445at7041	Complete	NC_087402.1	374179	376175	+	828.9	491
165451at7041	Complete	NC_087396.1	13449888	13448751	-	549.7	304
165453at7041	Complete	NC_087396.1	13006275	13016811	+	2269.5	1325
165454at7041	Complete	NC_087400.1	5296672	5298953	+	736.4	432
165455at7041	Complete	NC_087403.1	8105612	8128319	+	711.9	332
165460at7041	Complete	NC_087397.1	1355058	1349625	-	1324.2	716
165461at7041	Complete	NC_087402.1	4211232	4204759	-	1014.0	499
165470at7041	Complete	NC_087395.1	3514772	3531718	+	1241.3	745
165471at7041	Complete	NC_087396.1	8869646	8870809	+	540.0	294
165477at7041	Complete	NC_087401.1	10978161	10971973	-	873.3	436
165483at7041	Complete	NC_087397.1	1732479	1733662	+	544.6	307
165493at7041	Complete	NC_087394.1	28390308	28392483	+	1024.1	505
165515at7041	Complete	NC_087400.1	7678346	7677279	-	553.1	293
165526at7041	Complete	NC_087399.1	499306	502303	+	1110.9	562
165533at7041	Complete	NC_087396.1	20718432	20720721	+	781.4	432
165540at7041	Complete	NC_087396.1	20514687	20516483	+	843.5	540
165544at7041	Complete	NC_087398.1	3902763	3902019	-	450.1	211
165568at7041	Complete	NC_087402.1	3668871	3668139	-	297.0	203
165593at7041	Complete	NC_087399.1	4300083	4299724	-	201.1	107
165602at7041	Complete	NC_087394.1	13398774	13411023	+	454.8	248
165608at7041	Complete	NC_087400.1	9481877	9492560	+	733.3	442
165609at7041	Complete	NC_087401.1	14213733	14219914	+	1404.1	675
165624at7041	Complete	NC_087400.1	431302	429538	-	910.6	460
165626at7041	Complete	NC_087399.1	282013	286990	+	1181.4	646
165627at7041	Complete	NC_087403.1	6529305	6533496	+	700.9	370
165633at7041	Complete	NC_087396.1	14149071	14145361	-	1554.7	747
165637at7041	Complete	NC_087396.1	15504508	15509120	+	1502.3	712
165639at7041	Complete	NC_087394.1	32818167	32815438	-	1226.8	741
165648at7041	Complete	NC_087398.1	2829649	2830624	+	181.3	156
165649at7041	Complete	NC_087394.1	32065829	32065146	-	418.9	202
165651at7041	Complete	NC_087397.1	4531217	4529437	-	718.9	439
165653at7041	Complete	NC_087398.1	12629674	12629018	-	389.3	181
165656at7041	Complete	NC_087394.1	26219991	26226185	+	963.5	626
165666at7041	Complete	NC_087399.1	11273389	11273027	-	243.8	121
165670at7041	Complete	NC_087398.1	5834571	5835464	+	415.3	238
165690at7041	Complete	NC_087394.1	20611592	20602511	-	697.3	380
165692at7041	Complete	NC_087396.1	22578088	22579606	+	743.5	368
165694at7041	Complete	NC_087395.1	26288494	26286516	-	639.7	345
165703at7041	Complete	NC_087402.1	2145684	2144507	-	506.9	319
165711at7041	Complete	NC_087401.1	14137297	14123892	-	1886.8	872
165720at7041	Complete	NC_087394.1	36255827	36254166	-	569.7	385
165724at7041	Complete	NC_087395.1	22276250	22277537	+	755.2	346
165733at7041	Complete	NC_087401.1	8451026	8443069	-	836.8	466
165749at7041	Complete	NC_087403.1	4188636	4181334	-	2142.4	1350
165752at7041	Complete	NC_087400.1	1393430	1396445	+	752.2	375
165764at7041	Complete	NC_087402.1	9359919	9360353	+	252.6	128
165767at7041	Complete	NC_087394.1	27280578	27299019	+	2055.0	1081
165769at7041	Complete	NC_087402.1	712674	713028	+	219.4	103
165773at7041	Complete	NC_087397.1	2000902	1999021	-	617.2	415
165776at7041	Complete	NC_087401.1	15951229	15952093	+	511.8	267
165778at7041	Complete	NC_087401.1	14414894	14419222	+	797.5	422
165779at7041	Complete	NC_087396.1	22635587	22636945	+	827.5	398
165791at7041	Complete	NC_087398.1	4957901	4955899	-	499.8	213
165797at7041	Complete	NC_087396.1	14169057	14163942	-	1519.7	698
165804at7041	Complete	NC_087397.1	8657415	8655438	-	816.0	434
165810at7041	Complete	NC_087400.1	323375	326177	+	1065.9	682
165811at7041	Complete	NC_087394.1	37324335	37322969	-	615.5	370
165813at7041	Complete	NC_087395.1	24038443	24039170	+	343.2	203
165818at7041	Complete	NC_087396.1	18950072	18970619	+	583.5	366
165833at7041	Complete	NC_087397.1	10512537	10505583	-	747.5	392
165834at7041	Complete	NC_087399.1	161224	166796	+	433.3	263
165839at7041	Complete	NC_087394.1	33651031	33731594	+	2217.5	889
165844at7041	Complete	NC_087394.1	15591546	15591001	-	173.1	133
165847at7041	Complete	NC_087402.1	1070301	1070811	+	322.5	152
165851at7041	Complete	NC_087400.1	5008192	5022140	+	322.1	165
165852at7041	Complete	NC_087397.1	973055	974428	+	746.6	407
165853at7041	Complete	NC_087395.1	26143249	26145082	+	940.0	398
165870at7041	Complete	NC_087395.1	23579540	23583624	+	520.4	301
165873at7041	Complete	NC_087402.1	2638283	2641000	+	1056.4	562
165877at7041	Complete	NC_087396.1	10354809	10353287	-	506.2	244
165882at7041	Complete	NC_087397.1	327138	328384	+	622.3	374
165883at7041	Complete	NC_087403.1	3443111	3445636	+	1312.7	721
165885at7041	Complete	NC_087399.1	2165511	2164621	-	466.5	240
165887at7041	Complete	NC_087399.1	1261347	1258030	-	1130.7	540
165895at7041	Complete	NC_087402.1	7357198	7356267	-	381.1	206
165897at7041	Complete	NC_087400.1	16451906	16458937	+	626.8	343
165900at7041	Complete	NC_087399.1	4597725	4598966	+	232.9	114
165911at7041	Complete	NC_087398.1	7520306	7519538	-	333.5	201
165912at7041	Complete	NC_087397.1	5577048	5575072	-	598.5	328
165913at7041	Complete	NC_087395.1	21717647	21721549	+	900.1	445
165917at7041	Complete	NC_087399.1	8929120	8935990	+	1075.2	704
165921at7041	Complete	NC_087398.1	10786898	10800199	+	586.3	399
165934at7041	Complete	NC_087396.1	19352300	19348840	-	623.8	364
165942at7041	Complete	NC_087397.1	10829408	10833337	+	2654.6	1267
165947at7041	Complete	NC_087402.1	3100909	3096839	-	1270.5	629
165955at7041	Complete	NC_087403.1	8022512	8017206	-	1264.4	605
165965at7041	Complete	NC_087401.1	8451406	8452081	+	360.9	194
165971at7041	Complete	NC_087394.1	28279290	28220580	-	1197.8	596
165977at7041	Complete	NC_087394.1	36220688	36221601	+	370.9	197
165996at7041	Complete	NC_087394.1	23979813	23986593	+	1299.2	781
165999at7041	Complete	NC_087396.1	13611650	13608996	-	1087.7	612
166002at7041	Complete	NC_087403.1	4819115	4816223	-	1345.4	607
166010at7041	Complete	NC_087396.1	14035617	14033440	-	502.8	271
166012at7041	Complete	NC_087397.1	1370146	1356432	-	1257.6	661
166034at7041	Complete	NC_087394.1	36322722	36308523	-	2723.8	1234
166038at7041	Complete	NC_087396.1	12061128	12063796	+	206.0	114
166044at7041	Complete	NC_087401.1	10101739	10102888	+	626.5	316
166045at7041	Complete	NC_087394.1	9738848	9739453	+	440.8	198
166048at7041	Complete	NC_087398.1	6446124	6439728	-	552.0	299
166072at7041	Complete	NC_087399.1	7966333	7968601	+	435.1	254
166075at7041	Complete	NC_087398.1	2293836	2291840	-	731.3	373
166090at7041	Complete	NC_087395.1	14742291	14739996	-	442.3	205
166105at7041	Complete	NC_087400.1	101009	104197	+	1470.5	806
166113at7041	Complete	NC_087402.1	7330725	7332556	+	911.6	468
166118at7041	Complete	NC_087402.1	4054866	4055854	+	500.6	325
166123at7041	Complete	NC_087403.1	4168768	4163842	-	1070.8	532
166137at7041	Complete	NC_087398.1	6462905	6463602	+	335.8	167
166139at7041	Complete	NC_087397.1	11991650	11990252	-	424.2	220
166141at7041	Complete	NC_087397.1	11957490	11958461	+	517.4	321
166156at7041	Complete	NC_087398.1	8141625	8142644	+	499.4	286
166159at7041	Complete	NC_087394.1	25619557	25620297	+	339.7	190
166168at7041	Complete	NC_087401.1	10471317	10395433	-	683.8	320
166178at7041	Complete	NC_087396.1	10980238	10978960	-	527.7	330
166179at7041	Complete	NC_087396.1	24541857	24544007	+	1288.0	635
166194at7041	Complete	NC_087401.1	16204718	16209871	+	743.5	345
166198at7041	Complete	NC_087401.1	16176578	16195240	+	1801.9	915
166206at7041	Complete	NC_087395.1	16942929	16942451	-	214.5	129
166209at7041	Complete	NC_087394.1	30268151	30266424	-	552.0	306
166212at7041	Complete	NC_087397.1	3715011	3715973	+	578.4	306
166223at7041	Complete	NC_087397.1	984216	985012	+	294.2	197
166226at7041	Complete	NC_087396.1	8907405	8899465	-	650.8	393
166228at7041	Complete	NC_087396.1	12845943	12845435	-	257.5	139
166233at7041	Complete	NC_087400.1	1729627	1730825	+	358.6	244
166235at7041	Complete	NC_087398.1	6070937	6069681	-	716.7	351
166246at7041	Complete	NC_087396.1	23837489	23840439	+	1154.1	600
166247at7041	Complete	NC_087401.1	13712374	13711547	-	389.4	190
166254at7041	Complete	NC_087402.1	3184037	3182803	-	537.3	248
166255at7041	Complete	NC_087400.1	7462841	7335821	-	2942.2	1438
166256at7041	Complete	NC_087398.1	6645541	6644335	-	611.7	339
166258at7041	Complete	NC_087395.1	2389470	2372454	-	1517.4	794
166263at7041	Complete	NC_087395.1	24742372	24738395	-	1132.6	508
166271at7041	Complete	NC_087401.1	9913618	9931709	+	465.9	291
166272at7041	Complete	NC_087401.1	17599412	17598411	-	458.7	247
166277at7041	Complete	NC_087398.1	7926437	7917558	-	2217.9	1307
166278at7041	Complete	NC_087396.1	23068689	23073240	+	967.4	500
166280at7041	Complete	NC_087396.1	19230112	19229333	-	236.9	113
166281at7041	Complete	NC_087400.1	3843589	4035120	+	991.4	626
166285at7041	Complete	NC_087398.1	359157	359715	+	329.3	162
166294at7041	Complete	NC_087399.1	6480724	6494357	+	1858.0	987
166299at7041	Complete	NC_087394.1	26897729	26883282	-	1029.4	505
166300at7041	Complete	NC_087401.1	13844396	13831429	-	2060.6	956
166302at7041	Complete	NC_087397.1	9559846	9569194	+	659.3	316
166308at7041	Complete	NC_087396.1	21694573	21694946	+	187.7	107
166314at7041	Complete	NC_087400.1	8845932	8854769	+	649.3	415
166316at7041	Complete	NC_087399.1	1873965	1864757	-	1754.9	1033
166329at7041	Complete	NC_087394.1	6500387	6507258	+	813.1	520
166331at7041	Complete	NC_087402.1	8702085	8703170	+	500.5	301
166338at7041	Complete	NC_087402.1	7071452	7063612	-	1155.9	814
166350at7041	Complete	NC_087396.1	16643336	16640163	-	989.5	482
166366at7041	Complete	NC_087398.1	3452924	3454432	+	700.8	354
166372at7041	Complete	NC_087394.1	1527826	1531530	+	582.6	297
166373at7041	Complete	NC_087395.1	13770873	13744172	-	971.7	520
166375at7041	Complete	NC_087397.1	977713	974543	-	1106.2	683
166395at7041	Complete	NC_087400.1	2517744	2499044	-	1201.6	611
166407at7041	Complete	NC_087396.1	20067746	20065668	-	846.7	497
166412at7041	Complete	NC_087402.1	1889289	1888684	-	328.3	188
166416at7041	Complete	NC_087398.1	147789	146729	-	511.5	270
166418at7041	Complete	NC_087395.1	25523254	25522259	-	352.0	230
166422at7041	Complete	NC_087395.1	25133311	25126185	-	1708.7	870
166431at7041	Complete	NC_087396.1	9554114	9572519	+	1323.8	748
166434at7041	Complete	NC_087399.1	9021988	9021487	-	266.1	149
166441at7041	Complete	NC_087399.1	4053843	4056736	+	1395.3	871
166448at7041	Complete	NC_087403.1	1941810	1932506	-	1738.0	807
166452at7041	Complete	NC_087399.1	2673278	2670741	-	1145.6	574
166454at7041	Complete	NC_087396.1	13311814	13316142	+	586.0	377
166456at7041	Complete	NC_087395.1	14046238	14048394	+	909.3	562
166460at7041	Complete	NC_087402.1	3103792	3101966	-	908.4	556
166464at7041	Complete	NC_087394.1	31492587	31499648	+	1612.5	858
166465at7041	Complete	NC_087399.1	4169456	4172062	+	952.9	277
166473at7041	Complete	NC_087400.1	10481643	10474094	-	1142.9	564
166482at7041	Complete	NC_087394.1	34246952	34211477	-	1827.6	877
166487at7041	Complete	NC_087397.1	7795428	7796885	+	854.2	460
166493at7041	Complete	NC_087397.1	2698872	2694362	-	1264.7	789
166505at7041	Complete	NC_087395.1	22339444	22367403	+	1168.6	554
166506at7041	Complete	NC_087400.1	7678573	7679257	+	353.2	208
166509at7041	Complete	NC_087399.1	5580960	5579608	-	677.4	364
166513at7041	Complete	NC_087403.1	519811	527024	+	2212.8	1156
166521at7041	Complete	NC_087398.1	10892089	10887536	-	917.4	541
166523at7041	Complete	NC_087395.1	499127	501955	+	470.5	246
166524at7041	Complete	NC_087397.1	2822835	2825137	+	847.9	545
166526at7041	Complete	NC_087395.1	17515675	17516432	+	371.8	193
166530at7041	Complete	NC_087396.1	18604334	18602283	-	640.1	337
166532at7041	Complete	NC_087395.1	14137537	14139008	+	432.4	233
166534at7041	Complete	NC_087396.1	14328146	14329164	+	463.7	270
166548at7041	Complete	NC_087398.1	988736	983287	-	2311.9	1223
166550at7041	Complete	NC_087394.1	35400333	35400865	+	221.3	121
166551at7041	Complete	NC_087396.1	24725468	24737773	+	1255.4	648
166557at7041	Complete	NC_087396.1	24463674	24474612	+	450.8	225
166561at7041	Complete	NC_087396.1	22516148	22514184	-	681.7	408
166563at7041	Complete	NC_087394.1	23216679	23219852	+	556.6	359
166564at7041	Complete	NC_087399.1	6497946	6496969	-	652.5	310
166565at7041	Complete	NC_087394.1	30442883	30443899	+	428.9	264
166566at7041	Complete	NC_087394.1	26802944	26811313	+	489.4	274
166570at7041	Complete	NC_087395.1	26565677	26564990	-	297.8	173
166571at7041	Complete	NC_087394.1	6460278	6470049	+	750.4	388
166576at7041	Complete	NC_087395.1	18052302	18029965	-	1166.4	579
166582at7041	Complete	NC_087398.1	8522223	8523068	+	434.0	211
166586at7041	Complete	NC_087396.1	15797739	15801161	+	556.7	296
166588at7041	Complete	NC_087402.1	3011913	3012771	+	299.6	181
166591at7041	Complete	NC_087402.1	9563898	9558730	-	1007.0	584
166592at7041	Complete	NC_087402.1	3669210	3671348	+	1245.5	599
166599at7041	Complete	NC_087403.1	565292	564744	-	375.6	182
166600at7041	Complete	NC_087394.1	34517636	34521908	+	622.2	355
166610at7041	Complete	NC_087398.1	6614775	6621809	+	861.6	467
166613at7041	Complete	NC_087402.1	9740434	9745547	+	1114.9	582
166614at7041	Complete	NC_087397.1	4148152	4150343	+	896.2	521
166621at7041	Complete	NC_087398.1	4031758	4033110	+	751.5	388
166622at7041	Complete	NC_087403.1	6767057	6767334	+	155.5	77
166632at7041	Complete	NC_087402.1	2177150	2227829	+	7480.7	3273
166633at7041	Complete	NC_087400.1	1264999	1276899	+	1730.0	919
166634at7041	Complete	NC_087395.1	5063636	5097463	+	862.3	404
166639at7041	Complete	NC_087394.1	33634960	33633191	-	1243.5	598
166644at7041	Complete	NC_087396.1	17341711	17346745	+	1514.1	700
166651at7041	Complete	NC_087398.1	5537397	5535964	-	857.7	446
166654at7041	Complete	NC_087400.1	8812049	8844746	+	1138.2	586
166669at7041	Complete	NC_087397.1	7657631	7656465	-	464.3	303
166680at7041	Complete	NC_087395.1	15996381	15999198	+	931.7	465
166684at7041	Complete	NC_087394.1	7767512	7762769	-	387.2	244
166689at7041	Complete	NC_087397.1	4275086	4276590	+	726.8	473
166708at7041	Complete	NC_087397.1	4091381	4095227	+	822.6	442
166712at7041	Complete	NC_087398.1	1430357	1433150	+	403.4	238
166713at7041	Complete	NC_087398.1	8300112	8301961	+	941.2	569
166715at7041	Complete	NC_087396.1	12829333	12826673	-	1206.6	656
166721at7041	Complete	NC_087398.1	15005706	15014127	+	1238.6	703
166727at7041	Complete	NC_087402.1	6433230	6434480	+	578.8	294
166732at7041	Complete	NC_087402.1	194991	193528	-	667.5	393
166735at7041	Complete	NC_087398.1	13207490	13202971	-	670.2	414
166740at7041	Complete	NC_087396.1	21509722	21508702	-	558.0	291
166743at7041	Complete	NC_087397.1	12534780	12533931	-	323.6	245
166748at7041	Complete	NC_087394.1	25477393	25476977	-	235.8	135
166753at7041	Complete	NC_087395.1	22489912	22488788	-	631.3	309
166774at7041	Complete	NC_087395.1	18432158	18433313	+	643.3	320
166776at7041	Complete	NC_087397.1	6150713	6147767	-	1592.6	976
166780at7041	Complete	NC_087398.1	4022658	4021432	-	411.4	250
166785at7041	Complete	NC_087398.1	1101980	1100788	-	642.5	351
166789at7041	Complete	NC_087398.1	9403241	9402481	-	353.7	220
166791at7041	Complete	NC_087402.1	8002152	7997908	-	842.9	477
166792at7041	Complete	NC_087394.1	14167008	14163568	-	427.1	231
166796at7041	Complete	NC_087394.1	12103072	12106164	+	409.6	205
166801at7041	Complete	NC_087398.1	2397418	2391875	-	1397.2	692
166804at7041	Complete	NC_087400.1	5227877	5228809	+	591.8	311
166808at7041	Complete	NC_087397.1	4139652	4141292	+	805.3	386
166809at7041	Complete	NC_087400.1	17256154	17201614	-	2235.1	1499
166818at7041	Complete	NC_087397.1	10669735	10665300	-	366.8	257
166821at7041	Complete	NC_087400.1	622972	619825	-	219.5	112
166823at7041	Complete	NC_087398.1	5275030	5274604	-	239.0	119
166843at7041	Complete	NC_087402.1	6147368	6147942	+	275.0	157
166850at7041	Complete	NC_087394.1	21652395	21651281	-	197.4	117
166852at7041	Complete	NC_087400.1	78477	83429	+	2402.5	1489
166859at7041	Complete	NC_087394.1	32858887	32857844	-	510.7	289
166869at7041	Complete	NC_087394.1	35201825	35202505	+	356.0	179
166871at7041	Complete	NC_087394.1	12107915	12106669	-	572.1	410
166872at7041	Complete	NC_087396.1	23585056	23586580	+	333.9	157
166886at7041	Complete	NC_087398.1	6314936	6315661	+	349.3	185
166890at7041	Complete	NC_087396.1	21578168	21580465	+	353.5	232
166892at7041	Complete	NC_087402.1	2916116	2915304	-	556.5	253
166894at7041	Complete	NC_087400.1	5273105	5272023	-	837.9	362
166898at7041	Complete	NC_087398.1	1400819	1400189	-	287.9	174
166903at7041	Complete	NC_087394.1	21736224	21743073	+	846.1	434
166906at7041	Complete	NC_087396.1	19877767	19876791	-	495.6	267
166907at7041	Complete	NC_087394.1	30258612	30259667	+	349.8	246
166914at7041	Complete	NC_087394.1	28842149	28841308	-	428.3	219
166920at7041	Complete	NC_087398.1	12805178	12807650	+	853.6	534
166921at7041	Complete	NC_087400.1	4200706	4204369	+	886.6	554
166942at7041	Complete	NC_087396.1	19857775	19862124	+	1329.8	694
166946at7041	Complete	NC_087397.1	6381764	6383001	+	152.5	124
166947at7041	Complete	NC_087403.1	4481566	4480349	-	612.5	330
166957at7041	Complete	NC_087400.1	63194	60794	-	946.0	559
166968at7041	Complete	NC_087401.1	9708859	9699365	-	1240.2	622
166978at7041	Complete	NC_087403.1	6199548	6192031	-	2094.4	1280
166982at7041	Fragmented	NC_087400.1	3779171	3829401	+	1062.3	597
166984at7041	Complete	NC_087398.1	3097092	3092079	-	259.4	160
166993at7041	Complete	NC_087403.1	5296992	5300605	+	989.7	607
166996at7041	Complete	NC_087403.1	1767066	1762178	-	1454.0	739
167000at7041	Complete	NC_087398.1	2991509	2988989	-	1449.9	731
167002at7041	Complete	NC_087401.1	12946324	12937421	-	374.6	220
167005at7041	Complete	NC_087399.1	4882975	4882114	-	413.8	246
167013at7041	Complete	NC_087398.1	4910127	4974453	+	574.2	401
167019at7041	Complete	NC_087398.1	11175828	11177025	+	458.8	271
167022at7041	Complete	NC_087399.1	2098201	2096411	-	875.6	441
167025at7041	Complete	NC_087397.1	2054828	2055669	+	362.0	205
167027at7041	Complete	NC_087402.1	3083538	3084921	+	546.7	310
167043at7041	Complete	NC_087394.1	30247558	30241853	-	878.6	480
167048at7041	Complete	NC_087401.1	17026802	17024655	-	400.4	200
167054at7041	Complete	NC_087398.1	7915778	7917086	+	686.9	344
167057at7041	Complete	NC_087401.1	13375626	13377136	+	729.3	422
167070at7041	Complete	NC_087403.1	509843	503048	-	308.9	219
167072at7041	Complete	NC_087398.1	13035468	13034005	-	403.4	308
167088at7041	Complete	NC_087398.1	2603254	2574608	-	898.0	465
167104at7041	Complete	NC_087394.1	24929569	24922536	-	738.2	390
167121at7041	Complete	NC_087400.1	1680437	1684314	+	608.7	364
167127at7041	Complete	NC_087396.1	19787677	19782083	-	1181.5	668
167130at7041	Complete	NC_087401.1	14756424	14749124	-	4643.4	2245
167150at7041	Complete	NC_087395.1	5287465	5207273	-	599.5	289
167160at7041	Complete	NC_087396.1	20014942	20011190	-	1599.7	905
167161at7041	Complete	NC_087394.1	35192250	35193344	+	668.0	360
167164at7041	Complete	NC_087395.1	21892541	21894041	+	684.2	414
167177at7041	Complete	NC_087395.1	24040041	24039240	-	463.8	247
167178at7041	Complete	NC_087395.1	24752699	24751456	-	532.1	255
167183at7041	Complete	NC_087397.1	6534813	6533170	-	1103.8	520
167184at7041	Complete	NC_087402.1	4412287	4407168	-	1449.6	717
167195at7041	Complete	NC_087394.1	13863892	13860995	-	447.0	247
167197at7041	Complete	NC_087395.1	23676225	23675390	-	489.0	283
167205at7041	Complete	NC_087403.1	4058034	4060735	+	772.9	448
167216at7041	Complete	NC_087402.1	8863555	8869383	+	468.0	276
167243at7041	Complete	NC_087397.1	3195885	3195385	-	218.3	125
167247at7041	Complete	NC_087396.1	15871226	15878349	+	807.2	408
167251at7041	Complete	NC_087400.1	2454997	2441726	-	2015.0	1215
167280at7041	Complete	NC_087398.1	1008296	1006747	-	539.1	394
167293at7041	Complete	NC_087396.1	21764507	21766304	+	673.0	405
167294at7041	Complete	NC_087396.1	14293948	14309559	+	2028.9	963
167296at7041	Complete	NC_087398.1	4427130	4425508	-	768.0	395
167302at7041	Complete	NC_087403.1	8537735	8532847	-	1152.9	586
167304at7041	Complete	NC_087396.1	14200806	14197660	-	1331.5	671
167308at7041	Complete	NC_087398.1	3163537	3164626	+	468.9	280
167324at7041	Complete	NC_087395.1	23964507	23967431	+	306.9	141
167332at7041	Complete	NC_087399.1	2788784	2787126	-	972.7	524
167336at7041	Complete	NC_087403.1	6342718	6336873	-	1196.9	567
167337at7041	Complete	NC_087399.1	2702708	2703473	+	216.6	130
167356at7041	Complete	NC_087396.1	19998295	20001337	+	649.9	382
167357at7041	Complete	NC_087400.1	17030768	17054036	+	2077.7	1401
167358at7041	Complete	NC_087395.1	3613361	3592089	-	680.7	380
167365at7041	Complete	NC_087399.1	7873403	7865903	-	1434.8	807
167373at7041	Complete	NC_087396.1	24661377	24654291	-	2055.5	1107
167386at7041	Complete	NC_087397.1	6367182	6363978	-	875.0	533
167408at7041	Complete	NC_087397.1	6406542	6413024	+	808.5	431
167410at7041	Complete	NC_087394.1	2845217	2836977	-	1473.3	658
167411at7041	Complete	NC_087396.1	13260421	13252624	-	718.6	422
167418at7041	Complete	NC_087398.1	1081756	1085532	+	520.8	297
167419at7041	Complete	NC_087399.1	8960399	8956658	-	923.1	417
167429at7041	Complete	NC_087398.1	7336349	7338476	+	638.6	348
167431at7041	Complete	NC_087399.1	7296852	7296483	-	179.1	105
167432at7041	Complete	NC_087400.1	3610224	3605766	-	2333.6	1307
167438at7041	Complete	NC_087401.1	15409551	15410474	+	407.1	212
167439at7041	Complete	NC_087399.1	8511169	8510563	-	294.7	169
167440at7041	Complete	NC_087397.1	889306	896685	+	951.6	482
167443at7041	Fragmented	NC_087398.1	8165193	8166642	+	361.7	229
167449at7041	Complete	NC_087399.1	4686754	4689029	+	431.6	284
167456at7041	Complete	NC_087401.1	8500729	8486338	-	2195.6	1124
167473at7041	Complete	NC_087398.1	7335778	7335032	-	358.7	225
167478at7041	Complete	NC_087399.1	1012074	1011172	-	544.0	295
167479at7041	Complete	NC_087395.1	17631538	17632309	+	446.4	231
167507at7041	Complete	NC_087396.1	10768223	10765588	-	1247.9	649
167520at7041	Complete	NC_087400.1	3150460	3191303	+	2483.4	1343
167533at7041	Complete	NC_087395.1	14742407	14743005	+	221.5	168
167546at7041	Complete	NC_087398.1	10556426	10559106	+	506.3	328
167547at7041	Complete	NC_087402.1	3403993	3405628	+	890.5	447
167559at7041	Complete	NC_087399.1	3484246	3482531	-	990.8	586
167563at7041	Complete	NC_087396.1	23966995	24002161	+	501.3	273
167571at7041	Complete	NC_087402.1	11349732	11350994	+	540.7	361
167574at7041	Complete	NC_087402.1	8456055	8448594	-	1464.2	893
167582at7041	Complete	NC_087400.1	3481566	3464904	-	2973.4	1503
167585at7041	Complete	NC_087395.1	25659336	25660831	+	499.8	307
167588at7041	Complete	NC_087399.1	126485	128226	+	852.8	505
167591at7041	Complete	NC_087401.1	8308528	8318173	+	1157.8	574
167598at7041	Complete	NC_087401.1	17190089	17189223	-	427.8	229
167606at7041	Complete	NC_087394.1	6110577	6074781	-	2151.8	1255
167618at7041	Complete	NC_087402.1	97539	103019	+	1282.0	781
167624at7041	Complete	NC_087396.1	9734204	9696010	-	1114.1	601
167645at7041	Complete	NC_087403.1	8316083	8317197	+	453.2	286
167654at7041	Complete	NC_087400.1	1081607	1083185	+	749.6	361
167658at7041	Complete	NC_087396.1	16647760	16648792	+	514.3	287
167659at7041	Complete	NC_087400.1	2695738	2692550	-	1521.9	756
167660at7041	Complete	NC_087400.1	3000054	2998764	-	585.8	380
167663at7041	Complete	NC_087398.1	2986604	2988369	+	724.0	419
167664at7041	Complete	NC_087402.1	1241428	1242780	+	519.0	299
167667at7041	Complete	NC_087394.1	32062678	32063461	+	467.0	213
167672at7041	Complete	NC_087402.1	4259450	4267022	+	2608.0	1412
167675at7041	Complete	NC_087398.1	4019896	4020702	+	435.9	249
167677at7041	Complete	NC_087394.1	36778275	36779532	+	619.1	340
167678at7041	Complete	NC_087396.1	24592613	24593050	+	307.7	145
167682at7041	Complete	NC_087397.1	2912306	2914519	+	795.9	658
167683at7041	Complete	NC_087399.1	7270189	7265243	-	768.5	591
167688at7041	Complete	NC_087400.1	7225727	7221307	-	821.4	376
167691at7041	Complete	NC_087398.1	1186134	1183754	-	1507.9	708
167692at7041	Complete	NC_087396.1	23115975	23117353	+	584.6	344
167701at7041	Complete	NC_087394.1	37190360	37182430	-	892.6	588
167705at7041	Complete	NC_087397.1	4048966	4052314	+	1282.9	828
167709at7041	Complete	NC_087395.1	15158466	15151410	-	1254.9	683
167710at7041	Complete	NC_087394.1	30819858	30817300	-	897.2	512
167713at7041	Complete	NC_087396.1	24607435	24609978	+	605.1	330
167715at7041	Complete	NC_087394.1	27067814	26905253	-	591.8	313
167726at7041	Complete	NC_087402.1	5502951	5504343	+	755.3	369
167736at7041	Complete	NC_087395.1	23152034	23153186	+	450.3	234
167742at7041	Complete	NC_087398.1	12796872	12797218	+	171.3	97
167758at7041	Complete	NC_087397.1	1390016	1393952	+	943.3	573
167765at7041	Complete	NC_087399.1	4611943	4613468	+	677.4	413
167781at7041	Complete	NC_087395.1	13830049	13822324	-	1399.6	675
167786at7041	Complete	NC_087403.1	8484659	8483595	-	552.3	288
167789at7041	Complete	NC_087395.1	24775278	24769366	-	932.5	430
167795at7041	Complete	NC_087398.1	5318893	5319525	+	309.8	214
167796at7041	Complete	NC_087399.1	132345	132879	+	295.5	158
167797at7041	Complete	NC_087402.1	9737939	9727311	-	731.4	382
167798at7041	Complete	NC_087398.1	10431637	10467228	+	1067.2	493
167807at7041	Complete	NC_087395.1	25776672	25696098	-	184.9	101
167817at7041	Complete	NC_087394.1	26061333	26062553	+	720.4	479
167819at7041	Complete	NC_087396.1	15501124	15502663	+	612.2	358
167820at7041	Complete	NC_087394.1	537712	542935	+	602.0	388
167827at7041	Complete	NC_087402.1	6732869	6739964	+	303.2	217
167839at7041	Complete	NC_087395.1	21019440	21027403	+	1318.5	825
167843at7041	Complete	NC_087403.1	7933231	7942305	+	2518.5	1257
167851at7041	Complete	NC_087400.1	3694923	3693658	-	646.8	389
167873at7041	Complete	NC_087397.1	4185087	4183231	-	793.1	480
167882at7041	Complete	NC_087398.1	10948552	10930357	-	675.2	360
167888at7041	Complete	NC_087397.1	6132919	6131993	-	435.8	256
167897at7041	Complete	NC_087394.1	30724103	30727846	+	1087.5	567
167902at7041	Complete	NC_087395.1	15902813	15928502	+	1420.5	661
167915at7041	Complete	NC_087403.1	9094307	9092511	-	440.6	257
167919at7041	Complete	NC_087394.1	24155585	24158036	+	547.8	294
167922at7041	Complete	NC_087398.1	562290	553397	-	2055.3	1075
167928at7041	Complete	NC_087394.1	665437	667679	+	513.5	277
167930at7041	Complete	NC_087398.1	6905947	6907297	+	304.5	168
167935at7041	Complete	NC_087396.1	12759847	12761979	+	700.7	348
167944at7041	Complete	NC_087396.1	14153054	14151027	-	1280.5	628
167954at7041	Complete	NC_087394.1	28290655	28289952	-	225.8	176
167956at7041	Complete	NC_087396.1	11583214	11584688	+	340.6	210
167960at7041	Complete	NC_087403.1	4496974	4495085	-	1124.0	539
167968at7041	Complete	NC_087403.1	5457956	5459592	+	394.1	310
167976at7041	Complete	NC_087400.1	791109	801958	+	822.8	414
167988at7041	Complete	NC_087399.1	2991085	2991724	+	239.2	123
167994at7041	Complete	NC_087402.1	6197070	6189479	-	1128.3	663
167997at7041	Complete	NC_087403.1	4061638	4062053	+	192.5	116
168003at7041	Complete	NC_087394.1	36376253	36375900	-	219.7	117
168008at7041	Complete	NC_087399.1	1560777	1558941	-	977.9	518
168012at7041	Complete	NC_087400.1	7258987	7265044	+	375.4	204
168013at7041	Complete	NC_087396.1	22349060	22348374	-	385.8	193
168015at7041	Complete	NC_087395.1	23555830	23557990	+	700.7	433
168018at7041	Complete	NC_087401.1	14814182	14815288	+	703.0	343
168019at7041	Complete	NC_087397.1	10487655	10492273	+	614.4	355
168023at7041	Complete	NC_087395.1	19978219	19979051	+	290.4	192
168025at7041	Complete	NC_087395.1	19599813	19598694	-	544.4	264
168028at7041	Complete	NC_087398.1	2274413	2275596	+	629.5	342
168032at7041	Complete	NC_087400.1	3831493	3830360	-	508.8	302
168034at7041	Complete	NC_087398.1	5550318	5551012	+	397.9	203
168053at7041	Complete	NC_087394.1	35482707	35484776	+	743.6	497
168059at7041	Complete	NC_087394.1	33027729	33029702	+	858.8	462
168063at7041	Complete	NC_087394.1	11512648	11505332	-	189.1	105
168065at7041	Complete	NC_087398.1	5664061	5659882	-	319.9	169
168068at7041	Complete	NC_087398.1	4376502	4378861	+	898.3	464
168074at7041	Complete	NC_087398.1	2633135	2630210	-	453.7	235
168076at7041	Complete	NC_087395.1	18283049	18282060	-	496.0	264
168081at7041	Complete	NC_087396.1	24630377	24625549	-	1362.5	746
168091at7041	Complete	NC_087394.1	7768800	7773188	+	873.6	417
168092at7041	Complete	NC_087402.1	12185385	12171718	-	319.8	209
168104at7041	Complete	NC_087398.1	7050342	7051118	+	393.7	242
168131at7041	Complete	NC_087403.1	8315328	8311512	-	811.1	434
168152at7041	Complete	NC_087397.1	6348212	6349427	+	540.9	317
168164at7041	Complete	NC_087394.1	27625336	27627026	+	744.9	494
168166at7041	Complete	NC_087400.1	10149745	10142286	-	1318.9	701
168171at7041	Complete	NC_087398.1	7831729	7779040	-	444.5	223
168183at7041	Complete	NC_087402.1	5135233	5142923	+	996.9	588
168209at7041	Complete	NC_087394.1	25224146	25251638	+	478.2	239
168223at7041	Complete	NC_087398.1	12757887	12759098	+	724.6	375
168229at7041	Complete	NC_087402.1	2874225	2789538	-	4471.9	2260
168232at7041	Complete	NC_087398.1	8303201	8304590	+	743.1	390
168236at7041	Complete	NC_087399.1	12767385	12801066	+	205.9	136
168238at7041	Complete	NC_087395.1	24711617	24715570	+	428.9	259
168243at7041	Complete	NC_087396.1	11916646	11915858	-	383.1	198
168244at7041	Complete	NC_087397.1	428030	432318	+	901.4	428
168245at7041	Complete	NC_087395.1	18938475	18937932	-	183.1	120
168253at7041	Complete	NC_087403.1	8288988	8280259	-	1158.4	605
168274at7041	Complete	NC_087395.1	25854986	25856316	+	557.4	377
168275at7041	Complete	NC_087401.1	16846131	16845676	-	251.4	126
168286at7041	Complete	NC_087398.1	6896848	6896108	-	452.0	226
168288at7041	Complete	NC_087397.1	5851788	5860796	+	519.4	256
168292at7041	Complete	NC_087403.1	8077072	8068655	-	1240.6	764
168294at7041	Complete	NC_087398.1	9638495	9639581	+	419.0	229
168298at7041	Complete	NC_087401.1	8386215	8390641	+	601.0	321
168299at7041	Complete	NC_087395.1	17853753	17843573	-	1089.2	695
168303at7041	Complete	NC_087398.1	13517115	13498904	-	1445.6	1004
168304at7041	Complete	NC_087397.1	10349057	10350375	+	434.0	216
168306at7041	Complete	NC_087394.1	25108054	25108777	+	236.7	202
168307at7041	Complete	NC_087394.1	31729880	31734186	+	1029.1	506
168313at7041	Complete	NC_087397.1	8106202	8168684	+	660.8	384
168324at7041	Complete	NC_087394.1	14487214	14503876	+	790.2	394
168331at7041	Complete	NC_087401.1	15520597	15521590	+	527.4	282
168332at7041	Complete	NC_087394.1	2120375	2117235	-	650.7	330
168351at7041	Complete	NC_087398.1	4238368	4240205	+	932.2	484
168352at7041	Complete	NC_087398.1	12658601	12652983	-	1326.1	796
168358at7041	Complete	NC_087399.1	4174491	4178120	+	1144.0	621
168364at7041	Complete	NC_087400.1	9108115	9102623	-	659.9	452
168365at7041	Complete	NC_087395.1	24859821	24906581	+	1857.6	913
168366at7041	Complete	NC_087395.1	20718480	20719076	+	383.4	195
168370at7041	Complete	NC_087396.1	24293270	24291872	-	664.6	385
168375at7041	Complete	NC_087401.1	7952354	7927475	-	792.9	411
168389at7041	Complete	NC_087399.1	138549	140354	+	297.2	220
168392at7041	Complete	NC_087394.1	27204766	27205791	+	470.1	270
168396at7041	Complete	NC_087398.1	8715777	8714014	-	693.2	465
168406at7041	Complete	NC_087401.1	8814878	8785758	-	362.3	293
168418at7041	Complete	NC_087396.1	16570028	16564602	-	1582.1	804
168424at7041	Complete	NC_087394.1	36924170	36923244	-	429.2	264
168426at7041	Complete	NC_087395.1	23786219	23785862	-	154.4	90
168456at7041	Complete	NC_087395.1	16100458	16095138	-	552.8	308
168457at7041	Complete	NC_087399.1	980071	977893	-	923.4	536
168458at7041	Complete	NC_087398.1	4395754	4389764	-	1643.4	1078
168460at7041	Complete	NC_087399.1	8939864	8935986	-	431.7	276
168462at7041	Complete	NC_087398.1	1397194	1399588	+	1047.5	654
168464at7041	Complete	NC_087397.1	2089523	2092373	+	1344.8	745
168465at7041	Complete	NC_087397.1	5691058	5692491	+	648.1	369
168466at7041	Complete	NC_087400.1	4082519	4081499	-	514.1	297
168468at7041	Complete	NC_087395.1	26040493	26042105	+	379.9	336
168477at7041	Complete	NC_087396.1	20956432	20958071	+	852.1	442
168487at7041	Complete	NC_087399.1	2881460	2898305	+	3530.3	1767
168493at7041	Complete	NC_087398.1	4388121	4383604	-	1255.7	670
168501at7041	Complete	NC_087396.1	12786621	12789991	+	1459.0	845
168502at7041	Complete	NC_087396.1	21746157	21747371	+	650.5	386
168503at7041	Complete	NC_087396.1	13433554	13432315	-	452.8	330
168504at7041	Complete	NC_087402.1	546370	551469	+	1865.7	896
168507at7041	Complete	NC_087397.1	10341769	10342556	+	393.9	218
168523at7041	Complete	NC_087398.1	11847239	11843379	-	749.7	435
168525at7041	Complete	NC_087394.1	11240177	11232547	-	617.0	363
168527at7041	Complete	NC_087402.1	2911694	2913343	+	936.0	503
168529at7041	Complete	NC_087395.1	17784513	17786694	+	1072.4	694
168533at7041	Complete	NC_087394.1	13832414	13844469	+	660.1	409
168543at7041	Complete	NC_087396.1	11987546	11985936	-	716.7	430
168547at7041	Complete	NC_087396.1	22264866	22260724	-	1065.9	721
168584at7041	Complete	NC_087399.1	1350802	1350089	-	133.3	116
168592at7041	Complete	NC_087398.1	5726411	5709024	-	586.9	315
168605at7041	Complete	NC_087400.1	16503971	16497342	-	1139.6	793
168612at7041	Complete	NC_087396.1	12741993	12735988	-	210.5	135
168614at7041	Complete	NC_087402.1	2418015	2419503	+	728.2	389
168626at7041	Complete	NC_087394.1	29877106	29879283	+	732.7	408
168628at7041	Fragmented	NC_087403.1	6180383	6176207	-	283.1	188
168630at7041	Complete	NC_087398.1	3706183	3696433	-	447.0	265
168631at7041	Complete	NC_087400.1	1285231	1296411	+	868.6	431
168632at7041	Complete	NC_087401.1	10863778	10864312	+	198.8	161
168635at7041	Complete	NC_087396.1	20423368	20416216	-	994.7	608
168654at7041	Complete	NC_087399.1	3031515	3028830	-	1707.2	838
168661at7041	Complete	NC_087397.1	6379450	6376603	-	580.0	317
168663at7041	Complete	NC_087396.1	10205172	10206145	+	318.4	261
168668at7041	Complete	NC_087394.1	7494327	7528959	+	250.2	215
168672at7041	Complete	NC_087402.1	1717839	1715173	-	796.0	661
168673at7041	Complete	NC_087394.1	896244	894549	-	544.6	310
168676at7041	Complete	NC_087402.1	12369226	12375656	+	274.0	156
168678at7041	Complete	NC_087400.1	8693991	8688445	-	432.5	204
168679at7041	Complete	NC_087394.1	11481883	11469643	-	442.0	224
168691at7041	Complete	NC_087398.1	5848204	5852458	+	555.8	484
168692at7041	Complete	NC_087399.1	2704868	2703733	-	402.2	238
168693at7041	Complete	NC_087398.1	13264994	13265665	+	311.6	195
168726at7041	Complete	NC_087396.1	13454278	13456094	+	693.5	551
168738at7041	Complete	NC_087403.1	7274495	7277910	+	539.1	251
168740at7041	Complete	NC_087395.1	14994440	14997052	+	584.5	311
168743at7041	Complete	NC_087397.1	4517466	4519208	+	714.6	508
168746at7041	Complete	NC_087401.1	13064109	13067800	+	361.0	197
168749at7041	Complete	NC_087394.1	27828831	27830040	+	547.4	331
168752at7041	Complete	NC_087396.1	11856989	11858013	+	592.4	311
168753at7041	Complete	NC_087396.1	15351350	15240726	-	791.5	398
168756at7041	Complete	NC_087395.1	25517386	25469616	-	1102.7	437
168770at7041	Complete	NC_087395.1	19183306	19035259	-	2099.0	1099
168776at7041	Complete	NC_087401.1	16340647	16337437	-	833.8	443
168778at7041	Complete	NC_087397.1	137185	140297	+	935.9	599
168779at7041	Complete	NC_087397.1	3995956	3998109	+	538.6	292
168783at7041	Complete	NC_087396.1	22640063	22639351	-	320.8	209
168791at7041	Complete	NC_087400.1	1118083	1114788	-	758.6	561
168797at7041	Complete	NC_087403.1	1214201	1217383	+	831.5	495
168801at7041	Complete	NC_087401.1	12383616	12449682	+	627.7	441
168814at7041	Complete	NC_087403.1	8550031	8543431	-	3167.9	1700
168816at7041	Complete	NC_087402.1	1728718	1723147	-	462.4	260
168817at7041	Complete	NC_087394.1	29396447	29377953	-	695.0	394
168819at7041	Complete	NC_087398.1	5111210	5110280	-	428.1	232
168838at7041	Complete	NC_087401.1	11649438	11646096	-	1748.6	957
168844at7041	Complete	NC_087402.1	2910433	2909808	-	263.6	158
168849at7041	Complete	NC_087394.1	737459	732477	-	1103.5	595
168853at7041	Complete	NC_087399.1	2741550	2744340	+	384.6	276
168857at7041	Complete	NC_087398.1	6645729	6647888	+	1092.0	651
168859at7041	Complete	NC_087394.1	12532827	12533814	+	301.8	181
168862at7041	Complete	NC_087396.1	23353184	23363557	+	211.8	162
168867at7041	Complete	NC_087402.1	8822716	8829641	+	825.1	510
168873at7041	Complete	NC_087395.1	26382485	26385325	+	1087.7	637
168874at7041	Complete	NC_087398.1	11366370	11365959	-	239.2	122
168878at7041	Complete	NC_087395.1	21346891	21353297	+	1938.7	1049
168879at7041	Complete	NC_087399.1	9878984	9900606	+	1709.4	976
168883at7041	Complete	NC_087398.1	5842174	5843871	+	835.6	397
168889at7041	Complete	NC_087403.1	8693753	8695228	+	381.0	382
168893at7041	Complete	NC_087403.1	3461959	3462681	+	371.2	182
168899at7041	Complete	NC_087394.1	35201541	35200867	-	368.6	217
168900at7041	Complete	NC_087396.1	19034393	19015039	-	1226.0	600
168904at7041	Complete	NC_087395.1	14770215	14770703	+	328.1	157
168909at7041	Complete	NC_087397.1	7494323	7488211	-	1152.9	653
168920at7041	Complete	NC_087400.1	1551996	1542122	-	792.2	445
168923at7041	Complete	NC_087397.1	1345726	1286417	-	313.9	195
168926at7041	Complete	NC_087398.1	8839305	8826726	-	886.2	443
168932at7041	Complete	NC_087403.1	4154543	4157640	+	1193.3	824
168935at7041	Complete	NC_087402.1	1549562	1547337	-	1070.3	637
168936at7041	Complete	NC_087398.1	5108594	5105589	-	767.5	346
168941at7041	Fragmented	NC_087395.1	23610456	23611733	+	404.1	241
168959at7041	Complete	NC_087397.1	12757097	12755856	-	631.4	364
168962at7041	Complete	NC_087396.1	19983230	19984421	+	361.2	270
168963at7041	Complete	NC_087396.1	23570848	23568925	-	643.8	455
168978at7041	Complete	NC_087402.1	3137907	3142224	+	1435.3	803
168993at7041	Complete	NC_087396.1	14005667	14006511	+	413.4	202
169000at7041	Complete	NC_087398.1	393984	395740	+	689.4	408
169004at7041	Complete	NC_087397.1	21453061	21473273	+	929.6	546
169008at7041	Complete	NC_087398.1	8352867	8350749	-	429.7	353
169010at7041	Complete	NC_087399.1	1864178	1859753	-	1734.0	932
169013at7041	Complete	NC_087403.1	3950352	3942895	-	1084.9	524
169014at7041	Complete	NC_087394.1	8163751	8154831	-	1143.0	630
169025at7041	Complete	NC_087401.1	16868075	16868818	+	383.8	220
169027at7041	Complete	NC_087397.1	3637106	3636161	-	400.9	256
169030at7041	Complete	NC_087397.1	1920431	1918626	-	819.9	557
169034at7041	Complete	NC_087397.1	5311109	5308400	-	887.4	543
169035at7041	Complete	NC_087396.1	13932422	13934800	+	222.3	151
169036at7041	Complete	NC_087397.1	5069232	5068036	-	549.8	325
169051at7041	Complete	NC_087394.1	8205896	8209691	+	447.6	253
169058at7041	Complete	NC_087394.1	7566607	7627616	+	453.0	224
169062at7041	Complete	NC_087396.1	22469947	22465454	-	1955.7	1000
169083at7041	Complete	NC_087396.1	24706138	24709438	+	557.5	276
169095at7041	Complete	NC_087401.1	12457264	12453145	-	356.7	191
169105at7041	Complete	NC_087398.1	5363719	5364978	+	622.7	341
169106at7041	Complete	NC_087395.1	25637755	25636715	-	345.8	244
169108at7041	Complete	NC_087396.1	14014272	14012905	-	766.5	392
169114at7041	Complete	NC_087399.1	7021140	7023671	+	1168.9	596
169120at7041	Complete	NC_087398.1	6549898	6548840	-	480.9	266
169121at7041	Complete	NC_087399.1	883256	885288	+	970.6	546
169133at7041	Complete	NC_087398.1	9864676	9871017	+	1812.9	1142
169147at7041	Complete	NC_087394.1	9834959	9838345	+	582.0	372
169162at7041	Complete	NC_087396.1	23366112	23364916	-	500.1	293
169164at7041	Complete	NC_087394.1	2162122	2159587	-	895.2	484
169166at7041	Complete	NC_087397.1	1871971	1868503	-	397.8	203
169168at7041	Complete	NC_087402.1	5104361	5116360	+	1635.6	928
169174at7041	Complete	NC_087399.1	6505178	6507331	+	608.0	385
169175at7041	Complete	NC_087395.1	14009395	14042174	+	505.2	254
169176at7041	Complete	NC_087403.1	8165453	8256059	+	1990.8	1034
169177at7041	Complete	NC_087399.1	9756818	9757354	+	214.9	146
169179at7041	Complete	NC_087396.1	20581421	20580285	-	707.8	335
169181at7041	Complete	NC_087395.1	25409436	25411388	+	950.5	612
169184at7041	Complete	NC_087402.1	9969623	9871854	-	1467.0	872
169186at7041	Complete	NC_087397.1	10571871	10572625	+	275.4	188
169189at7041	Complete	NC_087395.1	22442375	22454824	+	700.6	349
169198at7041	Complete	NC_087403.1	4152701	4148405	-	734.8	513
169212at7041	Complete	NC_087401.1	8260236	8256982	-	527.6	317
169222at7041	Complete	NC_087400.1	3485788	3486700	+	398.6	204
169237at7041	Complete	NC_087397.1	9422230	9419855	-	817.3	376
169244at7041	Complete	NC_087401.1	15925511	15924539	-	399.5	255
169253at7041	Complete	NC_087398.1	3466081	3468402	+	821.0	494
169263at7041	Complete	NC_087402.1	3522508	3509112	-	1347.2	979
169275at7041	Complete	NC_087398.1	15093763	15068298	-	1077.9	603
169287at7041	Complete	NC_087399.1	9870035	9869410	-	310.6	186
169295at7041	Complete	NC_087400.1	613383	617862	+	977.0	607
169296at7041	Complete	NC_087394.1	31336266	31338177	+	784.5	476
169307at7041	Complete	NC_087394.1	28298228	28363921	+	500.0	318
169312at7041	Complete	NC_087401.1	11186605	11188474	+	957.6	549
169317at7041	Complete	NC_087402.1	176979	202870	+	1249.4	717
169319at7041	Complete	NC_087399.1	2784001	2786485	+	1136.4	639
169340at7041	Complete	NC_087394.1	32861742	32863704	+	351.2	272
169347at7041	Complete	NC_087397.1	12162793	12234171	+	677.7	419
169351at7041	Complete	NC_087402.1	5187166	5184993	-	825.5	552
169353at7041	Complete	NC_087399.1	5467673	5373129	-	1273.0	660
169354at7041	Complete	NC_087398.1	12839195	12838630	-	299.7	157
169358at7041	Complete	NC_087395.1	78757	79910	+	405.6	229
169366at7041	Complete	NC_087399.1	11488171	11481920	-	646.2	373
169374at7041	Complete	NC_087396.1	23434913	23432399	-	926.5	611
169398at7041	Complete	NC_087403.1	7348983	7344315	-	863.2	498
169399at7041	Complete	NC_087396.1	19902042	19907182	+	847.8	515
169408at7041	Complete	NC_087398.1	5693834	5691778	-	596.6	364
169420at7041	Complete	NC_087395.1	23649439	23637855	-	583.2	291
169423at7041	Complete	NC_087403.1	6951350	6956923	+	1476.3	1413
169425at7041	Complete	NC_087399.1	3357931	3340420	-	480.9	370
169432at7041	Complete	NC_087398.1	12651206	12650235	-	363.7	223
169441at7041	Fragmented	NC_087399.1	11346851	11364004	+	212.2	144
169461at7041	Complete	NC_087399.1	8509580	8510552	+	302.0	266
169477at7041	Complete	NC_087398.1	4511507	4512565	+	277.4	217
169482at7041	Complete	NC_087403.1	1896051	1902058	+	773.5	405
169485at7041	Complete	NC_087398.1	14599145	14602161	+	137.4	90
169488at7041	Complete	NC_087402.1	11084992	11086470	+	756.6	480
169494at7041	Fragmented	NC_087399.1	8695070	8696181	+	409.7	222
169495at7041	Complete	NC_087401.1	17457112	17455975	-	331.1	234
169503at7041	Complete	NC_087396.1	10937603	10954210	+	3196.9	1765
169504at7041	Complete	NC_087397.1	6607355	6605827	-	589.4	325
169523at7041	Complete	NC_087396.1	16679882	16662850	-	908.6	520
169524at7041	Complete	NC_087397.1	5573848	5574985	+	367.3	280
169538at7041	Complete	NC_087398.1	7257725	7264489	+	446.8	322
169547at7041	Complete	NC_087403.1	6206880	6204367	-	663.3	359
169550at7041	Complete	NC_087395.1	19628093	19630067	+	668.2	376
169568at7041	Complete	NC_087395.1	14402278	14405842	+	1330.5	789
169569at7041	Complete	NC_087402.1	570755	559326	-	1456.8	1032
169579at7041	Complete	NC_087394.1	37083169	37082489	-	381.8	209
169607at7041	Complete	NC_087396.1	13659784	13663922	+	1285.2	768
169628at7041	Complete	NC_087395.1	14304252	14284366	-	827.7	582
169629at7041	Complete	NC_087398.1	3168867	3167590	-	644.2	351
169639at7041	Complete	NC_087402.1	9319636	9320358	+	169.3	158
169644at7041	Complete	NC_087402.1	2119127	2118664	-	183.8	119
169648at7041	Complete	NC_087395.1	24040830	24059250	+	1588.4	1072
169651at7041	Complete	NC_087401.1	12691902	12704222	+	1253.7	754
169662at7041	Complete	NC_087399.1	1160731	1134490	-	479.3	270
169668at7041	Complete	NC_087396.1	10589267	10586787	-	1081.8	620
169677at7041	Complete	NC_087401.1	8328464	8318568	-	1138.8	614
169678at7041	Complete	NC_087395.1	14836379	14833635	-	671.4	498
169679at7041	Complete	NC_087394.1	35545274	35545906	+	131.7	107
169680at7041	Complete	NC_087397.1	4268023	4265408	-	1248.3	717
169690at7041	Complete	NC_087394.1	14508943	14516693	+	533.4	327
169692at7041	Complete	NC_087394.1	7268019	7313072	+	545.8	286
169698at7041	Complete	NC_087403.1	3859484	3855009	-	1543.9	920
169701at7041	Complete	NC_087394.1	11004509	11003895	-	346.7	169
169706at7041	Complete	NC_087398.1	9281830	9286961	+	741.8	506
169716at7041	Complete	NC_087401.1	15538052	15538444	+	206.5	111
169718at7041	Complete	NC_087399.1	7350687	7351406	+	190.7	174
169722at7041	Complete	NC_087398.1	1954636	1949691	-	597.7	371
169725at7041	Complete	NC_087401.1	9470365	9473454	+	605.4	341
169726at7041	Complete	NC_087400.1	1945644	1943482	-	804.0	547
169732at7041	Complete	NC_087394.1	30230540	30229314	-	403.6	248
169747at7041	Complete	NC_087399.1	1265328	1267565	+	1065.1	590
169758at7041	Complete	NC_087394.1	2708502	2699288	-	785.6	442
169764at7041	Complete	NC_087395.1	16798570	16787290	-	907.0	470
169768at7041	Complete	NC_087397.1	21488091	21492901	+	557.2	364
169773at7041	Complete	NC_087397.1	6621968	6614520	-	439.2	209
169776at7041	Complete	NC_087401.1	11967755	11981374	+	1455.1	797
169782at7041	Complete	NC_087397.1	11525979	11531187	+	1699.9	1183
169788at7041	Complete	NC_087397.1	4928073	4924719	-	612.3	461
169789at7041	Complete	NC_087395.1	23048747	23047547	-	453.8	327
169790at7041	Complete	NC_087399.1	6523361	6519722	-	550.9	316
169793at7041	Complete	NC_087395.1	21252890	21229462	-	876.0	448
169794at7041	Complete	NC_087398.1	642593	647515	+	636.6	454
169803at7041	Complete	NC_087397.1	8923787	8925361	+	492.3	291
169813at7041	Complete	NC_087401.1	11628459	11629287	+	320.3	201
169818at7041	Complete	NC_087402.1	7723610	7721849	-	490.8	261
169824at7041	Complete	NC_087399.1	8906651	8907550	+	438.1	249
169840at7041	Complete	NC_087400.1	995113	993961	-	461.2	328
169860at7041	Complete	NC_087402.1	4401194	4399919	-	205.4	154
169865at7041	Complete	NC_087397.1	8653528	8663979	+	709.1	371
169876at7041	Complete	NC_087398.1	7517708	7515420	-	1339.4	720
169885at7041	Complete	NC_087398.1	3981755	3981006	-	330.8	212
169890at7041	Complete	NC_087394.1	32390331	32381860	-	977.3	582
169892at7041	Complete	NC_087394.1	20349647	20354814	+	773.0	413
169895at7041	Complete	NC_087399.1	3525199	3521895	-	646.3	394
169899at7041	Complete	NC_087395.1	15977436	15985264	+	602.7	357
169905at7041	Complete	NC_087397.1	2821819	2822658	+	382.1	233
169920at7041	Complete	NC_087399.1	3644344	3645744	+	685.4	335
169921at7041	Complete	NC_087398.1	12870321	12864660	-	1127.1	761
169926at7041	Complete	NC_087394.1	33163382	33151834	-	635.9	465
169932at7041	Complete	NC_087398.1	4381290	4381712	+	216.8	131
169933at7041	Complete	NC_087394.1	5386194	5383075	-	298.7	180
169935at7041	Complete	NC_087400.1	1177125	1178573	+	606.1	421
169936at7041	Complete	NC_087401.1	15467245	15468150	+	383.7	256
169942at7041	Complete	NC_087399.1	6960529	6965540	+	1304.6	886
169954at7041	Complete	NC_087394.1	6858927	6850841	-	905.8	523
169959at7041	Complete	NC_087400.1	2815339	2814544	-	339.8	216
169972at7041	Complete	NC_087400.1	4423005	4428919	+	435.2	255
169983at7041	Complete	NC_087398.1	4304358	4303149	-	378.0	227
169992at7041	Complete	NC_087396.1	15036130	15025557	-	84.9	83
170000at7041	Complete	NC_087395.1	3548310	3539486	-	320.0	192
170006at7041	Complete	NC_087396.1	21470872	21469821	-	338.1	211
170008at7041	Complete	NC_087396.1	24699878	24702166	+	383.6	228
170013at7041	Complete	NC_087399.1	8519810	8519073	-	314.0	190
170026at7041	Complete	NC_087396.1	22335464	22333876	-	329.9	275
170027at7041	Complete	NC_087397.1	9844236	9849293	+	1338.2	615
170036at7041	Complete	NC_087396.1	23700337	23701689	+	484.4	335
170038at7041	Complete	NC_087398.1	5354750	5357735	+	1311.8	720
170046at7041	Complete	NC_087394.1	8392250	8406786	+	1153.4	698
170050at7041	Duplicated	NC_087403.1	731125	734044	+	278.7	149
170050at7041	Duplicated	NC_087394.1	8195601	8198742	+	278.1	149
170050at7041	Duplicated	NC_087396.1	24747036	24749432	+	255.5	126
170061at7041	Complete	NC_087394.1	32719277	32719891	+	217.4	167
170073at7041	Complete	NC_087396.1	12767326	12769304	+	729.8	489
170074at7041	Complete	NC_087396.1	16027990	15942395	-	825.6	445
170076at7041	Complete	NC_087400.1	1052654	1053535	+	517.6	288
170085at7041	Complete	NC_087398.1	4887510	4890849	+	999.6	726
170092at7041	Complete	NC_087398.1	11867386	11864435	-	362.8	257
170104at7041	Complete	NC_087403.1	2701939	2569164	-	400.3	191
170116at7041	Complete	NC_087402.1	7996185	7986267	-	1496.1	958
170129at7041	Complete	NC_087397.1	6144692	6142877	-	449.1	299
170133at7041	Complete	NC_087395.1	22144138	22145154	+	294.0	212
170136at7041	Complete	NC_087394.1	30504728	30503045	-	548.9	373
170142at7041	Complete	NC_087395.1	13567659	13561522	-	637.3	580
170151at7041	Complete	NC_087399.1	4931049	4926826	-	1625.1	1054
170155at7041	Complete	NC_087394.1	31430961	31490677	+	1032.2	610
170165at7041	Complete	NC_087394.1	31806371	31797292	-	624.5	325
170166at7041	Complete	NC_087397.1	22331255	22331926	+	320.6	241
170191at7041	Complete	NC_087401.1	14888442	14886917	-	606.7	404
170197at7041	Complete	NC_087397.1	7754653	7753264	-	481.9	341
170218at7041	Complete	NC_087396.1	15561885	15523764	-	379.0	316
170222at7041	Complete	NC_087398.1	6485745	6491727	+	2349.4	1576
170223at7041	Complete	NC_087397.1	1787382	1786144	-	424.7	215
170229at7041	Complete	NC_087397.1	3651616	3653210	+	365.4	294
170248at7041	Complete	NC_087397.1	10743838	10713741	-	191.2	118
170254at7041	Complete	NC_087397.1	12282288	12271727	-	907.2	523
170255at7041	Complete	NC_087394.1	3698516	3692469	-	1613.2	1095
170257at7041	Complete	NC_087397.1	4361490	4363011	+	510.4	376
170258at7041	Complete	NC_087395.1	4120595	3995597	-	1054.1	810
170260at7041	Complete	NC_087396.1	21481386	21482738	+	384.8	297
170266at7041	Complete	NC_087394.1	33825813	33823526	-	883.8	629
170268at7041	Complete	NC_087399.1	4825305	4831124	+	982.4	436
170274at7041	Complete	NC_087403.1	8970028	9014337	+	380.4	178
170282at7041	Complete	NC_087397.1	6692202	6671721	-	869.1	611
170290at7041	Complete	NC_087402.1	4258894	4257902	-	376.6	280
170292at7041	Complete	NC_087394.1	15557279	15544780	-	627.3	384
170299at7041	Complete	NC_087399.1	5018244	5014811	-	317.7	212
170315at7041	Complete	NC_087394.1	11205620	11232343	+	1171.7	849
170330at7041	Complete	NC_087396.1	10634130	10637453	+	1141.2	623
170337at7041	Complete	NC_087394.1	25607469	25604590	-	840.6	578
170338at7041	Complete	NC_087400.1	16509317	16510417	+	533.5	345
170340at7041	Complete	NC_087399.1	4168976	4168236	-	310.4	223
170353at7041	Complete	NC_087401.1	9951678	9959531	+	643.8	396
170357at7041	Complete	NC_087399.1	8270392	8253510	-	887.4	539
170358at7041	Complete	NC_087396.1	16162872	16173251	+	832.4	731
170361at7041	Complete	NC_087394.1	33125072	33124564	-	291.1	150
170366at7041	Complete	NC_087402.1	6511819	6509378	-	380.1	310
170368at7041	Complete	NC_087401.1	8002449	8010708	+	563.7	460
170380at7041	Complete	NC_087402.1	3855064	3851553	-	308.3	171
170383at7041	Complete	NC_087396.1	23854252	23856688	+	688.4	482
170388at7041	Complete	NC_087394.1	23209865	23204583	-	890.4	664
170391at7041	Complete	NC_087402.1	121060	125085	+	994.7	664
170395at7041	Complete	NC_087396.1	12094677	12096087	+	493.3	383
170396at7041	Complete	NC_087394.1	2442642	2454113	+	338.7	178
170406at7041	Complete	NC_087396.1	17349431	17348237	-	444.5	289
170427at7041	Complete	NC_087401.1	11762789	11760034	-	262.5	181
170444at7041	Complete	NC_087401.1	11188710	11192419	+	669.9	438
170453at7041	Complete	NC_087399.1	1014187	1013385	-	298.8	176
170457at7041	Complete	NC_087394.1	9864338	9847092	-	682.3	379
170466at7041	Complete	NC_087401.1	8564417	8563400	-	383.5	254
170468at7041	Complete	NC_087398.1	1525245	1528273	+	291.6	216
170507at7041	Complete	NC_087395.1	21491902	21490791	-	347.1	313
170524at7041	Complete	NC_087398.1	6885337	6889335	+	393.4	204
170525at7041	Complete	NC_087395.1	17314137	17314722	+	194.0	105
170536at7041	Complete	NC_087402.1	9106604	9105089	-	423.4	323
170543at7041	Complete	NC_087402.1	7629471	7631407	+	340.2	233
170546at7041	Complete	NC_087398.1	11779538	11780491	+	170.5	148
170577at7041	Complete	NC_087400.1	5234726	5246166	+	1247.2	717
170582at7041	Complete	NC_087403.1	9047849	9038580	-	427.7	273
170585at7041	Complete	NC_087397.1	2518820	2515810	-	825.3	638
170597at7041	Complete	NC_087400.1	3726727	3731757	+	620.8	531
170598at7041	Complete	NC_087394.1	20739633	20763249	+	634.0	330
170608at7041	Complete	NC_087396.1	19900980	19899437	-	723.6	420
170609at7041	Complete	NC_087403.1	6864614	6857315	-	925.1	415
170632at7041	Complete	NC_087398.1	3163261	3157560	-	1444.3	792
170635at7041	Complete	NC_087398.1	283934	286479	+	576.9	344
170644at7041	Complete	NC_087396.1	24389188	24369819	-	1279.1	884
170647at7041	Complete	NC_087402.1	4481867	4481112	-	283.6	176
170664at7041	Complete	NC_087396.1	19828942	19830605	+	438.7	303
170673at7041	Complete	NC_087397.1	12219782	12220906	+	353.1	277
170676at7041	Complete	NC_087402.1	5876711	5813726	-	375.0	527
170679at7041	Complete	NC_087396.1	21859729	21858521	-	555.6	318
170680at7041	Complete	NC_087394.1	13085376	13118329	+	909.0	740
170681at7041	Complete	NC_087396.1	10625640	10619869	-	1606.5	1241
170685at7041	Complete	NC_087394.1	22608876	22606037	-	272.7	216
170686at7041	Complete	NC_087395.1	25648505	25651095	+	1109.7	729
170690at7041	Complete	NC_087397.1	5627708	5631186	+	892.8	586
170693at7041	Complete	NC_087398.1	9391165	9400506	+	1056.2	663
170704at7041	Complete	NC_087396.1	20448847	20430726	-	662.7	379
170710at7041	Complete	NC_087395.1	13553971	13554725	+	255.8	189
170712at7041	Complete	NC_087394.1	25619200	25617226	-	574.3	374
170722at7041	Complete	NC_087396.1	22566480	22565698	-	301.7	170
170733at7041	Complete	NC_087403.1	4223641	4225332	+	412.9	367
170748at7041	Complete	NC_087397.1	3978027	3978602	+	343.1	204
170757at7041	Complete	NC_087398.1	6134757	6131181	-	769.0	634
170760at7041	Complete	NC_087396.1	10592800	10591572	-	423.2	254
170790at7041	Complete	NC_087394.1	34833548	34848634	+	517.3	272
170794at7041	Complete	NC_087394.1	20520879	20509847	-	551.2	557
170795at7041	Complete	NC_087399.1	5956142	5952861	-	221.2	186
170816at7041	Complete	NC_087398.1	9279223	9281369	+	546.7	297
170824at7041	Complete	NC_087401.1	13631316	13625680	-	683.6	414
170826at7041	Complete	NC_087395.1	21994665	22001821	+	1349.8	798
170830at7041	Complete	NC_087402.1	580216	584851	+	1297.0	1051
170834at7041	Complete	NC_087394.1	10137383	10123522	-	761.9	541
170838at7041	Complete	NC_087401.1	10814521	10816704	+	593.2	437
170841at7041	Complete	NC_087400.1	4556652	4557549	+	316.8	243
170854at7041	Complete	NC_087403.1	5714793	5708727	-	781.4	565
170869at7041	Complete	NC_087397.1	12758565	12757784	-	300.2	206
170885at7041	Complete	NC_087396.1	16781596	16780059	-	557.1	391
170909at7041	Complete	NC_087403.1	1851353	1848096	-	1026.3	641
170929at7041	Complete	NC_087400.1	5292448	5294987	+	738.5	684
170930at7041	Complete	NC_087395.1	24611720	24615242	+	166.5	86
170949at7041	Complete	NC_087394.1	24016937	24015484	-	709.4	378
170959at7041	Complete	NC_087395.1	23835104	23831925	-	232.0	145
170978at7041	Complete	NC_087399.1	4838067	4839255	+	366.4	253
171004at7041	Complete	NC_087395.1	24185241	24210562	+	804.2	441
171010at7041	Complete	NC_087400.1	884561	987156	+	1379.2	1044
171017at7041	Complete	NC_087397.1	10465684	10453936	-	2288.9	1426
171023at7041	Complete	NC_087403.1	2725239	2722384	-	1138.1	947
171025at7041	Complete	NC_087394.1	25698273	25699352	+	168.1	129
171050at7041	Complete	NC_087398.1	7668977	7674827	+	364.1	301
171051at7041	Complete	NC_087398.1	5357940	5358908	+	190.8	169
171067at7041	Complete	NC_087395.1	19591436	19587461	-	281.6	170
171071at7041	Complete	NC_087397.1	3905910	3904326	-	574.2	400
171084at7041	Complete	NC_087397.1	5300155	5298578	-	124.2	82
171088at7041	Complete	NC_087399.1	9355538	9406808	+	1397.9	955
171093at7041	Complete	NC_087396.1	21489545	21490709	+	433.2	369
171102at7041	Complete	NC_087397.1	2850443	2849450	-	399.2	257
171128at7041	Complete	NC_087397.1	7226349	7195314	-	252.6	165
171131at7041	Complete	NC_087401.1	11674009	11674971	+	456.8	300
171144at7041	Fragmented	NC_087398.1	906846	908856	+	234.8	296
171172at7041	Complete	NC_087396.1	10978251	10977247	-	220.9	154
171187at7041	Complete	NC_087394.1	36817686	36818570	+	327.0	235
171192at7041	Complete	NC_087396.1	10187130	10199156	+	609.2	478
