buscoID	query_chr	position	assigned_alg	status
0at7088	SCAFFOLD_16	4972268.0	M28	M28
2at7088	SCAFFOLD_27	5447292.5	M3	M3
3at7088	SCAFFOLD_43	3987576.5	M5	M5
4at7088	SCAFFOLD_14	3619149.0	M19	M19
6at7088	SCAFFOLD_42	3876371.5	M5	M5
11at7088	SCAFFOLD_17	2490531.0	M10	M10
13at7088	SCAFFOLD_52	4376724.5	M13	M13
18at7088	SCAFFOLD_89	843992.0	M10	M10
20at7088	SCAFFOLD_40	3802374.5	M12	M12
25at7088	SCAFFOLD_17	3509096.5	M10	M10
26at7088	SCAFFOLD_19	5714718.0	M1	M1
27at7088	SCAFFOLD_48	3825961.5	MZ	MZ
28at7088	SCAFFOLD_19	3974437.0	NA	NA
31at7088	SCAFFOLD_18	2733234.5	M28	M28
33at7088	SCAFFOLD_31	1851384.5	M1	M1
34at7088	SCAFFOLD_72	3414143.0	M1	M1
36at7088	SCAFFOLD_71	3981693.0	M13	M13
38at7088	SCAFFOLD_18	6420718.0	M28	M28
41at7088	SCAFFOLD_36	570930.5	M5	M5
43at7088	SCAFFOLD_40	267937.0	M12	M12
46at7088	SCAFFOLD_63	3716662.5	M5	M5
47at7088	SCAFFOLD_34	2803774.0	M17	M17
48at7088	SCAFFOLD_73	2376981.0	M22	M22
49at7088	SCAFFOLD_46	3083524.5	M3	M3
50at7088	SCAFFOLD_44	2931818.0	M8	M8
51at7088	SCAFFOLD_43	3086515.5	M5	M5
52at7088	SCAFFOLD_60	4563554.0	M18	M18
54at7088	SCAFFOLD_20	2450000.5	M8	M8
56at7088	SCAFFOLD_22	2153766.0	M12	M12
57at7088	SCAFFOLD_19	591681.0	M1	M1
59at7088	SCAFFOLD_17	6831112.0	M10	M10
60at7088	SCAFFOLD_30	5128828.5	M8	M8
63at7088	SCAFFOLD_26	1791192.0	M16	M16
64at7088	SCAFFOLD_27	4867780.0	M3	M3
65at7088	SCAFFOLD_9	787693.5	M23	M23
66at7088	SCAFFOLD_2	5069548.0	M6	M6
68at7088	SCAFFOLD_83	429542.0	MZ	MZ
69at7088	SCAFFOLD_64	206755.5	M15	M15
70at7088	SCAFFOLD_20	4565724.0	NA	NA
72at7088	SCAFFOLD_87	165490.0	M17	M17
74at7088	SCAFFOLD_78	3187587.5	M4	M4
78at7088	SCAFFOLD_85	3422878.5	M11	M11
83at7088	SCAFFOLD_18	4462779.0	M28	M28
84at7088	SCAFFOLD_57	2982895.0	M11	M11
86at7088	SCAFFOLD_21	3578858.0	M7	M7
88at7088	SCAFFOLD_61	3929639.5	M1	M1
96at7088	SCAFFOLD_83	2111906.0	MZ	MZ
101at7088	SCAFFOLD_83	2828140.5	MZ	MZ
103at7088	SCAFFOLD_73	2974838.5	M22	M22
105at7088	SCAFFOLD_18	2415734.5	M28	M28
106at7088	SCAFFOLD_21	850981.0	NA	NA
112at7088	SCAFFOLD_87	793324.0	M17	M17
113at7088	SCAFFOLD_83	2975415.5	MZ	MZ
116at7088	SCAFFOLD_31	2649141.5	M1	M1
122at7088	SCAFFOLD_38	2374296.5	M14	M14
123at7088	SCAFFOLD_3	5497067.5	M11	M11
126at7088	SCAFFOLD_11	2746692.5	M14	M14
127at7088	SCAFFOLD_6	3894485.0	M22	M22
128at7088	SCAFFOLD_66	4869245.5	M3	M3
133at7088	SCAFFOLD_45	4598145.5	M7	M7
136at7088	SCAFFOLD_19	4519405.5	M1	M1
137at7088	SCAFFOLD_70	2136246.5	M16	M16
138at7088	SCAFFOLD_51	607263.0	NA	NA
138at7088	SCAFFOLD_51	4821334.5	NA	NA
139at7088	SCAFFOLD_86	2436290.5	M21	M21
140at7088	SCAFFOLD_59	464778.5	M4	M4
145at7088	SCAFFOLD_73	2265978.5	M22	M22
148at7088	SCAFFOLD_68	1713599.0	M15	M15
155at7088	SCAFFOLD_5	6823760.5	M18	M18
158at7088	SCAFFOLD_89	2888076.5	M10	M10
159at7088	SCAFFOLD_57	2519691.0	M11	M11
160at7088	SCAFFOLD_55	1591187.5	M9	M9
163at7088	SCAFFOLD_84	2086744.5	M8	M8
173at7088	SCAFFOLD_11	1650096.5	M14	M14
177at7088	SCAFFOLD_21	1916636.0	M7	M7
179at7088	SCAFFOLD_63	3858184.0	M5	M5
183at7088	SCAFFOLD_42	2800343.0	M5	M5
184at7088	SCAFFOLD_33	1067203.5	M18	M18
186at7088	SCAFFOLD_27	5106125.0	M3	M3
190at7088	SCAFFOLD_16	2267207.0	M28	M28
193at7088	SCAFFOLD_53	4079774.5	M4	M4
196at7088	SCAFFOLD_36	4692499.5	M5	M5
200at7088	SCAFFOLD_8	1029441.5	M13	M13
201at7088	SCAFFOLD_75	1322763.0	M12	M12
204at7088	SCAFFOLD_76	3493609.5	M2	M2
206at7088	SCAFFOLD_47	888289.0	M20	M20
207at7088	SCAFFOLD_32	4440541.0	M7	M7
208at7088	SCAFFOLD_76	683651.5	M2	M2
210at7088	SCAFFOLD_29	6284922.0	M2	M2
211at7088	SCAFFOLD_82	2846164.5	NA	NA
215at7088	SCAFFOLD_77	120231.0	M15	M15
220at7088	SCAFFOLD_2	2130082.5	M6	M6
231at7088	SCAFFOLD_71	3268277.5	M13	M13
232at7088	SCAFFOLD_27	5583085.0	M3	M3
235at7088	SCAFFOLD_31	5075114.5	M1	M1
236at7088	SCAFFOLD_28	5565858.0	M2	M2
242at7088	SCAFFOLD_50	1360684.0	M9	M9
246at7088	SCAFFOLD_17	1831019.0	M10	M10
248at7088	SCAFFOLD_73	1932186.0	M22	M22
250at7088	SCAFFOLD_71	1377119.0	M13	M13
251at7088	SCAFFOLD_87	1096800.0	NA	NA
254at7088	SCAFFOLD_66	996294.0	M3	M3
258at7088	SCAFFOLD_4	626399.5	NA	NA
259at7088	SCAFFOLD_16	4697112.5	M28	M28
263at7088	SCAFFOLD_12	6172608.5	M24	M24
271at7088	SCAFFOLD_59	948231.5	M4	M4
273at7088	SCAFFOLD_5	6205463.5	M18	M18
274at7088	SCAFFOLD_56	1950334.5	M6	M6
278at7088	SCAFFOLD_19	1792293.5	NA	NA
281at7088	SCAFFOLD_27	970601.5	M3	M3
288at7088	SCAFFOLD_1	5463159.5	M27	M27
296at7088	SCAFFOLD_48	3123217.5	NA	NA
302at7088	SCAFFOLD_16	2529096.5	M28	M28
303at7088	SCAFFOLD_19	275654.5	M1	M1
307at7088	SCAFFOLD_60	752542.0	M18	M18
311at7088	SCAFFOLD_54	2094446.0	M21	M21
315at7088	SCAFFOLD_26	2568321.5	M16	M16
316at7088	SCAFFOLD_84	1882614.0	M8	M8
318at7088	SCAFFOLD_36	4202798.5	M5	M5
321at7088	SCAFFOLD_83	1333707.5	MZ	MZ
322at7088	SCAFFOLD_5	6396226.5	M18	M18
324at7088	SCAFFOLD_29	4784731.5	M2	M2
325at7088	SCAFFOLD_49	5210035.5	M4	M4
326at7088	SCAFFOLD_31	6014645.5	M1	M1
327at7088	SCAFFOLD_32	3826121.0	NA	NA
328at7088	SCAFFOLD_74	4348343.0	M15	M15
332at7088	SCAFFOLD_76	993523.5	M2	M2
335at7088	SCAFFOLD_4	1055529.5	M29	M29
338at7088	SCAFFOLD_21	5775335.5	M7	M7
338at7088	SCAFFOLD_21	4841581.0	M7	M7
340at7088	SCAFFOLD_86	2256312.0	M21	M21
342at7088	SCAFFOLD_65	1583918.0	M9	M9
345at7088	SCAFFOLD_15	3811651.5	M26	M26
350at7088	SCAFFOLD_27	5637349.5	M3	M3
353at7088	SCAFFOLD_18	2563931.0	M28	M28
354at7088	SCAFFOLD_92	1944122.5	M16	M16
355at7088	SCAFFOLD_26	3452869.0	M16	M16
356at7088	SCAFFOLD_60	5460371.0	NA	NA
357at7088	SCAFFOLD_23	6298733.0	M24	M24
360at7088	SCAFFOLD_48	4272275.5	MZ	MZ
363at7088	SCAFFOLD_69	1937821.0	M13	M13
366at7088	SCAFFOLD_59	4112783.0	NA	NA
367at7088	SCAFFOLD_40	3922527.5	M12	M12
380at7088	SCAFFOLD_2	5857191.5	M6	M6
382at7088	SCAFFOLD_74	3685516.0	M15	M15
383at7088	SCAFFOLD_27	5655716.5	M3	M3
384at7088	SCAFFOLD_29	3536260.0	M2	M2
385at7088	SCAFFOLD_57	1204426.5	M11	M11
386at7088	SCAFFOLD_78	2821083.5	M4	M4
389at7088	SCAFFOLD_83	232937.5	MZ	MZ
391at7088	SCAFFOLD_48	557517.0	MZ	MZ
392at7088	SCAFFOLD_87	986542.5	M17	M17
393at7088	SCAFFOLD_6	2916761.5	M22	M22
394at7088	SCAFFOLD_60	4397470.0	NA	NA
396at7088	SCAFFOLD_42	2669946.0	M5	M5
401at7088	SCAFFOLD_36	4014479.0	M5	M5
408at7088	SCAFFOLD_31	1576716.0	M1	M1
412at7088	SCAFFOLD_46	2436984.5	M3	M3
417at7088	SCAFFOLD_57	1238105.0	M11	M11
420at7088	SCAFFOLD_8	5964573.5	M13	M13
427at7088	SCAFFOLD_4	9491060.0	M29	M29
429at7088	SCAFFOLD_26	1945561.0	M16	M16
430at7088	SCAFFOLD_5	3528919.0	M18	M18
434at7088	SCAFFOLD_34	589425.5	M17	M17
437at7088	SCAFFOLD_14	5561447.5	M19	M19
443at7088	SCAFFOLD_36	665940.0	M5	M5
445at7088	SCAFFOLD_22	3038725.5	M12	M12
450at7088	SCAFFOLD_34	3224253.0	M17	M17
455at7088	SCAFFOLD_19	4476910.5	M1	M1
458at7088	SCAFFOLD_80	3867428.5	M14	M14
461at7088	SCAFFOLD_46	5504124.0	M3	M3
464at7088	SCAFFOLD_40	1316976.0	M12	M12
467at7088	SCAFFOLD_56	3326871.5	M6	M6
468at7088	SCAFFOLD_78	1180002.0	M4	M4
478at7088	SCAFFOLD_88	1776437.0	M20	M20
479at7088	SCAFFOLD_71	2103476.5	NA	NA
481at7088	SCAFFOLD_55	2152493.0	M9	M9
486at7088	SCAFFOLD_49	2486707.5	M4	M4
488at7088	SCAFFOLD_13	3072772.0	NA	NA
489at7088	SCAFFOLD_11	4924142.5	NA	NA
490at7088	SCAFFOLD_82	1057382.5	NA	NA
492at7088	SCAFFOLD_77	3950478.0	M15	M15
494at7088	SCAFFOLD_22	3713375.5	M12	M12
495at7088	SCAFFOLD_31	3673857.0	M1	M1
496at7088	SCAFFOLD_1	2017699.0	M27	M27
498at7088	SCAFFOLD_20	4919419.0	M8	M8
499at7088	SCAFFOLD_82	4112155.0	M3	M3
504at7088	SCAFFOLD_55	2210540.0	NA	NA
505at7088	SCAFFOLD_51	3092259.0	M7	M7
511at7088	SCAFFOLD_45	3964726.5	M7	M7
513at7088	SCAFFOLD_17	5251485.0	M10	M10
515at7088	SCAFFOLD_44	3934626.0	M8	M8
516at7088	SCAFFOLD_84	1917632.5	M8	M8
517at7088	SCAFFOLD_76	3370969.0	M2	M2
518at7088	SCAFFOLD_40	1452202.5	M12	M12
519at7088	SCAFFOLD_25	5986672.5	NA	NA
522at7088	SCAFFOLD_17	3100728.5	M10	M10
526at7088	SCAFFOLD_73	2316276.5	M22	M22
527at7088	SCAFFOLD_62	4986308.5	M21	M21
530at7088	SCAFFOLD_77	1849662.0	M15	M15
531at7088	SCAFFOLD_31	3638171.5	NA	NA
532at7088	SCAFFOLD_35	2752146.0	NA	NA
538at7088	SCAFFOLD_71	836751.0	M13	M13
543at7088	SCAFFOLD_18	2511539.5	NA	NA
544at7088	SCAFFOLD_58	2273615.5	M6	M6
547at7088	SCAFFOLD_16	2957421.5	NA	NA
550at7088	SCAFFOLD_85	4040741.0	M11	M11
552at7088	SCAFFOLD_40	831021.0	M12	M12
553at7088	SCAFFOLD_13	6162299.5	M23	M23
556at7088	SCAFFOLD_82	3359339.0	M3	M3
558at7088	SCAFFOLD_30	1560536.0	M8	M8
562at7088	SCAFFOLD_55	324147.5	M9	M9
563at7088	SCAFFOLD_36	2472626.0	M5	M5
569at7088	SCAFFOLD_88	1297938.5	M20	M20
571at7088	SCAFFOLD_25	5143103.5	NA	NA
572at7088	SCAFFOLD_87	936798.0	M17	M17
583at7088	SCAFFOLD_22	2353273.5	M12	M12
584at7088	SCAFFOLD_68	609805.0	MZ	MZ
589at7088	SCAFFOLD_27	5677117.5	M3	M3
590at7088	SCAFFOLD_44	3313105.0	NA	NA
598at7088	SCAFFOLD_88	2082756.5	M20	M20
599at7088	SCAFFOLD_25	5479168.0	M26	M26
600at7088	SCAFFOLD_76	572891.5	M2	M2
601at7088	SCAFFOLD_2	5809200.0	M6	M6
603at7088	SCAFFOLD_9	6056071.5	M23	M23
608at7088	SCAFFOLD_40	1986342.0	M12	M12
609at7088	SCAFFOLD_14	4094467.5	M19	M19
611at7088	SCAFFOLD_14	7005883.0	M19	M19
613at7088	SCAFFOLD_72	3370301.0	M1	M1
614at7088	SCAFFOLD_63	4194217.0	M5	M5
616at7088	SCAFFOLD_27	2774835.5	M8	M8
620at7088	SCAFFOLD_68	679546.0	M15	M15
621at7088	SCAFFOLD_12	5030598.0	M24	M24
622at7088	SCAFFOLD_16	2855095.0	NA	NA
627at7088	SCAFFOLD_61	3685476.5	M1	M1
628at7088	SCAFFOLD_88	3044852.5	M20	M20
632at7088	SCAFFOLD_31	2556248.0	M1	M1
633at7088	SCAFFOLD_38	2793106.0	M14	M14
637at7088	SCAFFOLD_33	3256754.5	M18	M18
638at7088	SCAFFOLD_32	4165190.0	M7	M7
639at7088	SCAFFOLD_48	3899419.5	MZ	MZ
642at7088	SCAFFOLD_89	367413.5	M10	M10
643at7088	SCAFFOLD_31	2629624.5	M1	M1
647at7088	SCAFFOLD_27	53721.0	M3	M3
649at7088	SCAFFOLD_15	1981025.0	M26	M26
652at7088	SCAFFOLD_74	3133264.5	M15	M15
655at7088	SCAFFOLD_70	2216009.0	M16	M16
657at7088	SCAFFOLD_82	1316185.5	NA	NA
658at7088	SCAFFOLD_19	5633848.0	M1	M1
659at7088	SCAFFOLD_3	9326495.5	M11	M11
660at7088	SCAFFOLD_31	2570843.5	M1	M1
662at7088	SCAFFOLD_22	2039778.5	M12	M12
664at7088	SCAFFOLD_54	2668266.0	M21	M21
666at7088	SCAFFOLD_2	3628554.5	M6	M6
667at7088	SCAFFOLD_32	3988396.5	M7	M7
670at7088	SCAFFOLD_4	4719086.5	M29	M29
672at7088	SCAFFOLD_29	3586557.5	M2	M2
675at7088	SCAFFOLD_89	2988957.5	M10	M10
678at7088	SCAFFOLD_27	4748657.5	M3	M3
680at7088	SCAFFOLD_58	2779241.5	NA	NA
681at7088	SCAFFOLD_62	4292617.0	NA	NA
690at7088	SCAFFOLD_65	2984878.5	NA	NA
692at7088	SCAFFOLD_76	1830725.0	M2	M2
695at7088	SCAFFOLD_42	3317960.5	M5	M5
696at7088	SCAFFOLD_19	4160739.5	M1	M1
701at7088	SCAFFOLD_30	354308.5	M8	M8
705at7088	SCAFFOLD_3	1255597.0	M11	M11
708at7088	SCAFFOLD_48	1045880.5	MZ	MZ
713at7088	SCAFFOLD_4	944660.0	M29	M29
714at7088	SCAFFOLD_20	4538767.0	M8	M8
716at7088	SCAFFOLD_12	2952109.0	M24	M24
717at7088	SCAFFOLD_66	382422.0	M3	M3
718at7088	SCAFFOLD_76	2549296.0	M2	M2
721at7088	SCAFFOLD_1	9833163.0	M27	M27
723at7088	SCAFFOLD_63	2956252.0	M5	M5
724at7088	SCAFFOLD_67	311361.0	M12	M12
730at7088	SCAFFOLD_29	3562169.5	M2	M2
731at7088	SCAFFOLD_59	4152077.5	M4	M4
741at7088	SCAFFOLD_81	4099235.0	NA	NA
742at7088	SCAFFOLD_76	2120227.0	M2	M2
756at7088	SCAFFOLD_66	3441267.0	M3	M3
757at7088	SCAFFOLD_85	1732628.5	M11	M11
758at7088	SCAFFOLD_59	307139.0	NA	NA
761at7088	SCAFFOLD_64	1988920.0	M15	M15
764at7088	SCAFFOLD_2	2034490.0	M6	M6
765at7088	SCAFFOLD_65	4937800.0	M9	M9
769at7088	SCAFFOLD_51	2911650.0	NA	NA
772at7088	SCAFFOLD_59	3433345.0	M4	M4
774at7088	SCAFFOLD_9	2838997.5	M23	M23
775at7088	SCAFFOLD_47	3223459.0	M20	M20
780at7088	SCAFFOLD_52	890794.0	M2	M2
787at7088	SCAFFOLD_63	2771691.5	M5	M5
791at7088	SCAFFOLD_73	882057.0	M22	M22
793at7088	SCAFFOLD_87	3641824.5	M17	M17
794at7088	SCAFFOLD_22	5604513.0	M12	M12
795at7088	SCAFFOLD_88	2614366.0	M20	M20
796at7088	SCAFFOLD_54	815063.5	M21	M21
799at7088	SCAFFOLD_31	4060241.5	M1	M1
800at7088	SCAFFOLD_19	1691830.5	M1	M1
802at7088	SCAFFOLD_21	280908.0	M7	M7
805at7088	SCAFFOLD_4	8597675.5	M29	M29
806at7088	SCAFFOLD_9	5728533.5	M23	M23
817at7088	SCAFFOLD_22	6559617.5	NA	NA
818at7088	SCAFFOLD_22	3839562.5	M12	M12
821at7088	SCAFFOLD_45	3078056.0	M7	M7
826at7088	SCAFFOLD_46	4668888.0	M3	M3
828at7088	SCAFFOLD_2	5831218.0	M6	M6
829at7088	SCAFFOLD_26	3279831.0	M16	M16
839at7088	SCAFFOLD_16	4504111.5	M28	M28
841at7088	SCAFFOLD_59	1681841.0	M4	M4
844at7088	SCAFFOLD_45	4829929.5	M7	M7
845at7088	SCAFFOLD_55	2904321.0	M9	M9
849at7088	SCAFFOLD_17	3407915.0	M10	M10
851at7088	SCAFFOLD_8	6624676.5	M13	M13
853at7088	SCAFFOLD_47	2999938.5	M20	M20
860at7088	SCAFFOLD_76	1732501.5	M2	M2
861at7088	SCAFFOLD_9	2900663.0	M23	M23
865at7088	SCAFFOLD_35	849288.5	M25	M25
866at7088	SCAFFOLD_25	3660690.0	M19	M19
867at7088	SCAFFOLD_8	7170661.5	NA	NA
871at7088	SCAFFOLD_11	4261587.5	M14	M14
875at7088	SCAFFOLD_56	2668226.0	M6	M6
877at7088	SCAFFOLD_1	5622585.5	M27	M27
879at7088	SCAFFOLD_37	1734236.0	M22	M22
883at7088	SCAFFOLD_2	3213996.5	M6	M6
885at7088	SCAFFOLD_61	4560743.5	NA	NA
886at7088	SCAFFOLD_85	3338179.0	M11	M11
890at7088	SCAFFOLD_55	2192291.0	M9	M9
893at7088	SCAFFOLD_27	3458380.0	M3	M3
895at7088	SCAFFOLD_74	3729307.0	M5	M5
897at7088	SCAFFOLD_82	1722317.5	M3	M3
899at7088	SCAFFOLD_42	1753641.5	M5	M5
901at7088	SCAFFOLD_44	2343868.0	NA	NA
903at7088	SCAFFOLD_47	1891220.0	M20	M20
909at7088	SCAFFOLD_22	946241.5	M12	M12
911at7088	SCAFFOLD_80	1108861.0	M14	M14
912at7088	SCAFFOLD_1	2909419.5	M27	M27
913at7088	SCAFFOLD_65	3966835.5	NA	NA
917at7088	SCAFFOLD_17	467524.5	M10	M10
924at7088	SCAFFOLD_66	1715106.5	M3	M3
927at7088	SCAFFOLD_21	2551778.0	M7	M7
929at7088	SCAFFOLD_87	879753.5	NA	NA
933at7088	SCAFFOLD_71	1884499.5	M13	M13
934at7088	SCAFFOLD_44	3387261.5	NA	NA
938at7088	SCAFFOLD_58	2977487.0	M6	M6
944at7088	SCAFFOLD_17	2859909.0	NA	NA
946at7088	SCAFFOLD_73	932746.5	M22	M22
947at7088	SCAFFOLD_61	1780886.0	M1	M1
949at7088	SCAFFOLD_2	1147208.0	M13	M13
950at7088	SCAFFOLD_45	3660796.5	M7	M7
951at7088	SCAFFOLD_40	484712.0	NA	NA
954at7088	SCAFFOLD_39	5922311.0	M21	M21
961at7088	SCAFFOLD_87	2159797.0	M17	M17
962at7088	SCAFFOLD_69	1107117.0	M13	M13
963at7088	SCAFFOLD_2	2698309.5	M6	M6
964at7088	SCAFFOLD_61	4528571.0	NA	NA
966at7088	SCAFFOLD_55	1341125.5	M9	M9
968at7088	SCAFFOLD_75	2104806.5	M12	M12
972at7088	SCAFFOLD_84	222325.5	M8	M8
974at7088	SCAFFOLD_35	3276840.0	M25	M25
975at7088	SCAFFOLD_83	4109572.0	MZ	MZ
978at7088	SCAFFOLD_50	1706717.0	M9	M9
979at7088	SCAFFOLD_33	5127876.5	M18	M18
980at7088	SCAFFOLD_26	1601461.0	M16	M16
981at7088	SCAFFOLD_82	2398334.0	M3	M3
982at7088	SCAFFOLD_79	4076655.0	M25	M25
983at7088	SCAFFOLD_32	4323640.5	M7	M7
984at7088	SCAFFOLD_32	2223319.5	NA	NA
986at7088	SCAFFOLD_2	9171535.5	M6	M6
988at7088	SCAFFOLD_19	552258.0	M1	M1
989at7088	SCAFFOLD_55	4943742.0	M9	M9
992at7088	SCAFFOLD_6	3739879.5	NA	NA
993at7088	SCAFFOLD_39	3516539.0	M21	M21
994at7088	SCAFFOLD_11	1840038.0	M14	M14
998at7088	SCAFFOLD_29	974347.0	M2	M2
999at7088	SCAFFOLD_13	4889188.5	M23	M23
1000at7088	SCAFFOLD_79	1310692.5	M25	M25
1003at7088	SCAFFOLD_66	1063401.0	M3	M3
1004at7088	SCAFFOLD_87	1824558.0	M17	M17
1005at7088	SCAFFOLD_36	5164967.0	M5	M5
1007at7088	SCAFFOLD_71	2860098.0	M13	M13
1009at7088	SCAFFOLD_47	5360434.0	M20	M20
1010at7088	SCAFFOLD_46	2149015.5	M3	M3
1011at7088	SCAFFOLD_50	1419054.5	M9	M9
1013at7088	SCAFFOLD_61	782736.0	M1	M1
1014at7088	SCAFFOLD_27	5962605.5	M3	M3
1020at7088	SCAFFOLD_8	1367679.5	NA	NA
1021at7088	SCAFFOLD_77	878939.5	M15	M15
1026at7088	SCAFFOLD_26	5137569.5	NA	NA
1027at7088	SCAFFOLD_76	1988657.5	M2	M2
1033at7088	SCAFFOLD_59	3948786.5	M4	M4
1047at7088	SCAFFOLD_41	239078.5	M9	M9
1050at7088	SCAFFOLD_58	808843.0	M6	M6
1053at7088	SCAFFOLD_8	1081810.0	M13	M13
1056at7088	SCAFFOLD_72	1662203.5	M1	M1
1057at7088	SCAFFOLD_14	4248242.0	M19	M19
1058at7088	SCAFFOLD_17	1911253.5	M10	M10
1065at7088	SCAFFOLD_18	4056276.5	M28	M28
1066at7088	SCAFFOLD_83	4277811.5	MZ	MZ
1068at7088	SCAFFOLD_22	6419259.5	M12	M12
1070at7088	SCAFFOLD_50	2199056.0	M9	M9
1075at7088	SCAFFOLD_29	2773330.0	M2	M2
1076at7088	SCAFFOLD_38	1912778.0	M14	M14
1078at7088	SCAFFOLD_82	3426830.5	NA	NA
1079at7088	SCAFFOLD_52	5605794.5	M2	M2
1080at7088	SCAFFOLD_86	3273414.0	M21	M21
1082at7088	SCAFFOLD_21	2624029.5	M7	M7
1083at7088	SCAFFOLD_48	243858.5	NA	NA
1084at7088	SCAFFOLD_9	4411642.5	M23	M23
1085at7088	SCAFFOLD_50	2139391.0	M9	M9
1086at7088	SCAFFOLD_42	1154496.0	M5	M5
1088at7088	SCAFFOLD_32	795226.5	M7	M7
1089at7088	SCAFFOLD_44	4191636.0	M8	M8
1090at7088	SCAFFOLD_48	2974499.5	MZ	MZ
1094at7088	SCAFFOLD_38	1714832.5	M14	M14
1100at7088	SCAFFOLD_73	647952.5	M22	M22
1107at7088	SCAFFOLD_27	1464138.0	M3	M3
1108at7088	SCAFFOLD_38	5149440.0	M14	M14
1111at7088	SCAFFOLD_57	2794358.5	M11	M11
1113at7088	SCAFFOLD_2	5753269.5	M6	M6
1114at7088	SCAFFOLD_3	7868678.5	M11	M11
1117at7088	SCAFFOLD_69	1193695.0	M13	M13
1118at7088	SCAFFOLD_36	2509297.0	NA	NA
1120at7088	SCAFFOLD_19	2335315.0	M1	M1
1121at7088	SCAFFOLD_6	1546796.5	M22	M22
1123at7088	SCAFFOLD_9	7865687.5	M23	M23
1124at7088	SCAFFOLD_8	5473374.0	M13	M13
1126at7088	SCAFFOLD_59	2250355.0	NA	NA
1130at7088	SCAFFOLD_81	2289056.0	M10	M10
1131at7088	SCAFFOLD_34	5286850.5	M17	M17
1133at7088	SCAFFOLD_51	899295.5	M7	M7
1134at7088	SCAFFOLD_55	1412761.5	M9	M9
1136at7088	SCAFFOLD_52	4691891.5	M2	M2
1139at7088	SCAFFOLD_19	2920959.5	M1	M1
1140at7088	SCAFFOLD_11	6818802.5	M14	M14
1141at7088	SCAFFOLD_87	3136149.5	NA	NA
1143at7088	SCAFFOLD_13	4502172.5	M23	M23
1145at7088	SCAFFOLD_60	3276778.5	M18	M18
1150at7088	SCAFFOLD_21	5522947.0	M7	M7
1152at7088	SCAFFOLD_44	3972454.0	M8	M8
1153at7088	SCAFFOLD_2	7000517.5	M6	M6
1154at7088	SCAFFOLD_86	3669947.0	M21	M21
1161at7088	SCAFFOLD_38	2683170.5	NA	NA
1165at7088	SCAFFOLD_36	4925969.5	M5	M5
1167at7088	SCAFFOLD_53	4742025.5	M4	M4
1168at7088	SCAFFOLD_8	1123483.5	NA	NA
1171at7088	SCAFFOLD_58	1855591.5	M6	M6
1172at7088	SCAFFOLD_8	883945.0	NA	NA
1173at7088	SCAFFOLD_89	1551470.0	NA	NA
1174at7088	SCAFFOLD_9	1136386.0	M23	M23
1178at7088	SCAFFOLD_27	4565871.5	M3	M3
1179at7088	SCAFFOLD_38	969465.5	M14	M14
1180at7088	SCAFFOLD_86	1902452.0	M21	M21
1182at7088	SCAFFOLD_17	5753432.5	NA	NA
1187at7088	SCAFFOLD_26	1044657.0	M16	M16
1197at7088	SCAFFOLD_1	3793818.5	NA	NA
1198at7088	SCAFFOLD_8	8157918.0	M13	M13
1199at7088	SCAFFOLD_69	3733297.0	M13	M13
1200at7088	SCAFFOLD_42	4584300.5	M5	M5
1206at7088	SCAFFOLD_59	4061996.0	M4	M4
1208at7088	SCAFFOLD_72	1583858.0	M1	M1
1212at7088	SCAFFOLD_30	2466240.0	NA	NA
1214at7088	SCAFFOLD_19	2616248.5	M1	M1
1217at7088	SCAFFOLD_34	1307362.0	NA	NA
1218at7088	SCAFFOLD_87	635141.5	M17	M17
1220at7088	SCAFFOLD_73	2498265.5	M22	M22
1222at7088	SCAFFOLD_91	1966594.5	M16	M16
1223at7088	SCAFFOLD_61	1127444.5	NA	NA
1234at7088	SCAFFOLD_36	813539.5	M5	M5
1235at7088	SCAFFOLD_32	5370331.0	M7	M7
1236at7088	SCAFFOLD_71	1981029.5	M13	M13
1237at7088	SCAFFOLD_34	1275891.5	M17	M17
1242at7088	SCAFFOLD_44	4631442.0	M8	M8
1245at7088	SCAFFOLD_19	3932332.5	M1	M1
1246at7088	SCAFFOLD_81	521901.5	M10	M10
1248at7088	SCAFFOLD_40	2077750.5	NA	NA
1250at7088	SCAFFOLD_73	717367.5	M22	M22
1251at7088	SCAFFOLD_61	4665406.5	M1	M1
1253at7088	SCAFFOLD_29	5996696.5	M2	M2
1258at7088	SCAFFOLD_1	3663286.0	M27	M27
1259at7088	SCAFFOLD_9	7207034.5	M23	M23
1263at7088	SCAFFOLD_5	6285082.0	NA	NA
1264at7088	SCAFFOLD_59	2702211.5	NA	NA
1273at7088	SCAFFOLD_19	4690857.0	M1	M1
1275at7088	SCAFFOLD_63	4382958.5	M5	M5
1278at7088	SCAFFOLD_76	3327230.0	M2	M2
1281at7088	SCAFFOLD_34	1293104.5	M13	M13
1283at7088	SCAFFOLD_74	3158966.5	M15	M15
1291at7088	SCAFFOLD_32	877397.0	M7	M7
1295at7088	SCAFFOLD_45	1663221.0	M7	M7
1298at7088	SCAFFOLD_22	3469380.5	M12	M12
1299at7088	SCAFFOLD_59	4583033.5	M4	M4
1300at7088	SCAFFOLD_11	1983893.0	M14	M14
1304at7088	SCAFFOLD_19	4022975.5	M1	M1
1306at7088	SCAFFOLD_42	2632623.0	M5	M5
1307at7088	SCAFFOLD_56	3031238.5	M6	M6
1313at7088	SCAFFOLD_2	1379256.5	M6	M6
1314at7088	SCAFFOLD_2	8250492.5	M6	M6
1317at7088	SCAFFOLD_24	5809114.5	NA	NA
1318at7088	SCAFFOLD_35	2449088.0	M25	M25
1319at7088	SCAFFOLD_83	524501.5	NA	NA
1320at7088	SCAFFOLD_42	1560424.0	M5	M5
1324at7088	SCAFFOLD_21	1214785.0	M7	M7
1325at7088	SCAFFOLD_84	3659296.5	M8	M8
1326at7088	SCAFFOLD_88	618871.0	M20	M20
1330at7088	SCAFFOLD_3	5263416.5	M11	M11
1335at7088	SCAFFOLD_9	6202831.0	M23	M23
1336at7088	SCAFFOLD_61	4494965.0	M1	M1
1338at7088	SCAFFOLD_66	2068098.5	NA	NA
1343at7088	SCAFFOLD_64	2975457.0	NA	NA
1346at7088	SCAFFOLD_48	3979913.0	NA	NA
1347at7088	SCAFFOLD_51	3611445.5	M7	M7
1348at7088	SCAFFOLD_47	99079.5	NA	NA
1350at7088	SCAFFOLD_3	3063357.0	M11	M11
1351at7088	SCAFFOLD_23	3272839.5	M24	M24
1353at7088	SCAFFOLD_29	5874859.0	M2	M2
1355at7088	SCAFFOLD_83	2585824.0	MZ	MZ
1356at7088	SCAFFOLD_3	8022700.5	M11	M11
1360at7088	SCAFFOLD_14	1476102.5	NA	NA
1362at7088	SCAFFOLD_29	1743390.0	M2	M2
1366at7088	SCAFFOLD_8	6595375.5	M13	M13
1368at7088	SCAFFOLD_45	4455743.5	M7	M7
1369at7088	SCAFFOLD_33	2166280.5	M18	M18
1372at7088	SCAFFOLD_50	1476444.0	M9	M9
1377at7088	SCAFFOLD_44	4193190.0	M8	M8
1380at7088	SCAFFOLD_68	4112451.0	NA	NA
1382at7088	SCAFFOLD_3	9410602.0	M11	M11
1388at7088	SCAFFOLD_64	435633.0	M15	M15
1390at7088	SCAFFOLD_4	4658540.0	M29	M29
1391at7088	SCAFFOLD_36	1240657.0	M5	M5
1392at7088	SCAFFOLD_3	8545118.5	M11	M11
1395at7088	SCAFFOLD_40	1701119.5	M12	M12
1396at7088	SCAFFOLD_36	1457769.0	M5	M5
1397at7088	SCAFFOLD_6	6938632.5	M22	M22
1398at7088	SCAFFOLD_40	4839796.5	M12	M12
1401at7088	SCAFFOLD_56	1261948.5	M6	M6
1403at7088	SCAFFOLD_29	1461957.0	M2	M2
1403at7088	SCAFFOLD_135	201827.0	M2	M2
1407at7088	SCAFFOLD_5	3680786.0	M18	M18
1411at7088	SCAFFOLD_34	3835572.5	M17	M17
1413at7088	SCAFFOLD_87	3402479.0	M17	M17
1417at7088	SCAFFOLD_61	3229552.0	M1	M1
1418at7088	SCAFFOLD_75	2054539.0	M12	M12
1419at7088	SCAFFOLD_10	2460688.5	NA	NA
1421at7088	SCAFFOLD_29	5704029.5	M2	M2
1422at7088	SCAFFOLD_61	4019375.0	M1	M1
1431at7088	SCAFFOLD_41	2258652.0	M9	M9
1432at7088	SCAFFOLD_29	6254129.0	M2	M2
1436at7088	SCAFFOLD_38	2871591.5	M14	M14
1437at7088	SCAFFOLD_19	4433689.5	M1	M1
1440at7088	SCAFFOLD_89	1768479.0	M10	M10
1441at7088	SCAFFOLD_21	1027151.5	M7	M7
1442at7088	SCAFFOLD_8	6180412.0	M13	M13
1443at7088	SCAFFOLD_82	3007231.5	M3	M3
1444at7088	SCAFFOLD_37	1092652.0	M22	M22
1444at7088	SCAFFOLD_37	4704566.0	M22	M22
1446at7088	SCAFFOLD_3	1413601.5	M11	M11
1449at7088	SCAFFOLD_30	1634114.5	M8	M8
1451at7088	SCAFFOLD_19	5416763.0	M1	M1
1459at7088	SCAFFOLD_1	11704538.0	NA	NA
1461at7088	SCAFFOLD_71	2246939.5	M13	M13
1463at7088	SCAFFOLD_3	1620002.0	M11	M11
1465at7088	SCAFFOLD_27	682850.0	M3	M3
1468at7088	SCAFFOLD_10	6517382.5	M31	M31
1469at7088	SCAFFOLD_5	3866915.5	M18	M18
1472at7088	SCAFFOLD_6	5721241.0	M22	M22
1473at7088	SCAFFOLD_42	4489169.5	M5	M5
1477at7088	SCAFFOLD_46	3211242.0	NA	NA
1488at7088	SCAFFOLD_42	3489171.5	M5	M5
1489at7088	SCAFFOLD_2	2665988.5	M6	M6
1490at7088	SCAFFOLD_29	6351029.5	M2	M2
1496at7088	SCAFFOLD_16	1303248.0	M28	M28
1500at7088	SCAFFOLD_59	2241391.0	M4	M4
1501at7088	SCAFFOLD_61	1897878.5	M1	M1
1503at7088	SCAFFOLD_82	1291757.0	M3	M3
1505at7088	SCAFFOLD_39	5854762.5	NA	NA
1506at7088	SCAFFOLD_81	25761.0	M10	M10
1507at7088	SCAFFOLD_70	567690.5	M16	M16
1508at7088	SCAFFOLD_17	1176207.5	M10	M10
1509at7088	SCAFFOLD_35	1279682.0	M25	M25
1510at7088	SCAFFOLD_44	1106446.5	M8	M8
1511at7088	SCAFFOLD_82	1250970.0	M3	M3
1514at7088	SCAFFOLD_72	136144.0	M1	M1
1515at7088	SCAFFOLD_61	2895852.5	M1	M1
1519at7088	SCAFFOLD_5	386788.0	M18	M18
1523at7088	SCAFFOLD_72	3225743.0	M1	M1
1525at7088	SCAFFOLD_27	4320487.5	M3	M3
1530at7088	SCAFFOLD_30	3185127.0	M8	M8
1531at7088	SCAFFOLD_36	4574739.5	M5	M5
1532at7088	SCAFFOLD_48	1154517.0	NA	NA
1537at7088	SCAFFOLD_19	2284587.5	M1	M1
1543at7088	SCAFFOLD_76	2997509.5	M2	M2
1544at7088	SCAFFOLD_42	2748732.0	NA	NA
1545at7088	SCAFFOLD_4	9433821.0	M29	M29
1547at7088	SCAFFOLD_65	4002731.5	M9	M9
1549at7088	SCAFFOLD_13	6239228.5	M23	M23
1550at7088	SCAFFOLD_61	814760.5	M1	M1
1551at7088	SCAFFOLD_77	3348447.5	M15	M15
1553at7088	SCAFFOLD_18	1854486.0	M28	M28
1557at7088	SCAFFOLD_3	2553516.5	M11	M11
1558at7088	SCAFFOLD_51	4494212.0	M7	M7
1562at7088	SCAFFOLD_51	913099.0	M7	M7
1563at7088	SCAFFOLD_27	1500462.0	NA	NA
1564at7088	SCAFFOLD_71	3953544.0	M13	M13
1565at7088	SCAFFOLD_51	2600678.5	M7	M7
1566at7088	SCAFFOLD_15	6280399.5	NA	NA
1567at7088	SCAFFOLD_11	6217057.5	M14	M14
1568at7088	SCAFFOLD_3	4976077.5	M11	M11
1571at7088	SCAFFOLD_76	4228179.0	M2	M2
1574at7088	SCAFFOLD_27	328194.0	M3	M3
1575at7088	SCAFFOLD_59	2266971.5	NA	NA
1577at7088	SCAFFOLD_15	4325918.5	M26	M26
1583at7088	SCAFFOLD_43	3156787.5	NA	NA
1586at7088	SCAFFOLD_50	4321432.5	M9	M9
1587at7088	SCAFFOLD_67	1614390.0	M12	M12
1589at7088	SCAFFOLD_1	11540629.5	NA	NA
1590at7088	SCAFFOLD_30	2002312.0	NA	NA
1591at7088	SCAFFOLD_38	2559534.5	M14	M14
1594at7088	SCAFFOLD_17	1083774.0	M10	M10
1595at7088	SCAFFOLD_46	2865883.0	M3	M3
1596at7088	SCAFFOLD_77	85997.0	M15	M15
1598at7088	SCAFFOLD_76	2461817.5	NA	NA
1600at7088	SCAFFOLD_57	2453638.0	M11	M11
1601at7088	SCAFFOLD_51	3812858.0	M7	M7
1605at7088	SCAFFOLD_66	2043315.5	M3	M3
1606at7088	SCAFFOLD_37	4029928.5	M22	M22
1607at7088	SCAFFOLD_42	4726851.5	M5	M5
1608at7088	SCAFFOLD_38	3069183.0	M14	M14
1609at7088	SCAFFOLD_42	2564320.5	M5	M5
1612at7088	SCAFFOLD_86	2920166.5	M21	M21
1613at7088	SCAFFOLD_74	4230801.5	M15	M15
1614at7088	SCAFFOLD_20	6488591.5	M8	M8
1619at7088	SCAFFOLD_17	3587321.0	M10	M10
1623at7088	SCAFFOLD_38	2504739.0	M14	M14
1625at7088	SCAFFOLD_72	4059310.0	M1	M1
1626at7088	SCAFFOLD_7	7659193.5	M30	M30
1627at7088	SCAFFOLD_77	1976686.0	NA	NA
1628at7088	SCAFFOLD_4	5849110.0	NA	NA
1635at7088	SCAFFOLD_49	4867548.0	NA	NA
1636at7088	SCAFFOLD_46	5078193.0	M3	M3
1637at7088	SCAFFOLD_65	1487691.0	M9	M9
1638at7088	SCAFFOLD_5	365972.0	NA	NA
1641at7088	SCAFFOLD_17	4323347.0	NA	NA
1642at7088	SCAFFOLD_2	1838272.5	NA	NA
1644at7088	SCAFFOLD_88	2380789.5	M20	M20
1645at7088	SCAFFOLD_39	2545132.5	M21	M21
1647at7088	SCAFFOLD_29	3930165.0	M2	M2
1648at7088	SCAFFOLD_19	5038936.5	M1	M1
1650at7088	SCAFFOLD_13	1163024.5	M23	M23
1652at7088	SCAFFOLD_31	1460530.0	NA	NA
1657at7088	SCAFFOLD_4	2306858.0	NA	NA
1660at7088	SCAFFOLD_68	226815.0	M15	M15
1661at7088	SCAFFOLD_31	3364298.5	M1	M1
1665at7088	SCAFFOLD_19	2228003.0	M1	M1
1667at7088	SCAFFOLD_31	3323756.5	M1	M1
1670at7088	SCAFFOLD_87	3189217.0	M17	M17
1678at7088	SCAFFOLD_57	2893408.0	M11	M11
1679at7088	SCAFFOLD_56	2347361.0	M6	M6
1681at7088	SCAFFOLD_58	1353848.5	M6	M6
1682at7088	SCAFFOLD_28	4356326.0	M2	M2
1683at7088	SCAFFOLD_50	2174161.0	M9	M9
1684at7088	SCAFFOLD_14	6505145.0	M19	M19
1685at7088	SCAFFOLD_23	1432800.0	M24	M24
1686at7088	SCAFFOLD_17	5632683.0	NA	NA
1687at7088	SCAFFOLD_74	2033399.5	M15	M15
1693at7088	SCAFFOLD_37	4322594.0	M22	M22
1695at7088	SCAFFOLD_73	4247079.5	M22	M22
1696at7088	SCAFFOLD_77	777256.0	M15	M15
1699at7088	SCAFFOLD_12	4900676.5	M24	M24
1700at7088	SCAFFOLD_19	1139319.0	M1	M1
1701at7088	SCAFFOLD_64	4913997.5	M15	M15
1705at7088	SCAFFOLD_39	5944265.5	M21	M21
1707at7088	SCAFFOLD_41	1958197.0	M9	M9
1711at7088	SCAFFOLD_9	1703789.5	M23	M23
1718at7088	SCAFFOLD_52	1878487.5	M2	M2
1723at7088	SCAFFOLD_68	1302690.5	M15	M15
1724at7088	SCAFFOLD_29	5141544.0	M2	M2
1725at7088	SCAFFOLD_23	944217.5	M24	M24
1728at7088	SCAFFOLD_28	2445717.5	M2	M2
1729at7088	SCAFFOLD_6	8495801.5	M22	M22
1731at7088	SCAFFOLD_25	3731560.0	M19	M19
1734at7088	SCAFFOLD_34	705623.5	M17	M17
1735at7088	SCAFFOLD_13	504749.0	M23	M23
1738at7088	SCAFFOLD_57	4298279.0	M11	M11
1742at7088	SCAFFOLD_19	3163197.0	M1	M1
1744at7088	SCAFFOLD_59	2824239.0	M4	M4
1745at7088	SCAFFOLD_5	6352240.5	M18	M18
1746at7088	SCAFFOLD_16	5494684.5	M28	M28
1750at7088	SCAFFOLD_66	3544021.5	M3	M3
1752at7088	SCAFFOLD_51	700153.5	M7	M7
1753at7088	SCAFFOLD_20	4895912.5	M8	M8
1755at7088	SCAFFOLD_54	868904.0	NA	NA
1758at7088	SCAFFOLD_9	3133891.5	M26	M26
1760at7088	SCAFFOLD_1	2804097.5	M27	M27
1761at7088	SCAFFOLD_78	4271595.0	M4	M4
1764at7088	SCAFFOLD_40	194052.5	M12	M12
1768at7088	SCAFFOLD_58	5356232.5	M6	M6
1770at7088	SCAFFOLD_77	2313014.0	NA	NA
1772at7088	SCAFFOLD_87	3675719.5	M17	M17
1775at7088	SCAFFOLD_76	1697799.0	M2	M2
1783at7088	SCAFFOLD_19	356259.0	M1	M1
1785at7088	SCAFFOLD_47	4638172.5	M20	M20
1787at7088	SCAFFOLD_29	6127850.0	M2	M2
1789at7088	SCAFFOLD_48	4692577.5	MZ	MZ
1793at7088	SCAFFOLD_83	4387910.5	NA	NA
1800at7088	SCAFFOLD_57	1590500.5	M11	M11
1801at7088	SCAFFOLD_20	2699658.5	M8	M8
1806at7088	SCAFFOLD_36	1278906.0	M5	M5
1809at7088	SCAFFOLD_45	4482613.5	M7	M7
1810at7088	SCAFFOLD_32	5286730.0	M7	M7
1811at7088	SCAFFOLD_46	1297053.0	M3	M3
1812at7088	SCAFFOLD_78	4380645.0	M4	M4
1819at7088	SCAFFOLD_59	2936167.0	M4	M4
1822at7088	SCAFFOLD_62	5025274.0	M21	M21
1826at7088	SCAFFOLD_68	3261148.5	M15	M15
1827at7088	SCAFFOLD_21	3171335.0	M7	M7
1828at7088	SCAFFOLD_33	3328313.5	M18	M18
1829at7088	SCAFFOLD_20	4740250.5	NA	NA
1835at7088	SCAFFOLD_12	1106626.0	NA	NA
1836at7088	SCAFFOLD_26	907571.5	NA	NA
1837at7088	SCAFFOLD_57	2438005.5	M11	M11
1841at7088	SCAFFOLD_55	2500988.0	M9	M9
1845at7088	SCAFFOLD_13	4163867.0	M23	M23
1846at7088	SCAFFOLD_49	3761583.0	M4	M4
1847at7088	SCAFFOLD_5	2607953.5	M18	M18
1851at7088	SCAFFOLD_10	7969657.0	M31	M31
1857at7088	SCAFFOLD_10	5206396.5	NA	NA
1862at7088	SCAFFOLD_11	1704260.0	M14	M14
1865at7088	SCAFFOLD_14	1441797.0	MZ	MZ
1868at7088	SCAFFOLD_88	3069065.0	NA	NA
1869at7088	SCAFFOLD_70	1801306.5	M16	M16
1872at7088	SCAFFOLD_62	1590726.0	NA	NA
1873at7088	SCAFFOLD_82	3272824.0	M3	M3
1874at7088	SCAFFOLD_19	1855911.0	M1	M1
1881at7088	SCAFFOLD_88	2318030.5	M20	M20
1882at7088	SCAFFOLD_28	5516911.5	M2	M2
1884at7088	SCAFFOLD_12	740762.5	M24	M24
1885at7088	SCAFFOLD_47	638196.5	M20	M20
1889at7088	SCAFFOLD_87	1406930.5	M17	M17
1890at7088	SCAFFOLD_11	6394495.0	M14	M14
1892at7088	SCAFFOLD_27	4079766.5	NA	NA
1893at7088	SCAFFOLD_27	6010002.0	M3	M3
1900at7088	SCAFFOLD_12	7244642.5	M24	M24
1901at7088	SCAFFOLD_14	6694694.0	M19	M19
1902at7088	SCAFFOLD_54	4302861.5	NA	NA
1904at7088	SCAFFOLD_88	3101146.5	M20	M20
1907at7088	SCAFFOLD_9	4765784.0	M23	M23
1910at7088	SCAFFOLD_1	3109120.0	M27	M27
1911at7088	SCAFFOLD_64	4161038.0	M15	M15
1913at7088	SCAFFOLD_78	2944261.5	M4	M4
1918at7088	SCAFFOLD_2	8021345.0	M6	M6
1922at7088	SCAFFOLD_76	4365955.5	M2	M2
1924at7088	SCAFFOLD_13	1112266.5	M23	M23
1927at7088	SCAFFOLD_31	4082910.5	M1	M1
1928at7088	SCAFFOLD_57	2710109.5	M11	M11
1929at7088	SCAFFOLD_51	4801834.5	M7	M7
1929at7088	SCAFFOLD_51	626333.5	M7	M7
1931at7088	SCAFFOLD_54	3092719.5	M21	M21
1932at7088	SCAFFOLD_54	4003777.0	M21	M21
1934at7088	SCAFFOLD_20	4814383.5	M8	M8
1935at7088	SCAFFOLD_3	8506990.5	M11	M11
1936at7088	SCAFFOLD_46	797881.0	M3	M3
1938at7088	SCAFFOLD_87	1197647.5	M17	M17
1939at7088	SCAFFOLD_17	2226204.5	M10	M10
1940at7088	SCAFFOLD_87	1334389.5	M17	M17
1941at7088	SCAFFOLD_76	3863005.5	M2	M2
1942at7088	SCAFFOLD_3	1046564.5	M11	M11
1943at7088	SCAFFOLD_18	1032307.0	M28	M28
1945at7088	SCAFFOLD_87	675679.5	M17	M17
1946at7088	SCAFFOLD_31	4134985.0	M1	M1
1947at7088	SCAFFOLD_1	5980362.5	M27	M27
1950at7088	SCAFFOLD_47	3065989.5	M20	M20
1951at7088	SCAFFOLD_8	2201839.0	M13	M13
1952at7088	SCAFFOLD_41	530420.0	M9	M9
1953at7088	SCAFFOLD_42	2733596.0	M5	M5
1955at7088	SCAFFOLD_59	3056841.0	M4	M4
1956at7088	SCAFFOLD_6	961606.0	NA	NA
1958at7088	SCAFFOLD_2	820696.5	M6	M6
1959at7088	SCAFFOLD_17	3911615.0	M10	M10
1960at7088	SCAFFOLD_22	166179.5	M12	M12
1962at7088	SCAFFOLD_79	2029962.5	M2	M2
1968at7088	SCAFFOLD_82	4128277.5	M3	M3
1970at7088	SCAFFOLD_3	2652241.5	M11	M11
1974at7088	SCAFFOLD_33	1902472.5	M18	M18
1982at7088	SCAFFOLD_74	1318675.5	M15	M15
1984at7088	SCAFFOLD_44	2133359.5	M8	M8
1985at7088	SCAFFOLD_62	4647357.0	M21	M21
1987at7088	SCAFFOLD_60	4900003.0	M18	M18
1990at7088	SCAFFOLD_39	975727.5	M4	M4
1992at7088	SCAFFOLD_16	2890376.5	NA	NA
1993at7088	SCAFFOLD_85	278357.0	NA	NA
1994at7088	SCAFFOLD_4	5972095.0	M29	M29
1999at7088	SCAFFOLD_6	7919895.0	NA	NA
2001at7088	SCAFFOLD_17	4153730.0	M10	M10
2003at7088	SCAFFOLD_83	501059.0	MZ	MZ
2015at7088	SCAFFOLD_19	5662658.0	M1	M1
2021at7088	SCAFFOLD_48	1896150.5	MZ	MZ
2023at7088	SCAFFOLD_29	1690759.5	M2	M2
2026at7088	SCAFFOLD_1	10607044.0	NA	NA
2028at7088	SCAFFOLD_83	823950.5	M26	M26
2029at7088	SCAFFOLD_2	1393524.0	NA	NA
2030at7088	SCAFFOLD_21	204199.0	M7	M7
2031at7088	SCAFFOLD_36	3213576.0	M5	M5
2032at7088	SCAFFOLD_12	1588735.5	M24	M24
2034at7088	SCAFFOLD_7	3248924.5	M30	M30
2035at7088	SCAFFOLD_44	3026498.0	M8	M8
2036at7088	SCAFFOLD_1	8299405.0	M27	M27
2037at7088	SCAFFOLD_62	1538996.5	M21	M21
2038at7088	SCAFFOLD_69	616750.5	NA	NA
2041at7088	SCAFFOLD_84	3120899.5	M8	M8
2051at7088	SCAFFOLD_42	4770751.0	M5	M5
2052at7088	SCAFFOLD_20	361908.0	M8	M8
2054at7088	SCAFFOLD_17	3198506.5	M10	M10
2055at7088	SCAFFOLD_14	4675723.0	M19	M19
2056at7088	SCAFFOLD_16	2637270.5	M28	M28
2060at7088	SCAFFOLD_32	3742661.5	M7	M7
2067at7088	SCAFFOLD_84	102871.0	M8	M8
2068at7088	SCAFFOLD_52	1891474.0	M2	M2
2072at7088	SCAFFOLD_15	550334.5	NA	NA
2073at7088	SCAFFOLD_55	410554.5	M9	M9
2078at7088	SCAFFOLD_33	4667827.0	M18	M18
2079at7088	SCAFFOLD_47	1426090.5	M20	M20
2081at7088	SCAFFOLD_11	5379798.5	M14	M14
2084at7088	SCAFFOLD_2	2463025.5	M6	M6
2086at7088	SCAFFOLD_66	3712243.5	M3	M3
2087at7088	SCAFFOLD_74	1993103.0	M15	M15
2090at7088	SCAFFOLD_62	3068828.5	NA	NA
2097at7088	SCAFFOLD_2	3520369.0	NA	NA
2099at7088	SCAFFOLD_59	4995432.5	NA	NA
2101at7088	SCAFFOLD_6	692278.5	M22	M22
2101at7088	SCAFFOLD_95	677146.0	M22	M22
2103at7088	SCAFFOLD_79	2075383.0	M25	M25
2109at7088	SCAFFOLD_57	3893822.5	M11	M11
2110at7088	SCAFFOLD_48	4563517.5	MZ	MZ
2118at7088	SCAFFOLD_17	1984690.0	M10	M10
2121at7088	SCAFFOLD_26	801540.0	M16	M16
2122at7088	SCAFFOLD_22	5767551.5	M12	M12
2124at7088	SCAFFOLD_29	3290511.0	M2	M2
2126at7088	SCAFFOLD_6	7657164.5	M22	M22
2130at7088	SCAFFOLD_10	4223647.5	M31	M31
2131at7088	SCAFFOLD_16	1087782.5	M28	M28
2133at7088	SCAFFOLD_87	1165202.0	M17	M17
2136at7088	SCAFFOLD_34	571733.0	M17	M17
2137at7088	SCAFFOLD_47	1484735.5	M20	M20
2138at7088	SCAFFOLD_72	492419.0	M1	M1
2139at7088	SCAFFOLD_78	754823.0	M4	M4
2141at7088	SCAFFOLD_24	5460702.0	NA	NA
2143at7088	SCAFFOLD_43	2064949.5	M5	M5
2145at7088	SCAFFOLD_55	5175482.5	M9	M9
2149at7088	SCAFFOLD_61	4428407.0	M1	M1
2150at7088	SCAFFOLD_21	2924481.5	M7	M7
2154at7088	SCAFFOLD_69	1472600.0	M13	M13
2156at7088	SCAFFOLD_22	5047307.0	M12	M12
2158at7088	SCAFFOLD_29	5727661.5	M2	M2
2160at7088	SCAFFOLD_30	320110.5	M8	M8
2164at7088	SCAFFOLD_19	4089096.0	M1	M1
2166at7088	SCAFFOLD_16	5982913.0	M28	M28
2169at7088	SCAFFOLD_51	730216.0	M7	M7
2173at7088	SCAFFOLD_48	166127.5	MZ	MZ
2174at7088	SCAFFOLD_2	7609384.0	M6	M6
2177at7088	SCAFFOLD_22	6705716.0	M12	M12
2178at7088	SCAFFOLD_42	1211371.5	M5	M5
2181at7088	SCAFFOLD_35	790834.0	M25	M25
2182at7088	SCAFFOLD_77	1565558.5	M15	M15
2183at7088	SCAFFOLD_54	1597033.0	M21	M21
2185at7088	SCAFFOLD_62	3982383.5	M21	M21
2188at7088	SCAFFOLD_29	893630.0	NA	NA
2190at7088	SCAFFOLD_38	3316413.0	M14	M14
2191at7088	SCAFFOLD_27	3316559.0	NA	NA
2194at7088	SCAFFOLD_19	2166148.0	M1	M1
2208at7088	SCAFFOLD_11	5965661.5	M14	M14
2211at7088	SCAFFOLD_69	3636332.0	M13	M13
2215at7088	SCAFFOLD_24	2546971.0	M26	M26
2220at7088	SCAFFOLD_58	3553175.0	M6	M6
2222at7088	SCAFFOLD_14	5104208.0	NA	NA
2223at7088	SCAFFOLD_4	3610304.0	M29	M29
2225at7088	SCAFFOLD_10	3826802.0	M31	M31
2227at7088	SCAFFOLD_15	1158595.5	M26	M26
2230at7088	SCAFFOLD_46	3897332.0	M3	M3
2233at7088	SCAFFOLD_27	2335368.5	NA	NA
2234at7088	SCAFFOLD_83	3343707.0	MZ	MZ
2236at7088	SCAFFOLD_61	2976858.5	M1	M1
2240at7088	SCAFFOLD_53	4145146.5	M4	M4
2242at7088	SCAFFOLD_91	929803.0	M16	M16
2243at7088	SCAFFOLD_17	3305854.5	M10	M10
2248at7088	SCAFFOLD_69	3686092.5	M13	M13
2250at7088	SCAFFOLD_41	1974110.5	M9	M9
2251at7088	SCAFFOLD_3	8603159.5	NA	NA
2255at7088	SCAFFOLD_59	5007845.0	M4	M4
2258at7088	SCAFFOLD_83	3659793.5	MZ	MZ
2259at7088	SCAFFOLD_28	5245826.5	M2	M2
2261at7088	SCAFFOLD_26	2182523.5	M16	M16
2269at7088	SCAFFOLD_47	5137651.0	M20	M20
2271at7088	SCAFFOLD_27	6063572.5	M3	M3
2272at7088	SCAFFOLD_27	4361642.5	M3	M3
2273at7088	SCAFFOLD_48	5514225.5	MZ	MZ
2276at7088	SCAFFOLD_65	494413.5	M9	M9
2278at7088	SCAFFOLD_27	3861198.0	NA	NA
2279at7088	SCAFFOLD_71	2665934.0	M13	M13
2285at7088	SCAFFOLD_61	2618312.5	M1	M1
2287at7088	SCAFFOLD_47	4283938.0	M20	M20
2289at7088	SCAFFOLD_40	966606.0	M12	M12
2290at7088	SCAFFOLD_74	2166530.5	M15	M15
2294at7088	SCAFFOLD_48	348822.0	MZ	MZ
2295at7088	SCAFFOLD_64	380889.5	M15	M15
2301at7088	SCAFFOLD_41	3520692.5	M9	M9
2304at7088	SCAFFOLD_28	2195031.5	M2	M2
2313at7088	SCAFFOLD_74	1103843.0	M15	M15
2318at7088	SCAFFOLD_78	396122.5	M4	M4
2321at7088	SCAFFOLD_48	5700703.5	MZ	MZ
2322at7088	SCAFFOLD_73	3273582.0	NA	NA
2324at7088	SCAFFOLD_84	3813782.5	M8	M8
2325at7088	SCAFFOLD_32	4381704.0	NA	NA
2327at7088	SCAFFOLD_43	3678517.0	M5	M5
2329at7088	SCAFFOLD_59	1770247.5	M4	M4
2332at7088	SCAFFOLD_82	2876520.5	M3	M3
2334at7088	SCAFFOLD_44	4577591.5	M8	M8
2335at7088	SCAFFOLD_54	2855749.5	M21	M21
2338at7088	SCAFFOLD_46	3751829.5	M3	M3
2339at7088	SCAFFOLD_7	3142720.5	M30	M30
2340at7088	SCAFFOLD_78	4203862.0	NA	NA
2350at7088	SCAFFOLD_37	4152381.5	M22	M22
2351at7088	SCAFFOLD_52	1693465.5	M2	M2
2353at7088	SCAFFOLD_4	4910403.0	M29	M29
2357at7088	SCAFFOLD_4	4972107.0	NA	NA
2359at7088	SCAFFOLD_61	3024260.0	M1	M1
2363at7088	SCAFFOLD_135	193567.0	M2	M2
2363at7088	SCAFFOLD_29	1470139.0	M2	M2
2366at7088	SCAFFOLD_19	4337534.0	M1	M1
2367at7088	SCAFFOLD_29	1971073.0	M2	M2
2370at7088	SCAFFOLD_38	3820450.5	M14	M14
2371at7088	SCAFFOLD_2	7226379.0	M6	M6
2372at7088	SCAFFOLD_86	3464818.0	NA	NA
2378at7088	SCAFFOLD_28	4122684.0	M2	M2
2379at7088	SCAFFOLD_1	7193800.5	NA	NA
2384at7088	SCAFFOLD_75	2185421.0	M12	M12
2385at7088	SCAFFOLD_12	4999788.5	M24	M24
2386at7088	SCAFFOLD_19	4251239.0	M1	M1
2390at7088	SCAFFOLD_66	4539579.5	NA	NA
2394at7088	SCAFFOLD_5	7693392.0	M18	M18
2398at7088	SCAFFOLD_89	2537163.5	M10	M10
2403at7088	SCAFFOLD_74	3756179.5	M15	M15
2408at7088	SCAFFOLD_32	4016133.0	M7	M7
2409at7088	SCAFFOLD_50	4135469.5	M9	M9
2410at7088	SCAFFOLD_20	281306.0	NA	NA
2411at7088	SCAFFOLD_19	5900320.5	M1	M1
2414at7088	SCAFFOLD_3	7897608.5	M11	M11
2415at7088	SCAFFOLD_36	2492240.0	M5	M5
2418at7088	SCAFFOLD_32	2487835.5	M7	M7
2420at7088	SCAFFOLD_25	5721808.5	M19	M19
2421at7088	SCAFFOLD_17	3943347.5	M10	M10
2424at7088	SCAFFOLD_47	1399198.5	M20	M20
2428at7088	SCAFFOLD_48	2086926.5	MZ	MZ
2432at7088	SCAFFOLD_27	4284040.0	M3	M3
2434at7088	SCAFFOLD_27	2961664.0	M3	M3
2435at7088	SCAFFOLD_71	999092.5	NA	NA
2440at7088	SCAFFOLD_82	4100482.0	M3	M3
2447at7088	SCAFFOLD_75	1874947.5	M12	M12
2448at7088	SCAFFOLD_48	3210537.0	NA	NA
2449at7088	SCAFFOLD_19	4688140.0	M1	M1
2451at7088	SCAFFOLD_71	2794998.0	M13	M13
2452at7088	SCAFFOLD_3	9570949.0	M11	M11
2453at7088	SCAFFOLD_1	5383889.0	M27	M27
2454at7088	SCAFFOLD_76	4049914.0	M2	M2
2455at7088	SCAFFOLD_66	3689652.0	M3	M3
2456at7088	SCAFFOLD_74	2787659.0	M15	M15
2459at7088	SCAFFOLD_85	3803138.0	M13	M13
2460at7088	SCAFFOLD_74	1982038.5	M15	M15
2461at7088	SCAFFOLD_57	2918609.0	M11	M11
2469at7088	SCAFFOLD_79	1610227.5	M25	M25
2470at7088	SCAFFOLD_2	6484427.0	M6	M6
2475at7088	SCAFFOLD_26	4552602.5	NA	NA
2481at7088	SCAFFOLD_81	1813253.0	M10	M10
2482at7088	SCAFFOLD_18	5325603.0	M28	M28
2483at7088	SCAFFOLD_7	6705627.0	M30	M30
2486at7088	SCAFFOLD_2	2572404.0	M6	M6
2490at7088	SCAFFOLD_57	5479214.0	NA	NA
2496at7088	SCAFFOLD_60	2039946.5	NA	NA
2497at7088	SCAFFOLD_43	4803869.5	M5	M5
2498at7088	SCAFFOLD_73	1696990.5	M22	M22
2501at7088	SCAFFOLD_14	4065771.5	M19	M19
2504at7088	SCAFFOLD_59	4002561.0	NA	NA
2507at7088	SCAFFOLD_9	6291072.0	M23	M23
2509at7088	SCAFFOLD_17	4337976.0	M10	M10
2517at7088	SCAFFOLD_29	5772537.5	M2	M2
2518at7088	SCAFFOLD_54	5301649.0	M21	M21
2519at7088	SCAFFOLD_48	3420667.0	MZ	MZ
2522at7088	SCAFFOLD_38	884599.0	M14	M14
2523at7088	SCAFFOLD_13	6741778.0	NA	NA
2527at7088	SCAFFOLD_25	5410221.5	M19	M19
2528at7088	SCAFFOLD_6	7526387.5	M22	M22
2529at7088	SCAFFOLD_51	590554.0	M7	M7
2529at7088	SCAFFOLD_51	4838527.0	M7	M7
2530at7088	SCAFFOLD_82	4048027.0	NA	NA
2535at7088	SCAFFOLD_2	2756471.5	M6	M6
2543at7088	SCAFFOLD_87	3782727.5	M17	M17
2545at7088	SCAFFOLD_76	336836.0	M2	M2
2546at7088	SCAFFOLD_5	8332719.0	M18	M18
2548at7088	SCAFFOLD_23	4317241.5	M24	M24
2552at7088	SCAFFOLD_67	3820325.5	M12	M12
2553at7088	SCAFFOLD_87	3737609.5	NA	NA
2554at7088	SCAFFOLD_55	2584875.0	M9	M9
2557at7088	SCAFFOLD_84	2362886.5	M8	M8
2560at7088	SCAFFOLD_26	4608417.0	M16	M16
2563at7088	SCAFFOLD_35	731722.0	M25	M25
2566at7088	SCAFFOLD_59	1159121.5	M4	M4
2568at7088	SCAFFOLD_88	3765864.5	M20	M20
2577at7088	SCAFFOLD_11	6447994.5	M14	M14
2580at7088	SCAFFOLD_29	5569284.5	M2	M2
2583at7088	SCAFFOLD_7	3926792.0	NA	NA
2585at7088	SCAFFOLD_52	2997699.5	M2	M2
2587at7088	SCAFFOLD_29	5624716.5	M2	M2
2589at7088	SCAFFOLD_84	934669.5	NA	NA
2594at7088	SCAFFOLD_74	1199796.5	M15	M15
2596at7088	SCAFFOLD_72	1420734.0	M1	M1
2599at7088	SCAFFOLD_49	1342849.0	M4	M4
2600at7088	SCAFFOLD_47	2647191.5	NA	NA
2603at7088	SCAFFOLD_29	1319382.0	M2	M2
2608at7088	SCAFFOLD_61	4677480.0	NA	NA
2610at7088	SCAFFOLD_70	1986428.5	M16	M16
2614at7088	SCAFFOLD_41	594699.0	M9	M9
2615at7088	SCAFFOLD_23	3392543.5	NA	NA
2618at7088	SCAFFOLD_87	334414.5	M17	M17
2621at7088	SCAFFOLD_63	3759987.0	M5	M5
2624at7088	SCAFFOLD_84	1271990.5	M8	M8
2629at7088	SCAFFOLD_43	2349667.5	M5	M5
2633at7088	SCAFFOLD_70	1397632.0	NA	NA
2635at7088	SCAFFOLD_72	81101.0	M1	M1
2637at7088	SCAFFOLD_21	5623422.5	NA	NA
2639at7088	SCAFFOLD_48	1430701.0	MZ	MZ
2640at7088	SCAFFOLD_52	1906241.5	M2	M2
2645at7088	SCAFFOLD_3	2916655.0	M11	M11
2647at7088	SCAFFOLD_90	333407.5	NA	NA
2649at7088	SCAFFOLD_81	207598.5	M10	M10
2652at7088	SCAFFOLD_29	5303856.0	M2	M2
2653at7088	SCAFFOLD_82	4165966.5	M3	M3
2657at7088	SCAFFOLD_27	2896759.5	M3	M3
2658at7088	SCAFFOLD_66	1096217.0	M3	M3
2659at7088	SCAFFOLD_2	2404736.0	M6	M6
2662at7088	SCAFFOLD_11	1609920.0	NA	NA
2663at7088	SCAFFOLD_39	3606663.5	M21	M21
2666at7088	SCAFFOLD_67	2506364.5	M12	M12
2671at7088	SCAFFOLD_18	3952671.0	M28	M28
2672at7088	SCAFFOLD_7	2497629.5	NA	NA
2679at7088	SCAFFOLD_61	4587603.5	M1	M1
2686at7088	SCAFFOLD_5	201851.0	M18	M18
2687at7088	SCAFFOLD_6	4092584.5	M22	M22
2690at7088	SCAFFOLD_44	1258855.0	M8	M8
2694at7088	SCAFFOLD_42	4692748.5	NA	NA
2696at7088	SCAFFOLD_48	271900.5	MZ	MZ
2699at7088	SCAFFOLD_87	745929.5	M17	M17
2700at7088	SCAFFOLD_25	5551032.5	NA	NA
2701at7088	SCAFFOLD_3	9387533.0	M11	M11
2703at7088	SCAFFOLD_74	3770242.5	M15	M15
2704at7088	SCAFFOLD_38	863427.5	M14	M14
2710at7088	SCAFFOLD_58	949406.5	M6	M6
2714at7088	SCAFFOLD_23	3702105.5	M24	M24
2715at7088	SCAFFOLD_76	184543.0	M2	M2
2718at7088	SCAFFOLD_47	3292949.0	M20	M20
2719at7088	SCAFFOLD_66	4569400.0	M3	M3
2721at7088	SCAFFOLD_39	3564610.5	M21	M21
2729at7088	SCAFFOLD_46	721762.0	NA	NA
2730at7088	SCAFFOLD_36	1202490.0	M5	M5
2731at7088	SCAFFOLD_58	2850150.0	M6	M6
2733at7088	SCAFFOLD_66	3718891.5	M3	M3
2734at7088	SCAFFOLD_85	2727321.5	M11	M11
2738at7088	SCAFFOLD_39	3733558.5	M21	M21
2740at7088	SCAFFOLD_26	6318893.0	M16	M16
2743at7088	SCAFFOLD_36	681657.0	NA	NA
2744at7088	SCAFFOLD_19	2365281.5	M1	M1
2746at7088	SCAFFOLD_15	3097658.5	M26	M26
2747at7088	SCAFFOLD_49	4766510.0	M4	M4
2750at7088	SCAFFOLD_43	2635733.5	M5	M5
2754at7088	SCAFFOLD_25	5047815.5	M19	M19
2756at7088	SCAFFOLD_47	3782288.0	M20	M20
2758at7088	SCAFFOLD_34	3121847.0	M17	M17
2761at7088	SCAFFOLD_40	4030396.5	M12	M12
2762at7088	SCAFFOLD_38	3308770.5	M14	M14
2766at7088	SCAFFOLD_4	4944849.5	NA	NA
2768at7088	SCAFFOLD_6	4203239.0	M22	M22
2770at7088	SCAFFOLD_12	1135943.0	M24	M24
2772at7088	SCAFFOLD_75	2280779.5	M12	M12
2774at7088	SCAFFOLD_45	3713102.5	M7	M7
2775at7088	SCAFFOLD_87	2191602.0	M17	M17
2787at7088	SCAFFOLD_64	3302690.5	M15	M15
2788at7088	SCAFFOLD_39	5539258.0	M21	M21
2791at7088	SCAFFOLD_86	3356998.0	M21	M21
2796at7088	SCAFFOLD_36	2614527.5	M5	M5
2797at7088	SCAFFOLD_53	713590.0	M4	M4
2798at7088	SCAFFOLD_42	2422872.5	M5	M5
2802at7088	SCAFFOLD_82	1334870.5	M3	M3
2803at7088	SCAFFOLD_34	3237123.0	M17	M17
2804at7088	SCAFFOLD_23	545421.0	M24	M24
2805at7088	SCAFFOLD_19	6071696.5	M1	M1
2811at7088	SCAFFOLD_66	5079182.5	NA	NA
2813at7088	SCAFFOLD_25	637978.0	M19	M19
2815at7088	SCAFFOLD_27	249029.0	M3	M3
2816at7088	SCAFFOLD_55	5145981.0	M9	M9
2818at7088	SCAFFOLD_73	1751812.5	M22	M22
2819at7088	SCAFFOLD_12	1622939.5	M24	M24
2821at7088	SCAFFOLD_58	5034687.5	M6	M6
2826at7088	SCAFFOLD_69	1602860.5	NA	NA
2829at7088	SCAFFOLD_8	2339431.0	M13	M13
2830at7088	SCAFFOLD_42	3307988.0	M5	M5
2833at7088	SCAFFOLD_34	2262668.0	M17	M17
2834at7088	SCAFFOLD_22	6034336.0	M12	M12
2835at7088	SCAFFOLD_49	1219586.5	M4	M4
2842at7088	SCAFFOLD_86	3494627.5	M21	M21
2845at7088	SCAFFOLD_60	5399327.0	M18	M18
2848at7088	SCAFFOLD_52	4029375.5	NA	NA
2855at7088	SCAFFOLD_13	960454.5	M23	M23
2857at7088	SCAFFOLD_19	4070639.5	NA	NA
2859at7088	SCAFFOLD_82	4324902.0	M3	M3
2860at7088	SCAFFOLD_50	4189394.0	M9	M9
2864at7088	SCAFFOLD_56	493882.5	M6	M6
2873at7088	SCAFFOLD_94	947229.0	M13	M13
2873at7088	SCAFFOLD_8	362465.5	M13	M13
2877at7088	SCAFFOLD_18	925070.5	M28	M28
2884at7088	SCAFFOLD_55	562830.5	M9	M9
2885at7088	SCAFFOLD_81	953898.5	M10	M10
2890at7088	SCAFFOLD_5	2590126.0	M18	M18
2891at7088	SCAFFOLD_29	5670022.5	M2	M2
2893at7088	SCAFFOLD_58	4024325.0	M6	M6
2895at7088	SCAFFOLD_29	3233091.5	M2	M2
2902at7088	SCAFFOLD_83	2822424.0	NA	NA
2905at7088	SCAFFOLD_48	1532409.5	NA	NA
2906at7088	SCAFFOLD_12	3232362.0	NA	NA
2910at7088	SCAFFOLD_78	2887610.5	M4	M4
2912at7088	SCAFFOLD_76	704589.5	M2	M2
2913at7088	SCAFFOLD_8	182876.0	M13	M13
2913at7088	SCAFFOLD_94	749436.5	M13	M13
2917at7088	SCAFFOLD_76	540248.5	NA	NA
2918at7088	SCAFFOLD_32	3133666.0	M7	M7
2926at7088	SCAFFOLD_19	3195794.0	M1	M1
2928at7088	SCAFFOLD_44	1803668.0	M8	M8
2930at7088	SCAFFOLD_1	808819.5	M16	M16
2931at7088	SCAFFOLD_87	3449895.0	M17	M17
2932at7088	SCAFFOLD_11	4216537.5	M14	M14
2934at7088	SCAFFOLD_60	4618934.0	M18	M18
2935at7088	SCAFFOLD_52	2912615.5	NA	NA
2936at7088	SCAFFOLD_17	5266445.0	M10	M10
2938at7088	SCAFFOLD_48	2658900.5	MZ	MZ
2939at7088	SCAFFOLD_25	2645660.0	M19	M19
2940at7088	SCAFFOLD_70	1177331.0	NA	NA
2942at7088	SCAFFOLD_48	4001177.5	MZ	MZ
2943at7088	SCAFFOLD_40	1440369.5	M12	M12
2945at7088	SCAFFOLD_70	239712.5	M16	M16
2948at7088	SCAFFOLD_78	2871054.5	M4	M4
2949at7088	SCAFFOLD_76	391714.0	M2	M2
2952at7088	SCAFFOLD_3	7850753.5	M11	M11
2953at7088	SCAFFOLD_87	1984116.0	NA	NA
2959at7088	SCAFFOLD_25	4030276.0	M19	M19
2965at7088	SCAFFOLD_63	2483630.0	NA	NA
2966at7088	SCAFFOLD_20	5033905.0	M8	M8
2972at7088	SCAFFOLD_76	3736747.0	M2	M2
2976at7088	SCAFFOLD_58	4414514.5	M6	M6
2978at7088	SCAFFOLD_8	5138002.0	M13	M13
2979at7088	SCAFFOLD_28	1533397.0	M2	M2
2980at7088	SCAFFOLD_86	3113762.0	M21	M21
2981at7088	SCAFFOLD_29	5233007.5	M2	M2
2982at7088	SCAFFOLD_75	1758115.0	NA	NA
2984at7088	SCAFFOLD_88	1962452.5	M20	M20
2987at7088	SCAFFOLD_42	3181294.5	M5	M5
2990at7088	SCAFFOLD_64	369761.0	M15	M15
2991at7088	SCAFFOLD_76	1653268.5	NA	NA
2994at7088	SCAFFOLD_56	3807095.0	M6	M6
2995at7088	SCAFFOLD_70	2196174.5	M16	M16
2998at7088	SCAFFOLD_2	4462377.5	M6	M6
2999at7088	SCAFFOLD_45	1290826.5	M7	M7
3000at7088	SCAFFOLD_25	1742095.5	M19	M19
3004at7088	SCAFFOLD_71	688841.5	M13	M13
3005at7088	SCAFFOLD_19	2188230.5	NA	NA
3006at7088	SCAFFOLD_33	4164572.0	M18	M18
3010at7088	SCAFFOLD_38	973807.0	NA	NA
3012at7088	SCAFFOLD_63	4209955.0	M5	M5
3016at7088	SCAFFOLD_6	6074397.5	M22	M22
3018at7088	SCAFFOLD_48	2622259.0	MZ	MZ
3021at7088	SCAFFOLD_31	1947459.5	NA	NA
3023at7088	SCAFFOLD_17	3015501.0	M10	M10
3025at7088	SCAFFOLD_58	2793162.5	M5	M5
3026at7088	SCAFFOLD_2	3571576.5	M6	M6
3027at7088	SCAFFOLD_24	3946661.5	M26	M26
3029at7088	SCAFFOLD_29	3356622.0	M2	M2
3030at7088	SCAFFOLD_85	1691898.5	M11	M11
3032at7088	SCAFFOLD_26	1831696.5	M16	M16
3040at7088	SCAFFOLD_19	4469769.5	M1	M1
3042at7088	SCAFFOLD_2	8808428.5	NA	NA
3045at7088	SCAFFOLD_36	693823.0	NA	NA
3047at7088	SCAFFOLD_22	2109228.0	M12	M12
3048at7088	SCAFFOLD_5	5820744.5	M18	M18
3051at7088	SCAFFOLD_8	5120209.0	M13	M13
3053at7088	SCAFFOLD_1	3604062.5	M27	M27
3055at7088	SCAFFOLD_29	3399677.0	M2	M2
3057at7088	SCAFFOLD_45	2478828.5	M7	M7
3059at7088	SCAFFOLD_68	1258586.5	M15	M15
3065at7088	SCAFFOLD_18	3522968.5	M28	M28
3066at7088	SCAFFOLD_56	3839431.0	M6	M6
3067at7088	SCAFFOLD_66	2168183.0	M13	M13
3069at7088	SCAFFOLD_10	4106752.5	M31	M31
3071at7088	SCAFFOLD_61	3652685.0	M1	M1
3074at7088	SCAFFOLD_2	4110103.5	M6	M6
3075at7088	SCAFFOLD_22	134114.0	M12	M12
3078at7088	SCAFFOLD_31	3355042.0	M1	M1
3079at7088	SCAFFOLD_19	3887111.5	M1	M1
3080at7088	SCAFFOLD_51	517473.0	M7	M7
3080at7088	SCAFFOLD_51	4909390.5	M7	M7
3084at7088	SCAFFOLD_19	5440021.5	M1	M1
3086at7088	SCAFFOLD_5	110747.5	M18	M18
3093at7088	SCAFFOLD_5	4286538.0	NA	NA
3094at7088	SCAFFOLD_66	3357111.5	M3	M3
3104at7088	SCAFFOLD_1	2624892.0	M27	M27
3105at7088	SCAFFOLD_38	3381426.5	M14	M14
3107at7088	SCAFFOLD_54	3141137.0	M21	M21
3110at7088	SCAFFOLD_42	1051205.0	M5	M5
3114at7088	SCAFFOLD_2	3185230.5	M6	M6
3115at7088	SCAFFOLD_48	1995439.0	MZ	MZ
3118at7088	SCAFFOLD_19	4202755.0	NA	NA
3122at7088	SCAFFOLD_64	2860806.5	M15	M15
3123at7088	SCAFFOLD_75	1267041.5	M12	M12
3125at7088	SCAFFOLD_70	260620.5	M16	M16
3126at7088	SCAFFOLD_74	3723385.0	NA	NA
3127at7088	SCAFFOLD_78	4304062.5	NA	NA
3128at7088	SCAFFOLD_53	1511781.0	M4	M4
3129at7088	SCAFFOLD_49	1194730.5	M4	M4
3131at7088	SCAFFOLD_50	1327716.5	M9	M9
3132at7088	SCAFFOLD_57	2941948.5	M11	M11
3133at7088	SCAFFOLD_5	5880919.5	M18	M18
3135at7088	SCAFFOLD_77	1870178.5	M15	M15
3137at7088	SCAFFOLD_81	406805.0	NA	NA
3144at7088	SCAFFOLD_65	4209352.0	M9	M9
3145at7088	SCAFFOLD_40	328157.0	M12	M12
3152at7088	SCAFFOLD_76	3827516.5	M2	M2
3153at7088	SCAFFOLD_78	2861396.5	M4	M4
3155at7088	SCAFFOLD_53	2609548.5	M4	M4
3159at7088	SCAFFOLD_2	1876430.5	M6	M6
3160at7088	SCAFFOLD_5	8357317.0	M18	M18
3162at7088	SCAFFOLD_48	1115675.0	NA	NA
3163at7088	SCAFFOLD_52	5509535.0	M2	M2
3166at7088	SCAFFOLD_51	3079908.0	M7	M7
3167at7088	SCAFFOLD_43	5249562.5	M5	M5
3174at7088	SCAFFOLD_6	8356948.5	NA	NA
3175at7088	SCAFFOLD_87	2198590.0	NA	NA
3178at7088	SCAFFOLD_17	3174402.5	M10	M10
3180at7088	SCAFFOLD_17	5274415.0	M10	M10
3183at7088	SCAFFOLD_61	792552.0	M1	M1
3187at7088	SCAFFOLD_11	5608882.5	M14	M14
3188at7088	SCAFFOLD_3	1387944.5	M11	M11
3195at7088	SCAFFOLD_87	1736036.5	NA	NA
3198at7088	SCAFFOLD_51	4154745.0	M7	M7
3200at7088	SCAFFOLD_11	6792072.5	M14	M14
3204at7088	SCAFFOLD_14	6057880.5	M19	M19
3207at7088	SCAFFOLD_27	3625659.0	M3	M3
3209at7088	SCAFFOLD_71	864757.5	M13	M13
3211at7088	SCAFFOLD_3	7814653.5	M11	M11
3216at7088	SCAFFOLD_25	5433588.5	M19	M19
3218at7088	SCAFFOLD_19	2139596.5	M1	M1
3219at7088	SCAFFOLD_36	2539521.5	M5	M5
3220at7088	SCAFFOLD_23	5556150.0	M24	M24
3221at7088	SCAFFOLD_78	332093.5	M4	M4
3224at7088	SCAFFOLD_68	218308.5	M15	M15
3225at7088	SCAFFOLD_57	4895992.0	M11	M11
3226at7088	SCAFFOLD_27	5697359.0	M3	M3
3228at7088	SCAFFOLD_37	2559867.0	NA	NA
3231at7088	SCAFFOLD_25	1886798.0	M19	M19
3234at7088	SCAFFOLD_38	3488360.0	M14	M14
3237at7088	SCAFFOLD_48	3914600.5	MZ	MZ
3241at7088	SCAFFOLD_61	3857169.0	M1	M1
3242at7088	SCAFFOLD_17	2165246.5	M10	M10
3245at7088	SCAFFOLD_48	2354485.5	MZ	MZ
3248at7088	SCAFFOLD_75	1783742.5	NA	NA
3250at7088	SCAFFOLD_65	1367654.5	M9	M9
3251at7088	SCAFFOLD_42	3779049.0	M5	M5
3253at7088	SCAFFOLD_57	3391024.0	M11	M11
3254at7088	SCAFFOLD_51	3974091.0	M7	M7
3255at7088	SCAFFOLD_55	1219429.0	M9	M9
3257at7088	SCAFFOLD_74	2653105.5	M15	M15
3258at7088	SCAFFOLD_62	3644834.5	M21	M21
3259at7088	SCAFFOLD_33	3589340.0	M18	M18
3265at7088	SCAFFOLD_27	4603763.0	M3	M3
3269at7088	SCAFFOLD_19	1169898.0	M1	M1
3272at7088	SCAFFOLD_68	666365.0	M15	M15
3273at7088	SCAFFOLD_72	550471.5	M1	M1
3275at7088	SCAFFOLD_19	3949221.0	M1	M1
3276at7088	SCAFFOLD_68	438948.5	M15	M15
3277at7088	SCAFFOLD_76	547735.0	M2	M2
3278at7088	SCAFFOLD_47	4152796.0	NA	NA
3279at7088	SCAFFOLD_83	3716657.0	NA	NA
3284at7088	SCAFFOLD_17	102940.5	M10	M10
3287at7088	SCAFFOLD_44	2995843.5	M8	M8
3290at7088	SCAFFOLD_20	4995053.5	M8	M8
3293at7088	SCAFFOLD_66	1975538.0	M3	M3
3297at7088	SCAFFOLD_17	4364468.5	M10	M10
3298at7088	SCAFFOLD_66	4455393.0	M3	M3
3306at7088	SCAFFOLD_36	2409785.0	M5	M5
3307at7088	SCAFFOLD_70	4095246.0	M16	M16
3312at7088	SCAFFOLD_57	3150965.5	M11	M11
3313at7088	SCAFFOLD_17	2153801.0	M10	M10
3314at7088	SCAFFOLD_14	3531787.0	M19	M19
3315at7088	SCAFFOLD_3	4772541.0	NA	NA
3323at7088	SCAFFOLD_38	4016352.0	M14	M14
3324at7088	SCAFFOLD_71	142299.5	NA	NA
3326at7088	SCAFFOLD_76	3937387.0	M2	M2
3327at7088	SCAFFOLD_2	1008417.5	NA	NA
3330at7088	SCAFFOLD_5	3725185.0	M18	M18
3331at7088	SCAFFOLD_25	4770608.5	NA	NA
3332at7088	SCAFFOLD_90	1676277.0	NA	NA
3338at7088	SCAFFOLD_44	1822074.0	M8	M8
3339at7088	SCAFFOLD_87	3111970.5	M17	M17
3343at7088	SCAFFOLD_29	4840506.0	M2	M2
3345at7088	SCAFFOLD_6	3758075.0	M22	M22
3348at7088	SCAFFOLD_75	2833209.0	M12	M12
3351at7088	SCAFFOLD_80	2650769.5	M14	M14
3352at7088	SCAFFOLD_15	5482960.0	NA	NA
3353at7088	SCAFFOLD_9	3849452.5	NA	NA
3356at7088	SCAFFOLD_32	1051647.5	M7	M7
3358at7088	SCAFFOLD_25	2664381.5	M19	M19
3359at7088	SCAFFOLD_8	5149173.5	M13	M13
3361at7088	SCAFFOLD_58	1315094.0	NA	NA
3362at7088	SCAFFOLD_12	1643916.5	M24	M24
3363at7088	SCAFFOLD_25	2634739.5	M19	M19
3364at7088	SCAFFOLD_14	1960283.5	M19	M19
3365at7088	SCAFFOLD_3	8999557.5	M11	M11
3366at7088	SCAFFOLD_51	4216314.5	NA	NA
3368at7088	SCAFFOLD_70	2823622.5	M16	M16
3372at7088	SCAFFOLD_9	3165756.5	M23	M23
3373at7088	SCAFFOLD_51	1670756.0	M7	M7
3379at7088	SCAFFOLD_42	4971930.5	NA	NA
3381at7088	SCAFFOLD_65	3980237.5	NA	NA
3383at7088	SCAFFOLD_10	2532936.0	NA	NA
3384at7088	SCAFFOLD_48	5768045.0	MZ	MZ
3387at7088	SCAFFOLD_76	4018197.0	M2	M2
3388at7088	SCAFFOLD_42	3347698.0	M5	M5
3389at7088	SCAFFOLD_84	954961.5	NA	NA
3390at7088	SCAFFOLD_49	4896123.0	NA	NA
3393at7088	SCAFFOLD_31	5776619.0	M1	M1
3396at7088	SCAFFOLD_29	6092019.0	M2	M2
3400at7088	SCAFFOLD_44	4404269.5	M8	M8
3401at7088	SCAFFOLD_59	4917582.5	M4	M4
3402at7088	SCAFFOLD_59	2334506.5	M4	M4
3404at7088	SCAFFOLD_27	5330249.0	M3	M3
3409at7088	SCAFFOLD_14	4493743.0	M19	M19
3410at7088	SCAFFOLD_60	1718845.0	NA	NA
3415at7088	SCAFFOLD_55	546204.0	NA	NA
3416at7088	SCAFFOLD_1	10425223.5	NA	NA
3417at7088	SCAFFOLD_87	766493.0	M17	M17
3419at7088	SCAFFOLD_52	2955701.5	M2	M2
3424at7088	SCAFFOLD_63	3447771.0	M5	M5
3430at7088	SCAFFOLD_59	3452733.0	M4	M4
3431at7088	SCAFFOLD_61	3038853.5	M1	M1
3435at7088	SCAFFOLD_68	4502743.0	M15	M15
3442at7088	SCAFFOLD_58	2720913.5	M6	M6
3443at7088	SCAFFOLD_1	5550155.0	M27	M27
3451at7088	SCAFFOLD_84	990882.5	M8	M8
3453at7088	SCAFFOLD_22	5573746.5	M12	M12
3460at7088	SCAFFOLD_82	3668142.0	M3	M3
3468at7088	SCAFFOLD_33	1877309.0	M18	M18
3471at7088	SCAFFOLD_41	2828872.0	M9	M9
3473at7088	SCAFFOLD_51	3063624.5	M7	M7
3474at7088	SCAFFOLD_3	7825784.0	M11	M11
3477at7088	SCAFFOLD_54	5454965.5	M21	M21
3479at7088	SCAFFOLD_78	965995.5	M4	M4
3480at7088	SCAFFOLD_31	6052802.0	M1	M1
3485at7088	SCAFFOLD_20	250767.5	NA	NA
3486at7088	SCAFFOLD_32	4020420.0	M7	M7
3489at7088	SCAFFOLD_72	3963114.0	M1	M1
3491at7088	SCAFFOLD_3	2732473.0	NA	NA
3494at7088	SCAFFOLD_22	498836.0	M12	M12
3496at7088	SCAFFOLD_42	1072658.0	M5	M5
3497at7088	SCAFFOLD_14	2014879.5	M19	M19
3503at7088	SCAFFOLD_71	3209971.5	M13	M13
3507at7088	SCAFFOLD_86	1562157.0	NA	NA
3508at7088	SCAFFOLD_84	3320120.0	M8	M8
3510at7088	SCAFFOLD_87	838178.5	M17	M17
3514at7088	SCAFFOLD_17	1345816.0	NA	NA
3516at7088	SCAFFOLD_38	3092916.0	M14	M14
3517at7088	SCAFFOLD_36	1176949.0	M5	M5
3519at7088	SCAFFOLD_77	3453029.0	M15	M15
3520at7088	SCAFFOLD_70	552414.5	M16	M16
3521at7088	SCAFFOLD_57	2683934.0	M11	M11
3524at7088	SCAFFOLD_22	5985095.0	M12	M12
3526at7088	SCAFFOLD_85	3809814.0	NA	NA
3528at7088	SCAFFOLD_81	1677409.5	NA	NA
3529at7088	SCAFFOLD_53	1531562.0	NA	NA
3537at7088	SCAFFOLD_2	4144778.0	M6	M6
3539at7088	SCAFFOLD_29	6172795.0	M2	M2
3541at7088	SCAFFOLD_66	3238704.0	M3	M3
3542at7088	SCAFFOLD_60	4928246.0	NA	NA
3548at7088	SCAFFOLD_88	2207603.5	M20	M20
3549at7088	SCAFFOLD_79	2232176.0	NA	NA
3551at7088	SCAFFOLD_44	2057449.5	M8	M8
3556at7088	SCAFFOLD_39	3726907.0	NA	NA
3558at7088	SCAFFOLD_19	4760998.0	M1	M1
3563at7088	SCAFFOLD_84	1560305.5	M8	M8
3564at7088	SCAFFOLD_42	2583701.5	M5	M5
3567at7088	SCAFFOLD_53	4186865.0	M4	M4
3571at7088	SCAFFOLD_43	2082556.5	NA	NA
3577at7088	SCAFFOLD_73	636952.5	M22	M22
3580at7088	SCAFFOLD_50	1003328.5	M1	M1
3584at7088	SCAFFOLD_48	779347.0	NA	NA
3587at7088	SCAFFOLD_59	3129941.0	M4	M4
3589at7088	SCAFFOLD_86	3193389.0	M21	M21
3592at7088	SCAFFOLD_70	3439102.5	M16	M16
3594at7088	SCAFFOLD_27	4009424.0	M3	M3
3595at7088	SCAFFOLD_87	1070243.5	M17	M17
3596at7088	SCAFFOLD_2	7998074.5	NA	NA
3597at7088	SCAFFOLD_20	2642470.5	M8	M8
3598at7088	SCAFFOLD_42	3413413.0	M5	M5
3599at7088	SCAFFOLD_37	4175130.0	M7	M7
3600at7088	SCAFFOLD_59	714956.0	M4	M4
3602at7088	SCAFFOLD_44	4660054.5	M8	M8
3604at7088	SCAFFOLD_52	4052211.0	NA	NA
3607at7088	SCAFFOLD_15	3082278.5	M26	M26
3608at7088	SCAFFOLD_4	688428.0	M29	M29
3611at7088	SCAFFOLD_35	3525322.0	M25	M25
3616at7088	SCAFFOLD_25	4523608.5	M19	M19
3618at7088	SCAFFOLD_37	3451785.5	M22	M22
3631at7088	SCAFFOLD_19	2193976.5	M1	M1
3633at7088	SCAFFOLD_46	5057811.0	NA	NA
3634at7088	SCAFFOLD_47	1521138.0	M20	M20
3641at7088	SCAFFOLD_28	4420311.0	M2	M2
3648at7088	SCAFFOLD_19	5884047.5	NA	NA
3653at7088	SCAFFOLD_39	2583468.0	M21	M21
3658at7088	SCAFFOLD_53	1568251.0	M4	M4
3660at7088	SCAFFOLD_21	3191709.0	M7	M7
3662at7088	SCAFFOLD_21	2654118.0	M7	M7
3663at7088	SCAFFOLD_54	4763492.0	M21	M21
3664at7088	SCAFFOLD_82	3662828.5	M3	M3
3665at7088	SCAFFOLD_72	3475573.0	M1	M1
3666at7088	SCAFFOLD_76	3557166.0	M2	M2
3667at7088	SCAFFOLD_28	4240295.5	M2	M2
3671at7088	SCAFFOLD_27	3067084.0	M3	M3
3672at7088	SCAFFOLD_66	4491876.0	M3	M3
3673at7088	SCAFFOLD_70	3185456.0	NA	NA
3675at7088	SCAFFOLD_28	3297954.5	M2	M2
3680at7088	SCAFFOLD_19	2704781.0	M1	M1
3681at7088	SCAFFOLD_4	5090101.0	M29	M29
3683at7088	SCAFFOLD_7	5398835.0	NA	NA
3684at7088	SCAFFOLD_47	4878702.5	M20	M20
3689at7088	SCAFFOLD_46	3948806.0	M3	M3
3695at7088	SCAFFOLD_80	2211257.0	M14	M14
3709at7088	SCAFFOLD_47	291231.0	M20	M20
3718at7088	SCAFFOLD_54	2245500.5	NA	NA
3722at7088	SCAFFOLD_18	1988758.0	M28	M28
3725at7088	SCAFFOLD_45	4276082.5	M7	M7
3726at7088	SCAFFOLD_49	2577837.0	M4	M4
3727at7088	SCAFFOLD_59	4233117.5	M4	M4
3730at7088	SCAFFOLD_10	5350983.0	M31	M31
3735at7088	SCAFFOLD_44	4269991.5	M8	M8
3742at7088	SCAFFOLD_31	4603635.0	M1	M1
3743at7088	SCAFFOLD_52	3782617.0	M2	M2
3745at7088	SCAFFOLD_40	1896973.5	M12	M12
3749at7088	SCAFFOLD_59	2448054.0	M4	M4
3753at7088	SCAFFOLD_11	1076656.5	NA	NA
3756at7088	SCAFFOLD_6	1201511.5	NA	NA
3760at7088	SCAFFOLD_61	4580251.0	M1	M1
3767at7088	SCAFFOLD_3	8699051.5	M13	M13
3774at7088	SCAFFOLD_24	1403796.5	M26	M26
3775at7088	SCAFFOLD_2	3330985.5	NA	NA
3779at7088	SCAFFOLD_59	4601382.5	M4	M4
3780at7088	SCAFFOLD_25	4300065.0	M19	M19
3785at7088	SCAFFOLD_66	3281432.5	M3	M3
3791at7088	SCAFFOLD_2	8109243.0	M6	M6
3793at7088	SCAFFOLD_5	2494605.0	M18	M18
3794at7088	SCAFFOLD_81	4172009.0	M10	M10
3795at7088	SCAFFOLD_83	316721.0	MZ	MZ
3800at7088	SCAFFOLD_83	245442.5	MZ	MZ
3802at7088	SCAFFOLD_40	508606.0	NA	NA
3804at7088	SCAFFOLD_20	4980433.0	M8	M8
3807at7088	SCAFFOLD_77	3658432.5	M15	M15
3811at7088	SCAFFOLD_48	280734.5	MZ	MZ
3817at7088	SCAFFOLD_8	1652113.5	M13	M13
3818at7088	SCAFFOLD_7	6507938.0	M13	M13
3821at7088	SCAFFOLD_72	4100225.0	M1	M1
3823at7088	SCAFFOLD_86	249655.5	M21	M21
3825at7088	SCAFFOLD_19	2247470.0	M1	M1
3827at7088	SCAFFOLD_6	2951704.0	M22	M22
3829at7088	SCAFFOLD_2	7372399.0	M6	M6
3830at7088	SCAFFOLD_51	4866492.5	M7	M7
3830at7088	SCAFFOLD_51	561328.0	M7	M7
3833at7088	SCAFFOLD_74	1824612.0	M15	M15
3834at7088	SCAFFOLD_27	3059778.0	M3	M3
3839at7088	SCAFFOLD_5	8142367.0	M18	M18
3840at7088	SCAFFOLD_15	4075928.5	M26	M26
3842at7088	SCAFFOLD_84	808741.5	M8	M8
3845at7088	SCAFFOLD_58	1326127.5	M6	M6
3853at7088	SCAFFOLD_38	963460.5	M14	M14
3855at7088	SCAFFOLD_80	3391557.0	NA	NA
3859at7088	SCAFFOLD_52	3750611.0	M2	M2
3860at7088	SCAFFOLD_17	6897966.5	M10	M10
3864at7088	SCAFFOLD_3	4741568.0	M11	M11
3865at7088	SCAFFOLD_23	3661192.5	M24	M24
3866at7088	SCAFFOLD_7	5749244.5	M30	M30
3869at7088	SCAFFOLD_82	2592714.0	M3	M3
3870at7088	SCAFFOLD_29	6109779.0	NA	NA
3872at7088	SCAFFOLD_6	7617247.0	NA	NA
3873at7088	SCAFFOLD_30	4325871.0	M8	M8
3874at7088	SCAFFOLD_22	4161528.0	M12	M12
3876at7088	SCAFFOLD_66	942113.0	NA	NA
3879at7088	SCAFFOLD_31	1958418.0	NA	NA
3882at7088	SCAFFOLD_43	3624129.5	M5	M5
3885at7088	SCAFFOLD_88	3625526.0	M4	M4
3887at7088	SCAFFOLD_29	5821453.0	NA	NA
3888at7088	SCAFFOLD_44	2002443.0	M8	M8
3889at7088	SCAFFOLD_61	3667541.5	M1	M1
3890at7088	SCAFFOLD_71	2390222.0	M13	M13
3898at7088	SCAFFOLD_74	2850104.5	M15	M15
3904at7088	SCAFFOLD_57	2591239.0	M11	M11
3905at7088	SCAFFOLD_25	5200037.5	M19	M19
3908at7088	SCAFFOLD_47	4132115.0	NA	NA
3911at7088	SCAFFOLD_49	1274496.0	M4	M4
3912at7088	SCAFFOLD_36	1710205.0	M5	M5
3915at7088	SCAFFOLD_49	5080311.0	NA	NA
3916at7088	SCAFFOLD_70	3962676.5	M16	M16
3919at7088	SCAFFOLD_74	2977939.0	M15	M15
3921at7088	SCAFFOLD_28	2367195.0	M2	M2
3923at7088	SCAFFOLD_57	4524293.0	NA	NA
3924at7088	SCAFFOLD_2	2702399.5	NA	NA
3925at7088	SCAFFOLD_65	1553735.5	M9	M9
3926at7088	SCAFFOLD_7	835054.5	M30	M30
3929at7088	SCAFFOLD_68	556129.0	M15	M15
3931at7088	SCAFFOLD_61	1816794.0	M1	M1
3938at7088	SCAFFOLD_82	2250529.0	M3	M3
3939at7088	SCAFFOLD_21	3432045.0	M7	M7
3946at7088	SCAFFOLD_15	5426439.5	M26	M26
3947at7088	SCAFFOLD_14	6170205.0	M19	M19
3949at7088	SCAFFOLD_38	2608203.5	M14	M14
3955at7088	SCAFFOLD_73	4094733.5	M22	M22
3956at7088	SCAFFOLD_74	1072715.5	M15	M15
3963at7088	SCAFFOLD_29	880512.5	M2	M2
3964at7088	SCAFFOLD_70	513211.0	M16	M16
3966at7088	SCAFFOLD_27	5340575.5	NA	NA
3969at7088	SCAFFOLD_27	6030345.5	NA	NA
3973at7088	SCAFFOLD_26	1465570.0	M16	M16
3975at7088	SCAFFOLD_2	2778624.5	M6	M6
3982at7088	SCAFFOLD_2	2611800.5	M6	M6
3985at7088	SCAFFOLD_48	2504258.0	NA	NA
3989at7088	SCAFFOLD_4	3272211.0	M11	M11
3990at7088	SCAFFOLD_47	3825161.5	M20	M20
3994at7088	SCAFFOLD_37	4193130.0	M22	M22
3997at7088	SCAFFOLD_66	1891541.0	M3	M3
3998at7088	SCAFFOLD_50	1933713.5	M9	M9
4002at7088	SCAFFOLD_19	1659032.5	M1	M1
4008at7088	SCAFFOLD_70	595099.5	M16	M16
4009at7088	SCAFFOLD_31	1964166.5	NA	NA
4010at7088	SCAFFOLD_28	4113329.5	M2	M2
4011at7088	SCAFFOLD_12	3901246.0	NA	NA
4013at7088	SCAFFOLD_2	8639345.0	M6	M6
4017at7088	SCAFFOLD_48	1201001.5	MZ	MZ
4020at7088	SCAFFOLD_54	3326045.5	NA	NA
4021at7088	SCAFFOLD_73	4015614.0	M22	M22
4024at7088	SCAFFOLD_64	1794125.0	NA	NA
4025at7088	SCAFFOLD_89	2438423.5	M10	M10
4027at7088	SCAFFOLD_14	5999873.5	NA	NA
4029at7088	SCAFFOLD_23	6366523.0	NA	NA
4030at7088	SCAFFOLD_37	2491501.0	NA	NA
4031at7088	SCAFFOLD_82	4011036.0	NA	NA
4032at7088	SCAFFOLD_54	781102.0	M21	M21
4036at7088	SCAFFOLD_59	4014583.5	M4	M4
4037at7088	SCAFFOLD_84	3672579.5	M8	M8
4041at7088	SCAFFOLD_61	2872269.0	M1	M1
4046at7088	SCAFFOLD_90	617231.0	M10	M10
4052at7088	SCAFFOLD_22	2391987.0	M12	M12
4059at7088	SCAFFOLD_20	412849.5	M8	M8
4063at7088	SCAFFOLD_16	6714294.5	M28	M28
4064at7088	SCAFFOLD_75	1439783.5	M12	M12
4066at7088	SCAFFOLD_2	2295248.5	M6	M6
4067at7088	SCAFFOLD_47	1908398.5	M20	M20
4068at7088	SCAFFOLD_27	5163007.5	M3	M3
4069at7088	SCAFFOLD_67	4690978.0	M12	M12
4070at7088	SCAFFOLD_41	1935933.0	M9	M9
4073at7088	SCAFFOLD_19	6063956.0	M1	M1
4078at7088	SCAFFOLD_48	5117174.5	MZ	MZ
4079at7088	SCAFFOLD_34	3447325.5	M17	M17
4081at7088	SCAFFOLD_17	2261957.5	M10	M10
4089at7088	SCAFFOLD_48	5264447.0	MZ	MZ
4089at7088	SCAFFOLD_115	239422.5	MZ	MZ
4090at7088	SCAFFOLD_78	3857131.0	M4	M4
4092at7088	SCAFFOLD_60	3265543.5	M18	M18
4093at7088	SCAFFOLD_48	3954330.0	MZ	MZ
4100at7088	SCAFFOLD_51	3874316.0	M7	M7
4108at7088	SCAFFOLD_81	2619461.5	M10	M10
4109at7088	SCAFFOLD_2	9070579.0	M6	M6
4110at7088	SCAFFOLD_11	3162591.5	M14	M14
4114at7088	SCAFFOLD_12	2641697.5	M24	M24
4121at7088	SCAFFOLD_1	3635750.0	NA	NA
4123at7088	SCAFFOLD_21	348291.5	M7	M7
4130at7088	SCAFFOLD_27	2403156.5	M3	M3
4131at7088	SCAFFOLD_19	5940705.5	M1	M1
4132at7088	SCAFFOLD_54	4584894.0	M21	M21
4141at7088	SCAFFOLD_36	2451011.5	M5	M5
4142at7088	SCAFFOLD_12	6433659.0	M24	M24
4144at7088	SCAFFOLD_9	5081415.0	M23	M23
4147at7088	SCAFFOLD_39	2060644.0	M21	M21
4150at7088	SCAFFOLD_59	1077999.5	M4	M4
4153at7088	SCAFFOLD_61	539914.0	M1	M1
4162at7088	SCAFFOLD_7	8259845.0	M30	M30
4163at7088	SCAFFOLD_1	8261322.5	M27	M27
4165at7088	SCAFFOLD_48	2937028.0	MZ	MZ
4172at7088	SCAFFOLD_46	5046619.0	NA	NA
4173at7088	SCAFFOLD_17	952202.0	M10	M10
4174at7088	SCAFFOLD_14	6019429.0	M19	M19
4175at7088	SCAFFOLD_26	2194937.0	M16	M16
4176at7088	SCAFFOLD_83	969228.0	MZ	MZ
4178at7088	SCAFFOLD_52	4802410.0	NA	NA
4180at7088	SCAFFOLD_24	5070295.0	NA	NA
4181at7088	SCAFFOLD_87	453260.0	M17	M17
4182at7088	SCAFFOLD_73	3101852.5	M22	M22
4185at7088	SCAFFOLD_88	514017.0	M20	M20
4189at7088	SCAFFOLD_78	4221934.0	M4	M4
4190at7088	SCAFFOLD_20	4735218.0	M8	M8
4197at7088	SCAFFOLD_12	2807537.5	M24	M24
4198at7088	SCAFFOLD_71	2034167.5	NA	NA
4199at7088	SCAFFOLD_89	3134469.5	NA	NA
4200at7088	SCAFFOLD_55	2632935.0	M9	M9
4202at7088	SCAFFOLD_51	3941487.0	M7	M7
4204at7088	SCAFFOLD_47	374531.5	M20	M20
4208at7088	SCAFFOLD_59	2647581.0	M4	M4
4212at7088	SCAFFOLD_2	2738165.0	M6	M6
4214at7088	SCAFFOLD_12	4447920.5	M24	M24
4219at7088	SCAFFOLD_44	5157440.0	NA	NA
4223at7088	SCAFFOLD_50	2965399.0	M9	M9
4227at7088	SCAFFOLD_42	4094117.5	M5	M5
4229at7088	SCAFFOLD_62	2621231.0	NA	NA
4235at7088	SCAFFOLD_78	4318408.0	M4	M4
4237at7088	SCAFFOLD_59	4182119.0	M4	M4
4238at7088	SCAFFOLD_74	1869761.5	M15	M15
4241at7088	SCAFFOLD_3	5420539.5	M11	M11
4242at7088	SCAFFOLD_13	5313291.5	M23	M23
4243at7088	SCAFFOLD_19	4699896.5	M1	M1
4244at7088	SCAFFOLD_36	1552913.5	M5	M5
4247at7088	SCAFFOLD_2	6749950.0	NA	NA
4251at7088	SCAFFOLD_11	3661423.0	M14	M14
4253at7088	SCAFFOLD_86	3299958.0	M21	M21
4256at7088	SCAFFOLD_9	2983776.5	M23	M23
4260at7088	SCAFFOLD_60	4601866.5	M18	M18
4263at7088	SCAFFOLD_76	3394512.0	NA	NA
4264at7088	SCAFFOLD_12	4677131.5	M24	M24
4266at7088	SCAFFOLD_23	262819.5	M24	M24
4267at7088	SCAFFOLD_44	5055494.5	M8	M8
4268at7088	SCAFFOLD_32	4851207.5	NA	NA
4269at7088	SCAFFOLD_47	1846491.0	NA	NA
4270at7088	SCAFFOLD_35	2913678.0	NA	NA
4271at7088	SCAFFOLD_87	1718490.0	NA	NA
4275at7088	SCAFFOLD_83	775465.5	MZ	MZ
4279at7088	SCAFFOLD_10	2312759.5	M31	M31
4286at7088	SCAFFOLD_5	6143378.5	M18	M18
4287at7088	SCAFFOLD_56	3250775.5	M6	M6
4288at7088	SCAFFOLD_69	3601206.0	M13	M13
4297at7088	SCAFFOLD_2	8168142.0	M6	M6
4298at7088	SCAFFOLD_24	3901284.0	M4	M4
4300at7088	SCAFFOLD_61	4302269.5	M1	M1
4301at7088	SCAFFOLD_44	1545615.5	M8	M8
4304at7088	SCAFFOLD_84	768397.5	NA	NA
4305at7088	SCAFFOLD_49	4410479.5	M4	M4
4306at7088	SCAFFOLD_43	2325002.5	M5	M5
4307at7088	SCAFFOLD_48	5713496.5	NA	NA
4308at7088	SCAFFOLD_32	3106135.5	M7	M7
4315at7088	SCAFFOLD_11	6466709.5	M14	M14
4318at7088	SCAFFOLD_47	1771354.5	M20	M20
4320at7088	SCAFFOLD_19	2797532.0	M1	M1
4322at7088	SCAFFOLD_84	465811.5	M8	M8
4323at7088	SCAFFOLD_13	5064092.0	M23	M23
4325at7088	SCAFFOLD_49	994891.5	M4	M4
4331at7088	SCAFFOLD_53	791596.0	M4	M4
4333at7088	SCAFFOLD_48	722842.5	MZ	MZ
4335at7088	SCAFFOLD_76	2264026.0	M2	M2
4346at7088	SCAFFOLD_7	7199864.5	NA	NA
4348at7088	SCAFFOLD_8	2533360.5	M13	M13
4350at7088	SCAFFOLD_5	6372558.5	M18	M18
4352at7088	SCAFFOLD_61	3977486.0	M1	M1
4354at7088	SCAFFOLD_58	3954026.5	M6	M6
4360at7088	SCAFFOLD_61	1118622.5	M1	M1
4362at7088	SCAFFOLD_44	1991551.5	M8	M8
4364at7088	SCAFFOLD_35	1217602.0	NA	NA
4368at7088	SCAFFOLD_31	263965.5	M1	M1
4369at7088	SCAFFOLD_78	3756727.5	NA	NA
4370at7088	SCAFFOLD_61	3560574.0	NA	NA
4371at7088	SCAFFOLD_27	4806294.0	M3	M3
4377at7088	SCAFFOLD_64	4073412.5	M15	M15
4379at7088	SCAFFOLD_51	3846996.5	M7	M7
4383at7088	SCAFFOLD_46	5605278.5	M3	M3
4392at7088	SCAFFOLD_76	2685115.5	NA	NA
4398at7088	SCAFFOLD_19	4117961.0	M1	M1
4400at7088	SCAFFOLD_38	3360866.0	M14	M14
4401at7088	SCAFFOLD_4	9390813.0	M29	M29
4402at7088	SCAFFOLD_25	4648014.0	M19	M19
4403at7088	SCAFFOLD_5	7751367.5	NA	NA
4405at7088	SCAFFOLD_87	2888966.5	M17	M17
4406at7088	SCAFFOLD_52	1637462.0	M2	M2
4412at7088	SCAFFOLD_61	802544.0	M1	M1
4415at7088	SCAFFOLD_59	1178127.0	NA	NA
4416at7088	SCAFFOLD_88	3813347.0	M20	M20
4417at7088	SCAFFOLD_53	1121468.5	M4	M4
4418at7088	SCAFFOLD_80	3919172.0	M14	M14
4420at7088	SCAFFOLD_58	1334287.5	M6	M6
4423at7088	SCAFFOLD_17	1963138.0	M10	M10
4425at7088	SCAFFOLD_25	288567.0	M19	M19
4427at7088	SCAFFOLD_11	6875201.0	M14	M14
4434at7088	SCAFFOLD_51	2427449.5	M7	M7
4439at7088	SCAFFOLD_56	3928958.5	M6	M6
4440at7088	SCAFFOLD_77	3482677.0	NA	NA
4443at7088	SCAFFOLD_3	8986422.0	M11	M11
4449at7088	SCAFFOLD_48	4150734.5	MZ	MZ
4451at7088	SCAFFOLD_59	1742671.5	M4	M4
4455at7088	SCAFFOLD_17	5530569.5	NA	NA
4457at7088	SCAFFOLD_19	3277055.0	M1	M1
4462at7088	SCAFFOLD_8	7605700.5	NA	NA
4469at7088	SCAFFOLD_41	2368870.0	M9	M9
4471at7088	SCAFFOLD_28	3423982.5	M2	M2
4477at7088	SCAFFOLD_61	4328844.5	M1	M1
4479at7088	SCAFFOLD_57	569520.5	M11	M11
4480at7088	SCAFFOLD_6	7737445.0	M22	M22
4481at7088	SCAFFOLD_63	3918320.5	M5	M5
4483at7088	SCAFFOLD_47	489538.0	M20	M20
4485at7088	SCAFFOLD_4	9740186.0	M29	M29
4486at7088	SCAFFOLD_16	3368135.5	NA	NA
4487at7088	SCAFFOLD_44	2368707.0	M8	M8
4492at7088	SCAFFOLD_17	3273706.5	M10	M10
4493at7088	SCAFFOLD_29	1697710.0	M2	M2
4497at7088	SCAFFOLD_47	2544535.5	M20	M20
4499at7088	SCAFFOLD_42	2438484.0	M5	M5
4500at7088	SCAFFOLD_14	4122864.0	M19	M19
4502at7088	SCAFFOLD_51	2415824.5	M7	M7
4504at7088	SCAFFOLD_7	5464081.0	M30	M30
4524at7088	SCAFFOLD_55	1818072.5	M9	M9
4527at7088	SCAFFOLD_19	5930033.0	M1	M1
4528at7088	SCAFFOLD_25	3580146.0	M19	M19
4533at7088	SCAFFOLD_48	2519594.0	MZ	MZ
4539at7088	SCAFFOLD_38	4122086.5	NA	NA
4541at7088	SCAFFOLD_55	400043.5	M9	M9
4545at7088	SCAFFOLD_37	981304.0	M22	M22
4545at7088	SCAFFOLD_37	4801405.0	M22	M22
4546at7088	SCAFFOLD_55	2286099.0	M9	M9
4549at7088	SCAFFOLD_1	5306900.0	M27	M27
4554at7088	SCAFFOLD_45	250976.5	M7	M7
4555at7088	SCAFFOLD_43	3694661.5	M5	M5
4557at7088	SCAFFOLD_19	2352867.5	M1	M1
4560at7088	SCAFFOLD_84	1728144.0	NA	NA
4576at7088	SCAFFOLD_71	1653217.0	NA	NA
4579at7088	SCAFFOLD_51	722147.5	M7	M7
4595at7088	SCAFFOLD_15	4110511.0	M26	M26
4597at7088	SCAFFOLD_25	862350.0	M19	M19
4602at7088	SCAFFOLD_2	2656909.0	M6	M6
4605at7088	SCAFFOLD_82	2482221.5	M3	M3
4608at7088	SCAFFOLD_32	903393.5	M7	M7
4609at7088	SCAFFOLD_11	1899835.0	M14	M14
4610at7088	SCAFFOLD_6	8601013.5	M22	M22
4616at7088	SCAFFOLD_48	2191657.5	MZ	MZ
4621at7088	SCAFFOLD_53	1588280.0	M4	M4
4623at7088	SCAFFOLD_50	3976479.5	M9	M9
4624at7088	SCAFFOLD_48	5348452.5	MZ	MZ
4625at7088	SCAFFOLD_35	3503984.5	M25	M25
4626at7088	SCAFFOLD_83	3640119.5	NA	NA
4627at7088	SCAFFOLD_76	2010040.5	M2	M2
4630at7088	SCAFFOLD_29	5749412.5	M2	M2
4631at7088	SCAFFOLD_77	866279.5	M15	M15
4632at7088	SCAFFOLD_42	2655638.5	M5	M5
4633at7088	SCAFFOLD_86	1451787.0	NA	NA
4639at7088	SCAFFOLD_54	2925289.5	NA	NA
4649at7088	SCAFFOLD_9	992699.5	M23	M23
4650at7088	SCAFFOLD_81	2108275.5	M10	M10
4654at7088	SCAFFOLD_26	5258099.0	NA	NA
4655at7088	SCAFFOLD_7	6427776.5	M30	M30
4656at7088	SCAFFOLD_44	2273654.0	M8	M8
4657at7088	SCAFFOLD_68	577247.0	M15	M15
4663at7088	SCAFFOLD_90	594344.0	NA	NA
4664at7088	SCAFFOLD_86	3458150.5	M11	M11
4668at7088	SCAFFOLD_38	3846118.0	M14	M14
4670at7088	SCAFFOLD_58	2813358.0	M6	M6
4671at7088	SCAFFOLD_66	1030296.5	M3	M3
4674at7088	SCAFFOLD_25	3855390.5	M19	M19
4677at7088	SCAFFOLD_25	3485555.0	M19	M19
4680at7088	SCAFFOLD_6	2723852.5	M22	M22
4681at7088	SCAFFOLD_2	1205124.0	M6	M6
4685at7088	SCAFFOLD_1	7354780.5	M27	M27
4688at7088	SCAFFOLD_82	3328200.0	M3	M3
4689at7088	SCAFFOLD_12	3140341.0	NA	NA
4690at7088	SCAFFOLD_9	1872960.5	M23	M23
4692at7088	SCAFFOLD_14	3310923.0	M19	M19
4694at7088	SCAFFOLD_38	4572789.0	M14	M14
4698at7088	SCAFFOLD_47	522193.5	M20	M20
4707at7088	SCAFFOLD_12	1081011.5	M24	M24
4709at7088	SCAFFOLD_20	2654739.5	M8	M8
4710at7088	SCAFFOLD_3	5446417.5	M11	M11
4718at7088	SCAFFOLD_36	2502598.5	M5	M5
4719at7088	SCAFFOLD_82	1101373.0	M3	M3
4723at7088	SCAFFOLD_8	7628525.0	M13	M13
4724at7088	SCAFFOLD_61	3959662.0	M1	M1
4726at7088	SCAFFOLD_66	3824947.5	M3	M3
4729at7088	SCAFFOLD_7	7977777.5	M30	M30
4731at7088	SCAFFOLD_75	553783.5	NA	NA
4740at7088	SCAFFOLD_42	4741314.5	M5	M5
4742at7088	SCAFFOLD_5	6920241.0	M18	M18
4744at7088	SCAFFOLD_44	3555227.0	M8	M8
4746at7088	SCAFFOLD_10	3164595.5	NA	NA
4748at7088	SCAFFOLD_48	636587.0	NA	NA
4749at7088	SCAFFOLD_68	4326501.0	M15	M15
4752at7088	SCAFFOLD_55	2396323.5	M9	M9
4753at7088	SCAFFOLD_29	6272268.0	M2	M2
4760at7088	SCAFFOLD_86	2597007.0	NA	NA
4761at7088	SCAFFOLD_52	4681001.5	M2	M2
4764at7088	SCAFFOLD_10	4653924.5	NA	NA
4768at7088	SCAFFOLD_76	614844.0	M2	M2
4776at7088	SCAFFOLD_39	3780160.0	M21	M21
4778at7088	SCAFFOLD_27	299955.5	M3	M3
4782at7088	SCAFFOLD_53	969600.0	NA	NA
4784at7088	SCAFFOLD_19	2185792.5	M1	M1
4789at7088	SCAFFOLD_55	2561519.0	M9	M9
4790at7088	SCAFFOLD_5	8027173.5	M18	M18
4799at7088	SCAFFOLD_83	1263143.5	MZ	MZ
4802at7088	SCAFFOLD_58	972782.5	NA	NA
4806at7088	SCAFFOLD_10	7660082.0	NA	NA
4810at7088	SCAFFOLD_87	1965101.0	M17	M17
4811at7088	SCAFFOLD_44	3913515.0	M8	M8
4812at7088	SCAFFOLD_3	1093768.5	M11	M11
4816at7088	SCAFFOLD_55	3590028.5	M9	M9
4820at7088	SCAFFOLD_3	2639652.5	M11	M11
4821at7088	SCAFFOLD_21	3239611.0	M7	M7
4823at7088	SCAFFOLD_36	2781300.0	NA	NA
4824at7088	SCAFFOLD_75	2154289.0	NA	NA
4834at7088	SCAFFOLD_56	2248860.5	M6	M6
4837at7088	SCAFFOLD_78	2833292.0	M4	M4
4838at7088	SCAFFOLD_48	2644071.5	NA	NA
4839at7088	SCAFFOLD_3	2519298.5	M11	M11
4842at7088	SCAFFOLD_78	4238477.5	M4	M4
4845at7088	SCAFFOLD_58	3332072.5	NA	NA
4847at7088	SCAFFOLD_5	6126436.5	M18	M18
4849at7088	SCAFFOLD_50	2271542.5	M9	M9
4851at7088	SCAFFOLD_58	1973763.0	M6	M6
4854at7088	SCAFFOLD_46	664938.5	M3	M3
4855at7088	SCAFFOLD_20	351881.0	NA	NA
4858at7088	SCAFFOLD_26	2202375.5	M16	M16
4860at7088	SCAFFOLD_25	1270638.5	M19	M19
4864at7088	SCAFFOLD_84	1200224.5	M8	M8
4866at7088	SCAFFOLD_83	293555.0	MZ	MZ
4869at7088	SCAFFOLD_76	2480401.5	M2	M2
4870at7088	SCAFFOLD_51	3547385.0	M7	M7
4872at7088	SCAFFOLD_9	7520416.0	M23	M23
4877at7088	SCAFFOLD_68	4026722.0	M15	M15
4878at7088	SCAFFOLD_19	4648323.5	M1	M1
4880at7088	SCAFFOLD_63	1212256.5	M5	M5
4884at7088	SCAFFOLD_56	3721742.5	M6	M6
4887at7088	SCAFFOLD_28	6298092.0	M2	M2
4889at7088	SCAFFOLD_37	4764976.0	M22	M22
4889at7088	SCAFFOLD_37	1035559.0	M22	M22
4891at7088	SCAFFOLD_20	2494274.0	M8	M8
4893at7088	SCAFFOLD_22	3589529.5	M12	M12
4894at7088	SCAFFOLD_11	5232387.0	M14	M14
4896at7088	SCAFFOLD_42	1794738.5	NA	NA
4899at7088	SCAFFOLD_31	1400076.0	M1	M1
4900at7088	SCAFFOLD_70	3977351.0	M16	M16
4908at7088	SCAFFOLD_64	142042.0	M15	M15
4910at7088	SCAFFOLD_23	3765575.5	M24	M24
4915at7088	SCAFFOLD_33	3943760.0	M18	M18
4916at7088	SCAFFOLD_52	5662847.5	M2	M2
4922at7088	SCAFFOLD_81	2803054.5	NA	NA
4923at7088	SCAFFOLD_81	451650.5	M10	M10
4929at7088	SCAFFOLD_2	4578233.0	M6	M6
4930at7088	SCAFFOLD_2	4292431.0	M6	M6
4932at7088	SCAFFOLD_72	517450.5	M1	M1
4934at7088	SCAFFOLD_87	1421816.0	M17	M17
4935at7088	SCAFFOLD_6	7625649.0	NA	NA
4936at7088	SCAFFOLD_68	4255170.0	NA	NA
4942at7088	SCAFFOLD_25	4506618.5	MZ	MZ
4948at7088	SCAFFOLD_65	3288041.0	M9	M9
4949at7088	SCAFFOLD_59	3416000.5	M4	M4
4950at7088	SCAFFOLD_50	4230716.0	M9	M9
4952at7088	SCAFFOLD_71	3380527.0	M13	M13
4953at7088	SCAFFOLD_79	4120767.0	M25	M25
4954at7088	SCAFFOLD_9	4248887.5	M23	M23
4956at7088	SCAFFOLD_87	1231328.5	NA	NA
4959at7088	SCAFFOLD_66	3392099.5	M3	M3
4964at7088	SCAFFOLD_13	1779698.5	M23	M23
4969at7088	SCAFFOLD_20	787945.0	M8	M8
4974at7088	SCAFFOLD_17	4925851.0	M10	M10
4975at7088	SCAFFOLD_39	990444.5	M21	M21
4989at7088	SCAFFOLD_44	5220259.0	M8	M8
4990at7088	SCAFFOLD_34	3808678.0	M17	M17
4993at7088	SCAFFOLD_20	161337.5	M8	M8
4996at7088	SCAFFOLD_91	682795.5	M16	M16
4998at7088	SCAFFOLD_12	3132688.0	M24	M24
5002at7088	SCAFFOLD_34	5841719.5	M17	M17
5004at7088	SCAFFOLD_64	298639.5	M15	M15
5006at7088	SCAFFOLD_32	1114814.5	M7	M7
5009at7088	SCAFFOLD_22	4228853.0	M12	M12
5012at7088	SCAFFOLD_66	976843.0	M3	M3
5019at7088	SCAFFOLD_1	5338209.5	M27	M27
5021at7088	SCAFFOLD_82	283558.5	M3	M3
5026at7088	SCAFFOLD_34	1379406.5	M17	M17
5030at7088	SCAFFOLD_19	5016360.5	MZ	MZ
5035at7088	SCAFFOLD_6	4485366.0	M22	M22
5036at7088	SCAFFOLD_43	4815701.0	M12	M12
5038at7088	SCAFFOLD_39	1215252.5	M21	M21
5040at7088	SCAFFOLD_42	577374.5	NA	NA
5044at7088	SCAFFOLD_59	4525922.0	M4	M4
5046at7088	SCAFFOLD_20	2661575.0	M5	M5
5048at7088	SCAFFOLD_4	5304403.0	M29	M29
5051at7088	SCAFFOLD_76	4027473.0	NA	NA
5053at7088	SCAFFOLD_7	6330396.0	NA	NA
5055at7088	SCAFFOLD_56	630680.0	M6	M6
5056at7088	SCAFFOLD_82	894050.5	M3	M3
5057at7088	SCAFFOLD_81	442740.5	M10	M10
5064at7088	SCAFFOLD_39	4975665.0	M21	M21
5066at7088	SCAFFOLD_26	2607081.5	M16	M16
5070at7088	SCAFFOLD_28	2340541.0	M2	M2
5074at7088	SCAFFOLD_54	3161701.5	M21	M21
5075at7088	SCAFFOLD_2	3396170.0	M6	M6
5078at7088	SCAFFOLD_59	2960410.0	M4	M4
5082at7088	SCAFFOLD_57	3552677.0	M11	M11
5083at7088	SCAFFOLD_26	5686958.5	M16	M16
5091at7088	SCAFFOLD_35	4236203.5	NA	NA
5093at7088	SCAFFOLD_65	4220547.5	M9	M9
5094at7088	SCAFFOLD_87	2103460.5	M17	M17
5095at7088	SCAFFOLD_77	801024.0	M15	M15
5098at7088	SCAFFOLD_51	2583363.5	M7	M7
5099at7088	SCAFFOLD_63	2455934.0	NA	NA
5101at7088	SCAFFOLD_60	3252079.5	M18	M18
5107at7088	SCAFFOLD_28	2318475.0	M2	M2
5108at7088	SCAFFOLD_9	351032.5	NA	NA
5110at7088	SCAFFOLD_77	1941718.0	NA	NA
5114at7088	SCAFFOLD_26	3164072.0	NA	NA
5120at7088	SCAFFOLD_36	1292279.0	M5	M5
5128at7088	SCAFFOLD_76	1536703.5	M2	M2
5129at7088	SCAFFOLD_88	2000220.0	M20	M20
5130at7088	SCAFFOLD_42	5150305.5	M5	M5
5135at7088	SCAFFOLD_9	1170355.5	NA	NA
5139at7088	SCAFFOLD_52	3607922.5	NA	NA
5144at7088	SCAFFOLD_9	3785357.0	M23	M23
5145at7088	SCAFFOLD_19	5607125.5	M12	M12
5146at7088	SCAFFOLD_51	655719.0	M7	M7
5149at7088	SCAFFOLD_27	3838156.5	M3	M3
5151at7088	SCAFFOLD_16	1603542.5	M28	M28
5157at7088	SCAFFOLD_1	3331050.5	NA	NA
5159at7088	SCAFFOLD_5	8218187.5	M18	M18
5162at7088	SCAFFOLD_79	2617026.5	M25	M25
5164at7088	SCAFFOLD_68	4545266.5	M15	M15
5166at7088	SCAFFOLD_61	3636918.0	M1	M1
5168at7088	SCAFFOLD_84	264176.5	M8	M8
5172at7088	SCAFFOLD_56	3640734.0	M6	M6
5173at7088	SCAFFOLD_77	1952549.5	M15	M15
5182at7088	SCAFFOLD_9	7508609.5	M23	M23
5183at7088	SCAFFOLD_2	2625301.5	M6	M6
5184at7088	SCAFFOLD_46	1797850.0	M3	M3
5187at7088	SCAFFOLD_10	1044104.0	NA	NA
5190at7088	SCAFFOLD_59	4562657.0	M4	M4
5191at7088	SCAFFOLD_91	1796585.5	M16	M16
5193at7088	SCAFFOLD_76	2791128.0	M2	M2
5194at7088	SCAFFOLD_69	2715832.5	NA	NA
5196at7088	SCAFFOLD_2	522382.0	M6	M6
5197at7088	SCAFFOLD_48	4075540.0	MZ	MZ
5199at7088	SCAFFOLD_30	1467229.0	M8	M8
5201at7088	SCAFFOLD_20	5610415.0	M8	M8
5203at7088	SCAFFOLD_55	1958961.0	M9	M9
5205at7088	SCAFFOLD_47	5153691.0	M20	M20
5206at7088	SCAFFOLD_81	373472.5	M10	M10
5213at7088	SCAFFOLD_17	3536214.0	M4	M4
5216at7088	SCAFFOLD_20	4878403.5	NA	NA
5219at7088	SCAFFOLD_66	3267521.5	M3	M3
5223at7088	SCAFFOLD_29	6117223.0	NA	NA
5227at7088	SCAFFOLD_62	1334302.0	NA	NA
5239at7088	SCAFFOLD_3	1118267.0	M11	M11
5242at7088	SCAFFOLD_38	1002011.5	M4	M4
5244at7088	SCAFFOLD_15	3622667.0	M26	M26
5249at7088	SCAFFOLD_52	4611669.5	M2	M2
5250at7088	SCAFFOLD_88	3848375.0	M20	M20
5251at7088	SCAFFOLD_6	2069603.0	M22	M22
5252at7088	SCAFFOLD_64	93619.0	M15	M15
5256at7088	SCAFFOLD_88	1943302.0	M20	M20
5258at7088	SCAFFOLD_32	1739958.0	M7	M7
5260at7088	SCAFFOLD_27	2759776.5	M3	M3
5265at7088	SCAFFOLD_34	3592395.0	M17	M17
5266at7088	SCAFFOLD_35	1151649.5	M25	M25
5270at7088	SCAFFOLD_45	3647642.5	NA	NA
5277at7088	SCAFFOLD_62	1921023.5	NA	NA
5281at7088	SCAFFOLD_45	4691154.0	M7	M7
5284at7088	SCAFFOLD_42	2681203.5	NA	NA
5290at7088	SCAFFOLD_13	5273639.5	M23	M23
5291at7088	SCAFFOLD_35	5313554.0	M25	M25
5292at7088	SCAFFOLD_77	12207.0	M15	M15
5293at7088	SCAFFOLD_59	4039893.0	M4	M4
5295at7088	SCAFFOLD_21	3474092.0	M7	M7
5299at7088	SCAFFOLD_55	432503.0	M9	M9
5301at7088	SCAFFOLD_72	3238150.0	M1	M1
5302at7088	SCAFFOLD_13	4066172.5	M23	M23
5303at7088	SCAFFOLD_66	1732453.5	M3	M3
5311at7088	SCAFFOLD_69	3660451.0	M13	M13
5312at7088	SCAFFOLD_39	1643657.0	M21	M21
5313at7088	SCAFFOLD_17	3026756.5	M10	M10
5314at7088	SCAFFOLD_23	5926751.0	M24	M24
5317at7088	SCAFFOLD_49	4879851.0	M4	M4
5319at7088	SCAFFOLD_1	11485081.0	NA	NA
5321at7088	SCAFFOLD_51	3793808.0	M7	M7
5322at7088	SCAFFOLD_47	4306130.0	M20	M20
5323at7088	SCAFFOLD_58	1225817.0	M6	M6
5326at7088	SCAFFOLD_33	1253575.5	M18	M18
5327at7088	SCAFFOLD_43	4432371.5	M5	M5
5328at7088	SCAFFOLD_82	1372734.0	M3	M3
5333at7088	SCAFFOLD_15	4474662.0	M26	M26
5337at7088	SCAFFOLD_58	1643428.0	M6	M6
5341at7088	SCAFFOLD_16	2782032.5	M28	M28
5342at7088	SCAFFOLD_87	2969925.0	M17	M17
5351at7088	SCAFFOLD_23	1232438.5	M24	M24
5355at7088	SCAFFOLD_19	1827326.5	M1	M1
5362at7088	SCAFFOLD_40	797071.5	M12	M12
5364at7088	SCAFFOLD_75	2509509.5	M12	M12
5369at7088	SCAFFOLD_61	3597350.5	M1	M1
5370at7088	SCAFFOLD_31	1914419.5	M1	M1
5371at7088	SCAFFOLD_39	4956345.5	M21	M21
5373at7088	SCAFFOLD_88	660361.0	M20	M20
5377at7088	SCAFFOLD_33	4036970.0	NA	NA
5380at7088	SCAFFOLD_19	3395282.0	NA	NA
5381at7088	SCAFFOLD_14	5372517.5	M19	M19
5383at7088	SCAFFOLD_55	1758947.5	M9	M9
5385at7088	SCAFFOLD_44	1123016.0	M8	M8
5391at7088	SCAFFOLD_84	1700860.0	NA	NA
5392at7088	SCAFFOLD_4	5913048.0	M29	M29
5394at7088	SCAFFOLD_52	1763364.0	M2	M2
5397at7088	SCAFFOLD_55	5126104.5	M9	M9
5398at7088	SCAFFOLD_17	1261840.0	M10	M10
5404at7088	SCAFFOLD_59	2523204.0	M4	M4
5406at7088	SCAFFOLD_25	6066015.0	M19	M19
5410at7088	SCAFFOLD_76	3687593.5	M2	M2
5413at7088	SCAFFOLD_45	3779126.0	M7	M7
5415at7088	SCAFFOLD_10	1150037.5	NA	NA
5423at7088	SCAFFOLD_12	1602386.5	M24	M24
5424at7088	SCAFFOLD_29	6160453.5	NA	NA
5425at7088	SCAFFOLD_61	620836.0	M1	M1
5427at7088	SCAFFOLD_69	3518925.0	M13	M13
5440at7088	SCAFFOLD_11	1923710.5	NA	NA
5446at7088	SCAFFOLD_82	902076.0	M3	M3
5450at7088	SCAFFOLD_7	1094795.5	M30	M30
5453at7088	SCAFFOLD_19	4597361.0	M1	M1
5455at7088	SCAFFOLD_46	5533691.0	M3	M3
5457at7088	SCAFFOLD_62	4317952.0	M21	M21
5463at7088	SCAFFOLD_48	3402541.0	MZ	MZ
5464at7088	SCAFFOLD_71	921045.5	NA	NA
5474at7088	SCAFFOLD_48	2723083.0	MZ	MZ
5480at7088	SCAFFOLD_60	1422132.0	NA	NA
5483at7088	SCAFFOLD_30	1577524.5	M13	M13
5486at7088	SCAFFOLD_31	1150317.5	M1	M1
5487at7088	SCAFFOLD_29	3545176.0	M2	M2
5488at7088	SCAFFOLD_45	3800463.5	M7	M7
5496at7088	SCAFFOLD_39	3661727.0	M21	M21
5500at7088	SCAFFOLD_30	1512883.0	M8	M8
5507at7088	SCAFFOLD_50	473286.5	M9	M9
5508at7088	SCAFFOLD_25	4671358.5	M19	M19
5520at7088	SCAFFOLD_52	853623.5	M2	M2
5523at7088	SCAFFOLD_44	3991237.5	M8	M8
5530at7088	SCAFFOLD_23	6353154.0	NA	NA
5531at7088	SCAFFOLD_6	2956486.0	M22	M22
5533at7088	SCAFFOLD_18	4219423.5	NA	NA
5533at7088	SCAFFOLD_67	2697838.5	NA	NA
5533at7088	SCAFFOLD_65	3399722.5	NA	NA
5535at7088	SCAFFOLD_27	4251979.5	M3	M3
5536at7088	SCAFFOLD_67	833319.0	NA	NA
5538at7088	SCAFFOLD_57	731443.0	NA	NA
5539at7088	SCAFFOLD_3	1004033.5	M11	M11
5541at7088	SCAFFOLD_77	896596.5	NA	NA
5547at7088	SCAFFOLD_2	6818754.0	M6	M6
5550at7088	SCAFFOLD_16	2835938.5	NA	NA
5555at7088	SCAFFOLD_81	4158826.0	M10	M10
5556at7088	SCAFFOLD_25	5654676.5	NA	NA
5558at7088	SCAFFOLD_22	5428236.0	NA	NA
5559at7088	SCAFFOLD_15	1476620.5	M26	M26
5563at7088	SCAFFOLD_59	2122039.5	M4	M4
5565at7088	SCAFFOLD_33	5710926.0	NA	NA
5570at7088	SCAFFOLD_76	1519007.0	M2	M2
5571at7088	SCAFFOLD_34	1079137.0	M17	M17
5576at7088	SCAFFOLD_51	4115195.0	NA	NA
5580at7088	SCAFFOLD_80	4164253.5	M14	M14
5584at7088	SCAFFOLD_52	3372523.5	M2	M2
5585at7088	SCAFFOLD_51	756097.0	M7	M7
5586at7088	SCAFFOLD_78	2338801.0	M4	M4
5587at7088	SCAFFOLD_1	4524294.5	M4	M4
5589at7088	SCAFFOLD_40	774417.5	NA	NA
5595at7088	SCAFFOLD_6	4162588.0	NA	NA
5598at7088	SCAFFOLD_35	4760972.0	M25	M25
5599at7088	SCAFFOLD_44	3044975.0	M8	M8
5599at7088	SCAFFOLD_44	3051519.0	M8	M8
5603at7088	SCAFFOLD_25	1677561.0	M19	M19
5606at7088	SCAFFOLD_4	9839682.5	M29	M29
5611at7088	SCAFFOLD_45	4653154.5	M7	M7
5614at7088	SCAFFOLD_73	2465538.5	M22	M22
5616at7088	SCAFFOLD_69	3471444.0	M13	M13
5622at7088	SCAFFOLD_31	2101779.0	M1	M1
5623at7088	SCAFFOLD_70	4649512.0	M16	M16
5625at7088	SCAFFOLD_40	24597.5	M12	M12
5625at7088	SCAFFOLD_67	4302917.5	M12	M12
5626at7088	SCAFFOLD_46	3761799.0	M3	M3
5627at7088	SCAFFOLD_2	6920324.5	M6	M6
5628at7088	SCAFFOLD_19	699367.0	M1	M1
5634at7088	SCAFFOLD_9	943467.0	M23	M23
5636at7088	SCAFFOLD_84	1596525.5	M8	M8
5639at7088	SCAFFOLD_55	349940.5	NA	NA
5643at7088	SCAFFOLD_20	2751359.0	M8	M8
5648at7088	SCAFFOLD_29	914771.5	M2	M2
5650at7088	SCAFFOLD_27	108515.5	M3	M3
5651at7088	SCAFFOLD_43	3803607.0	M5	M5
5653at7088	SCAFFOLD_59	2329551.5	NA	NA
5665at7088	SCAFFOLD_38	4139932.5	M14	M14
5668at7088	SCAFFOLD_2	5141707.5	M6	M6
5671at7088	SCAFFOLD_54	1248841.0	M21	M21
5672at7088	SCAFFOLD_11	6848606.0	M1	M1
5674at7088	SCAFFOLD_31	2564929.5	M1	M1
5676at7088	SCAFFOLD_19	1177339.5	M1	M1
5679at7088	SCAFFOLD_32	4874654.0	NA	NA
5689at7088	SCAFFOLD_76	1505768.0	M2	M2
5690at7088	SCAFFOLD_47	3272102.5	M20	M20
5693at7088	SCAFFOLD_29	3161118.0	M2	M2
5694at7088	SCAFFOLD_40	3396201.5	M12	M12
5699at7088	SCAFFOLD_61	3619087.5	M1	M1
5700at7088	SCAFFOLD_21	4374909.5	M7	M7
5702at7088	SCAFFOLD_84	1606790.0	M8	M8
5703at7088	SCAFFOLD_61	1285352.5	M1	M1
5705at7088	SCAFFOLD_48	2956949.5	MZ	MZ
5708at7088	SCAFFOLD_72	1128952.0	M1	M1
5710at7088	SCAFFOLD_23	2047447.5	M24	M24
5711at7088	SCAFFOLD_84	232182.5	NA	NA
5712at7088	SCAFFOLD_66	5029783.5	NA	NA
5713at7088	SCAFFOLD_10	2861860.0	M31	M31
5715at7088	SCAFFOLD_80	3438608.0	M14	M14
5716at7088	SCAFFOLD_22	5520273.0	M12	M12
5717at7088	SCAFFOLD_44	1243971.0	M4	M4
5721at7088	SCAFFOLD_23	3051898.5	M24	M24
5722at7088	SCAFFOLD_33	3912196.5	M18	M18
5723at7088	SCAFFOLD_2	941882.5	M6	M6
5724at7088	SCAFFOLD_43	1977714.5	M5	M5
5728at7088	SCAFFOLD_55	5621003.0	M9	M9
5733at7088	SCAFFOLD_55	5346811.0	M9	M9
5734at7088	SCAFFOLD_58	1419302.0	M6	M6
5735at7088	SCAFFOLD_11	6210360.0	M14	M14
5738at7088	SCAFFOLD_15	1009631.5	M26	M26
5742at7088	SCAFFOLD_57	3285734.5	NA	NA
5743at7088	SCAFFOLD_46	5727970.0	M3	M3
5743at7088	SCAFFOLD_82	53777.5	M3	M3
5748at7088	SCAFFOLD_19	5054699.5	M1	M1
5759at7088	SCAFFOLD_13	1061231.5	NA	NA
5761at7088	SCAFFOLD_2	1108683.5	M6	M6
5762at7088	SCAFFOLD_9	506754.0	M23	M23
5765at7088	SCAFFOLD_39	2524597.5	M21	M21
5767at7088	SCAFFOLD_12	4304759.5	M24	M24
5772at7088	SCAFFOLD_48	2337913.0	NA	NA
5773at7088	SCAFFOLD_44	4651994.0	M8	M8
5775at7088	SCAFFOLD_78	2882411.5	M4	M4
5776at7088	SCAFFOLD_69	1176680.0	M13	M13
5781at7088	SCAFFOLD_23	3422666.0	M24	M24
5782at7088	SCAFFOLD_2	2441988.5	M6	M6
5786at7088	SCAFFOLD_11	6299535.0	M14	M14
5787at7088	SCAFFOLD_60	4287052.5	M18	M18
5792at7088	SCAFFOLD_9	6223025.5	M23	M23
5793at7088	SCAFFOLD_79	3994611.5	M25	M25
5794at7088	SCAFFOLD_20	6578532.0	M8	M8
5797at7088	SCAFFOLD_28	3434506.0	M2	M2
5798at7088	SCAFFOLD_28	1175534.0	M2	M2
5799at7088	SCAFFOLD_70	86382.0	M16	M16
5802at7088	SCAFFOLD_2	2291356.0	M6	M6
5806at7088	SCAFFOLD_82	4143624.5	M3	M3
5810at7088	SCAFFOLD_88	2594731.0	M20	M20
5812at7088	SCAFFOLD_17	6962413.5	M10	M10
5817at7088	SCAFFOLD_10	4989566.5	NA	NA
5819at7088	SCAFFOLD_59	2323041.5	M4	M4
5820at7088	SCAFFOLD_25	155563.5	M19	M19
5821at7088	SCAFFOLD_69	2148332.0	M13	M13
5822at7088	SCAFFOLD_46	5612978.0	M3	M3
5825at7088	SCAFFOLD_86	491105.5	M21	M21
5826at7088	SCAFFOLD_27	5747428.5	NA	NA
5827at7088	SCAFFOLD_58	3463572.5	M6	M6
5828at7088	SCAFFOLD_48	806063.5	MZ	MZ
5832at7088	SCAFFOLD_19	4195279.5	M1	M1
5833at7088	SCAFFOLD_67	2576464.0	M12	M12
5835at7088	SCAFFOLD_67	2586429.5	M12	M12
5837at7088	SCAFFOLD_83	2628871.0	MZ	MZ
5840at7088	SCAFFOLD_27	3548278.5	M3	M3
5844at7088	SCAFFOLD_69	2936625.0	M13	M13
5851at7088	SCAFFOLD_58	3056799.5	M6	M6
5858at7088	SCAFFOLD_64	2208472.0	M15	M15
5863at7088	SCAFFOLD_35	4838963.0	M25	M25
5864at7088	SCAFFOLD_12	5054373.5	NA	NA
5866at7088	SCAFFOLD_27	5261919.5	M3	M3
5873at7088	SCAFFOLD_70	2026798.5	NA	NA
5878at7088	SCAFFOLD_73	632052.5	M22	M22
5881at7088	SCAFFOLD_66	3328275.5	M3	M3
5884at7088	SCAFFOLD_78	2135230.0	M4	M4
5885at7088	SCAFFOLD_30	2570333.0	M8	M8
5887at7088	SCAFFOLD_80	871760.5	M14	M14
5889at7088	SCAFFOLD_19	714739.0	M1	M1
5891at7088	SCAFFOLD_35	4137974.0	M25	M25
5898at7088	SCAFFOLD_52	2837044.0	M2	M2
5900at7088	SCAFFOLD_35	2616402.0	NA	NA
5912at7088	SCAFFOLD_17	4743604.5	M10	M10
5916at7088	SCAFFOLD_18	906280.5	M21	M21
5917at7088	SCAFFOLD_71	3778874.5	M13	M13
5919at7088	SCAFFOLD_73	900019.5	M22	M22
5920at7088	SCAFFOLD_7	7697993.0	M2	M2
5922at7088	SCAFFOLD_22	3137920.5	M12	M12
5925at7088	SCAFFOLD_69	1523340.0	M13	M13
5933at7088	SCAFFOLD_85	1596054.0	M11	M11
5936at7088	SCAFFOLD_61	1859043.0	M1	M1
5937at7088	SCAFFOLD_84	2150753.0	M1	M1
5938at7088	SCAFFOLD_59	2604267.0	M4	M4
5945at7088	SCAFFOLD_89	2581012.0	M10	M10
5949at7088	SCAFFOLD_23	3246675.0	M24	M24
5950at7088	SCAFFOLD_55	585975.5	M9	M9
5952at7088	SCAFFOLD_73	1897713.5	M22	M22
5954at7088	SCAFFOLD_77	1812931.0	M15	M15
5957at7088	SCAFFOLD_24	1311779.0	NA	NA
5963at7088	SCAFFOLD_57	707056.0	M11	M11
5964at7088	SCAFFOLD_28	1457696.0	M2	M2
5967at7088	SCAFFOLD_39	5002250.5	M21	M21
5969at7088	SCAFFOLD_43	4633234.5	M5	M5
5974at7088	SCAFFOLD_19	3346054.0	M1	M1
5975at7088	SCAFFOLD_55	3734948.5	M9	M9
5978at7088	SCAFFOLD_76	2783740.0	NA	NA
5979at7088	SCAFFOLD_10	2190635.0	NA	NA
5982at7088	SCAFFOLD_25	4096383.0	NA	NA
5987at7088	SCAFFOLD_71	2434942.0	NA	NA
5991at7088	SCAFFOLD_1	5213117.0	NA	NA
6000at7088	SCAFFOLD_13	2343996.0	M23	M23
6001at7088	SCAFFOLD_31	2057119.5	NA	NA
6006at7088	SCAFFOLD_72	3341757.0	M1	M1
6007at7088	SCAFFOLD_71	3034019.5	M13	M13
6012at7088	SCAFFOLD_29	4254525.5	NA	NA
6013at7088	SCAFFOLD_22	1637504.5	M12	M12
6020at7088	SCAFFOLD_64	3180406.5	M15	M15
6021at7088	SCAFFOLD_3	1838207.0	NA	NA
6022at7088	SCAFFOLD_35	4213757.0	NA	NA
6023at7088	SCAFFOLD_12	2629352.5	M24	M24
6025at7088	SCAFFOLD_89	3364074.5	M10	M10
6031at7088	SCAFFOLD_12	2241430.5	M24	M24
6032at7088	SCAFFOLD_14	5981658.5	M19	M19
6033at7088	SCAFFOLD_68	269169.5	M15	M15
6038at7088	SCAFFOLD_90	207687.0	NA	NA
6043at7088	SCAFFOLD_32	3728831.0	M7	M7
6044at7088	SCAFFOLD_2	7191834.5	M6	M6
6047at7088	SCAFFOLD_40	869608.5	M20	M20
6050at7088	SCAFFOLD_20	81968.5	M8	M8
6051at7088	SCAFFOLD_56	2432143.5	M6	M6
6061at7088	SCAFFOLD_53	4087905.5	M4	M4
6062at7088	SCAFFOLD_72	4661339.5	M1	M1
6063at7088	SCAFFOLD_79	4422579.5	M25	M25
6066at7088	SCAFFOLD_42	1534579.5	NA	NA
6067at7088	SCAFFOLD_70	3320948.0	M16	M16
6074at7088	SCAFFOLD_21	1405881.0	M7	M7
6076at7088	SCAFFOLD_15	2680697.5	NA	NA
6077at7088	SCAFFOLD_47	480131.5	M20	M20
6079at7088	SCAFFOLD_51	3386233.0	NA	NA
6080at7088	SCAFFOLD_56	2268626.0	NA	NA
6081at7088	SCAFFOLD_49	4935229.5	M4	M4
6085at7088	SCAFFOLD_26	3982407.0	M16	M16
6089at7088	SCAFFOLD_29	3108185.5	M2	M2
6091at7088	SCAFFOLD_41	4634890.0	M9	M9
6093at7088	SCAFFOLD_84	3706025.5	M8	M8
6097at7088	SCAFFOLD_89	261102.5	M13	M13
6099at7088	SCAFFOLD_5	95663.5	M18	M18
6101at7088	SCAFFOLD_46	464343.5	M3	M3
6104at7088	SCAFFOLD_32	2877644.0	M7	M7
6105at7088	SCAFFOLD_16	6021044.0	M28	M28
6108at7088	SCAFFOLD_83	3071110.0	MZ	MZ
6109at7088	SCAFFOLD_59	3081362.5	M4	M4
6110at7088	SCAFFOLD_57	3062222.0	M11	M11
6112at7088	SCAFFOLD_69	3748350.5	M13	M13
6115at7088	SCAFFOLD_64	1251615.0	M15	M15
6116at7088	SCAFFOLD_21	3363959.0	M7	M7
6117at7088	SCAFFOLD_70	2208506.5	M16	M16
6119at7088	SCAFFOLD_29	3624969.5	M2	M2
6122at7088	SCAFFOLD_53	842596.0	M4	M4
6123at7088	SCAFFOLD_17	5925850.5	M10	M10
6126at7088	SCAFFOLD_13	102394.0	M23	M23
6129at7088	SCAFFOLD_17	3006173.0	NA	NA
6130at7088	SCAFFOLD_4	2671294.0	M29	M29
6131at7088	SCAFFOLD_7	7304927.5	M30	M30
6135at7088	SCAFFOLD_3	8813307.0	NA	NA
6143at7088	SCAFFOLD_17	2035356.0	M10	M10
6145at7088	SCAFFOLD_73	1767885.5	M22	M22
6156at7088	SCAFFOLD_46	4765001.0	M3	M3
6159at7088	SCAFFOLD_66	3197452.0	M3	M3
6162at7088	SCAFFOLD_43	3817586.5	M5	M5
6166at7088	SCAFFOLD_25	1299963.0	M19	M19
6171at7088	SCAFFOLD_54	2776405.0	M21	M21
6173at7088	SCAFFOLD_57	4549913.5	M11	M11
6174at7088	SCAFFOLD_33	3635911.0	M18	M18
6175at7088	SCAFFOLD_36	3781152.5	M5	M5
6178at7088	SCAFFOLD_5	1970871.0	NA	NA
6179at7088	SCAFFOLD_79	3808040.5	M25	M25
6180at7088	SCAFFOLD_19	133275.5	M1	M1
6181at7088	SCAFFOLD_2	7393583.0	M6	M6
6186at7088	SCAFFOLD_77	1657234.5	M15	M15
6191at7088	SCAFFOLD_5	6793857.0	NA	NA
6196at7088	SCAFFOLD_58	4718368.5	M6	M6
6198at7088	SCAFFOLD_13	2594586.5	M23	M23
6199at7088	SCAFFOLD_52	5536505.5	NA	NA
6201at7088	SCAFFOLD_55	3759283.5	M9	M9
6205at7088	SCAFFOLD_57	536626.5	NA	NA
6207at7088	SCAFFOLD_16	2486596.0	M28	M28
6208at7088	SCAFFOLD_46	3743660.0	M3	M3
6209at7088	SCAFFOLD_61	3993657.5	M1	M1
6210at7088	SCAFFOLD_48	1966723.0	MZ	MZ
6213at7088	SCAFFOLD_17	1975761.5	M10	M10
6213at7088	SCAFFOLD_22	1016764.5	M10	M10
6214at7088	SCAFFOLD_55	1692641.0	NA	NA
6215at7088	SCAFFOLD_84	404310.5	NA	NA
6216at7088	SCAFFOLD_59	1103906.0	M4	M4
6218at7088	SCAFFOLD_9	358891.0	M23	M23
6219at7088	SCAFFOLD_2	8619634.0	M6	M6
6221at7088	SCAFFOLD_12	1065132.5	NA	NA
6225at7088	SCAFFOLD_1	5366844.5	M27	M27
6226at7088	SCAFFOLD_40	4642647.0	M12	M12
6239at7088	SCAFFOLD_42	4121100.0	M5	M5
6240at7088	SCAFFOLD_66	1076824.5	M3	M3
6241at7088	SCAFFOLD_41	2464745.0	NA	NA
6242at7088	SCAFFOLD_73	136775.0	M22	M22
6243at7088	SCAFFOLD_22	6667501.0	M12	M12
6247at7088	SCAFFOLD_20	199998.5	M8	M8
6249at7088	SCAFFOLD_64	492203.5	M15	M15
6253at7088	SCAFFOLD_70	462135.0	M16	M16
6255at7088	SCAFFOLD_11	7669431.5	M14	M14
6261at7088	SCAFFOLD_71	2009044.5	M13	M13
6263at7088	SCAFFOLD_58	2884227.0	M6	M6
6264at7088	SCAFFOLD_59	3045754.5	M4	M4
6265at7088	SCAFFOLD_71	2059193.5	M13	M13
6267at7088	SCAFFOLD_13	1799688.5	M23	M23
6269at7088	SCAFFOLD_79	1174950.0	M25	M25
6273at7088	SCAFFOLD_1	4911535.0	M27	M27
6279at7088	SCAFFOLD_69	1649605.0	M13	M13
6284at7088	SCAFFOLD_31	3708288.5	M1	M1
6285at7088	SCAFFOLD_47	1510157.0	M20	M20
6287at7088	SCAFFOLD_27	5993336.0	NA	NA
6289at7088	SCAFFOLD_50	4155482.0	M9	M9
6290at7088	SCAFFOLD_32	3873478.0	M7	M7
6294at7088	SCAFFOLD_13	2172667.0	M23	M23
6295at7088	SCAFFOLD_27	19543.5	M3	M3
6299at7088	SCAFFOLD_68	4129323.0	NA	NA
6300at7088	SCAFFOLD_25	4549957.0	M19	M19
6302at7088	SCAFFOLD_11	5258421.0	M14	M14
6308at7088	SCAFFOLD_7	8107136.0	M30	M30
6309at7088	SCAFFOLD_28	2214190.5	NA	NA
6311at7088	SCAFFOLD_15	1229727.0	M26	M26
6320at7088	SCAFFOLD_29	3323044.0	M2	M2
6321at7088	SCAFFOLD_61	3793519.0	M1	M1
6325at7088	SCAFFOLD_27	5270666.0	M3	M3
6329at7088	SCAFFOLD_32	1573355.5	M7	M7
6330at7088	SCAFFOLD_36	3198590.0	M5	M5
6332at7088	SCAFFOLD_75	1417245.0	M12	M12
6335at7088	SCAFFOLD_65	3376875.0	M9	M9
6336at7088	SCAFFOLD_59	4571344.5	M4	M4
6339at7088	SCAFFOLD_17	3715924.5	M10	M10
6342at7088	SCAFFOLD_79	1911341.0	NA	NA
6343at7088	SCAFFOLD_49	2697857.5	M4	M4
6347at7088	SCAFFOLD_19	1164996.0	M1	M1
6348at7088	SCAFFOLD_39	1836983.5	M21	M21
6349at7088	SCAFFOLD_25	4758198.0	M19	M19
6351at7088	SCAFFOLD_3	8984129.5	M11	M11
6352at7088	SCAFFOLD_21	2589278.0	M7	M7
6353at7088	SCAFFOLD_3	9139988.0	M11	M11
6358at7088	SCAFFOLD_12	5426670.5	M24	M24
6365at7088	SCAFFOLD_76	2382212.0	M9	M9
6366at7088	SCAFFOLD_62	605507.0	M21	M21
6373at7088	SCAFFOLD_42	3842226.5	M5	M5
6374at7088	SCAFFOLD_88	2875517.0	M20	M20
6381at7088	SCAFFOLD_57	557512.0	M11	M11
6385at7088	SCAFFOLD_13	2542270.5	NA	NA
6386at7088	SCAFFOLD_5	7260228.5	M18	M18
6394at7088	SCAFFOLD_87	596717.5	M17	M17
6395at7088	SCAFFOLD_85	3692137.5	M11	M11
6401at7088	SCAFFOLD_54	2948265.0	NA	NA
6403at7088	SCAFFOLD_20	95903.5	M8	M8
6404at7088	SCAFFOLD_11	1122312.5	NA	NA
6407at7088	SCAFFOLD_2	1431717.0	M6	M6
6410at7088	SCAFFOLD_51	2663099.0	M7	M7
6413at7088	SCAFFOLD_16	1345286.5	M28	M28
6414at7088	SCAFFOLD_71	1948118.5	M13	M13
6420at7088	SCAFFOLD_22	450996.0	M12	M12
6421at7088	SCAFFOLD_3	9441108.5	M11	M11
6432at7088	SCAFFOLD_48	4518472.0	MZ	MZ
6433at7088	SCAFFOLD_27	4095383.5	M3	M3
6436at7088	SCAFFOLD_70	3314612.0	M16	M16
6437at7088	SCAFFOLD_4	4025792.5	M29	M29
6438at7088	SCAFFOLD_55	502284.0	M9	M9
6439at7088	SCAFFOLD_5	2549732.0	M18	M18
6443at7088	SCAFFOLD_33	1600530.5	M18	M18
6446at7088	SCAFFOLD_64	2871577.5	NA	NA
6449at7088	SCAFFOLD_17	6723622.5	M10	M10
6450at7088	SCAFFOLD_31	1413823.5	M1	M1
6453at7088	SCAFFOLD_37	4212559.0	M22	M22
6454at7088	SCAFFOLD_62	340872.5	NA	NA
6462at7088	SCAFFOLD_90	2447065.0	M10	M10
6464at7088	SCAFFOLD_54	1935688.0	M21	M21
6467at7088	SCAFFOLD_39	5019533.0	M21	M21
6471at7088	SCAFFOLD_48	3447156.5	MZ	MZ
6477at7088	SCAFFOLD_3	8691742.5	M11	M11
6481at7088	SCAFFOLD_80	4005474.0	M14	M14
6486at7088	SCAFFOLD_50	4208564.5	M9	M9
6487at7088	SCAFFOLD_22	430189.0	M12	M12
6499at7088	SCAFFOLD_4	2953235.5	M29	M29
6501at7088	SCAFFOLD_23	5239489.5	M24	M24
6502at7088	SCAFFOLD_38	1779362.0	M14	M14
6503at7088	SCAFFOLD_24	2755629.0	NA	NA
6508at7088	SCAFFOLD_9	5700473.0	M23	M23
6512at7088	SCAFFOLD_35	3232732.0	NA	NA
6513at7088	SCAFFOLD_58	3817578.5	NA	NA
6515at7088	SCAFFOLD_35	3394999.5	M25	M25
6518at7088	SCAFFOLD_41	1391713.5	M9	M9
6522at7088	SCAFFOLD_86	3352567.0	NA	NA
6523at7088	SCAFFOLD_46	5531214.5	M3	M3
6525at7088	SCAFFOLD_5	6779212.5	M18	M18
6528at7088	SCAFFOLD_12	2929390.0	M24	M24
6538at7088	SCAFFOLD_41	4903094.0	NA	NA
6540at7088	SCAFFOLD_23	6139448.0	M24	M24
6542at7088	SCAFFOLD_70	542059.5	M16	M16
6548at7088	SCAFFOLD_48	2919684.5	MZ	MZ
6552at7088	SCAFFOLD_37	4134178.5	NA	NA
6555at7088	SCAFFOLD_74	1091857.0	M15	M15
6558at7088	SCAFFOLD_52	1520267.0	NA	NA
6562at7088	SCAFFOLD_21	4393618.5	NA	NA
6570at7088	SCAFFOLD_5	7170353.5	NA	NA
6571at7088	SCAFFOLD_43	2051685.0	M5	M5
6572at7088	SCAFFOLD_48	872112.5	NA	NA
6573at7088	SCAFFOLD_36	1558484.0	M5	M5
6579at7088	SCAFFOLD_65	466878.5	M9	M9
6582at7088	SCAFFOLD_57	3543634.0	M11	M11
6583at7088	SCAFFOLD_1	10928916.5	M27	M27
6585at7088	SCAFFOLD_23	1445441.5	M24	M24
6589at7088	SCAFFOLD_46	3566012.0	NA	NA
6594at7088	SCAFFOLD_40	2365594.0	M12	M12
6597at7088	SCAFFOLD_36	2458013.5	M5	M5
6598at7088	SCAFFOLD_85	4002861.0	M11	M11
6601at7088	SCAFFOLD_14	6720884.0	M19	M19
6602at7088	SCAFFOLD_63	281996.0	M5	M5
6606at7088	SCAFFOLD_47	4313334.5	M20	M20
6607at7088	SCAFFOLD_86	3472293.5	M21	M21
6614at7088	SCAFFOLD_3	9430711.0	M11	M11
6616at7088	SCAFFOLD_47	3802197.5	M20	M20
6620at7088	SCAFFOLD_81	2664385.0	M10	M10
6622at7088	SCAFFOLD_5	2726776.0	M18	M18
6627at7088	SCAFFOLD_39	3647611.0	M21	M21
6628at7088	SCAFFOLD_27	4623168.0	M3	M3
6636at7088	SCAFFOLD_57	2623257.5	M11	M11
6637at7088	SCAFFOLD_61	4001661.5	M1	M1
6642at7088	SCAFFOLD_51	4128812.0	NA	NA
6644at7088	SCAFFOLD_70	4664038.5	M16	M16
6645at7088	SCAFFOLD_2	7795055.5	M6	M6
6646at7088	SCAFFOLD_15	3263711.5	NA	NA
6652at7088	SCAFFOLD_20	4842236.0	NA	NA
6655at7088	SCAFFOLD_20	5654717.5	M8	M8
6657at7088	SCAFFOLD_34	2687174.0	M17	M17
6663at7088	SCAFFOLD_54	1915425.0	M21	M21
6668at7088	SCAFFOLD_5	7575753.0	M18	M18
6670at7088	SCAFFOLD_50	4794941.0	NA	NA
6671at7088	SCAFFOLD_51	4895192.5	M7	M7
6671at7088	SCAFFOLD_51	531670.0	M7	M7
6673at7088	SCAFFOLD_12	2789906.5	NA	NA
6674at7088	SCAFFOLD_12	5903879.0	M24	M24
6678at7088	SCAFFOLD_10	1109210.0	M31	M31
6680at7088	SCAFFOLD_70	1845431.5	M16	M16
6681at7088	SCAFFOLD_69	1362793.5	NA	NA
6683at7088	SCAFFOLD_89	808289.0	NA	NA
6684at7088	SCAFFOLD_3	9169491.0	NA	NA
6687at7088	SCAFFOLD_74	4403261.0	M15	M15
6688at7088	SCAFFOLD_68	196227.5	M15	M15
6690at7088	SCAFFOLD_64	3030275.5	M15	M15
6691at7088	SCAFFOLD_21	270317.0	M7	M7
6701at7088	SCAFFOLD_89	3205616.5	M10	M10
6707at7088	SCAFFOLD_84	1457601.5	M8	M8
6720at7088	SCAFFOLD_56	3306458.0	M6	M6
6722at7088	SCAFFOLD_61	1108346.5	M1	M1
6723at7088	SCAFFOLD_42	2761439.0	NA	NA
6728at7088	SCAFFOLD_71	2904698.5	M13	M13
6737at7088	SCAFFOLD_70	2225204.0	M16	M16
6742at7088	SCAFFOLD_28	2423672.5	M2	M2
6744at7088	SCAFFOLD_35	4984862.5	M25	M25
6745at7088	SCAFFOLD_21	2945874.5	M7	M7
6751at7088	SCAFFOLD_84	3861374.0	M8	M8
6753at7088	SCAFFOLD_52	1741067.0	M2	M2
6754at7088	SCAFFOLD_82	1097392.5	M3	M3
6757at7088	SCAFFOLD_22	6718853.5	M12	M12
6769at7088	SCAFFOLD_3	9695981.5	M11	M11
6770at7088	SCAFFOLD_39	5215296.0	M21	M21
6771at7088	SCAFFOLD_55	2655491.0	NA	NA
6775at7088	SCAFFOLD_71	4006270.5	M13	M13
6779at7088	SCAFFOLD_85	1792458.5	M11	M11
6780at7088	SCAFFOLD_20	5704831.5	M8	M8
6782at7088	SCAFFOLD_19	2387345.5	NA	NA
6786at7088	SCAFFOLD_35	3431348.0	M25	M25
6787at7088	SCAFFOLD_38	3688883.0	M14	M14
6788at7088	SCAFFOLD_72	3780411.5	M1	M1
6789at7088	SCAFFOLD_32	4008239.5	M7	M7
6791at7088	SCAFFOLD_38	788508.5	M14	M14
6795at7088	SCAFFOLD_12	6546864.0	M24	M24
6798at7088	SCAFFOLD_32	4053737.0	M7	M7
6811at7088	SCAFFOLD_89	901629.0	NA	NA
6817at7088	SCAFFOLD_36	3648122.5	M5	M5
6821at7088	SCAFFOLD_88	3075055.0	NA	NA
6823at7088	SCAFFOLD_81	4182198.0	M10	M10
6825at7088	SCAFFOLD_50	4216631.5	M9	M9
6826at7088	SCAFFOLD_66	2017232.5	M3	M3
6830at7088	SCAFFOLD_22	409870.5	M12	M12
6835at7088	SCAFFOLD_1	3301808.0	M27	M27
6837at7088	SCAFFOLD_60	3214094.0	NA	NA
6841at7088	SCAFFOLD_70	1221297.5	M16	M16
6845at7088	SCAFFOLD_60	1368463.5	M18	M18
6846at7088	SCAFFOLD_20	1355691.5	M8	M8
6847at7088	SCAFFOLD_46	4843670.0	M3	M3
6853at7088	SCAFFOLD_58	4790398.0	M6	M6
6855at7088	SCAFFOLD_67	4799649.0	M12	M12
6857at7088	SCAFFOLD_64	2692144.5	M15	M15
6860at7088	SCAFFOLD_62	487195.5	NA	NA
6861at7088	SCAFFOLD_86	3513766.5	NA	NA
6862at7088	SCAFFOLD_55	2379452.0	M9	M9
6871at7088	SCAFFOLD_61	1403495.5	M1	M1
6874at7088	SCAFFOLD_4	5928254.0	M29	M29
6884at7088	SCAFFOLD_13	2562733.5	M23	M23
6885at7088	SCAFFOLD_62	4964812.5	M21	M21
6893at7088	SCAFFOLD_55	4108243.5	M9	M9
6896at7088	SCAFFOLD_49	4919103.0	M4	M4
6899at7088	SCAFFOLD_49	4273702.5	M4	M4
6900at7088	SCAFFOLD_61	1679411.5	M1	M1
6903at7088	SCAFFOLD_63	4720830.0	M5	M5
6906at7088	SCAFFOLD_19	5451235.0	M1	M1
6908at7088	SCAFFOLD_4	8752296.0	M29	M29
6909at7088	SCAFFOLD_44	1236423.5	M8	M8
6912at7088	SCAFFOLD_77	1643906.5	M15	M15
6913at7088	SCAFFOLD_82	817189.5	M3	M3
6919at7088	SCAFFOLD_61	3910582.0	M1	M1
6926at7088	SCAFFOLD_36	5030740.0	M1	M1
6935at7088	SCAFFOLD_3	5525527.0	M11	M11
6936at7088	SCAFFOLD_14	5149338.0	M19	M19
6938at7088	SCAFFOLD_78	662513.0	M4	M4
6940at7088	SCAFFOLD_17	6749877.5	M10	M10
6944at7088	SCAFFOLD_71	3560028.0	M13	M13
6950at7088	SCAFFOLD_10	5873016.5	NA	NA
6951at7088	SCAFFOLD_29	5828102.0	M2	M2
6955at7088	SCAFFOLD_2	3763971.5	NA	NA
6959at7088	SCAFFOLD_58	1378867.5	M6	M6
6967at7088	SCAFFOLD_79	3879479.0	M25	M25
6971at7088	SCAFFOLD_33	3659938.0	NA	NA
6979at7088	SCAFFOLD_87	3750675.5	M1	M1
6980at7088	SCAFFOLD_26	3390829.5	M16	M16
6982at7088	SCAFFOLD_6	4663043.5	M22	M22
6983at7088	SCAFFOLD_53	2601458.5	M4	M4
6985at7088	SCAFFOLD_50	3057810.0	M9	M9
6987at7088	SCAFFOLD_77	1726042.0	M15	M15
6988at7088	SCAFFOLD_34	2107308.0	NA	NA
6989at7088	SCAFFOLD_52	1785475.0	M2	M2
6991at7088	SCAFFOLD_50	1632776.0	M9	M9
6996at7088	SCAFFOLD_15	5360690.5	M26	M26
7001at7088	SCAFFOLD_80	2300620.5	M14	M14
7002at7088	SCAFFOLD_6	3641271.0	M22	M22
7004at7088	SCAFFOLD_83	2057303.0	MZ	MZ
7005at7088	SCAFFOLD_38	2497826.0	NA	NA
7007at7088	SCAFFOLD_71	2622012.5	M13	M13
7009at7088	SCAFFOLD_60	4424645.5	M18	M18
7010at7088	SCAFFOLD_83	2196032.5	NA	NA
7017at7088	SCAFFOLD_67	2315257.0	M12	M12
7024at7088	SCAFFOLD_31	1353652.5	M1	M1
7025at7088	SCAFFOLD_63	3671842.5	M5	M5
7040at7088	SCAFFOLD_37	4844970.5	NA	NA
7040at7088	SCAFFOLD_37	851431.0	NA	NA
7040at7088	SCAFFOLD_37	907616.0	NA	NA
7040at7088	SCAFFOLD_37	4895591.0	NA	NA
7041at7088	SCAFFOLD_49	4904636.5	M4	M4
7044at7088	SCAFFOLD_75	2361551.5	M12	M12
7045at7088	SCAFFOLD_79	3747827.0	M25	M25
7047at7088	SCAFFOLD_9	2879055.5	NA	NA
7048at7088	SCAFFOLD_9	4973428.5	M23	M23
7051at7088	SCAFFOLD_85	2760842.0	M11	M11
7052at7088	SCAFFOLD_44	4388764.0	NA	NA
7053at7088	SCAFFOLD_31	4527205.5	M1	M1
7056at7088	SCAFFOLD_4	8774552.5	M29	M29
7058at7088	SCAFFOLD_76	3358852.0	M3	M3
7060at7088	SCAFFOLD_49	4891137.5	M4	M4
7062at7088	SCAFFOLD_47	471122.5	M20	M20
7064at7088	SCAFFOLD_48	3247442.0	NA	NA
7067at7088	SCAFFOLD_76	3878394.0	M2	M2
7070at7088	SCAFFOLD_69	1988563.0	M13	M13
7071at7088	SCAFFOLD_87	821373.5	M17	M17
7081at7088	SCAFFOLD_39	3631893.0	NA	NA
7082at7088	SCAFFOLD_76	4038747.0	M2	M2
7084at7088	SCAFFOLD_28	2329329.5	M2	M2
7087at7088	SCAFFOLD_69	2734757.0	M13	M13
7088at7088	SCAFFOLD_75	3588294.0	M12	M12
7089at7088	SCAFFOLD_8	2572532.5	NA	NA
7090at7088	SCAFFOLD_20	4611605.5	M8	M8
7092at7088	SCAFFOLD_46	3249694.5	M3	M3
7097at7088	SCAFFOLD_77	3823437.0	M15	M15
7101at7088	SCAFFOLD_59	735421.5	NA	NA
7106at7088	SCAFFOLD_27	72021.0	M3	M3
7108at7088	SCAFFOLD_58	3866923.5	M6	M6
7112at7088	SCAFFOLD_88	971828.5	M20	M20
7114at7088	SCAFFOLD_17	6662962.0	M10	M10
7115at7088	SCAFFOLD_56	1066662.0	M6	M6
7117at7088	SCAFFOLD_25	1663100.5	M19	M19
7119at7088	SCAFFOLD_22	3241521.0	M12	M12
7122at7088	SCAFFOLD_3	8786656.5	M11	M11
7123at7088	SCAFFOLD_82	2684636.0	M3	M3
7125at7088	SCAFFOLD_33	5448951.5	M18	M18
7126at7088	SCAFFOLD_26	4705388.5	M16	M16
7128at7088	SCAFFOLD_70	2848880.5	NA	NA
7129at7088	SCAFFOLD_19	2173880.5	NA	NA
7133at7088	SCAFFOLD_55	1381289.5	M9	M9
7142at7088	SCAFFOLD_6	5973693.5	M22	M22
7146at7088	SCAFFOLD_24	5365731.5	NA	NA
7147at7088	SCAFFOLD_28	4099885.0	M2	M2
7153at7088	SCAFFOLD_9	1538659.0	M23	M23
7154at7088	SCAFFOLD_73	2561907.5	M22	M22
7156at7088	SCAFFOLD_4	4278905.5	M29	M29
7159at7088	SCAFFOLD_66	4554460.5	NA	NA
7160at7088	SCAFFOLD_37	3651906.5	M22	M22
7162at7088	SCAFFOLD_76	1711642.5	NA	NA
7163at7088	SCAFFOLD_21	259933.0	M7	M7
7166at7088	SCAFFOLD_21	2853005.5	NA	NA
7170at7088	SCAFFOLD_3	9152034.5	NA	NA
7172at7088	SCAFFOLD_21	4320895.5	M7	M7
7176at7088	SCAFFOLD_29	3270617.0	M2	M2
7177at7088	SCAFFOLD_12	2987739.5	M24	M24
7182at7088	SCAFFOLD_23	3169567.0	M24	M24
7184at7088	SCAFFOLD_53	2460229.5	M4	M4
7185at7088	SCAFFOLD_91	833649.0	M16	M16
7188at7088	SCAFFOLD_23	635637.5	M24	M24
7192at7088	SCAFFOLD_17	4315926.5	M13	M13
7194at7088	SCAFFOLD_71	3472156.0	M13	M13
7199at7088	SCAFFOLD_76	2229765.5	NA	NA
7200at7088	SCAFFOLD_71	3809967.0	NA	NA
7201at7088	SCAFFOLD_43	2040066.5	M5	M5
7204at7088	SCAFFOLD_27	3309409.5	M3	M3
7205at7088	SCAFFOLD_71	2883444.0	M13	M13
7206at7088	SCAFFOLD_25	5420067.5	M19	M19
7207at7088	SCAFFOLD_49	4907214.0	NA	NA
7219at7088	SCAFFOLD_73	1735320.5	M22	M22
7220at7088	SCAFFOLD_14	5595362.5	M19	M19
7223at7088	SCAFFOLD_28	2305189.5	M2	M2
7227at7088	SCAFFOLD_23	76441.5	M5	M5
7229at7088	SCAFFOLD_7	6747780.0	NA	NA
7230at7088	SCAFFOLD_68	4385828.5	NA	NA
7237at7088	SCAFFOLD_38	1077656.0	M14	M14
7238at7088	SCAFFOLD_70	227268.5	NA	NA
7246at7088	SCAFFOLD_12	3944178.0	M13	M13
7248at7088	SCAFFOLD_41	1666284.0	NA	NA
7253at7088	SCAFFOLD_84	1575988.5	NA	NA
7254at7088	SCAFFOLD_50	1395041.5	NA	NA
7258at7088	SCAFFOLD_30	4355684.0	M8	M8
7263at7088	SCAFFOLD_34	637680.0	M17	M17
7264at7088	SCAFFOLD_37	3575342.0	M22	M22
7267at7088	SCAFFOLD_19	4174739.0	M1	M1
7268at7088	SCAFFOLD_70	406541.0	NA	NA
7271at7088	SCAFFOLD_2	3708796.5	M6	M6
7272at7088	SCAFFOLD_48	5322846.5	MZ	MZ
7277at7088	SCAFFOLD_63	1195755.5	M5	M5
7283at7088	SCAFFOLD_70	1854269.0	M16	M16
7285at7088	SCAFFOLD_32	1451626.5	M23	M23
7286at7088	SCAFFOLD_23	2693434.5	M24	M24
7288at7088	SCAFFOLD_53	1737265.0	M4	M4
7290at7088	SCAFFOLD_4	6909474.5	NA	NA
7295at7088	SCAFFOLD_2	3419703.5	M6	M6
7298at7088	SCAFFOLD_76	3789621.0	M2	M2
7299at7088	SCAFFOLD_83	351158.5	NA	NA
7301at7088	SCAFFOLD_71	3688615.0	M13	M13
7303at7088	SCAFFOLD_14	2347575.0	M19	M19
7307at7088	SCAFFOLD_28	1998464.5	M2	M2
7308at7088	SCAFFOLD_55	152241.5	M9	M9
7313at7088	SCAFFOLD_15	6498616.0	M26	M26
7314at7088	SCAFFOLD_19	3903309.0	M1	M1
7324at7088	SCAFFOLD_17	5872367.0	M10	M10
7326at7088	SCAFFOLD_84	1651307.0	M8	M8
7331at7088	SCAFFOLD_49	3530048.5	M4	M4
7332at7088	SCAFFOLD_25	4631136.0	NA	NA
7335at7088	SCAFFOLD_11	7411688.5	M14	M14
7336at7088	SCAFFOLD_48	2912235.5	MZ	MZ
7342at7088	SCAFFOLD_40	1604950.5	M12	M12
7348at7088	SCAFFOLD_76	4008429.0	NA	NA
7350at7088	SCAFFOLD_17	3640337.0	M10	M10
7354at7088	SCAFFOLD_55	3813592.0	NA	NA
7355at7088	SCAFFOLD_66	242081.0	M3	M3
7356at7088	SCAFFOLD_19	3185401.5	M1	M1
7357at7088	SCAFFOLD_29	3607917.5	NA	NA
7361at7088	SCAFFOLD_66	4798833.0	M3	M3
7363at7088	SCAFFOLD_83	2857719.0	NA	NA
7370at7088	SCAFFOLD_22	3647599.5	M12	M12
7371at7088	SCAFFOLD_37	2626416.0	NA	NA
7376at7088	SCAFFOLD_59	995743.0	M4	M4
7377at7088	SCAFFOLD_81	228453.5	M10	M10
7378at7088	SCAFFOLD_41	1214661.0	M9	M9
7379at7088	SCAFFOLD_29	3258650.5	NA	NA
7380at7088	SCAFFOLD_52	863718.0	NA	NA
7382at7088	SCAFFOLD_2	3591334.5	M6	M6
7385at7088	SCAFFOLD_79	1515361.0	M25	M25
7392at7088	SCAFFOLD_53	859990.0	NA	NA
7395at7088	SCAFFOLD_2	2479611.0	M6	M6
7397at7088	SCAFFOLD_84	365192.0	M8	M8
7406at7088	SCAFFOLD_23	659206.5	NA	NA
7409at7088	SCAFFOLD_1	8455818.0	M27	M27
7415at7088	SCAFFOLD_30	272330.0	M8	M8
7416at7088	SCAFFOLD_11	5535886.0	M14	M14
7419at7088	SCAFFOLD_75	2168365.5	M12	M12
7420at7088	SCAFFOLD_19	4659687.5	NA	NA
7427at7088	SCAFFOLD_49	4331370.5	M4	M4
7429at7088	SCAFFOLD_83	2133530.5	MZ	MZ
7430at7088	SCAFFOLD_54	5296068.0	M21	M21
7431at7088	SCAFFOLD_22	3289801.5	M12	M12
7432at7088	SCAFFOLD_65	447666.5	M9	M9
7436at7088	SCAFFOLD_17	2181777.0	M10	M10
7442at7088	SCAFFOLD_58	1618112.0	NA	NA
7446at7088	SCAFFOLD_63	556051.5	M5	M5
7447at7088	SCAFFOLD_40	3651571.5	NA	NA
7449at7088	SCAFFOLD_34	3412911.0	M17	M17
7454at7088	SCAFFOLD_3	1766222.5	M11	M11
7456at7088	SCAFFOLD_42	2407289.0	M5	M5
7459at7088	SCAFFOLD_88	2323810.0	M20	M20
7461at7088	SCAFFOLD_2	2264791.0	M6	M6
7465at7088	SCAFFOLD_4	2488800.5	M29	M29
7466at7088	SCAFFOLD_78	3939435.5	NA	NA
7471at7088	SCAFFOLD_20	175039.5	NA	NA
7472at7088	SCAFFOLD_41	3471241.0	M9	M9
7473at7088	SCAFFOLD_15	2373993.5	M26	M26
7475at7088	SCAFFOLD_28	5227421.5	M2	M2
7476at7088	SCAFFOLD_14	7229383.0	NA	NA
7478at7088	SCAFFOLD_87	585523.5	M17	M17
7479at7088	SCAFFOLD_45	524273.0	NA	NA
7481at7088	SCAFFOLD_59	4046543.5	M4	M4
7492at7088	SCAFFOLD_21	1414610.0	M7	M7
7494at7088	SCAFFOLD_31	1029107.0	M1	M1
7495at7088	SCAFFOLD_70	1182799.0	M16	M16
7497at7088	SCAFFOLD_31	4650057.0	M1	M1
7500at7088	SCAFFOLD_5	6703706.0	M18	M18
7501at7088	SCAFFOLD_14	6034362.5	M19	M19
7506at7088	SCAFFOLD_68	4562560.5	M15	M15
7508at7088	SCAFFOLD_35	1061264.5	M25	M25
7512at7088	SCAFFOLD_38	609038.0	M14	M14
7513at7088	SCAFFOLD_40	861554.5	M12	M12
7520at7088	SCAFFOLD_17	3921484.0	M10	M10
7523at7088	SCAFFOLD_29	3613246.0	M2	M2
7527at7088	SCAFFOLD_44	5050939.5	NA	NA
7530at7088	SCAFFOLD_27	3720525.0	M3	M3
7544at7088	SCAFFOLD_40	3827160.0	M12	M12
7550at7088	SCAFFOLD_8	8471634.5	M13	M13
7556at7088	SCAFFOLD_32	1266768.5	M7	M7
7559at7088	SCAFFOLD_25	4595199.5	M19	M19
7560at7088	SCAFFOLD_32	1784721.0	M7	M7
7560at7088	SCAFFOLD_32	1769577.5	M7	M7
7561at7088	SCAFFOLD_42	2744787.5	M5	M5
7566at7088	SCAFFOLD_21	2959270.5	M7	M7
7567at7088	SCAFFOLD_64	4123245.0	M15	M15
7573at7088	SCAFFOLD_18	5976743.5	M28	M28
7574at7088	SCAFFOLD_48	3942653.5	MZ	MZ
7576at7088	SCAFFOLD_3	8825533.0	M11	M11
7577at7088	SCAFFOLD_57	4039549.5	M11	M11
7584at7088	SCAFFOLD_11	2986673.0	NA	NA
7586at7088	SCAFFOLD_38	4050508.5	M14	M14
7591at7088	SCAFFOLD_8	2887324.0	NA	NA
7592at7088	SCAFFOLD_61	4315630.0	M1	M1
7594at7088	SCAFFOLD_11	6829533.0	M14	M14
7595at7088	SCAFFOLD_42	3423835.0	M5	M5
7597at7088	SCAFFOLD_56	3138940.0	M6	M6
7598at7088	SCAFFOLD_31	2003994.0	M1	M1
7607at7088	SCAFFOLD_10	1640810.5	NA	NA
7608at7088	SCAFFOLD_75	2911467.0	M12	M12
7611at7088	SCAFFOLD_17	508090.5	NA	NA
7614at7088	SCAFFOLD_3	1278034.0	NA	NA
7618at7088	SCAFFOLD_19	5685978.5	M1	M1
7622at7088	SCAFFOLD_61	593138.0	M1	M1
7627at7088	SCAFFOLD_61	2937046.0	M1	M1
7629at7088	SCAFFOLD_85	3815788.0	M11	M11
7633at7088	SCAFFOLD_48	3869255.0	NA	NA
7635at7088	SCAFFOLD_40	4661232.0	M12	M12
7642at7088	SCAFFOLD_50	4177734.5	M9	M9
7654at7088	SCAFFOLD_3	7810694.5	M11	M11
7656at7088	SCAFFOLD_69	1972426.0	NA	NA
7659at7088	SCAFFOLD_87	2985588.5	M17	M17
7664at7088	SCAFFOLD_42	1010804.0	M5	M5
7667at7088	SCAFFOLD_14	1628376.5	NA	NA
7668at7088	SCAFFOLD_11	1912625.5	M14	M14
7669at7088	SCAFFOLD_76	2825431.5	M2	M2
7670at7088	SCAFFOLD_65	2314434.0	M9	M9
7672at7088	SCAFFOLD_17	6702063.5	M10	M10
7674at7088	SCAFFOLD_22	3658642.5	M12	M12
7675at7088	SCAFFOLD_38	2522108.5	M14	M14
7676at7088	SCAFFOLD_32	3202106.5	NA	NA
7678at7088	SCAFFOLD_59	4293967.0	M4	M4
7681at7088	SCAFFOLD_47	4755330.5	M20	M20
7682at7088	SCAFFOLD_28	1426792.0	M2	M2
7690at7088	SCAFFOLD_52	3880708.0	NA	NA
7696at7088	SCAFFOLD_78	2976136.5	M4	M4
7698at7088	SCAFFOLD_57	1413117.5	M11	M11
7699at7088	SCAFFOLD_45	229864.0	M7	M7
7705at7088	SCAFFOLD_40	1544510.0	M12	M12
7706at7088	SCAFFOLD_75	848016.5	M24	M24
7707at7088	SCAFFOLD_5	6333015.5	M18	M18
7708at7088	SCAFFOLD_17	2142554.5	M10	M10
7712at7088	SCAFFOLD_61	3971071.0	NA	NA
7714at7088	SCAFFOLD_59	1148047.0	NA	NA
7719at7088	SCAFFOLD_45	4420777.0	M7	M7
7720at7088	SCAFFOLD_17	5837424.5	M10	M10
7721at7088	SCAFFOLD_19	4096050.5	M1	M1
7723at7088	SCAFFOLD_43	2114602.0	NA	NA
7726at7088	SCAFFOLD_37	3622768.0	M1	M1
7727at7088	SCAFFOLD_63	4053469.5	NA	NA
7729at7088	SCAFFOLD_48	4778886.0	NA	NA
7731at7088	SCAFFOLD_6	1504940.5	M22	M22
7732at7088	SCAFFOLD_26	3188989.0	M16	M16
7737at7088	SCAFFOLD_70	564090.0	M16	M16
7738at7088	SCAFFOLD_13	127077.0	M23	M23
7742at7088	SCAFFOLD_19	3776510.0	M4	M4
7744at7088	SCAFFOLD_26	2211822.0	NA	NA
7749at7088	SCAFFOLD_85	3105555.5	M11	M11
7751at7088	SCAFFOLD_6	1169042.0	NA	NA
7754at7088	SCAFFOLD_5	2981942.0	M18	M18
7755at7088	SCAFFOLD_81	1913078.5	M10	M10
7763at7088	SCAFFOLD_15	6275656.0	M26	M26
7765at7088	SCAFFOLD_25	4456735.0	M19	M19
7768at7088	SCAFFOLD_19	1653180.0	M1	M1
7770at7088	SCAFFOLD_77	1516260.0	M15	M15
7772at7088	SCAFFOLD_64	1934545.5	M15	M15
7773at7088	SCAFFOLD_76	1463849.5	M2	M2
7774at7088	SCAFFOLD_36	5172960.5	M5	M5
7777at7088	SCAFFOLD_75	2824756.5	M12	M12
7778at7088	SCAFFOLD_19	4211096.5	M1	M1
7783at7088	SCAFFOLD_47	2210619.0	M20	M20
7787at7088	SCAFFOLD_28	2356402.0	M2	M2
7789at7088	SCAFFOLD_74	2938055.5	M15	M15
7790at7088	SCAFFOLD_64	2070178.0	M15	M15
7791at7088	SCAFFOLD_32	4032010.0	M7	M7
7792at7088	SCAFFOLD_64	110654.5	M15	M15
7797at7088	SCAFFOLD_73	656711.0	NA	NA
7805at7088	SCAFFOLD_79	4613990.0	NA	NA
7813at7088	SCAFFOLD_78	767778.0	M4	M4
7815at7088	SCAFFOLD_61	3010094.0	M1	M1
7817at7088	SCAFFOLD_13	299355.5	NA	NA
7819at7088	SCAFFOLD_32	4499907.0	M7	M7
7823at7088	SCAFFOLD_55	4818282.0	M9	M9
7829at7088	SCAFFOLD_82	3635125.0	M3	M3
7830at7088	SCAFFOLD_78	297328.0	M4	M4
7833at7088	SCAFFOLD_71	3700339.5	M13	M13
7837at7088	SCAFFOLD_89	1688897.5	M10	M10
7838at7088	SCAFFOLD_78	312977.0	M4	M4
7847at7088	SCAFFOLD_49	3604510.0	NA	NA
7853at7088	SCAFFOLD_69	1807513.0	M13	M13
7854at7088	SCAFFOLD_7	3045848.5	M30	M30
7855at7088	SCAFFOLD_33	1368073.0	M18	M18
7856at7088	SCAFFOLD_21	5646391.0	M7	M7
7856at7088	SCAFFOLD_21	4712718.5	M7	M7
7857at7088	SCAFFOLD_56	3346286.5	M6	M6
7858at7088	SCAFFOLD_43	2651484.5	NA	NA
7860at7088	SCAFFOLD_76	3752905.0	NA	NA
7862at7088	SCAFFOLD_19	4719239.5	M1	M1
7869at7088	SCAFFOLD_11	4446849.0	M14	M14
7871at7088	SCAFFOLD_70	131536.0	NA	NA
7876at7088	SCAFFOLD_29	2727187.0	NA	NA
7882at7088	SCAFFOLD_82	2818372.5	M12	M12
7884at7088	SCAFFOLD_2	4475398.5	M6	M6
7887at7088	SCAFFOLD_37	3430140.0	M22	M22
7894at7088	SCAFFOLD_72	3322774.0	M1	M1
7897at7088	SCAFFOLD_26	5354192.5	NA	NA
7899at7088	SCAFFOLD_31	4733721.0	M1	M1
7900at7088	SCAFFOLD_63	3648344.5	M5	M5
7901at7088	SCAFFOLD_75	2236739.5	NA	NA
7902at7088	SCAFFOLD_8	2557449.0	M13	M13
7904at7088	SCAFFOLD_77	3260466.5	M15	M15
7905at7088	SCAFFOLD_52	5518124.0	M2	M2
7909at7088	SCAFFOLD_81	2637511.5	M10	M10
7911at7088	SCAFFOLD_41	1721948.0	M9	M9
7914at7088	SCAFFOLD_60	5437235.0	M18	M18
7915at7088	SCAFFOLD_55	1245131.5	NA	NA
7919at7088	SCAFFOLD_11	1351424.5	M14	M14
7920at7088	SCAFFOLD_42	1577883.0	NA	NA
7921at7088	SCAFFOLD_31	2608695.5	M1	M1
7926at7088	SCAFFOLD_25	4280578.5	M19	M19
7928at7088	SCAFFOLD_29	1006502.5	M2	M2
7932at7088	SCAFFOLD_30	2848762.5	M8	M8
7933at7088	SCAFFOLD_88	3632577.5	M20	M20
7935at7088	SCAFFOLD_35	4824601.5	M25	M25
7948at7088	SCAFFOLD_12	3188851.5	NA	NA
7952at7088	SCAFFOLD_73	4287136.5	NA	NA
7953at7088	SCAFFOLD_49	1325894.0	M4	M4
7956at7088	SCAFFOLD_17	6760636.0	M10	M10
7966at7088	SCAFFOLD_52	2924270.0	M2	M2
7967at7088	SCAFFOLD_46	3797135.5	M3	M3
7968at7088	SCAFFOLD_91	102630.5	M16	M16
7970at7088	SCAFFOLD_17	4516549.0	NA	NA
7972at7088	SCAFFOLD_81	2586162.5	M10	M10
7975at7088	SCAFFOLD_48	2069347.0	NA	NA
7976at7088	SCAFFOLD_67	2715982.0	M12	M12
7978at7088	SCAFFOLD_1	3623474.5	NA	NA
7980at7088	SCAFFOLD_3	2896055.0	M11	M11
7984at7088	SCAFFOLD_50	1808028.0	M9	M9
7986at7088	SCAFFOLD_3	1852200.5	NA	NA
7987at7088	SCAFFOLD_61	3817267.5	NA	NA
7987at7088	SCAFFOLD_48	298428.5	NA	NA
7988at7088	SCAFFOLD_90	78059.5	M10	M10
7990at7088	SCAFFOLD_3	8717763.0	M11	M11
7993at7088	SCAFFOLD_12	1558983.5	M3	M3
7994at7088	SCAFFOLD_25	5834756.0	M19	M19
7996at7088	SCAFFOLD_32	3050955.0	M7	M7
7997at7088	SCAFFOLD_3	956604.0	M11	M11
8006at7088	SCAFFOLD_13	5888046.0	M23	M23
8007at7088	SCAFFOLD_77	3467187.5	M15	M15
8008at7088	SCAFFOLD_44	4645877.5	M8	M8
8009at7088	SCAFFOLD_30	1518348.5	M11	M11
8010at7088	SCAFFOLD_74	2271419.0	M15	M15
8011at7088	SCAFFOLD_11	5618290.5	M14	M14
8012at7088	SCAFFOLD_80	4142262.5	M14	M14
8013at7088	SCAFFOLD_55	3584101.5	M9	M9
8015at7088	SCAFFOLD_43	2192586.0	M5	M5
8019at7088	SCAFFOLD_24	2829164.5	NA	NA
8031at7088	SCAFFOLD_88	1580321.5	M20	M20
8032at7088	SCAFFOLD_51	4176694.0	NA	NA
8033at7088	SCAFFOLD_76	728138.0	NA	NA
8034at7088	SCAFFOLD_27	5146051.0	M3	M3
8039at7088	SCAFFOLD_6	4229226.5	NA	NA
8040at7088	SCAFFOLD_1	4513536.0	M27	M27
8043at7088	SCAFFOLD_4	9688898.5	M29	M29
8045at7088	SCAFFOLD_55	2640360.5	NA	NA
8046at7088	SCAFFOLD_6	6971948.5	M22	M22
8048at7088	SCAFFOLD_47	2386229.5	NA	NA
8050at7088	SCAFFOLD_67	756815.0	M12	M12
8051at7088	SCAFFOLD_77	1806005.5	M15	M15
8053at7088	SCAFFOLD_24	253424.5	NA	NA
8055at7088	SCAFFOLD_22	6120825.0	M12	M12
8057at7088	SCAFFOLD_37	3635321.0	M22	M22
8065at7088	SCAFFOLD_87	3776031.5	M17	M17
8067at7088	SCAFFOLD_78	292714.0	M4	M4
8071at7088	SCAFFOLD_18	3462154.0	NA	NA
8072at7088	SCAFFOLD_77	445528.5	NA	NA
8073at7088	SCAFFOLD_3	9374078.5	M11	M11
8079at7088	SCAFFOLD_25	6045802.5	M19	M19
8081at7088	SCAFFOLD_26	1058183.0	M16	M16
8084at7088	SCAFFOLD_11	4133919.0	M14	M14
8088at7088	SCAFFOLD_24	2912735.0	NA	NA
8089at7088	SCAFFOLD_38	2274866.5	M14	M14
8097at7088	SCAFFOLD_87	1123132.0	NA	NA
8098at7088	SCAFFOLD_52	3825322.5	M2	M2
8100at7088	SCAFFOLD_83	38165.5	MZ	MZ
8101at7088	SCAFFOLD_5	6499688.5	M18	M18
8102at7088	SCAFFOLD_87	1751420.5	NA	NA
8103at7088	SCAFFOLD_10	4338439.0	M31	M31
8106at7088	SCAFFOLD_44	791256.5	M8	M8
8106at7088	SCAFFOLD_100	664069.5	M8	M8
8107at7088	SCAFFOLD_40	846101.0	M12	M12
8111at7088	SCAFFOLD_57	544201.5	M11	M11
8116at7088	SCAFFOLD_7	4847586.5	NA	NA
8117at7088	SCAFFOLD_19	4058031.5	NA	NA
8118at7088	SCAFFOLD_39	5964647.0	M21	M21
8120at7088	SCAFFOLD_76	3919874.5	M2	M2
8122at7088	SCAFFOLD_40	1041972.0	M12	M12
8129at7088	SCAFFOLD_13	5915327.0	M23	M23
8131at7088	SCAFFOLD_6	7555864.0	NA	NA
8132at7088	SCAFFOLD_83	2466938.0	MZ	MZ
8136at7088	SCAFFOLD_82	4017840.0	M3	M3
8139at7088	SCAFFOLD_50	1235402.0	M9	M9
8144at7088	SCAFFOLD_62	4493291.5	NA	NA
8148at7088	SCAFFOLD_90	2397136.5	M10	M10
8149at7088	SCAFFOLD_38	3597705.0	M14	M14
8150at7088	SCAFFOLD_82	2812913.0	M3	M3
8151at7088	SCAFFOLD_77	18705.5	M15	M15
8153at7088	SCAFFOLD_10	4775195.5	NA	NA
8156at7088	SCAFFOLD_12	6801921.0	M24	M24
8166at7088	SCAFFOLD_5	6312873.0	NA	NA
8171at7088	SCAFFOLD_2	1691148.5	M6	M6
8172at7088	SCAFFOLD_73	4215364.5	M22	M22
8174at7088	SCAFFOLD_4	771042.5	NA	NA
8175at7088	SCAFFOLD_18	5873206.5	M28	M28
8177at7088	SCAFFOLD_63	4314406.0	M5	M5
8180at7088	SCAFFOLD_27	2483732.5	M3	M3
8182at7088	SCAFFOLD_37	3627198.5	M22	M22
8183at7088	SCAFFOLD_12	5819960.0	M24	M24
8185at7088	SCAFFOLD_23	2950993.5	M24	M24
8186at7088	SCAFFOLD_40	2797857.0	M12	M12
8190at7088	SCAFFOLD_39	904290.5	M21	M21
8201at7088	SCAFFOLD_87	904355.0	NA	NA
8204at7088	SCAFFOLD_20	2762615.0	M8	M8
8205at7088	SCAFFOLD_64	154446.0	M15	M15
8211at7088	SCAFFOLD_30	3964538.5	M21	M21
8212at7088	SCAFFOLD_19	5220257.5	M1	M1
8214at7088	SCAFFOLD_53	1635329.5	M4	M4
8215at7088	SCAFFOLD_25	632527.0	M19	M19
8217at7088	SCAFFOLD_60	4678908.0	NA	NA
8219at7088	SCAFFOLD_52	3866094.0	M2	M2
8222at7088	SCAFFOLD_7	5280525.0	NA	NA
8235at7088	SCAFFOLD_49	3522142.0	M4	M4
8236at7088	SCAFFOLD_76	1223352.0	M2	M2
8238at7088	SCAFFOLD_58	3444673.5	M6	M6
8240at7088	SCAFFOLD_13	5496247.0	M23	M23
8247at7088	SCAFFOLD_32	2890989.5	M7	M7
8248at7088	SCAFFOLD_11	6943568.0	M14	M14
8248at7088	SCAFFOLD_11	6917686.0	M14	M14
8254at7088	SCAFFOLD_26	1751800.5	M16	M16
8255at7088	SCAFFOLD_45	4073140.5	M7	M7
8258at7088	SCAFFOLD_63	4187143.0	M5	M5
8259at7088	SCAFFOLD_82	1231798.5	M3	M3
8264at7088	SCAFFOLD_4	3859868.5	NA	NA
8270at7088	SCAFFOLD_5	6016747.5	M18	M18
8271at7088	SCAFFOLD_3	4050067.5	M11	M11
8273at7088	SCAFFOLD_43	4844465.0	M5	M5
8274at7088	SCAFFOLD_76	556843.0	M2	M2
8275at7088	SCAFFOLD_84	1451155.0	NA	NA
8276at7088	SCAFFOLD_33	2148815.5	M18	M18
8277at7088	SCAFFOLD_28	5002695.5	M2	M2
8280at7088	SCAFFOLD_50	3976438.5	M9	M9
8282at7088	SCAFFOLD_50	1540385.5	M9	M9
8286at7088	SCAFFOLD_14	5658300.0	M19	M19
8298at7088	SCAFFOLD_34	813672.0	M17	M17
8300at7088	SCAFFOLD_17	6711543.0	NA	NA
8301at7088	SCAFFOLD_21	1048372.5	M7	M7
8306at7088	SCAFFOLD_10	2171302.5	NA	NA
8310at7088	SCAFFOLD_38	821380.0	M14	M14
8312at7088	SCAFFOLD_54	3236335.0	M21	M21
8314at7088	SCAFFOLD_76	414008.5	NA	NA
8317at7088	SCAFFOLD_61	3054676.0	M1	M1
8323at7088	SCAFFOLD_38	2847542.5	M14	M14
8324at7088	SCAFFOLD_20	6563321.0	M8	M8
8340at7088	SCAFFOLD_59	4489478.5	M4	M4
8342at7088	SCAFFOLD_87	1319634.5	M17	M17
8343at7088	SCAFFOLD_55	594698.0	M9	M9
8344at7088	SCAFFOLD_36	4093032.0	M5	M5
8346at7088	SCAFFOLD_38	1160314.5	M14	M14
8352at7088	SCAFFOLD_59	1230490.0	M4	M4
8354at7088	SCAFFOLD_7	8993601.0	NA	NA
8356at7088	SCAFFOLD_55	2541094.0	M9	M9
8359at7088	SCAFFOLD_48	260437.5	NA	NA
8365at7088	SCAFFOLD_43	4117033.0	M5	M5
8367at7088	SCAFFOLD_26	5306041.0	M16	M16
8370at7088	SCAFFOLD_63	2602839.0	M5	M5
8371at7088	SCAFFOLD_78	970122.0	NA	NA
8372at7088	SCAFFOLD_52	5593713.0	M2	M2
8373at7088	SCAFFOLD_70	1956286.5	M16	M16
8375at7088	SCAFFOLD_70	1962021.5	M16	M16
8380at7088	SCAFFOLD_89	286482.0	M10	M10
8384at7088	SCAFFOLD_73	624918.0	M22	M22
8385at7088	SCAFFOLD_57	4452322.5	M11	M11
8386at7088	SCAFFOLD_100	625036.5	M8	M8
8386at7088	SCAFFOLD_44	752485.0	M8	M8
8388at7088	SCAFFOLD_21	2535963.5	NA	NA
8392at7088	SCAFFOLD_11	4724392.0	M14	M14
8393at7088	SCAFFOLD_19	4179959.5	M1	M1
8394at7088	SCAFFOLD_64	247278.0	M15	M15
8396at7088	SCAFFOLD_42	4998464.5	M5	M5
8400at7088	SCAFFOLD_84	391852.0	M8	M8
8402at7088	SCAFFOLD_13	5982096.5	M23	M23
8403at7088	SCAFFOLD_15	4216997.5	NA	NA
8406at7088	SCAFFOLD_75	3188505.0	M12	M12
8408at7088	SCAFFOLD_14	1616033.0	M19	M19
8416at7088	SCAFFOLD_84	1506748.5	M8	M8
8418at7088	SCAFFOLD_73	259195.5	M22	M22
8420at7088	SCAFFOLD_55	467840.0	M9	M9
8426at7088	SCAFFOLD_90	631227.5	M10	M10
8427at7088	SCAFFOLD_52	1924871.0	M2	M2
8432at7088	SCAFFOLD_59	1166974.0	M4	M4
8438at7088	SCAFFOLD_26	753252.5	M16	M16
8441at7088	SCAFFOLD_58	5385622.5	M6	M6
8443at7088	SCAFFOLD_69	3394023.5	M13	M13
8453at7088	SCAFFOLD_11	1762572.0	M14	M14
8464at7088	SCAFFOLD_12	6997022.5	M24	M24
8465at7088	SCAFFOLD_8	8313241.0	M13	M13
8467at7088	SCAFFOLD_21	836004.0	M7	M7
8471at7088	SCAFFOLD_36	540392.5	M5	M5
8476at7088	SCAFFOLD_25	518412.5	M19	M19
8477at7088	SCAFFOLD_55	1369541.5	M9	M9
8479at7088	SCAFFOLD_42	2607835.5	NA	NA
8483at7088	SCAFFOLD_76	2031488.5	NA	NA
8484at7088	SCAFFOLD_25	3315280.5	M19	M19
8487at7088	SCAFFOLD_41	2879364.0	M9	M9
8491at7088	SCAFFOLD_46	3806340.5	M3	M3
8492at7088	SCAFFOLD_10	3283982.5	NA	NA
8493at7088	SCAFFOLD_32	3165594.5	M7	M7
8504at7088	SCAFFOLD_67	2293443.0	NA	NA
8509at7088	SCAFFOLD_30	4276151.0	M8	M8
8514at7088	SCAFFOLD_46	3295116.0	M3	M3
8515at7088	SCAFFOLD_36	518284.0	M5	M5
8521at7088	SCAFFOLD_12	1120980.5	M24	M24
8522at7088	SCAFFOLD_71	3353974.0	M13	M13
8524at7088	SCAFFOLD_88	2275105.0	M20	M20
8529at7088	SCAFFOLD_83	3054268.0	MZ	MZ
8536at7088	SCAFFOLD_78	2967897.0	M4	M4
8549at7088	SCAFFOLD_9	4469924.0	NA	NA
8550at7088	SCAFFOLD_59	1486926.0	M4	M4
8553at7088	SCAFFOLD_47	5634360.5	NA	NA
8554at7088	SCAFFOLD_32	3757855.0	M7	M7
8559at7088	SCAFFOLD_13	600694.0	M23	M23
8564at7088	SCAFFOLD_86	2466060.0	M21	M21
8570at7088	SCAFFOLD_32	1905174.0	MZ	MZ
8571at7088	SCAFFOLD_83	3094111.5	MZ	MZ
8572at7088	SCAFFOLD_11	1671119.0	M14	M14
8578at7088	SCAFFOLD_14	4730331.0	NA	NA
8579at7088	SCAFFOLD_23	3856217.5	NA	NA
8582at7088	SCAFFOLD_85	2837243.0	M11	M11
8584at7088	SCAFFOLD_48	797946.0	NA	NA
8585at7088	SCAFFOLD_57	1567960.5	NA	NA
8586at7088	SCAFFOLD_74	3989904.0	M15	M15
8587at7088	SCAFFOLD_5	2048945.0	M18	M18
8591at7088	SCAFFOLD_23	3569807.0	M24	M24
8595at7088	SCAFFOLD_32	3318791.0	NA	NA
8596at7088	SCAFFOLD_56	4308481.5	NA	NA
8605at7088	SCAFFOLD_70	2044076.5	M16	M16
8607at7088	SCAFFOLD_2	2733240.5	M6	M6
8611at7088	SCAFFOLD_6	1440978.0	M22	M22
8612at7088	SCAFFOLD_30	299436.0	NA	NA
8613at7088	SCAFFOLD_21	823539.0	M7	M7
8615at7088	SCAFFOLD_21	4677040.5	NA	NA
8615at7088	SCAFFOLD_21	5608820.0	NA	NA
8618at7088	SCAFFOLD_15	1927265.0	M13	M13
8620at7088	SCAFFOLD_7	5109972.0	M30	M30
8625at7088	SCAFFOLD_61	3001401.5	M1	M1
8628at7088	SCAFFOLD_87	1297035.0	M17	M17
8630at7088	SCAFFOLD_84	1896628.0	M8	M8
8633at7088	SCAFFOLD_19	1185561.0	M1	M1
8635at7088	SCAFFOLD_36	3140864.0	M5	M5
8636at7088	SCAFFOLD_47	5452795.0	M20	M20
8637at7088	SCAFFOLD_5	8247916.0	M18	M18
8638at7088	SCAFFOLD_53	2017486.0	M4	M4
8642at7088	SCAFFOLD_53	4925789.5	M4	M4
8643at7088	SCAFFOLD_5	2327564.0	NA	NA
8644at7088	SCAFFOLD_55	668133.0	M9	M9
8650at7088	SCAFFOLD_2	1132271.0	M6	M6
8652at7088	SCAFFOLD_69	2136276.5	M13	M13
8653at7088	SCAFFOLD_27	5565633.0	M3	M3
8659at7088	SCAFFOLD_70	2009802.0	M16	M16
8665at7088	SCAFFOLD_3	9892609.0	M11	M11
8667at7088	SCAFFOLD_54	2041909.0	M21	M21
8669at7088	SCAFFOLD_9	6126736.5	M23	M23
8672at7088	SCAFFOLD_85	1153400.0	NA	NA
8673at7088	SCAFFOLD_84	409789.5	M8	M8
8685at7088	SCAFFOLD_19	2371829.0	M1	M1
8691at7088	SCAFFOLD_89	3836210.0	M10	M10
8694at7088	SCAFFOLD_17	4294708.5	NA	NA
8696at7088	SCAFFOLD_82	2540494.5	M3	M3
8698at7088	SCAFFOLD_2	7870732.0	M6	M6
8700at7088	SCAFFOLD_76	2559347.5	M2	M2
8703at7088	SCAFFOLD_2	910655.5	M6	M6
8708at7088	SCAFFOLD_2	1001175.0	M6	M6
8709at7088	SCAFFOLD_24	266427.5	M26	M26
8710at7088	SCAFFOLD_58	981746.0	M6	M6
8711at7088	SCAFFOLD_12	7025702.0	M24	M24
8715at7088	SCAFFOLD_29	5316731.0	M2	M2
8716at7088	SCAFFOLD_57	3038290.5	NA	NA
8718at7088	SCAFFOLD_79	4530620.5	M25	M25
8719at7088	SCAFFOLD_32	4369258.0	NA	NA
8732at7088	SCAFFOLD_14	5908202.0	M19	M19
8735at7088	SCAFFOLD_5	8270260.5	M18	M18
8738at7088	SCAFFOLD_2	1361971.5	M6	M6
8739at7088	SCAFFOLD_77	3461337.0	M15	M15
8742at7088	SCAFFOLD_29	5898971.5	M2	M2
8745at7088	SCAFFOLD_2	3967711.5	NA	NA
8751at7088	SCAFFOLD_47	4786761.0	M20	M20
8753at7088	SCAFFOLD_3	7882418.5	M11	M11
8757at7088	SCAFFOLD_37	2962998.0	M22	M22
8760at7088	SCAFFOLD_51	4189688.5	NA	NA
8763at7088	SCAFFOLD_32	4520171.0	NA	NA
8764at7088	SCAFFOLD_51	3099456.5	M7	M7
8767at7088	SCAFFOLD_17	6731360.5	M1	M1
8769at7088	SCAFFOLD_19	3941246.0	M1	M1
8770at7088	SCAFFOLD_49	4253941.0	M4	M4
8777at7088	SCAFFOLD_22	6017420.5	M12	M12
8778at7088	SCAFFOLD_48	829211.5	MZ	MZ
8779at7088	SCAFFOLD_47	2444309.0	M20	M20
8781at7088	SCAFFOLD_5	6157808.0	M18	M18
8786at7088	SCAFFOLD_88	3158138.0	M20	M20
8787at7088	SCAFFOLD_19	4868054.5	NA	NA
8789at7088	SCAFFOLD_47	4873565.0	M20	M20
8793at7088	SCAFFOLD_83	3600344.5	MZ	MZ
8794at7088	SCAFFOLD_26	2151616.5	NA	NA
8798at7088	SCAFFOLD_41	3384578.5	M9	M9
8804at7088	SCAFFOLD_74	836025.5	M15	M15
8806at7088	SCAFFOLD_39	3552191.5	NA	NA
8807at7088	SCAFFOLD_10	1411670.0	NA	NA
8807at7088	SCAFFOLD_46	3863713.0	NA	NA
8809at7088	SCAFFOLD_1	2745237.0	M27	M27
8811at7088	SCAFFOLD_17	2547299.0	NA	NA
8812at7088	SCAFFOLD_51	1954363.5	M7	M7
8817at7088	SCAFFOLD_53	4173402.0	M4	M4
8818at7088	SCAFFOLD_72	3450908.5	M1	M1
8819at7088	SCAFFOLD_78	537570.5	M4	M4
8820at7088	SCAFFOLD_43	2145478.5	NA	NA
8829at7088	SCAFFOLD_14	6411992.5	M19	M19
8834at7088	SCAFFOLD_13	1810011.0	M23	M23
8841at7088	SCAFFOLD_29	5739682.0	M2	M2
8842at7088	SCAFFOLD_47	3176193.5	M20	M20
8846at7088	SCAFFOLD_19	5466203.5	M1	M1
8849at7088	SCAFFOLD_30	3214765.0	M8	M8
8854at7088	SCAFFOLD_75	2955661.5	NA	NA
8859at7088	SCAFFOLD_1	10161414.0	M27	M27
8860at7088	SCAFFOLD_84	3066278.5	M8	M8
8861at7088	SCAFFOLD_5	3924418.0	M18	M18
8862at7088	SCAFFOLD_42	2549693.0	M5	M5
8863at7088	SCAFFOLD_80	3420124.0	M14	M14
8864at7088	SCAFFOLD_45	3290008.0	M25	M25
8873at7088	SCAFFOLD_6	8549933.0	NA	NA
8874at7088	SCAFFOLD_74	1536812.0	M15	M15
8877at7088	SCAFFOLD_42	1111115.5	M5	M5
8881at7088	SCAFFOLD_69	2246451.5	M13	M13
8886at7088	SCAFFOLD_61	2045908.0	M1	M1
8890at7088	SCAFFOLD_41	3501651.5	M9	M9
8895at7088	SCAFFOLD_84	1467637.5	NA	NA
8896at7088	SCAFFOLD_6	7640135.0	M22	M22
8897at7088	SCAFFOLD_3	9061541.0	M9	M9
8898at7088	SCAFFOLD_63	4268238.0	NA	NA
8900at7088	SCAFFOLD_81	4130427.5	M10	M10
8901at7088	SCAFFOLD_49	1304789.5	M4	M4
8902at7088	SCAFFOLD_25	4807164.5	M19	M19
8908at7088	SCAFFOLD_34	3243492.5	M17	M17
8912at7088	SCAFFOLD_28	2177558.0	M2	M2
8914at7088	SCAFFOLD_77	1534149.5	NA	NA
8915at7088	SCAFFOLD_34	438205.5	M17	M17
8916at7088	SCAFFOLD_19	3927222.5	M1	M1
8920at7088	SCAFFOLD_45	2041605.5	NA	NA
8923at7088	SCAFFOLD_57	3342950.5	M11	M11
8927at7088	SCAFFOLD_88	2266896.0	NA	NA
8930at7088	SCAFFOLD_89	1749991.0	M10	M10
8931at7088	SCAFFOLD_25	5451245.0	M19	M19
8934at7088	SCAFFOLD_52	3968003.5	NA	NA
8937at7088	SCAFFOLD_42	2394772.0	M5	M5
8946at7088	SCAFFOLD_82	4060309.5	NA	NA
8953at7088	SCAFFOLD_42	5132136.5	M5	M5
8954at7088	SCAFFOLD_76	1483344.5	M2	M2
8955at7088	SCAFFOLD_14	5665552.0	M19	M19
8957at7088	SCAFFOLD_29	1794128.5	M2	M2
8962at7088	SCAFFOLD_30	304887.5	M8	M8
8967at7088	SCAFFOLD_65	4906253.5	M9	M9
8971at7088	SCAFFOLD_32	5480553.0	M7	M7
8973at7088	SCAFFOLD_8	8209558.5	M13	M13
8974at7088	SCAFFOLD_53	1618087.0	M4	M4
8976at7088	SCAFFOLD_76	663610.0	M2	M2
8978at7088	SCAFFOLD_17	3520739.5	M10	M10
8981at7088	SCAFFOLD_34	3586872.5	M17	M17
8982at7088	SCAFFOLD_17	3342125.5	M10	M10
8984at7088	SCAFFOLD_11	2394175.5	M14	M14
8986at7088	SCAFFOLD_52	5676513.5	M2	M2
8988at7088	SCAFFOLD_38	1195067.0	M14	M14
8990at7088	SCAFFOLD_44	5146884.0	M8	M8
8993at7088	SCAFFOLD_49	2716763.0	M4	M4
8994at7088	SCAFFOLD_1	3742425.5	NA	NA
9004at7088	SCAFFOLD_35	4438275.0	M25	M25
9006at7088	SCAFFOLD_31	4566555.5	M1	M1
9012at7088	SCAFFOLD_28	567342.0	M2	M2
9020at7088	SCAFFOLD_12	1713728.0	NA	NA
9021at7088	SCAFFOLD_4	6627351.5	NA	NA
9025at7088	SCAFFOLD_19	3841447.0	M1	M1
9031at7088	SCAFFOLD_22	5001999.0	M12	M12
9032at7088	SCAFFOLD_12	4206746.5	NA	NA
9036at7088	SCAFFOLD_75	363195.0	NA	NA
9044at7088	SCAFFOLD_47	3078903.5	M20	M20
9047at7088	SCAFFOLD_36	4838105.0	M5	M5
9052at7088	SCAFFOLD_25	2744488.0	M19	M19
9053at7088	SCAFFOLD_1	3824619.0	NA	NA
9055at7088	SCAFFOLD_17	1334634.5	M10	M10
9060at7088	SCAFFOLD_6	7260335.0	M22	M22
9061at7088	SCAFFOLD_59	1760014.5	M4	M4
9062at7088	SCAFFOLD_65	1630854.5	M9	M9
9067at7088	SCAFFOLD_27	3852352.5	M3	M3
9068at7088	SCAFFOLD_9	1158172.0	M23	M23
9069at7088	SCAFFOLD_68	664160.0	NA	NA
9074at7088	SCAFFOLD_26	1821475.0	M16	M16
9081at7088	SCAFFOLD_1	9875369.0	M27	M27
9088at7088	SCAFFOLD_49	3499014.0	M27	M27
9098at7088	SCAFFOLD_31	1014130.0	NA	NA
9099at7088	SCAFFOLD_42	1518133.0	M5	M5
9101at7088	SCAFFOLD_48	911068.5	MZ	MZ
9102at7088	SCAFFOLD_42	4762273.5	M5	M5
9103at7088	SCAFFOLD_50	4039123.5	M9	M9
9106at7088	SCAFFOLD_33	1627338.0	M4	M4
9113at7088	SCAFFOLD_50	1866788.0	M9	M9
9117at7088	SCAFFOLD_19	2362430.0	M1	M1
9119at7088	SCAFFOLD_38	4167995.0	NA	NA
9121at7088	SCAFFOLD_7	2949731.0	M30	M30
9123at7088	SCAFFOLD_39	869983.5	M21	M21
9124at7088	SCAFFOLD_19	2857667.5	M1	M1
9125at7088	SCAFFOLD_47	2505441.5	M20	M20
9127at7088	SCAFFOLD_46	4834707.5	M3	M3
9131at7088	SCAFFOLD_22	6015037.0	M12	M12
9134at7088	SCAFFOLD_60	2593439.0	M18	M18
9135at7088	SCAFFOLD_70	633993.0	NA	NA
9136at7088	SCAFFOLD_52	2941322.0	M2	M2
9142at7088	SCAFFOLD_80	983421.0	M14	M14
9144at7088	SCAFFOLD_18	5939171.5	M28	M28
9145at7088	SCAFFOLD_5	221734.0	M18	M18
9146at7088	SCAFFOLD_3	8968498.5	M11	M11
9149at7088	SCAFFOLD_14	3479708.0	M19	M19
9150at7088	SCAFFOLD_59	4594871.0	NA	NA
9155at7088	SCAFFOLD_48	5305397.0	NA	NA
9162at7088	SCAFFOLD_44	4251880.0	M8	M8
9169at7088	SCAFFOLD_49	1331521.0	M4	M4
9176at7088	SCAFFOLD_1	10592706.0	M27	M27
9180at7088	SCAFFOLD_71	3939950.5	NA	NA
9182at7088	SCAFFOLD_25	1727144.5	M19	M19
9185at7088	SCAFFOLD_59	3114910.5	NA	NA
9187at7088	SCAFFOLD_75	597011.0	NA	NA
9188at7088	SCAFFOLD_89	2519556.5	M10	M10
9191at7088	SCAFFOLD_66	1782226.5	M3	M3
9194at7088	SCAFFOLD_38	3969265.0	M14	M14
9198at7088	SCAFFOLD_8	1696413.5	M13	M13
9200at7088	SCAFFOLD_16	808414.0	M28	M28
9205at7088	SCAFFOLD_76	3449183.0	M2	M2
9209at7088	SCAFFOLD_33	3811007.5	M18	M18
9210at7088	SCAFFOLD_83	206904.0	MZ	MZ
9211at7088	SCAFFOLD_67	249949.5	NA	NA
9213at7088	SCAFFOLD_65	3434756.0	M9	M9
9214at7088	SCAFFOLD_6	2060679.5	NA	NA
9216at7088	SCAFFOLD_65	457490.5	M9	M9
9217at7088	SCAFFOLD_6	1359439.5	NA	NA
9218at7088	SCAFFOLD_21	4666970.0	NA	NA
9218at7088	SCAFFOLD_21	5599030.5	NA	NA
9222at7088	SCAFFOLD_63	2695469.0	M5	M5
9224at7088	SCAFFOLD_51	1328956.0	M7	M7
9232at7088	SCAFFOLD_53	819644.0	M4	M4
9236at7088	SCAFFOLD_19	4732039.5	M1	M1
9237at7088	SCAFFOLD_48	450336.5	MZ	MZ
9240at7088	SCAFFOLD_17	4351538.0	M10	M10
9241at7088	SCAFFOLD_55	1305378.0	M9	M9
9243at7088	SCAFFOLD_2	5113446.5	NA	NA
9246at7088	SCAFFOLD_76	600418.5	NA	NA
9252at7088	SCAFFOLD_79	1348306.5	M25	M25
9254at7088	SCAFFOLD_58	3582203.5	M6	M6
9258at7088	SCAFFOLD_13	1084318.0	NA	NA
9260at7088	SCAFFOLD_61	3947391.0	M1	M1
9265at7088	SCAFFOLD_40	2838627.0	M12	M12
9271at7088	SCAFFOLD_42	4749921.5	M5	M5
9272at7088	SCAFFOLD_24	1353341.5	M26	M26
9274at7088	SCAFFOLD_57	1610347.5	M11	M11
9275at7088	SCAFFOLD_14	6094426.0	M19	M19
9276at7088	SCAFFOLD_5	2580497.0	M18	M18
9278at7088	SCAFFOLD_58	1199864.5	NA	NA
9282at7088	SCAFFOLD_44	5042452.0	M8	M8
9285at7088	SCAFFOLD_3	8978351.0	NA	NA
9286at7088	SCAFFOLD_2	1103234.0	M6	M6
9288at7088	SCAFFOLD_47	4778076.5	NA	NA
9289at7088	SCAFFOLD_51	3957239.0	M7	M7
9290at7088	SCAFFOLD_39	3706481.0	NA	NA
9292at7088	SCAFFOLD_5	2201933.5	M18	M18
9293at7088	SCAFFOLD_23	3816005.5	NA	NA
9294at7088	SCAFFOLD_2	2356235.5	M6	M6
9297at7088	SCAFFOLD_24	2360802.5	NA	NA
9301at7088	SCAFFOLD_71	3742263.5	M13	M13
9304at7088	SCAFFOLD_2	8589934.0	M6	M6
9309at7088	SCAFFOLD_48	3960861.5	MZ	MZ
9316at7088	SCAFFOLD_74	1975153.0	M15	M15
9319at7088	SCAFFOLD_12	3169023.0	NA	NA
9322at7088	SCAFFOLD_88	3256993.0	NA	NA
9326at7088	SCAFFOLD_51	4504826.0	NA	NA
9331at7088	SCAFFOLD_4	1646785.5	NA	NA
9332at7088	SCAFFOLD_89	1588984.5	M10	M10
9333at7088	SCAFFOLD_49	1306212.0	M4	M4
9336at7088	SCAFFOLD_40	1916813.5	M12	M12
9337at7088	SCAFFOLD_31	4595643.0	M1	M1
9338at7088	SCAFFOLD_32	833218.5	M7	M7
9339at7088	SCAFFOLD_6	3684599.0	M22	M22
9343at7088	SCAFFOLD_38	2534863.5	M14	M14
9345at7088	SCAFFOLD_28	1991938.5	M2	M2
9360at7088	SCAFFOLD_22	5957062.5	M12	M12
9362at7088	SCAFFOLD_12	3144475.5	M24	M24
9364at7088	SCAFFOLD_58	3934016.0	NA	NA
9365at7088	SCAFFOLD_35	2942785.0	M25	M25
9366at7088	SCAFFOLD_8	1613986.5	NA	NA
9367at7088	SCAFFOLD_34	3254520.5	M30	M30
9374at7088	SCAFFOLD_12	1288720.0	M24	M24
9380at7088	SCAFFOLD_27	4059013.0	NA	NA
9381at7088	SCAFFOLD_71	2894322.5	M13	M13
9386at7088	SCAFFOLD_80	2909220.5	M14	M14
9388at7088	SCAFFOLD_43	4831166.5	M5	M5
9389at7088	SCAFFOLD_81	181734.0	M10	M10
9392at7088	SCAFFOLD_17	4309470.0	M10	M10
9395at7088	SCAFFOLD_75	4321943.0	M12	M12
9397at7088	SCAFFOLD_68	1942526.5	M15	M15
9401at7088	SCAFFOLD_54	3037987.0	NA	NA
9402at7088	SCAFFOLD_59	2839537.0	M4	M4
9409at7088	SCAFFOLD_21	2883198.5	M7	M7
9413at7088	SCAFFOLD_71	2938660.5	NA	NA
9417at7088	SCAFFOLD_66	4843267.0	M3	M3
9419at7088	SCAFFOLD_51	3221375.0	M7	M7
9430at7088	SCAFFOLD_79	4638881.0	M25	M25
9431at7088	SCAFFOLD_58	5021966.0	M6	M6
9432at7088	SCAFFOLD_37	1251721.5	NA	NA
9435at7088	SCAFFOLD_22	5442316.5	M12	M12
9436at7088	SCAFFOLD_30	281952.0	NA	NA
9439at7088	SCAFFOLD_62	1805226.0	M21	M21
9441at7088	SCAFFOLD_88	378651.0	M20	M20
9442at7088	SCAFFOLD_64	399799.0	M15	M15
9443at7088	SCAFFOLD_3	5527397.5	M11	M11
9448at7088	SCAFFOLD_3	8991379.5	M11	M11
9451at7088	SCAFFOLD_17	3563146.5	M10	M10
9452at7088	SCAFFOLD_54	1921921.5	M21	M21
9458at7088	SCAFFOLD_26	2719070.0	M16	M16
9465at7088	SCAFFOLD_18	1731047.0	M28	M28
9468at7088	SCAFFOLD_9	283577.5	NA	NA
9470at7088	SCAFFOLD_66	4818947.5	M3	M3
9472at7088	SCAFFOLD_18	2784795.5	M28	M28
9475at7088	SCAFFOLD_55	422710.0	M9	M9
9477at7088	SCAFFOLD_15	6248978.0	M26	M26
9481at7088	SCAFFOLD_61	4576314.0	M1	M1
9492at7088	SCAFFOLD_81	4069186.0	NA	NA
9494at7088	SCAFFOLD_7	7903984.5	M30	M30
9503at7088	SCAFFOLD_32	4842822.0	M7	M7
9505at7088	SCAFFOLD_44	5602620.0	NA	NA
9506at7088	SCAFFOLD_2	5765211.5	NA	NA
9511at7088	SCAFFOLD_29	3459592.5	M2	M2
9513at7088	SCAFFOLD_60	4127686.5	M18	M18
9515at7088	SCAFFOLD_39	3120299.0	M21	M21
9517at7088	SCAFFOLD_7	3529589.0	NA	NA
9518at7088	SCAFFOLD_6	7272873.5	M22	M22
9519at7088	SCAFFOLD_84	1001173.0	M8	M8
9521at7088	SCAFFOLD_76	3885559.0	M12	M12
9524at7088	SCAFFOLD_9	1457218.0	NA	NA
9526at7088	SCAFFOLD_48	2676359.5	NA	NA
9527at7088	SCAFFOLD_2	8158194.5	M6	M6
9528at7088	SCAFFOLD_28	2462152.5	M2	M2
9533at7088	SCAFFOLD_19	5026779.5	NA	NA
9534at7088	SCAFFOLD_72	107235.0	M1	M1
9535at7088	SCAFFOLD_41	1040565.0	M9	M9
9543at7088	SCAFFOLD_64	134061.0	M15	M15
9544at7088	SCAFFOLD_8	2535887.0	NA	NA
9548at7088	SCAFFOLD_88	2637711.0	M20	M20
9549at7088	SCAFFOLD_22	253951.0	M12	M12
9554at7088	SCAFFOLD_28	3060801.5	M2	M2
9559at7088	SCAFFOLD_37	4828685.5	NA	NA
9559at7088	SCAFFOLD_37	947552.0	NA	NA
9563at7088	SCAFFOLD_5	6442304.5	NA	NA
9564at7088	SCAFFOLD_54	1543087.0	M21	M21
9567at7088	SCAFFOLD_81	4188874.5	M10	M10
9568at7088	SCAFFOLD_38	1016734.5	M14	M14
9571at7088	SCAFFOLD_29	4968258.0	M2	M2
9575at7088	SCAFFOLD_9	2921291.0	M23	M23
9576at7088	SCAFFOLD_14	5495357.0	NA	NA
9577at7088	SCAFFOLD_56	1296658.0	M6	M6
9580at7088	SCAFFOLD_46	1953208.5	NA	NA
9582at7088	SCAFFOLD_77	919937.0	M15	M15
9595at7088	SCAFFOLD_47	4683394.5	M20	M20
9597at7088	SCAFFOLD_82	4000785.5	M3	M3
9598at7088	SCAFFOLD_28	3393361.5	M2	M2
9601at7088	SCAFFOLD_55	569516.5	M9	M9
9603at7088	SCAFFOLD_12	2598464.5	M24	M24
9604at7088	SCAFFOLD_63	4638010.5	M5	M5
9609at7088	SCAFFOLD_48	2851176.5	MZ	MZ
9611at7088	SCAFFOLD_73	974715.0	NA	NA
9618at7088	SCAFFOLD_66	608797.0	M3	M3
9619at7088	SCAFFOLD_34	3568894.0	M17	M17
9623at7088	SCAFFOLD_55	2515828.0	M9	M9
9628at7088	SCAFFOLD_65	3242359.5	NA	NA
9630at7088	SCAFFOLD_87	3748697.0	M17	M17
9631at7088	SCAFFOLD_62	1534526.5	M21	M21
9638at7088	SCAFFOLD_17	2009025.5	M10	M10
9640at7088	SCAFFOLD_53	4128744.5	NA	NA
9647at7088	SCAFFOLD_66	4805311.5	M3	M3
9648at7088	SCAFFOLD_20	4946004.5	M8	M8
9655at7088	SCAFFOLD_18	3304835.5	NA	NA
9656at7088	SCAFFOLD_9	8049739.0	M23	M23
9657at7088	SCAFFOLD_75	1426442.5	M12	M12
9662at7088	SCAFFOLD_83	65682.0	MZ	MZ
9663at7088	SCAFFOLD_9	8058001.5	NA	NA
9665at7088	SCAFFOLD_34	1472646.5	M17	M17
9666at7088	SCAFFOLD_85	1619532.5	NA	NA
9669at7088	SCAFFOLD_1	11957270.5	NA	NA
9680at7088	SCAFFOLD_66	4901654.0	M3	M3
9682at7088	SCAFFOLD_23	783290.5	NA	NA
9688at7088	SCAFFOLD_8	7557719.0	M13	M13
9689at7088	SCAFFOLD_71	3736252.5	M13	M13
9693at7088	SCAFFOLD_23	4758326.0	M24	M24
9694at7088	SCAFFOLD_16	6591430.5	M28	M28
9695at7088	SCAFFOLD_31	5085590.0	M1	M1
9698at7088	SCAFFOLD_13	5074252.0	M23	M23
9699at7088	SCAFFOLD_68	412000.0	M15	M15
9701at7088	SCAFFOLD_26	2714558.0	M16	M16
9709at7088	SCAFFOLD_26	814405.0	NA	NA
9710at7088	SCAFFOLD_25	3983399.5	M19	M19
9711at7088	SCAFFOLD_19	2722062.0	NA	NA
9713at7088	SCAFFOLD_89	878741.0	M10	M10
9715at7088	SCAFFOLD_22	3054460.5	M12	M12
9721at7088	SCAFFOLD_83	720507.5	NA	NA
9722at7088	SCAFFOLD_21	2634404.5	M7	M7
9724at7088	SCAFFOLD_62	1469952.0	NA	NA
9729at7088	SCAFFOLD_20	2729262.5	NA	NA
9730at7088	SCAFFOLD_31	1585918.0	M1	M1
9731at7088	SCAFFOLD_59	871478.5	M4	M4
9737at7088	SCAFFOLD_28	2793810.0	M2	M2
9739at7088	SCAFFOLD_50	1829391.0	NA	NA
9745at7088	SCAFFOLD_52	5568460.5	M2	M2
9748at7088	SCAFFOLD_20	5940541.5	M8	M8
9749at7088	SCAFFOLD_2	5017216.0	M6	M6
9750at7088	SCAFFOLD_29	4311742.0	NA	NA
9752at7088	SCAFFOLD_70	908385.0	M16	M16
9755at7088	SCAFFOLD_7	1636529.5	M30	M30
9759at7088	SCAFFOLD_19	726259.0	M1	M1
9760at7088	SCAFFOLD_73	4209542.5	NA	NA
9765at7088	SCAFFOLD_15	6291686.5	M26	M26
9768at7088	SCAFFOLD_48	5246732.5	MZ	MZ
9770at7088	SCAFFOLD_63	4271818.0	M5	M5
9775at7088	SCAFFOLD_3	2708671.5	M11	M11
9777at7088	SCAFFOLD_42	1202637.0	M5	M5
9780at7088	SCAFFOLD_36	1412615.0	M5	M5
9781at7088	SCAFFOLD_87	3562113.0	M17	M17
9782at7088	SCAFFOLD_76	367621.0	M2	M2
9784at7088	SCAFFOLD_51	3905025.5	M7	M7
9785at7088	SCAFFOLD_26	6075807.5	M16	M16
9788at7088	SCAFFOLD_85	4162469.5	M11	M11
9791at7088	SCAFFOLD_58	3441711.5	M6	M6
9793at7088	SCAFFOLD_83	89521.5	MZ	MZ
9800at7088	SCAFFOLD_2	2618981.5	M6	M6
9802at7088	SCAFFOLD_35	3488171.5	NA	NA
9803at7088	SCAFFOLD_61	2116170.5	M1	M1
9807at7088	SCAFFOLD_32	3182730.5	NA	NA
9810at7088	SCAFFOLD_36	4076768.0	M5	M5
9817at7088	SCAFFOLD_59	756393.0	M4	M4
9819at7088	SCAFFOLD_40	302573.5	M12	M12
9820at7088	SCAFFOLD_14	5646557.5	M19	M19
9824at7088	SCAFFOLD_43	4847459.0	NA	NA
9825at7088	SCAFFOLD_64	3769279.0	NA	NA
9828at7088	SCAFFOLD_60	2749448.5	NA	NA
9830at7088	SCAFFOLD_20	4631647.0	M8	M8
9835at7088	SCAFFOLD_29	3469149.5	NA	NA
9836at7088	SCAFFOLD_88	3625085.5	M20	M20
9837at7088	SCAFFOLD_75	4181761.0	M12	M12
9839at7088	SCAFFOLD_1	6041190.5	NA	NA
9840at7088	SCAFFOLD_78	2300133.5	M4	M4
9846at7088	SCAFFOLD_40	1405162.5	M12	M12
9847at7088	SCAFFOLD_71	1854919.5	NA	NA
9848at7088	SCAFFOLD_22	4845668.5	NA	NA
9850at7088	SCAFFOLD_4	9639791.0	NA	NA
9860at7088	SCAFFOLD_85	2604623.0	NA	NA
9861at7088	SCAFFOLD_3	9334951.5	M11	M11
9862at7088	SCAFFOLD_78	4209395.5	NA	NA
9864at7088	SCAFFOLD_39	3977208.5	M21	M21
9865at7088	SCAFFOLD_31	3583170.0	NA	NA
9866at7088	SCAFFOLD_34	943032.5	M17	M17
9867at7088	SCAFFOLD_2	9131436.0	M6	M6
9871at7088	SCAFFOLD_55	3345238.5	NA	NA
9874at7088	SCAFFOLD_41	4805821.0	M9	M9
9878at7088	SCAFFOLD_13	6052011.0	M23	M23
9881at7088	SCAFFOLD_59	3314339.0	M4	M4
9884at7088	SCAFFOLD_31	5909567.0	NA	NA
9885at7088	SCAFFOLD_8	634172.0	M13	M13
9890at7088	SCAFFOLD_7	2957258.0	M30	M30
9891at7088	SCAFFOLD_8	5410451.0	M13	M13
9896at7088	SCAFFOLD_85	189201.0	NA	NA
9897at7088	SCAFFOLD_87	758017.5	M17	M17
9899at7088	SCAFFOLD_22	3600619.5	M12	M12
9900at7088	SCAFFOLD_84	1259024.5	NA	NA
9903at7088	SCAFFOLD_47	3171148.0	M20	M20
9904at7088	SCAFFOLD_17	5931435.5	M10	M10
9911at7088	SCAFFOLD_39	3620083.0	M21	M21
9914at7088	SCAFFOLD_59	1859102.0	M4	M4
9918at7088	SCAFFOLD_1	9928997.0	M27	M27
9926at7088	SCAFFOLD_81	2651747.5	M10	M10
9927at7088	SCAFFOLD_35	5398507.0	M25	M25
9931at7088	SCAFFOLD_69	1929502.5	M13	M13
9935at7088	SCAFFOLD_72	1285702.5	M1	M1
9943at7088	SCAFFOLD_5	637524.0	M18	M18
9947at7088	SCAFFOLD_79	1885072.0	NA	NA
9949at7088	SCAFFOLD_29	6375677.0	M2	M2
9952at7088	SCAFFOLD_28	5577721.0	M2	M2
9956at7088	SCAFFOLD_45	3516075.5	M7	M7
9957at7088	SCAFFOLD_53	2395557.0	NA	NA
9960at7088	SCAFFOLD_4	8388438.5	MZ	MZ
9962at7088	SCAFFOLD_38	3493342.0	M14	M14
9965at7088	SCAFFOLD_17	3381405.0	NA	NA
9967at7088	SCAFFOLD_66	4910293.0	M3	M3
9976at7088	SCAFFOLD_19	742225.5	M1	M1
9977at7088	SCAFFOLD_80	4149531.0	M14	M14
9978at7088	SCAFFOLD_57	3028552.5	M11	M11
9981at7088	SCAFFOLD_91	1928536.0	M16	M16
9985at7088	SCAFFOLD_1	2469634.5	M27	M27
9987at7088	SCAFFOLD_74	2428414.5	NA	NA
9990at7088	SCAFFOLD_82	4078185.0	M3	M3
9992at7088	SCAFFOLD_51	1920377.5	M7	M7
9999at7088	SCAFFOLD_1	5690056.5	M27	M27
10001at7088	SCAFFOLD_45	4036362.0	M7	M7
10003at7088	SCAFFOLD_17	3490247.5	M10	M10
10006at7088	SCAFFOLD_86	262915.5	M21	M21
10013at7088	SCAFFOLD_55	4084565.5	M9	M9
10014at7088	SCAFFOLD_31	1670030.5	M1	M1
10015at7088	SCAFFOLD_56	3286992.5	M6	M6
10017at7088	SCAFFOLD_54	2063752.0	NA	NA
10020at7088	SCAFFOLD_32	1078357.0	M7	M7
10023at7088	SCAFFOLD_55	1717049.5	M9	M9
10024at7088	SCAFFOLD_43	4263081.0	M5	M5
10025at7088	SCAFFOLD_79	3617047.5	M25	M25
10029at7088	SCAFFOLD_11	6538014.0	M14	M14
10043at7088	SCAFFOLD_3	1125579.0	M11	M11
10048at7088	SCAFFOLD_21	2055368.5	M7	M7
10056at7088	SCAFFOLD_29	3264960.5	NA	NA
10057at7088	SCAFFOLD_19	5023537.0	M1	M1
10059at7088	SCAFFOLD_74	946157.5	M15	M15
10062at7088	SCAFFOLD_4	7164802.0	M29	M29
10066at7088	SCAFFOLD_7	7044675.5	M30	M30
10066at7088	SCAFFOLD_7	7058772.5	M30	M30
10067at7088	SCAFFOLD_47	660904.5	M20	M20
10068at7088	SCAFFOLD_46	3156554.0	M3	M3
10076at7088	SCAFFOLD_58	1387484.5	M6	M6
10079at7088	SCAFFOLD_42	533586.5	M5	M5
10082at7088	SCAFFOLD_69	2673448.5	M13	M13
10086at7088	SCAFFOLD_12	3282505.5	M24	M24
10087at7088	SCAFFOLD_71	463484.5	M13	M13
10093at7088	SCAFFOLD_6	2005321.0	M22	M22
10096at7088	SCAFFOLD_63	2509018.5	M5	M5
10097at7088	SCAFFOLD_26	2155906.0	M16	M16
10102at7088	SCAFFOLD_63	446059.0	M5	M5
10107at7088	SCAFFOLD_1	3727308.0	M27	M27
10109at7088	SCAFFOLD_54	2069242.5	M21	M21
10110at7088	SCAFFOLD_8	1931130.0	NA	NA
10114at7088	SCAFFOLD_26	6133101.0	NA	NA
10118at7088	SCAFFOLD_32	830377.0	M7	M7
10121at7088	SCAFFOLD_21	2886695.0	M7	M7
10124at7088	SCAFFOLD_46	736738.5	M3	M3
10125at7088	SCAFFOLD_42	3557415.5	M5	M5
10127at7088	SCAFFOLD_51	4198709.0	M7	M7
10139at7088	SCAFFOLD_74	3664113.0	M15	M15
10142at7088	SCAFFOLD_10	3323423.0	M31	M31
10145at7088	SCAFFOLD_5	2772153.5	M18	M18
10146at7088	SCAFFOLD_55	3214132.5	NA	NA
10149at7088	SCAFFOLD_42	3283531.5	NA	NA
10151at7088	SCAFFOLD_30	4308640.0	M8	M8
10153at7088	SCAFFOLD_94	861989.5	M13	M13
10153at7088	SCAFFOLD_8	281422.5	M13	M13
10157at7088	SCAFFOLD_91	1075615.0	M16	M16
10160at7088	SCAFFOLD_39	5558886.0	NA	NA
10163at7088	SCAFFOLD_18	5483217.5	M28	M28
10164at7088	SCAFFOLD_11	2777652.5	M14	M14
10171at7088	SCAFFOLD_10	4788596.0	M31	M31
10173at7088	SCAFFOLD_8	6728761.5	NA	NA
10174at7088	SCAFFOLD_21	892852.5	M7	M7
10178at7088	SCAFFOLD_29	4627761.0	NA	NA
10179at7088	SCAFFOLD_5	8233514.5	M18	M18
10180at7088	SCAFFOLD_81	4101588.5	M10	M10
10181at7088	SCAFFOLD_46	3161668.5	M3	M3
10183at7088	SCAFFOLD_82	1349203.5	M3	M3
10186at7088	SCAFFOLD_88	2290408.0	M20	M20
10188at7088	SCAFFOLD_66	4368657.5	NA	NA
10189at7088	SCAFFOLD_3	9293902.0	M11	M11
10192at7088	SCAFFOLD_58	4394468.0	M6	M6
10193at7088	SCAFFOLD_70	1204092.5	M16	M16
10199at7088	SCAFFOLD_17	4403951.5	M10	M10
10202at7088	SCAFFOLD_83	277742.5	MZ	MZ
10206at7088	SCAFFOLD_9	1086801.5	M23	M23
10208at7088	SCAFFOLD_90	144129.5	M10	M10
10212at7088	SCAFFOLD_5	3704258.0	M18	M18
10214at7088	SCAFFOLD_37	2694371.5	M22	M22
10215at7088	SCAFFOLD_62	1666143.0	NA	NA
10219at7088	SCAFFOLD_55	4821771.5	M9	M9
10220at7088	SCAFFOLD_50	4203092.5	M9	M9
10224at7088	SCAFFOLD_5	8159046.5	M18	M18
10225at7088	SCAFFOLD_15	6209126.0	M26	M26
10235at7088	SCAFFOLD_78	4524005.5	NA	NA
10239at7088	SCAFFOLD_67	2474040.0	M12	M12
10240at7088	SCAFFOLD_49	3539860.0	M4	M4
10243at7088	SCAFFOLD_30	4337124.0	M8	M8
10244at7088	SCAFFOLD_34	3284764.0	M17	M17
10248at7088	SCAFFOLD_58	3751802.5	M6	M6
10250at7088	SCAFFOLD_41	676111.5	M9	M9
10255at7088	SCAFFOLD_61	3797776.5	M1	M1
10256at7088	SCAFFOLD_6	4195572.0	NA	NA
10259at7088	SCAFFOLD_60	4690968.5	NA	NA
10261at7088	SCAFFOLD_44	3618721.0	M8	M8
10267at7088	SCAFFOLD_30	3232780.5	M8	M8
10268at7088	SCAFFOLD_12	6135857.5	M24	M24
10269at7088	SCAFFOLD_52	1607704.0	M2	M2
10270at7088	SCAFFOLD_64	2064501.5	M15	M15
10285at7088	SCAFFOLD_32	4042810.5	M7	M7
10287at7088	SCAFFOLD_71	3709490.5	M13	M13
10289at7088	SCAFFOLD_15	6197864.0	M26	M26
10291at7088	SCAFFOLD_49	3567425.0	M4	M4
10292at7088	SCAFFOLD_72	3827300.0	M1	M1
10294at7088	SCAFFOLD_6	9019705.5	M22	M22
10296at7088	SCAFFOLD_20	239545.0	M8	M8
10299at7088	SCAFFOLD_41	3698455.5	NA	NA
10304at7088	SCAFFOLD_8	871505.5	NA	NA
10308at7088	SCAFFOLD_22	3299576.5	NA	NA
10313at7088	SCAFFOLD_73	1790293.0	M22	M22
10316at7088	SCAFFOLD_68	2328214.5	M15	M15
10318at7088	SCAFFOLD_59	1169987.5	M4	M4
10319at7088	SCAFFOLD_60	2093426.5	NA	NA
10326at7088	SCAFFOLD_55	4128981.5	M9	M9
10331at7088	SCAFFOLD_18	4130461.0	M28	M28
10333at7088	SCAFFOLD_25	6022052.5	NA	NA
10334at7088	SCAFFOLD_44	1086754.5	M8	M8
10335at7088	SCAFFOLD_66	3162530.0	M3	M3
10341at7088	SCAFFOLD_60	3984682.5	M18	M18
10343at7088	SCAFFOLD_77	3329318.0	NA	NA
10345at7088	SCAFFOLD_53	2620149.5	NA	NA
10346at7088	SCAFFOLD_87	3372613.5	NA	NA
10347at7088	SCAFFOLD_82	922939.5	M3	M3
10351at7088	SCAFFOLD_3	948900.5	M11	M11
10352at7088	SCAFFOLD_71	2723368.0	M13	M13
10359at7088	SCAFFOLD_22	1528283.5	M16	M16
10360at7088	SCAFFOLD_73	633673.0	M22	M22
10367at7088	SCAFFOLD_36	5147538.0	NA	NA
10368at7088	SCAFFOLD_14	6940313.0	M19	M19
10369at7088	SCAFFOLD_89	3398558.0	M10	M10
10374at7088	SCAFFOLD_79	3844578.0	M25	M25
10377at7088	SCAFFOLD_5	6384033.0	M18	M18
10379at7088	SCAFFOLD_14	5128928.5	M19	M19
10386at7088	SCAFFOLD_41	2931899.0	M9	M9
10391at7088	SCAFFOLD_13	289749.5	M23	M23
10392at7088	SCAFFOLD_46	4865103.0	M3	M3
10396at7088	SCAFFOLD_2	8817941.0	M6	M6
10397at7088	SCAFFOLD_29	3906204.5	M2	M2
10398at7088	SCAFFOLD_51	1440236.0	M7	M7
10398at7088	SCAFFOLD_317	17333.5	M7	M7
10401at7088	SCAFFOLD_94	719741.0	M21	M21
10401at7088	SCAFFOLD_8	154110.5	M21	M21
10406at7088	SCAFFOLD_19	3351489.0	M1	M1
10410at7088	SCAFFOLD_81	4096449.5	M10	M10
10414at7088	SCAFFOLD_23	3879454.0	M24	M24
10415at7088	SCAFFOLD_25	6175836.5	NA	NA
10418at7088	SCAFFOLD_48	3538580.0	MZ	MZ
10423at7088	SCAFFOLD_22	1956135.0	M12	M12
10424at7088	SCAFFOLD_3	9361421.5	M11	M11
10425at7088	SCAFFOLD_27	5172711.5	M3	M3
10428at7088	SCAFFOLD_55	2443187.5	M9	M9
10429at7088	SCAFFOLD_48	2949880.0	NA	NA
10431at7088	SCAFFOLD_61	545049.5	M1	M1
10432at7088	SCAFFOLD_35	4386887.0	M25	M25
10437at7088	SCAFFOLD_32	5025553.0	M7	M7
10444at7088	SCAFFOLD_15	1459002.0	M26	M26
10445at7088	SCAFFOLD_31	1965802.0	M1	M1
10447at7088	SCAFFOLD_49	3700773.5	M4	M4
10452at7088	SCAFFOLD_42	2543710.5	M5	M5
10456at7088	SCAFFOLD_61	2911831.0	M1	M1
10457at7088	SCAFFOLD_14	2840542.0	NA	NA
10459at7088	SCAFFOLD_34	838586.5	M17	M17
10460at7088	SCAFFOLD_46	4855466.5	NA	NA
10462at7088	SCAFFOLD_47	5007506.5	M20	M20
10474at7088	SCAFFOLD_54	874894.0	M21	M21
10476at7088	SCAFFOLD_66	4654820.0	M3	M3
10479at7088	SCAFFOLD_24	5506586.5	NA	NA
10480at7088	SCAFFOLD_15	4097603.5	M26	M26
10482at7088	SCAFFOLD_74	1929610.0	NA	NA
10489at7088	SCAFFOLD_57	4207448.0	NA	NA
10494at7088	SCAFFOLD_39	5900268.5	M21	M21
10496at7088	SCAFFOLD_84	1854396.0	M8	M8
10502at7088	SCAFFOLD_51	1415883.0	M7	M7
10508at7088	SCAFFOLD_19	2662301.5	M1	M1
10511at7088	SCAFFOLD_57	2502806.0	M11	M11
10512at7088	SCAFFOLD_5	7993699.0	M18	M18
10513at7088	SCAFFOLD_2	5184430.5	M6	M6
10516at7088	SCAFFOLD_42	2369319.0	M5	M5
10517at7088	SCAFFOLD_10	1952348.0	NA	NA
10521at7088	SCAFFOLD_19	4112726.5	NA	NA
10527at7088	SCAFFOLD_77	2857349.0	M15	M15
10528at7088	SCAFFOLD_2	7800299.5	M6	M6
10529at7088	SCAFFOLD_69	4616710.0	NA	NA
10530at7088	SCAFFOLD_12	7257513.0	NA	NA
10530at7088	SCAFFOLD_307	20694.0	NA	NA
10533at7088	SCAFFOLD_12	1405634.5	M24	M24
10536at7088	SCAFFOLD_47	3088111.5	M20	M20
10538at7088	SCAFFOLD_1	5320717.0	NA	NA
10541at7088	SCAFFOLD_20	236374.0	M8	M8
10542at7088	SCAFFOLD_19	3401349.0	M1	M1
10543at7088	SCAFFOLD_5	5711292.0	M18	M18
10547at7088	SCAFFOLD_26	3350483.0	M16	M16
10549at7088	SCAFFOLD_79	4289546.0	M25	M25
10550at7088	SCAFFOLD_50	4800324.0	M9	M9
10553at7088	SCAFFOLD_43	4091726.0	NA	NA
10556at7088	SCAFFOLD_86	3916655.0	M19	M19
10558at7088	SCAFFOLD_12	6588208.0	NA	NA
10559at7088	SCAFFOLD_10	3194577.0	M31	M31
10562at7088	SCAFFOLD_9	5709902.5	M23	M23
10565at7088	SCAFFOLD_58	3745444.5	M6	M6
10568at7088	SCAFFOLD_17	5767643.0	NA	NA
10570at7088	SCAFFOLD_76	1109757.5	NA	NA
10571at7088	SCAFFOLD_74	4411694.5	NA	NA
10573at7088	SCAFFOLD_78	3032343.0	M4	M4
10580at7088	SCAFFOLD_68	4494394.5	NA	NA
10581at7088	SCAFFOLD_42	2645990.5	M5	M5
10582at7088	SCAFFOLD_12	5474584.0	M24	M24
10583at7088	SCAFFOLD_84	2379346.0	NA	NA
10586at7088	SCAFFOLD_76	287536.5	M2	M2
10588at7088	SCAFFOLD_11	5570136.5	M14	M14
10593at7088	SCAFFOLD_22	6428354.5	M12	M12
10598at7088	SCAFFOLD_45	4041109.0	M7	M7
10601at7088	SCAFFOLD_35	5114276.0	NA	NA
10603at7088	SCAFFOLD_52	3260712.0	NA	NA
10609at7088	SCAFFOLD_13	5899694.5	M23	M23
10613at7088	SCAFFOLD_82	3421801.0	M3	M3
10619at7088	SCAFFOLD_18	5842755.0	NA	NA
10620at7088	SCAFFOLD_4	4933754.0	NA	NA
10625at7088	SCAFFOLD_21	2556547.5	M7	M7
10626at7088	SCAFFOLD_63	4859580.0	M5	M5
10628at7088	SCAFFOLD_3	5411228.0	M11	M11
10633at7088	SCAFFOLD_5	1818443.5	M18	M18
10635at7088	SCAFFOLD_6	4174539.0	NA	NA
10636at7088	SCAFFOLD_51	818896.5	M7	M7
10646at7088	SCAFFOLD_59	4197915.0	NA	NA
10648at7088	SCAFFOLD_87	967125.5	NA	NA
10650at7088	SCAFFOLD_87	2293920.0	M17	M17
10651at7088	SCAFFOLD_29	3749159.5	M2	M2
10659at7088	SCAFFOLD_15	1059125.5	NA	NA
10660at7088	SCAFFOLD_19	3204955.0	M1	M1
10661at7088	SCAFFOLD_29	3276887.5	M2	M2
10662at7088	SCAFFOLD_89	1696003.0	M10	M10
10663at7088	SCAFFOLD_17	3440118.5	M10	M10
10666at7088	SCAFFOLD_6	3649577.0	M22	M22
10667at7088	SCAFFOLD_39	1026519.0	M21	M21
10669at7088	SCAFFOLD_59	2916770.5	M4	M4
10671at7088	SCAFFOLD_65	3772455.0	NA	NA
10673at7088	SCAFFOLD_79	1634748.5	M25	M25
10674at7088	SCAFFOLD_74	4186780.5	M15	M15
10676at7088	SCAFFOLD_76	2805384.0	M2	M2
10677at7088	SCAFFOLD_16	5084956.5	NA	NA
10678at7088	SCAFFOLD_43	4826241.5	NA	NA
10681at7088	SCAFFOLD_5	7642287.5	M18	M18
10683at7088	SCAFFOLD_19	5615757.0	M1	M1
10689at7088	SCAFFOLD_32	986005.5	M7	M7
10690at7088	SCAFFOLD_85	2871260.5	NA	NA
10692at7088	SCAFFOLD_71	3757453.5	NA	NA
10693at7088	SCAFFOLD_30	292506.0	M8	M8
10694at7088	SCAFFOLD_63	4362079.5	M5	M5
10699at7088	SCAFFOLD_47	5649576.5	M20	M20
10704at7088	SCAFFOLD_12	6454697.0	M24	M24
10707at7088	SCAFFOLD_82	2808549.5	M3	M3
10709at7088	SCAFFOLD_51	3103648.5	NA	NA
10712at7088	SCAFFOLD_26	2549738.5	M16	M16
10713at7088	SCAFFOLD_19	4081105.5	M1	M1
10716at7088	SCAFFOLD_6	3940679.0	M22	M22
10717at7088	SCAFFOLD_52	3583667.0	M2	M2
10721at7088	SCAFFOLD_28	4375810.0	M2	M2
10724at7088	SCAFFOLD_17	3326660.0	NA	NA
10728at7088	SCAFFOLD_17	5542331.5	M10	M10
10734at7088	SCAFFOLD_1	5270294.0	M27	M27
10735at7088	SCAFFOLD_76	2451332.5	M9	M9
10738at7088	SCAFFOLD_82	1499747.0	M3	M3
10740at7088	SCAFFOLD_76	710348.0	M2	M2
10747at7088	SCAFFOLD_71	598576.0	NA	NA
10749at7088	SCAFFOLD_81	4205109.5	NA	NA
10750at7088	SCAFFOLD_11	7185463.0	M14	M14
10766at7088	SCAFFOLD_5	2560258.5	M18	M18
10773at7088	SCAFFOLD_33	4118138.0	M18	M18
10778at7088	SCAFFOLD_15	6233080.5	M26	M26
10780at7088	SCAFFOLD_36	3413791.0	NA	NA
10782at7088	SCAFFOLD_59	2103442.0	M4	M4
10783at7088	SCAFFOLD_71	3543979.0	NA	NA
10784at7088	SCAFFOLD_40	2384067.5	NA	NA
10789at7088	SCAFFOLD_15	2192917.0	M26	M26
10792at7088	SCAFFOLD_63	427722.0	M5	M5
10793at7088	SCAFFOLD_25	3980175.0	M19	M19
10796at7088	SCAFFOLD_61	2861982.0	M1	M1
10799at7088	SCAFFOLD_59	4053062.0	M4	M4
10801at7088	SCAFFOLD_6	6140275.5	M22	M22
10810at7088	SCAFFOLD_5	3780625.5	NA	NA
10812at7088	SCAFFOLD_42	3616474.5	M5	M5
10814at7088	SCAFFOLD_73	4101655.5	NA	NA
10816at7088	SCAFFOLD_17	6779737.5	M10	M10
10818at7088	SCAFFOLD_8	7577862.5	M13	M13
10821at7088	SCAFFOLD_40	934708.0	M12	M12
10822at7088	SCAFFOLD_59	3812194.5	M4	M4
10826at7088	SCAFFOLD_8	207817.0	M13	M13
10826at7088	SCAFFOLD_94	777388.5	M13	M13
10827at7088	SCAFFOLD_27	5126294.5	M3	M3
10829at7088	SCAFFOLD_84	3470206.5	M8	M8
10830at7088	SCAFFOLD_14	4569750.0	NA	NA
10841at7088	SCAFFOLD_53	4092497.0	NA	NA
10853at7088	SCAFFOLD_48	5403022.0	NA	NA
10858at7088	SCAFFOLD_13	5822668.0	NA	NA
10862at7088	SCAFFOLD_51	544615.5	NA	NA
10862at7088	SCAFFOLD_51	4882059.0	NA	NA
10865at7088	SCAFFOLD_42	2602448.5	M5	M5
10875at7088	SCAFFOLD_38	3649594.5	M14	M14
10878at7088	SCAFFOLD_66	3299749.5	M3	M3
10879at7088	SCAFFOLD_35	1553459.0	M25	M25
10887at7088	SCAFFOLD_73	663439.5	NA	NA
10896at7088	SCAFFOLD_53	4768036.0	M4	M4
10898at7088	SCAFFOLD_42	4072238.5	NA	NA
10904at7088	SCAFFOLD_34	3401361.0	M17	M17
10906at7088	SCAFFOLD_55	2330053.0	M9	M9
10908at7088	SCAFFOLD_17	2990471.5	M10	M10
10913at7088	SCAFFOLD_11	1622049.0	M14	M14
10915at7088	SCAFFOLD_42	2693686.5	NA	NA
10916at7088	SCAFFOLD_88	890245.5	M20	M20
10917at7088	SCAFFOLD_11	2786813.0	M14	M14
10926at7088	SCAFFOLD_29	937090.0	M2	M2
10929at7088	SCAFFOLD_64	2716206.5	NA	NA
10930at7088	SCAFFOLD_9	7401616.5	M23	M23
10933at7088	SCAFFOLD_40	134468.5	M12	M12
10936at7088	SCAFFOLD_34	645519.5	M17	M17
10940at7088	SCAFFOLD_42	1549220.5	M5	M5
10943at7088	SCAFFOLD_17	1249086.0	NA	NA
10947at7088	SCAFFOLD_44	1263816.5	M8	M8
10952at7088	SCAFFOLD_87	3159016.0	M17	M17
10953at7088	SCAFFOLD_17	3609337.5	M10	M10
10959at7088	SCAFFOLD_75	1454659.5	NA	NA
10960at7088	SCAFFOLD_14	3257617.0	M19	M19
10963at7088	SCAFFOLD_57	920989.0	M11	M11
10965at7088	SCAFFOLD_60	3990252.0	M18	M18
10966at7088	SCAFFOLD_39	1557787.0	M21	M21
10973at7088	SCAFFOLD_5	2543538.0	M18	M18
10976at7088	SCAFFOLD_13	7145220.5	M23	M23
10976at7088	SCAFFOLD_13	7014930.5	M23	M23
10977at7088	SCAFFOLD_30	263368.0	M8	M8
10981at7088	SCAFFOLD_61	4393642.5	M1	M1
10982at7088	SCAFFOLD_44	5035046.0	NA	NA
10983at7088	SCAFFOLD_6	4678220.5	M22	M22
10988at7088	SCAFFOLD_50	390275.0	M9	M9
10990at7088	SCAFFOLD_11	4289182.5	M14	M14
10999at7088	SCAFFOLD_17	413880.5	NA	NA
11004at7088	SCAFFOLD_5	3754548.5	NA	NA
11010at7088	SCAFFOLD_68	4431377.5	NA	NA
11011at7088	SCAFFOLD_40	802682.5	M12	M12
11014at7088	SCAFFOLD_27	4632738.0	M3	M3
11018at7088	SCAFFOLD_17	6333923.5	M10	M10
11020at7088	SCAFFOLD_55	2471430.0	NA	NA
11022at7088	SCAFFOLD_33	5497298.0	M18	M18
11023at7088	SCAFFOLD_47	1490663.0	M20	M20
11026at7088	SCAFFOLD_42	5126406.0	NA	NA
11029at7088	SCAFFOLD_42	3446576.5	M5	M5
11030at7088	SCAFFOLD_3	8745797.0	M11	M11
11032at7088	SCAFFOLD_6	4457455.5	NA	NA
11033at7088	SCAFFOLD_81	4090852.5	M10	M10
11034at7088	SCAFFOLD_83	2177278.5	NA	NA
11039at7088	SCAFFOLD_84	2158244.0	M8	M8
11041at7088	SCAFFOLD_30	4694670.5	NA	NA
11043at7088	SCAFFOLD_32	2052307.0	NA	NA
11046at7088	SCAFFOLD_6	2882562.5	M22	M22
11053at7088	SCAFFOLD_24	260226.0	M26	M26
11054at7088	SCAFFOLD_76	722219.0	M2	M2
11056at7088	SCAFFOLD_55	4122846.0	M9	M9
11058at7088	SCAFFOLD_6	4447272.5	NA	NA
11059at7088	SCAFFOLD_14	7293446.0	M19	M19
11062at7088	SCAFFOLD_11	6556624.5	NA	NA
11063at7088	SCAFFOLD_42	1422356.5	M5	M5
11065at7088	SCAFFOLD_89	3810544.5	M10	M10
11067at7088	SCAFFOLD_49	5091595.0	M4	M4
11069at7088	SCAFFOLD_5	6364379.0	M18	M18
11070at7088	SCAFFOLD_91	462689.0	M16	M16
11072at7088	SCAFFOLD_23	6220580.5	NA	NA
11080at7088	SCAFFOLD_4	3641424.0	M29	M29
11086at7088	SCAFFOLD_25	664590.5	M19	M19
11089at7088	SCAFFOLD_19	3835770.5	M1	M1
11090at7088	SCAFFOLD_59	3757600.5	M4	M4
11100at7088	SCAFFOLD_61	2943475.5	M1	M1
11101at7088	SCAFFOLD_53	4112419.0	M4	M4
11106at7088	SCAFFOLD_19	564437.5	M1	M1
11110at7088	SCAFFOLD_42	2765962.5	NA	NA
11111at7088	SCAFFOLD_88	1266473.0	M20	M20
11115at7088	SCAFFOLD_43	5051312.5	NA	NA
11119at7088	SCAFFOLD_3	5538700.5	M11	M11
11122at7088	SCAFFOLD_51	3044642.0	M7	M7
11124at7088	SCAFFOLD_34	2650618.0	M17	M17
11127at7088	SCAFFOLD_40	4229705.5	NA	NA
11132at7088	SCAFFOLD_35	361133.0	NA	NA
11142at7088	SCAFFOLD_28	1034861.0	M2	M2
11144at7088	SCAFFOLD_27	2771904.5	M3	M3
11148at7088	SCAFFOLD_70	903324.5	NA	NA
11150at7088	SCAFFOLD_10	5353907.5	M31	M31
11151at7088	SCAFFOLD_11	5893543.0	M14	M14
11158at7088	SCAFFOLD_69	2728147.0	M13	M13
11160at7088	SCAFFOLD_48	1571545.0	NA	NA
11161at7088	SCAFFOLD_46	5617323.0	M3	M3
11165at7088	SCAFFOLD_59	1143924.5	M4	M4
11166at7088	SCAFFOLD_4	599805.0	M29	M29
11174at7088	SCAFFOLD_42	2091504.0	NA	NA
11175at7088	SCAFFOLD_48	1973518.5	MZ	MZ
11177at7088	SCAFFOLD_40	928253.5	M12	M12
11178at7088	SCAFFOLD_9	1103138.0	M23	M23
11184at7088	SCAFFOLD_29	1788073.0	NA	NA
11185at7088	SCAFFOLD_5	2602230.0	M18	M18
11190at7088	SCAFFOLD_46	2386789.0	M3	M3
11191at7088	SCAFFOLD_64	1811514.5	M15	M15
11192at7088	SCAFFOLD_38	4060422.0	NA	NA
11195at7088	SCAFFOLD_15	5412957.5	M26	M26
11198at7088	SCAFFOLD_53	3333004.5	M4	M4
11201at7088	SCAFFOLD_3	651102.5	M11	M11
11213at7088	SCAFFOLD_55	5096625.0	NA	NA
11214at7088	SCAFFOLD_21	2542278.5	M7	M7
11215at7088	SCAFFOLD_78	4197936.0	M4	M4
11218at7088	SCAFFOLD_10	894489.0	M31	M31
11221at7088	SCAFFOLD_49	2502024.5	M4	M4
11224at7088	SCAFFOLD_15	3053542.5	M26	M26
11225at7088	SCAFFOLD_39	5006610.5	M13	M13
11231at7088	SCAFFOLD_38	954694.0	M14	M14
11233at7088	SCAFFOLD_5	5897657.0	M18	M18
11234at7088	SCAFFOLD_70	4389050.5	M16	M16
11235at7088	SCAFFOLD_8	6564189.0	NA	NA
11237at7088	SCAFFOLD_57	2615471.0	M11	M11
11239at7088	SCAFFOLD_81	3460637.5	M10	M10
11240at7088	SCAFFOLD_25	3098705.5	M19	M19
11256at7088	SCAFFOLD_85	2827934.0	M11	M11
11258at7088	SCAFFOLD_70	138184.5	M16	M16
11260at7088	SCAFFOLD_25	5670150.5	M19	M19
11262at7088	SCAFFOLD_20	4833633.5	NA	NA
11264at7088	SCAFFOLD_87	1366200.0	NA	NA
11265at7088	SCAFFOLD_51	3786002.5	M11	M11
11268at7088	SCAFFOLD_58	3012448.0	M6	M6
11269at7088	SCAFFOLD_66	3419441.0	M3	M3
11272at7088	SCAFFOLD_55	575118.5	NA	NA
11273at7088	SCAFFOLD_39	3614958.0	NA	NA
11274at7088	SCAFFOLD_34	1271974.5	M17	M17
11275at7088	SCAFFOLD_29	5760784.0	M2	M2
11282at7088	SCAFFOLD_27	5132426.0	M3	M3
11283at7088	SCAFFOLD_32	5233628.5	M7	M7
11285at7088	SCAFFOLD_56	3965648.5	NA	NA
11288at7088	SCAFFOLD_41	4873856.5	M9	M9
11292at7088	SCAFFOLD_3	5705841.5	M11	M11
11293at7088	SCAFFOLD_53	1580687.5	M4	M4
11294at7088	SCAFFOLD_67	2809776.5	NA	NA
11295at7088	SCAFFOLD_43	5368517.5	M5	M5
11298at7088	SCAFFOLD_65	451898.0	NA	NA
11302at7088	SCAFFOLD_41	1474179.5	NA	NA
11303at7088	SCAFFOLD_21	4187480.0	M7	M7
11311at7088	SCAFFOLD_34	1325338.0	M17	M17
11312at7088	SCAFFOLD_27	4005020.5	M3	M3
11313at7088	SCAFFOLD_2	1112697.0	M6	M6
11318at7088	SCAFFOLD_23	2010713.5	M24	M24
11321at7088	SCAFFOLD_5	8318972.5	M18	M18
11334at7088	SCAFFOLD_49	3651197.5	M4	M4
11335at7088	SCAFFOLD_53	4198176.5	M4	M4
11336at7088	SCAFFOLD_43	4644945.5	M5	M5
11337at7088	SCAFFOLD_69	1794066.0	M13	M13
11338at7088	SCAFFOLD_58	3634794.0	M6	M6
11342at7088	SCAFFOLD_5	5836230.5	M18	M18
11346at7088	SCAFFOLD_82	2474918.0	M3	M3
11349at7088	SCAFFOLD_38	2616937.5	M14	M14
11350at7088	SCAFFOLD_78	4591127.5	M4	M4
11353at7088	SCAFFOLD_21	369419.5	M7	M7
11356at7088	SCAFFOLD_19	3921650.0	M1	M1
11359at7088	SCAFFOLD_70	4640790.0	M16	M16
11363at7088	SCAFFOLD_74	4940521.5	NA	NA
11365at7088	SCAFFOLD_82	1344153.0	M3	M3
11367at7088	SCAFFOLD_7	1631310.0	NA	NA
11368at7088	SCAFFOLD_72	3283324.5	NA	NA
11372at7088	SCAFFOLD_42	572881.5	M5	M5
11374at7088	SCAFFOLD_85	1703791.0	M11	M11
11375at7088	SCAFFOLD_87	3464590.5	M17	M17
11377at7088	SCAFFOLD_41	3589635.0	NA	NA
11379at7088	SCAFFOLD_2	2326684.5	M6	M6
11380at7088	SCAFFOLD_22	4199015.5	M12	M12
11382at7088	SCAFFOLD_79	4043076.5	M25	M25
11383at7088	SCAFFOLD_27	5229618.0	M3	M3
11389at7088	SCAFFOLD_41	631990.0	M9	M9
11390at7088	SCAFFOLD_21	924339.0	M7	M7
11393at7088	SCAFFOLD_10	5172486.0	NA	NA
11396at7088	SCAFFOLD_76	2812397.0	M2	M2
11397at7088	SCAFFOLD_61	4046029.0	M1	M1
11401at7088	SCAFFOLD_13	4933851.0	M23	M23
11403at7088	SCAFFOLD_25	4276075.5	M19	M19
11405at7088	SCAFFOLD_64	416752.5	NA	NA
11416at7088	SCAFFOLD_34	5850927.5	M17	M17
11423at7088	SCAFFOLD_30	4237875.5	M8	M8
11426at7088	SCAFFOLD_27	5318702.0	M3	M3
11437at7088	SCAFFOLD_68	4414186.5	M13	M13
11438at7088	SCAFFOLD_21	4740118.0	M7	M7
11441at7088	SCAFFOLD_31	3335927.5	NA	NA
11442at7088	SCAFFOLD_33	4513183.5	NA	NA
11450at7088	SCAFFOLD_65	1681242.0	M9	M9
11451at7088	SCAFFOLD_72	3957013.5	M1	M1
11454at7088	SCAFFOLD_72	3106496.5	NA	NA
11456at7088	SCAFFOLD_34	3128385.5	NA	NA
11462at7088	SCAFFOLD_42	2641852.0	M5	M5
11474at7088	SCAFFOLD_66	2826303.0	M3	M3
11479at7088	SCAFFOLD_70	2374337.0	M16	M16
11482at7088	SCAFFOLD_35	3586901.5	M25	M25
11483at7088	SCAFFOLD_31	2436003.0	M1	M1
11484at7088	SCAFFOLD_27	5626603.0	M3	M3
11489at7088	SCAFFOLD_39	1881699.5	NA	NA
11490at7088	SCAFFOLD_77	3378706.5	M15	M15
11492at7088	SCAFFOLD_27	3151222.5	M3	M3
11493at7088	SCAFFOLD_19	4703984.5	M1	M1
11500at7088	SCAFFOLD_1	8380107.5	M27	M27
11501at7088	SCAFFOLD_88	3004373.0	M20	M20
11505at7088	SCAFFOLD_29	4633531.5	NA	NA
11507at7088	SCAFFOLD_34	3191277.5	M17	M17
11511at7088	SCAFFOLD_44	1986619.5	M8	M8
11512at7088	SCAFFOLD_70	494320.5	M16	M16
11516at7088	SCAFFOLD_82	4159857.5	M3	M3
11518at7088	SCAFFOLD_59	3713441.0	M4	M4
11519at7088	SCAFFOLD_89	2452701.5	M10	M10
11522at7088	SCAFFOLD_14	7257381.0	M19	M19
11525at7088	SCAFFOLD_19	3218085.5	M1	M1
11533at7088	SCAFFOLD_81	2276624.0	M10	M10
11534at7088	SCAFFOLD_20	6566962.0	NA	NA
11536at7088	SCAFFOLD_13	7173388.0	M23	M23
11537at7088	SCAFFOLD_66	2904415.5	M3	M3
11546at7088	SCAFFOLD_21	4710066.5	M7	M7
11546at7088	SCAFFOLD_21	5643774.0	M7	M7
11547at7088	SCAFFOLD_61	4504616.5	M1	M1
11548at7088	SCAFFOLD_81	1939753.0	M10	M10
11549at7088	SCAFFOLD_15	2276155.0	M26	M26
11550at7088	SCAFFOLD_39	4756934.5	M21	M21
11558at7088	SCAFFOLD_61	2952923.0	NA	NA
11560at7088	SCAFFOLD_28	2839633.5	M2	M2
11563at7088	SCAFFOLD_11	1716574.0	NA	NA
11571at7088	SCAFFOLD_20	4964335.5	M8	M8
11575at7088	SCAFFOLD_60	4643327.5	M18	M18
11576at7088	SCAFFOLD_4	7179032.5	M29	M29
11581at7088	SCAFFOLD_29	4956601.0	M2	M2
11582at7088	SCAFFOLD_3	8798960.0	NA	NA
11587at7088	SCAFFOLD_47	2396269.5	M20	M20
11589at7088	SCAFFOLD_64	2051210.5	M15	M15
11592at7088	SCAFFOLD_41	3495445.5	M9	M9
11593at7088	SCAFFOLD_49	3788795.5	NA	NA
11594at7088	SCAFFOLD_66	3434244.5	M3	M3
11597at7088	SCAFFOLD_61	665450.0	NA	NA
11598at7088	SCAFFOLD_52	2614478.5	M2	M2
11599at7088	SCAFFOLD_19	3354738.5	M1	M1
11607at7088	SCAFFOLD_42	4131507.5	M5	M5
11608at7088	SCAFFOLD_27	5715429.5	M3	M3
11609at7088	SCAFFOLD_56	1801432.0	M6	M6
11616at7088	SCAFFOLD_17	1072993.5	M10	M10
11619at7088	SCAFFOLD_48	4821832.0	MZ	MZ
11621at7088	SCAFFOLD_54	783547.5	M21	M21
11630at7088	SCAFFOLD_58	2658922.5	M6	M6
11633at7088	SCAFFOLD_64	2653615.0	M15	M15
11638at7088	SCAFFOLD_18	5982940.0	NA	NA
11648at7088	SCAFFOLD_3	1230620.5	M11	M11
11655at7088	SCAFFOLD_7	6968769.0	M7	M7
11656at7088	SCAFFOLD_90	642226.5	M7	M7
11657at7088	SCAFFOLD_18	5955396.5	M28	M28
11659at7088	SCAFFOLD_57	2474847.5	M11	M11
11660at7088	SCAFFOLD_10	6474086.0	M31	M31
11662at7088	SCAFFOLD_88	3618689.5	M20	M20
11664at7088	SCAFFOLD_63	2522565.0	M5	M5
11665at7088	SCAFFOLD_32	2942713.0	NA	NA
11666at7088	SCAFFOLD_70	529529.5	NA	NA
11669at7088	SCAFFOLD_42	3580189.5	M5	M5
11672at7088	SCAFFOLD_8	2034282.0	M13	M13
11677at7088	SCAFFOLD_33	1851244.0	M18	M18
11681at7088	SCAFFOLD_22	3030392.0	NA	NA
11687at7088	SCAFFOLD_46	4440211.5	M3	M3
11693at7088	SCAFFOLD_76	1010437.0	NA	NA
11699at7088	SCAFFOLD_61	4509226.0	M1	M1
11701at7088	SCAFFOLD_50	89116.0	M9	M9
11703at7088	SCAFFOLD_66	1845680.0	M3	M3
11704at7088	SCAFFOLD_11	1721074.5	M14	M14
11706at7088	SCAFFOLD_5	4183782.5	NA	NA
11710at7088	SCAFFOLD_36	1273079.5	M5	M5
11718at7088	SCAFFOLD_22	6677825.0	NA	NA
11719at7088	SCAFFOLD_81	2466841.0	M10	M10
11729at7088	SCAFFOLD_69	3576724.0	NA	NA
11731at7088	SCAFFOLD_5	992567.5	M18	M18
11747at7088	SCAFFOLD_51	3780305.5	M7	M7
11752at7088	SCAFFOLD_43	2361187.5	M5	M5
11754at7088	SCAFFOLD_88	2186770.0	NA	NA
11760at7088	SCAFFOLD_1	4975364.5	M27	M27
11761at7088	SCAFFOLD_28	1576913.5	M2	M2
11764at7088	SCAFFOLD_88	3904687.0	M20	M20
11765at7088	SCAFFOLD_32	2616217.0	M7	M7
11766at7088	SCAFFOLD_54	2080513.0	M21	M21
11767at7088	SCAFFOLD_84	499047.5	M8	M8
11769at7088	SCAFFOLD_55	2883484.5	NA	NA
11770at7088	SCAFFOLD_14	6954261.5	M19	M19
11777at7088	SCAFFOLD_3	5244661.5	M11	M11
11779at7088	SCAFFOLD_6	7963261.5	NA	NA
11780at7088	SCAFFOLD_20	6513508.5	M8	M8
11785at7088	SCAFFOLD_47	5657491.5	M20	M20
11785at7088	SCAFFOLD_88	79771.0	M20	M20
11786at7088	SCAFFOLD_19	187302.5	NA	NA
11787at7088	SCAFFOLD_57	2606150.5	NA	NA
11793at7088	SCAFFOLD_24	5858881.5	M26	M26
11796at7088	SCAFFOLD_55	2484991.5	M9	M9
11800at7088	SCAFFOLD_5	1211419.0	M18	M18
11803at7088	SCAFFOLD_65	1570630.0	M9	M9
11810at7088	SCAFFOLD_56	1241404.5	M6	M6
11811at7088	SCAFFOLD_10	1611660.5	M31	M31
11812at7088	SCAFFOLD_86	2246565.5	M21	M21
11815at7088	SCAFFOLD_9	1282784.0	NA	NA
11817at7088	SCAFFOLD_38	654156.5	M14	M14
11828at7088	SCAFFOLD_87	1756588.5	NA	NA
11833at7088	SCAFFOLD_29	4615594.5	M2	M2
11835at7088	SCAFFOLD_18	6591179.5	M28	M28
11842at7088	SCAFFOLD_26	4257194.0	NA	NA
11847at7088	SCAFFOLD_82	702577.0	NA	NA
11848at7088	SCAFFOLD_88	2309901.0	M20	M20
11855at7088	SCAFFOLD_39	5225297.0	NA	NA
11856at7088	SCAFFOLD_35	2333581.5	M25	M25
11857at7088	SCAFFOLD_9	1478627.5	NA	NA
11858at7088	SCAFFOLD_12	5013492.5	M24	M24
11860at7088	SCAFFOLD_83	3647697.5	MZ	MZ
11864at7088	SCAFFOLD_29	5580594.0	M2	M2
11870at7088	SCAFFOLD_6	7973971.0	M22	M22
11872at7088	SCAFFOLD_14	2150377.0	NA	NA
11877at7088	SCAFFOLD_25	615943.0	M19	M19
11880at7088	SCAFFOLD_9	6275183.0	M23	M23
11881at7088	SCAFFOLD_63	590982.0	M5	M5
11882at7088	SCAFFOLD_70	2724448.5	M16	M16
11890at7088	SCAFFOLD_29	5255176.0	M2	M2
11894at7088	SCAFFOLD_31	631425.0	NA	NA
11898at7088	SCAFFOLD_2	8910524.5	M6	M6
11901at7088	SCAFFOLD_29	2464260.5	M2	M2
11910at7088	SCAFFOLD_20	4852959.0	NA	NA
11921at7088	SCAFFOLD_87	3570176.0	M17	M17
11922at7088	SCAFFOLD_61	4410557.0	M1	M1
11923at7088	SCAFFOLD_40	1908303.5	M12	M12
11929at7088	SCAFFOLD_27	955321.0	M3	M3
11930at7088	SCAFFOLD_26	6153372.5	M16	M16
11932at7088	SCAFFOLD_15	968095.0	M26	M26
11937at7088	SCAFFOLD_88	3136840.0	NA	NA
11941at7088	SCAFFOLD_34	1226627.0	NA	NA
11944at7088	SCAFFOLD_49	4842196.0	NA	NA
11950at7088	SCAFFOLD_46	3738461.0	NA	NA
11950at7088	SCAFFOLD_70	1704682.5	NA	NA
11956at7088	SCAFFOLD_41	1266745.0	M9	M9
11957at7088	SCAFFOLD_48	1691066.0	NA	NA
11958at7088	SCAFFOLD_57	2825071.5	M11	M11
11960at7088	SCAFFOLD_76	3353503.0	NA	NA
11961at7088	SCAFFOLD_3	1816901.5	M11	M11
11963at7088	SCAFFOLD_13	4655863.5	M23	M23
11965at7088	SCAFFOLD_17	3824509.5	NA	NA
11967at7088	SCAFFOLD_56	2331810.0	M6	M6
11969at7088	SCAFFOLD_11	6429371.0	M14	M14
11970at7088	SCAFFOLD_55	4119612.5	M9	M9
11972at7088	SCAFFOLD_52	978194.0	NA	NA
11973at7088	SCAFFOLD_11	7237281.5	NA	NA
11977at7088	SCAFFOLD_46	2884690.0	M3	M3
11978at7088	SCAFFOLD_40	850131.5	NA	NA
11982at7088	SCAFFOLD_38	1165669.0	M14	M14
11983at7088	SCAFFOLD_3	5545312.5	M11	M11
11984at7088	SCAFFOLD_38	799429.0	M14	M14
11985at7088	SCAFFOLD_37	3998130.5	M22	M22
11990at7088	SCAFFOLD_71	2698997.0	M13	M13
11996at7088	SCAFFOLD_86	3519214.5	NA	NA
12004at7088	SCAFFOLD_43	4794163.0	M5	M5
12006at7088	SCAFFOLD_3	2491571.5	M11	M11
12008at7088	SCAFFOLD_29	3235945.5	M2	M2
12011at7088	SCAFFOLD_17	3549155.0	M10	M10
12013at7088	SCAFFOLD_50	1812188.0	M9	M9
12016at7088	SCAFFOLD_36	4954284.0	M5	M5
12017at7088	SCAFFOLD_85	3091569.0	M11	M11
12021at7088	SCAFFOLD_39	2576288.0	M21	M21
12023at7088	SCAFFOLD_25	5425111.5	M19	M19
12024at7088	SCAFFOLD_46	3568762.0	M3	M3
12026at7088	SCAFFOLD_46	1761445.5	M3	M3
12028at7088	SCAFFOLD_32	3020903.0	M7	M7
12029at7088	SCAFFOLD_30	3678214.0	M8	M8
12030at7088	SCAFFOLD_44	3560800.5	M8	M8
12031at7088	SCAFFOLD_55	2180919.5	NA	NA
12036at7088	SCAFFOLD_43	4884187.0	M5	M5
12043at7088	SCAFFOLD_58	3753691.5	M6	M6
12054at7088	SCAFFOLD_29	3530200.0	NA	NA
12055at7088	SCAFFOLD_74	4139356.5	M15	M15
12056at7088	SCAFFOLD_11	7699718.5	M14	M14
12058at7088	SCAFFOLD_60	4640276.0	M18	M18
12059at7088	SCAFFOLD_28	6204004.5	M2	M2
12060at7088	SCAFFOLD_9	2796125.5	NA	NA
12070at7088	SCAFFOLD_4	1800591.0	M29	M29
12073at7088	SCAFFOLD_20	5703053.0	M8	M8
12075at7088	SCAFFOLD_35	1920606.5	M25	M25
12076at7088	SCAFFOLD_12	6605442.0	NA	NA
12082at7088	SCAFFOLD_26	4593373.5	M16	M16
12084at7088	SCAFFOLD_43	2368639.5	M5	M5
12087at7088	SCAFFOLD_40	776867.5	NA	NA
12090at7088	SCAFFOLD_23	2255517.5	M24	M24
12091at7088	SCAFFOLD_84	3997351.5	M8	M8
12093at7088	SCAFFOLD_17	5046106.5	M10	M10
12094at7088	SCAFFOLD_80	2195716.5	M14	M14
12095at7088	SCAFFOLD_36	4039854.5	M5	M5
12096at7088	SCAFFOLD_11	3652004.5	M14	M14
12101at7088	SCAFFOLD_12	6924612.0	M24	M24
12113at7088	SCAFFOLD_75	1344418.0	M13	M13
12117at7088	SCAFFOLD_22	3227540.5	M12	M12
12120at7088	SCAFFOLD_47	1381714.5	NA	NA
12123at7088	SCAFFOLD_25	4789971.0	M19	M19
12125at7088	SCAFFOLD_5	5984794.0	M18	M18
12127at7088	SCAFFOLD_40	4817113.5	NA	NA
12133at7088	SCAFFOLD_2	2578506.0	NA	NA
12136at7088	SCAFFOLD_59	2092608.5	M4	M4
12139at7088	SCAFFOLD_56	1958917.5	NA	NA
12140at7088	SCAFFOLD_5	3744167.0	M18	M18
12141at7088	SCAFFOLD_70	525165.5	M16	M16
12143at7088	SCAFFOLD_59	2874309.0	NA	NA
12148at7088	SCAFFOLD_66	4551174.0	M3	M3
12152at7088	SCAFFOLD_26	1487023.5	NA	NA
12153at7088	SCAFFOLD_70	3307623.0	NA	NA
12154at7088	SCAFFOLD_40	2764368.0	M12	M12
12164at7088	SCAFFOLD_26	5826439.5	NA	NA
12173at7088	SCAFFOLD_19	5087730.5	M1	M1
12174at7088	SCAFFOLD_82	1622880.5	NA	NA
12183at7088	SCAFFOLD_6	3705568.5	M22	M22
12184at7088	SCAFFOLD_55	3593667.0	M9	M9
12185at7088	SCAFFOLD_45	4302762.5	M7	M7
12187at7088	SCAFFOLD_85	3671274.5	NA	NA
12193at7088	SCAFFOLD_54	2268321.0	M21	M21
12198at7088	SCAFFOLD_50	451382.0	NA	NA
12204at7088	SCAFFOLD_64	267674.5	M15	M15
12210at7088	SCAFFOLD_51	3052741.0	M7	M7
12212at7088	SCAFFOLD_48	3101846.0	NA	NA
12217at7088	SCAFFOLD_53	1521667.5	M4	M4
12218at7088	SCAFFOLD_91	657975.5	M16	M16
12219at7088	SCAFFOLD_89	3765822.5	M10	M10
12221at7088	SCAFFOLD_53	802549.0	NA	NA
12223at7088	SCAFFOLD_38	3577990.5	M14	M14
12225at7088	SCAFFOLD_73	4415792.5	NA	NA
12226at7088	SCAFFOLD_2	7063779.0	M6	M6
12229at7088	SCAFFOLD_27	3530827.0	NA	NA
12233at7088	SCAFFOLD_69	3037995.0	NA	NA
12235at7088	SCAFFOLD_2	1042715.5	M6	M6
12237at7088	SCAFFOLD_13	1076060.0	M23	M23
12241at7088	SCAFFOLD_59	4025552.5	M4	M4
12243at7088	SCAFFOLD_77	3836303.0	NA	NA
12251at7088	SCAFFOLD_68	538826.5	M15	M15
12254at7088	SCAFFOLD_66	2838407.0	NA	NA
12264at7088	SCAFFOLD_17	6733323.0	M10	M10
12268at7088	SCAFFOLD_7	1065916.0	M30	M30
12271at7088	SCAFFOLD_54	3076371.0	NA	NA
12273at7088	SCAFFOLD_62	4321125.5	M21	M21
12274at7088	SCAFFOLD_78	325974.5	NA	NA
12275at7088	SCAFFOLD_14	5137199.0	NA	NA
12276at7088	SCAFFOLD_22	3068453.0	M12	M12
12293at7088	SCAFFOLD_77	21417.0	M15	M15
12295at7088	SCAFFOLD_64	3524404.5	NA	NA
12300at7088	SCAFFOLD_20	2670164.0	M8	M8
12310at7088	SCAFFOLD_8	2221694.0	NA	NA
12313at7088	SCAFFOLD_27	4779123.0	NA	NA
12320at7088	SCAFFOLD_84	1736977.0	M8	M8
12322at7088	SCAFFOLD_66	4471288.0	M3	M3
12326at7088	SCAFFOLD_58	2876443.5	M6	M6
12332at7088	SCAFFOLD_9	3187344.0	NA	NA
12334at7088	SCAFFOLD_39	5896751.5	M21	M21
12339at7088	SCAFFOLD_38	1881317.0	M14	M14
12341at7088	SCAFFOLD_12	5111831.5	M24	M24
12343at7088	SCAFFOLD_8	161047.5	M9	M9
12343at7088	SCAFFOLD_94	727288.5	M9	M9
12347at7088	SCAFFOLD_72	1735303.5	M1	M1
12349at7088	SCAFFOLD_61	674784.5	M1	M1
12350at7088	SCAFFOLD_15	3889168.5	M26	M26
12354at7088	SCAFFOLD_35	1929255.0	M25	M25
12355at7088	SCAFFOLD_71	2869653.0	M13	M13
12363at7088	SCAFFOLD_19	1922117.5	NA	NA
12364at7088	SCAFFOLD_77	131278.0	NA	NA
12367at7088	SCAFFOLD_10	4794315.5	NA	NA
12369at7088	SCAFFOLD_42	2415574.5	NA	NA
12375at7088	SCAFFOLD_76	1046347.5	NA	NA
12386at7088	SCAFFOLD_48	4766372.5	NA	NA
12389at7088	SCAFFOLD_46	5476397.5	NA	NA
12390at7088	SCAFFOLD_41	1571989.5	M9	M9
12391at7088	SCAFFOLD_66	1898669.5	NA	NA
12396at7088	SCAFFOLD_11	3670150.0	NA	NA
12397at7088	SCAFFOLD_19	1815280.5	NA	NA
12400at7088	SCAFFOLD_79	3957557.5	M25	M25
12401at7088	SCAFFOLD_28	3951327.5	NA	NA
12403at7088	SCAFFOLD_52	4085883.0	M2	M2
12406at7088	SCAFFOLD_27	5563031.0	M3	M3
12413at7088	SCAFFOLD_85	3681633.0	M11	M11
12416at7088	SCAFFOLD_29	5906582.0	M2	M2
12418at7088	SCAFFOLD_52	2731856.0	M2	M2
12419at7088	SCAFFOLD_74	1509964.0	M15	M15
12420at7088	SCAFFOLD_16	6239529.5	NA	NA
12422at7088	SCAFFOLD_59	3725090.0	M4	M4
12426at7088	SCAFFOLD_46	5559937.5	M3	M3
12427at7088	SCAFFOLD_2	5672638.5	M6	M6
12429at7088	SCAFFOLD_61	1399638.0	NA	NA
12442at7088	SCAFFOLD_47	1905308.0	M20	M20
12443at7088	SCAFFOLD_62	4954617.5	M21	M21
12444at7088	SCAFFOLD_29	4977532.0	M2	M2
12445at7088	SCAFFOLD_23	3065944.0	M24	M24
12449at7088	SCAFFOLD_33	3213176.0	M18	M18
12450at7088	SCAFFOLD_2	9340459.5	M6	M6
12453at7088	SCAFFOLD_61	3610715.5	M1	M1
12471at7088	SCAFFOLD_22	1535946.0	M12	M12
12472at7088	SCAFFOLD_67	1235080.0	M12	M12
12481at7088	SCAFFOLD_77	492526.5	NA	NA
12483at7088	SCAFFOLD_56	179383.5	M6	M6
12484at7088	SCAFFOLD_71	2654819.5	M13	M13
12492at7088	SCAFFOLD_57	2444259.5	M11	M11
12496at7088	SCAFFOLD_75	2320187.0	M12	M12
12503at7088	SCAFFOLD_70	2817150.5	M16	M16
12504at7088	SCAFFOLD_15	3423234.5	M26	M26
12504at7088	SCAFFOLD_115	189231.0	M26	M26
12505at7088	SCAFFOLD_59	4905084.0	M4	M4
12507at7088	SCAFFOLD_67	2967891.0	NA	NA
12508at7088	SCAFFOLD_7	1324263.0	M30	M30
12510at7088	SCAFFOLD_41	3482485.0	M9	M9
12517at7088	SCAFFOLD_36	4051504.0	M5	M5
12530at7088	SCAFFOLD_1	8276910.5	M27	M27
12531at7088	SCAFFOLD_32	3142994.5	M7	M7
12535at7088	SCAFFOLD_6	3694380.5	M22	M22
12540at7088	SCAFFOLD_4	589066.5	M29	M29
12542at7088	SCAFFOLD_40	1551720.5	NA	NA
12543at7088	SCAFFOLD_33	4143208.0	M18	M18
12544at7088	SCAFFOLD_9	5404332.5	M23	M23
12547at7088	SCAFFOLD_89	1733983.5	M10	M10
12550at7088	SCAFFOLD_82	2476893.5	M3	M3
12562at7088	SCAFFOLD_76	1472481.0	M2	M2
12564at7088	SCAFFOLD_73	2151269.5	M22	M22
12566at7088	SCAFFOLD_8	762945.0	M13	M13
12567at7088	SCAFFOLD_1	8219625.5	NA	NA
12574at7088	SCAFFOLD_26	6015920.5	NA	NA
12576at7088	SCAFFOLD_28	1140358.5	M2	M2
12585at7088	SCAFFOLD_58	2750778.5	M6	M6
12589at7088	SCAFFOLD_43	5242649.0	NA	NA
12598at7088	SCAFFOLD_51	2618365.5	M7	M7
12603at7088	SCAFFOLD_70	502169.0	M16	M16
12605at7088	SCAFFOLD_7	4620579.5	M30	M30
12607at7088	SCAFFOLD_6	8346407.5	M22	M22
12609at7088	SCAFFOLD_84	387696.5	M8	M8
12613at7088	SCAFFOLD_3	8972511.0	M11	M11
12617at7088	SCAFFOLD_6	4151825.5	M22	M22
12618at7088	SCAFFOLD_37	4381209.5	M22	M22
12626at7088	SCAFFOLD_66	3316584.0	M3	M3
12628at7088	SCAFFOLD_26	765574.0	M16	M16
12633at7088	SCAFFOLD_9	3124901.5	M23	M23
12640at7088	SCAFFOLD_89	1787144.5	M10	M10
12646at7088	SCAFFOLD_54	3524053.0	NA	NA
12653at7088	SCAFFOLD_27	5176101.5	NA	NA
12656at7088	SCAFFOLD_29	1030067.5	NA	NA
12660at7088	SCAFFOLD_87	976944.0	M17	M17
12668at7088	SCAFFOLD_81	2500143.0	M10	M10
12671at7088	SCAFFOLD_61	3050556.5	M1	M1
12673at7088	SCAFFOLD_19	5811101.0	NA	NA
12679at7088	SCAFFOLD_61	671711.0	M1	M1
12680at7088	SCAFFOLD_84	1585885.5	M8	M8
12691at7088	SCAFFOLD_12	4985969.0	M24	M24
12696at7088	SCAFFOLD_72	3036325.0	M1	M1
12699at7088	SCAFFOLD_1	11128096.5	NA	NA
12704at7088	SCAFFOLD_9	3691511.0	NA	NA
12705at7088	SCAFFOLD_12	4197553.5	M24	M24
12707at7088	SCAFFOLD_61	4685447.5	NA	NA
12709at7088	SCAFFOLD_79	3355197.0	M25	M25
12710at7088	SCAFFOLD_61	1263800.0	M1	M1
12712at7088	SCAFFOLD_46	3932751.5	M3	M3
12713at7088	SCAFFOLD_68	4479822.5	NA	NA
12730at7088	SCAFFOLD_81	221086.0	M10	M10
12731at7088	SCAFFOLD_66	1051911.0	M3	M3
12733at7088	SCAFFOLD_2	2431576.5	M20	M20
12736at7088	SCAFFOLD_48	5003915.0	MZ	MZ
12738at7088	SCAFFOLD_49	4921476.5	M4	M4
12744at7088	SCAFFOLD_90	128322.0	M10	M10
12748at7088	SCAFFOLD_52	3771577.0	M2	M2
12763at7088	SCAFFOLD_30	4712217.0	M8	M8
12765at7088	SCAFFOLD_59	1410643.0	M4	M4
12771at7088	SCAFFOLD_47	3264434.0	M20	M20
12773at7088	SCAFFOLD_2	2359910.5	M6	M6
12777at7088	SCAFFOLD_66	1866028.0	M3	M3
12778at7088	SCAFFOLD_53	1500731.0	NA	NA
12779at7088	SCAFFOLD_90	2498016.5	M10	M10
12789at7088	SCAFFOLD_7	7704023.5	M30	M30
12790at7088	SCAFFOLD_28	3067898.0	M2	M2
12792at7088	SCAFFOLD_6	5992153.5	M22	M22
12804at7088	SCAFFOLD_27	5085771.0	NA	NA
12810at7088	SCAFFOLD_66	920843.0	M3	M3
12813at7088	SCAFFOLD_19	3266407.0	M1	M1
12815at7088	SCAFFOLD_52	1902763.5	M2	M2
12817at7088	SCAFFOLD_38	3593186.0	M14	M14
12819at7088	SCAFFOLD_38	1762297.5	NA	NA
12820at7088	SCAFFOLD_12	2539786.5	M24	M24
12821at7088	SCAFFOLD_63	4662021.0	M5	M5
12829at7088	SCAFFOLD_47	2549034.5	M20	M20
12830at7088	SCAFFOLD_84	3276023.0	M8	M8
12831at7088	SCAFFOLD_63	2754001.0	M5	M5
12838at7088	SCAFFOLD_70	898902.0	NA	NA
12842at7088	SCAFFOLD_3	1754450.0	M11	M11
12847at7088	SCAFFOLD_11	5769860.0	NA	NA
12861at7088	SCAFFOLD_59	1915993.0	M4	M4
12883at7088	SCAFFOLD_2	2535955.0	M6	M6
12885at7088	SCAFFOLD_61	2998757.5	M1	M1
12891at7088	SCAFFOLD_7	8177716.0	M30	M30
12892at7088	SCAFFOLD_71	3949170.5	M13	M13
12893at7088	SCAFFOLD_38	2514894.5	M14	M14
12894at7088	SCAFFOLD_15	589635.0	NA	NA
12895at7088	SCAFFOLD_66	4442844.0	M13	M13
12896at7088	SCAFFOLD_22	232448.5	M12	M12
12899at7088	SCAFFOLD_3	4297556.0	NA	NA
12900at7088	SCAFFOLD_4	3590722.0	M29	M29
12903at7088	SCAFFOLD_38	2494108.5	M14	M14
12904at7088	SCAFFOLD_43	4479569.5	M5	M5
12905at7088	SCAFFOLD_77	2908841.5	NA	NA
12910at7088	SCAFFOLD_32	4061545.0	M7	M7
12919at7088	SCAFFOLD_8	743727.5	NA	NA
12920at7088	SCAFFOLD_40	4666847.0	M12	M12
12935at7088	SCAFFOLD_8	472733.0	M13	M13
12938at7088	SCAFFOLD_87	710366.5	NA	NA
12959at7088	SCAFFOLD_2	5702479.5	NA	NA
12960at7088	SCAFFOLD_72	150028.0	M1	M1
12964at7088	SCAFFOLD_25	1004047.0	M19	M19
12967at7088	SCAFFOLD_72	3256301.5	M1	M1
12990at7088	SCAFFOLD_32	3751930.0	M7	M7
12993at7088	SCAFFOLD_13	1243636.5	M23	M23
12998at7088	SCAFFOLD_69	1943210.0	M13	M13
13002at7088	SCAFFOLD_10	1125630.0	M31	M31
13003at7088	SCAFFOLD_15	2219749.0	M26	M26
13004at7088	SCAFFOLD_23	6324963.0	M24	M24
13008at7088	SCAFFOLD_59	3012663.0	M4	M4
13010at7088	SCAFFOLD_34	650043.0	M17	M17
13014at7088	SCAFFOLD_20	2743453.5	M8	M8
13019at7088	SCAFFOLD_45	4238661.5	M7	M7
13020at7088	SCAFFOLD_22	3431915.5	M12	M12
13024at7088	SCAFFOLD_87	2182949.0	NA	NA
13027at7088	SCAFFOLD_8	7120252.5	M13	M13
13029at7088	SCAFFOLD_2	6784904.5	M6	M6
13032at7088	SCAFFOLD_26	4518039.5	NA	NA
13033at7088	SCAFFOLD_9	212622.5	M23	M23
13034at7088	SCAFFOLD_11	4287274.0	M14	M14
13037at7088	SCAFFOLD_77	729337.0	M15	M15
13041at7088	SCAFFOLD_61	4413084.5	M1	M1
13042at7088	SCAFFOLD_81	2552932.5	M10	M10
13043at7088	SCAFFOLD_60	1955320.5	NA	NA
13047at7088	SCAFFOLD_47	1496516.0	M20	M20
13049at7088	SCAFFOLD_49	4294127.5	M4	M4
13053at7088	SCAFFOLD_28	989748.0	NA	NA
13057at7088	SCAFFOLD_47	4139951.5	M20	M20
13058at7088	SCAFFOLD_58	1390320.0	M6	M6
13059at7088	SCAFFOLD_87	3565267.5	M4	M4
13065at7088	SCAFFOLD_11	6805294.5	M14	M14
13066at7088	SCAFFOLD_25	2356157.0	M19	M19
13067at7088	SCAFFOLD_27	4019728.0	M3	M3
13070at7088	SCAFFOLD_74	4871297.5	NA	NA
13072at7088	SCAFFOLD_41	2352085.0	M9	M9
13075at7088	SCAFFOLD_12	5461737.5	M24	M24
13081at7088	SCAFFOLD_50	1792491.0	M9	M9
13082at7088	SCAFFOLD_23	1540157.0	M24	M24
13085at7088	SCAFFOLD_3	7674478.0	M11	M11
13088at7088	SCAFFOLD_9	7885857.5	NA	NA
13091at7088	SCAFFOLD_55	1660418.5	NA	NA
13093at7088	SCAFFOLD_29	3372854.5	M2	M2
13095at7088	SCAFFOLD_9	5791132.0	M23	M23
13097at7088	SCAFFOLD_20	5636404.5	M8	M8
13099at7088	SCAFFOLD_11	1676997.5	M14	M14
13102at7088	SCAFFOLD_26	4563408.0	NA	NA
13105at7088	SCAFFOLD_26	2176519.5	M16	M16
13106at7088	SCAFFOLD_34	781412.5	NA	NA
13107at7088	SCAFFOLD_80	2862845.5	M14	M14
13109at7088	SCAFFOLD_28	3506161.5	M2	M2
13110at7088	SCAFFOLD_21	4364366.0	M7	M7
13112at7088	SCAFFOLD_14	3517207.0	M19	M19
13117at7088	SCAFFOLD_63	4223643.0	M5	M5
13119at7088	SCAFFOLD_23	4836995.5	M24	M24
13122at7088	SCAFFOLD_52	4133673.5	M2	M2
13124at7088	SCAFFOLD_6	4134416.5	M8	M8
13129at7088	SCAFFOLD_26	2614351.5	M16	M16
13134at7088	SCAFFOLD_66	1012478.0	M3	M3
13142at7088	SCAFFOLD_47	1050725.0	NA	NA
13155at7088	SCAFFOLD_5	165916.5	M18	M18
13157at7088	SCAFFOLD_68	2811382.0	NA	NA
13158at7088	SCAFFOLD_5	6289256.0	M18	M18
13166at7088	SCAFFOLD_37	1260680.0	M22	M22
13168at7088	SCAFFOLD_52	5591709.0	M2	M2
13169at7088	SCAFFOLD_42	3406478.5	M5	M5
13171at7088	SCAFFOLD_32	992455.0	M7	M7
13172at7088	SCAFFOLD_72	3349984.0	NA	NA
13173at7088	SCAFFOLD_41	1028178.0	M9	M9
13174at7088	SCAFFOLD_20	2664006.5	M8	M8
13181at7088	SCAFFOLD_57	4659437.0	M11	M11
13182at7088	SCAFFOLD_76	2644265.0	NA	NA
13184at7088	SCAFFOLD_23	1793235.5	M24	M24
13185at7088	SCAFFOLD_46	3845353.5	M3	M3
13188at7088	SCAFFOLD_84	1010964.5	M8	M8
13189at7088	SCAFFOLD_63	578615.0	NA	NA
13193at7088	SCAFFOLD_55	2129697.0	M9	M9
13194at7088	SCAFFOLD_38	4103467.0	M5	M5
13198at7088	SCAFFOLD_87	695363.5	M17	M17
13199at7088	SCAFFOLD_74	826551.5	NA	NA
13200at7088	SCAFFOLD_36	1496967.0	M5	M5
13213at7088	SCAFFOLD_26	5342559.0	M16	M16
13216at7088	SCAFFOLD_28	2225607.5	M2	M2
13218at7088	SCAFFOLD_20	1296062.5	NA	NA
13220at7088	SCAFFOLD_57	5568105.0	M11	M11
13221at7088	SCAFFOLD_74	4955267.0	NA	NA
13224at7088	SCAFFOLD_88	2121183.5	M20	M20
13230at7088	SCAFFOLD_57	2613772.0	M11	M11
13243at7088	SCAFFOLD_59	3441018.5	NA	NA
13250at7088	SCAFFOLD_28	2299246.0	M2	M2
13255at7088	SCAFFOLD_46	5043344.5	NA	NA
13259at7088	SCAFFOLD_46	1631991.0	NA	NA
13263at7088	SCAFFOLD_1	3764869.5	M27	M27
13265at7088	SCAFFOLD_71	3514278.5	M13	M13
13267at7088	SCAFFOLD_71	2520940.0	M13	M13
13278at7088	SCAFFOLD_19	3201119.0	M1	M1
13282at7088	SCAFFOLD_69	1962022.5	M13	M13
13284at7088	SCAFFOLD_87	1305406.5	NA	NA
13285at7088	SCAFFOLD_71	3577180.0	M13	M13
13289at7088	SCAFFOLD_46	2274387.0	M3	M3
13295at7088	SCAFFOLD_24	5080950.5	NA	NA
13303at7088	SCAFFOLD_91	854402.0	M16	M16
13305at7088	SCAFFOLD_12	5879506.5	M13	M13
13307at7088	SCAFFOLD_54	1957564.0	M21	M21
13308at7088	SCAFFOLD_61	2845151.0	M1	M1
13310at7088	SCAFFOLD_21	829334.0	M7	M7
13314at7088	SCAFFOLD_53	4163122.5	M4	M4
13315at7088	SCAFFOLD_15	2203189.0	NA	NA
13317at7088	SCAFFOLD_60	5447148.0	NA	NA
13319at7088	SCAFFOLD_90	306257.5	NA	NA
13319at7088	SCAFFOLD_90	312683.0	NA	NA
13321at7088	SCAFFOLD_8	785556.0	NA	NA
13323at7088	SCAFFOLD_83	1989812.0	NA	NA
13326at7088	SCAFFOLD_38	3585367.5	NA	NA
13332at7088	SCAFFOLD_74	4428052.0	NA	NA
13338at7088	SCAFFOLD_47	2524563.5	M20	M20
13340at7088	SCAFFOLD_2	1397951.0	M6	M6
13341at7088	SCAFFOLD_52	1445400.5	NA	NA
13341at7088	SCAFFOLD_16	5900255.5	NA	NA
13341at7088	SCAFFOLD_16	5903824.0	NA	NA
13346at7088	SCAFFOLD_79	4023837.5	M25	M25
13347at7088	SCAFFOLD_44	1253274.5	M8	M8
13348at7088	SCAFFOLD_13	4600069.5	M23	M23
13351at7088	SCAFFOLD_50	3046422.5	M9	M9
13356at7088	SCAFFOLD_70	134406.5	M16	M16
13358at7088	SCAFFOLD_40	3868998.5	M12	M12
13365at7088	SCAFFOLD_32	836971.5	M7	M7
13369at7088	SCAFFOLD_58	3065036.5	M6	M6
13373at7088	SCAFFOLD_23	2546342.0	M24	M24
13381at7088	SCAFFOLD_14	5989499.5	M19	M19
13388at7088	SCAFFOLD_64	262961.0	M15	M15
13394at7088	SCAFFOLD_63	4228403.0	M5	M5
13395at7088	SCAFFOLD_74	922736.5	M15	M15
13398at7088	SCAFFOLD_76	2178851.0	M2	M2
13399at7088	SCAFFOLD_88	3077825.5	NA	NA
13406at7088	SCAFFOLD_30	4698153.0	NA	NA
13411at7088	SCAFFOLD_88	2127461.5	M20	M20
13413at7088	SCAFFOLD_64	1567347.5	M15	M15
13414at7088	SCAFFOLD_49	4853956.0	M4	M4
13421at7088	SCAFFOLD_56	1302257.0	NA	NA
13424at7088	SCAFFOLD_47	1515467.0	M20	M20
13425at7088	SCAFFOLD_39	1283674.5	NA	NA
13435at7088	SCAFFOLD_3	8728570.5	NA	NA
13437at7088	SCAFFOLD_86	187961.0	M21	M21
13443at7088	SCAFFOLD_44	5117230.0	M8	M8
13445at7088	SCAFFOLD_27	2927568.5	M3	M3
13447at7088	SCAFFOLD_74	4660203.0	NA	NA
13451at7088	SCAFFOLD_50	527014.5	NA	NA
13463at7088	SCAFFOLD_25	1009466.0	M19	M19
13464at7088	SCAFFOLD_34	787082.5	M17	M17
13465at7088	SCAFFOLD_2	3648036.0	NA	NA
13467at7088	SCAFFOLD_79	4603276.5	M25	M25
13468at7088	SCAFFOLD_29	1157940.0	NA	NA
13478at7088	SCAFFOLD_23	2109814.0	NA	NA
13481at7088	SCAFFOLD_31	1653630.5	M1	M1
13483at7088	SCAFFOLD_22	5961453.0	M12	M12
13484at7088	SCAFFOLD_78	2377862.0	NA	NA
13495at7088	SCAFFOLD_62	4946460.0	M21	M21
13500at7088	SCAFFOLD_44	1089445.0	M8	M8
13501at7088	SCAFFOLD_58	3938454.5	NA	NA
13504at7088	SCAFFOLD_70	2039686.0	M16	M16
13506at7088	SCAFFOLD_9	7316698.0	NA	NA
13519at7088	SCAFFOLD_30	3203465.5	M8	M8
13527at7088	SCAFFOLD_2	2448353.0	M6	M6
13528at7088	SCAFFOLD_2	5088734.0	NA	NA
13530at7088	SCAFFOLD_68	2492326.5	NA	NA
13533at7088	SCAFFOLD_55	1503154.5	M9	M9
13534at7088	SCAFFOLD_23	6370168.5	M24	M24
13549at7088	SCAFFOLD_40	996739.0	M12	M12
13554at7088	SCAFFOLD_59	2913529.5	M4	M4
13555at7088	SCAFFOLD_7	5767465.0	M30	M30
13561at7088	SCAFFOLD_61	2958906.0	NA	NA
13565at7088	SCAFFOLD_28	2851183.0	M2	M2
13582at7088	SCAFFOLD_55	3137596.0	NA	NA
13586at7088	SCAFFOLD_77	659898.5	NA	NA
13592at7088	SCAFFOLD_37	2596242.0	NA	NA
13596at7088	SCAFFOLD_5	3799701.5	M18	M18
13602at7088	SCAFFOLD_58	4834241.0	M6	M6
13603at7088	SCAFFOLD_84	3061556.0	M8	M8
13604at7088	SCAFFOLD_61	678986.0	M1	M1
13607at7088	SCAFFOLD_2	1093933.0	M6	M6
13608at7088	SCAFFOLD_10	3266304.5	NA	NA
13612at7088	SCAFFOLD_43	4513185.5	M5	M5
13617at7088	SCAFFOLD_2	6800020.5	M6	M6
13620at7088	SCAFFOLD_32	1127297.0	NA	NA
13623at7088	SCAFFOLD_61	2849399.0	M1	M1
13634at7088	SCAFFOLD_25	611868.5	NA	NA
13637at7088	SCAFFOLD_17	3889109.5	M10	M10
13638at7088	SCAFFOLD_78	4329463.5	M4	M4
13644at7088	SCAFFOLD_14	2419302.0	M19	M19
13651at7088	SCAFFOLD_19	4406955.5	M1	M1
13654at7088	SCAFFOLD_74	875036.0	M15	M15
13655at7088	SCAFFOLD_44	3429203.5	M8	M8
13664at7088	SCAFFOLD_79	2657916.5	M25	M25
13670at7088	SCAFFOLD_63	2596056.5	NA	NA
13682at7088	SCAFFOLD_87	1438755.0	NA	NA
13687at7088	SCAFFOLD_55	284557.5	M9	M9
13698at7088	SCAFFOLD_66	1793580.5	NA	NA
13703at7088	SCAFFOLD_27	86735.5	M3	M3
13710at7088	SCAFFOLD_12	2263741.5	M24	M24
13714at7088	SCAFFOLD_85	214169.5	M11	M11
13724at7088	SCAFFOLD_88	3894202.0	M20	M20
13730at7088	SCAFFOLD_80	2866368.0	M14	M14
13731at7088	SCAFFOLD_27	4979030.5	M3	M3
13733at7088	SCAFFOLD_64	218273.0	NA	NA
13748at7088	SCAFFOLD_31	2585621.5	M1	M1
13753at7088	SCAFFOLD_15	555717.0	M26	M26
13755at7088	SCAFFOLD_87	2186239.0	M17	M17
13761at7088	SCAFFOLD_24	3879440.5	M26	M26
13763at7088	SCAFFOLD_3	7835326.5	M11	M11
13774at7088	SCAFFOLD_12	5881680.5	M13	M13
13775at7088	SCAFFOLD_8	7623160.0	M13	M13
13777at7088	SCAFFOLD_19	2329965.5	M1	M1
13782at7088	SCAFFOLD_28	2466481.5	M2	M2
13787at7088	SCAFFOLD_55	360698.0	NA	NA
13790at7088	SCAFFOLD_39	3550220.0	M21	M21
13793at7088	SCAFFOLD_45	3569370.5	M7	M7
13796at7088	SCAFFOLD_48	940978.0	NA	NA
13798at7088	SCAFFOLD_12	5261181.5	NA	NA
13803at7088	SCAFFOLD_59	2246090.5	M4	M4
13805at7088	SCAFFOLD_84	1187508.5	M8	M8
13808at7088	SCAFFOLD_23	3070498.5	M24	M24
13811at7088	SCAFFOLD_3	9713068.5	M11	M11
13813at7088	SCAFFOLD_39	1575833.0	NA	NA
13815at7088	SCAFFOLD_2	8005949.0	NA	NA
13829at7088	SCAFFOLD_78	282969.0	M4	M4
13834at7088	SCAFFOLD_46	5472924.0	NA	NA
13858at7088	SCAFFOLD_40	1008339.5	NA	NA
13859at7088	SCAFFOLD_42	538217.5	M5	M5
13870at7088	SCAFFOLD_34	1282899.0	M17	M17
13877at7088	SCAFFOLD_38	1183856.5	M14	M14
13890at7088	SCAFFOLD_11	6815538.0	M14	M14
13897at7088	SCAFFOLD_9	6324998.5	NA	NA
13902at7088	SCAFFOLD_52	5552549.0	M2	M2
13904at7088	SCAFFOLD_19	2872193.5	M1	M1
13907at7088	SCAFFOLD_33	4010316.0	NA	NA
13916at7088	SCAFFOLD_89	226459.5	NA	NA
13936at7088	SCAFFOLD_40	2300807.5	M26	M26
13941at7088	SCAFFOLD_74	2965853.0	NA	NA
13943at7088	SCAFFOLD_20	5419818.0	M8	M8
13947at7088	SCAFFOLD_2	1152948.0	M6	M6
13949at7088	SCAFFOLD_29	5815228.0	M2	M2
13952at7088	SCAFFOLD_86	2505469.0	M21	M21
13955at7088	SCAFFOLD_70	4643304.5	M16	M16
13961at7088	SCAFFOLD_44	3516131.0	NA	NA
13972at7088	SCAFFOLD_81	192992.0	NA	NA
13977at7088	SCAFFOLD_3	4303841.5	NA	NA
13984at7088	SCAFFOLD_59	1028634.5	M4	M4
13986at7088	SCAFFOLD_1	2210874.5	M27	M27
13989at7088	SCAFFOLD_4	6069866.0	M29	M29
13991at7088	SCAFFOLD_64	4258316.5	M15	M15
13994at7088	SCAFFOLD_8	6117651.0	M13	M13
13995at7088	SCAFFOLD_3	9194761.0	NA	NA
13998at7088	SCAFFOLD_59	3691182.5	NA	NA
14000at7088	SCAFFOLD_52	2905095.5	NA	NA
14009at7088	SCAFFOLD_28	2473539.0	M2	M2
14011at7088	SCAFFOLD_22	2248437.0	M12	M12
14013at7088	SCAFFOLD_33	1623866.0	M18	M18
14016at7088	SCAFFOLD_2	7386177.0	M6	M6
14018at7088	SCAFFOLD_27	2439962.5	M3	M3
14028at7088	SCAFFOLD_57	2685799.0	NA	NA
14032at7088	SCAFFOLD_54	2883542.5	NA	NA
14037at7088	SCAFFOLD_8	2583988.5	NA	NA
14046at7088	SCAFFOLD_74	4718937.0	NA	NA
14061at7088	SCAFFOLD_40	1561207.0	M12	M12
14069at7088	SCAFFOLD_25	3769016.0	M19	M19
14072at7088	SCAFFOLD_82	4424247.5	M3	M3
14075at7088	SCAFFOLD_2	8184877.5	M6	M6
14082at7088	SCAFFOLD_50	1922868.0	NA	NA
14083at7088	SCAFFOLD_64	1945433.0	NA	NA
14094at7088	SCAFFOLD_8	141446.0	M13	M13
14094at7088	SCAFFOLD_94	705119.5	M13	M13
14098at7088	SCAFFOLD_33	5682527.5	M18	M18
14101at7088	SCAFFOLD_50	4147112.5	M9	M9
14104at7088	SCAFFOLD_22	3026817.5	M12	M12
14105at7088	SCAFFOLD_83	117488.5	NA	NA
14106at7088	SCAFFOLD_40	217267.0	M12	M12
14107at7088	SCAFFOLD_25	4055866.0	M19	M19
14112at7088	SCAFFOLD_50	402632.0	M9	M9
14119at7088	SCAFFOLD_10	6565665.0	NA	NA
14123at7088	SCAFFOLD_60	4507790.0	M18	M18
14127at7088	SCAFFOLD_38	3518587.5	NA	NA
14130at7088	SCAFFOLD_38	2490740.5	M14	M14
14132at7088	SCAFFOLD_86	3287141.0	NA	NA
14137at7088	SCAFFOLD_84	980189.5	M8	M8
14138at7088	SCAFFOLD_44	5066939.0	M8	M8
14139at7088	SCAFFOLD_58	3472804.5	M6	M6
14141at7088	SCAFFOLD_75	2242194.5	M12	M12
14144at7088	SCAFFOLD_6	3946375.0	M22	M22
14147at7088	SCAFFOLD_86	534956.0	M21	M21
14149at7088	SCAFFOLD_31	3215885.0	M1	M1
14156at7088	SCAFFOLD_59	4070483.5	M4	M4
14165at7088	SCAFFOLD_19	1663991.0	NA	NA
14167at7088	SCAFFOLD_59	1351251.5	M4	M4
14175at7088	SCAFFOLD_25	1077408.0	M19	M19
14176at7088	SCAFFOLD_21	2312457.0	M7	M7
14177at7088	SCAFFOLD_7	8996629.5	M30	M30
14181at7088	SCAFFOLD_2	3735745.5	M6	M6
14184at7088	SCAFFOLD_44	3996070.0	M8	M8
14186at7088	SCAFFOLD_10	5509541.5	M4	M4
14190at7088	SCAFFOLD_33	1867750.0	M18	M18
14194at7088	SCAFFOLD_26	5117598.0	NA	NA
14203at7088	SCAFFOLD_15	3870527.5	M26	M26
14205at7088	SCAFFOLD_54	2219664.5	M21	M21
14213at7088	SCAFFOLD_20	217331.0	M8	M8
14214at7088	SCAFFOLD_32	4066168.5	NA	NA
14216at7088	SCAFFOLD_56	3827681.0	NA	NA
14229at7088	SCAFFOLD_7	1083305.5	NA	NA
14230at7088	SCAFFOLD_45	1371627.5	M7	M7
14231at7088	SCAFFOLD_44	3423641.0	M8	M8
14232at7088	SCAFFOLD_3	8678545.0	M11	M11
14239at7088	SCAFFOLD_32	954871.5	M7	M7
14240at7088	SCAFFOLD_68	4406623.5	NA	NA
14245at7088	SCAFFOLD_89	3465954.0	M10	M10
14247at7088	SCAFFOLD_14	6733469.5	M19	M19
14249at7088	SCAFFOLD_72	3459446.5	M1	M1
14250at7088	SCAFFOLD_68	2625753.0	M15	M15
14251at7088	SCAFFOLD_41	1828149.0	M9	M9
14261at7088	SCAFFOLD_77	1671707.0	NA	NA
14265at7088	SCAFFOLD_82	1017653.0	M3	M3
14273at7088	SCAFFOLD_42	4681049.0	M5	M5
14278at7088	SCAFFOLD_46	5621747.5	M3	M3
14284at7088	SCAFFOLD_91	1827841.5	M16	M16
14288at7088	SCAFFOLD_8	2524283.0	M13	M13
14290at7088	SCAFFOLD_9	2881467.0	M23	M23
14292at7088	SCAFFOLD_80	2460597.5	M14	M14
14294at7088	SCAFFOLD_5	2537659.0	M18	M18
14296at7088	SCAFFOLD_65	4167341.5	NA	NA
14309at7088	SCAFFOLD_15	3704771.5	M26	M26
14313at7088	SCAFFOLD_38	3674979.0	M14	M14
14314at7088	SCAFFOLD_37	4247718.5	M22	M22
14326at7088	SCAFFOLD_28	6239226.5	M2	M2
14327at7088	SCAFFOLD_43	5670265.5	M3	M3
14331at7088	SCAFFOLD_46	3871068.5	M3	M3
14332at7088	SCAFFOLD_42	3338278.5	NA	NA
14333at7088	SCAFFOLD_6	4473150.0	M22	M22
14334at7088	SCAFFOLD_45	1347701.5	NA	NA
14335at7088	SCAFFOLD_22	4143278.5	M12	M12
14336at7088	SCAFFOLD_2	1351817.5	M6	M6
14338at7088	SCAFFOLD_28	1073954.0	NA	NA
14339at7088	SCAFFOLD_34	5835054.5	M17	M17
14343at7088	SCAFFOLD_1	5325262.5	M27	M27
14346at7088	SCAFFOLD_59	2091054.0	NA	NA
14348at7088	SCAFFOLD_80	4135541.0	M14	M14
14349at7088	SCAFFOLD_20	4611673.5	M8	M8
14355at7088	SCAFFOLD_2	1342233.0	NA	NA
14365at7088	SCAFFOLD_30	4689036.5	M8	M8
14369at7088	SCAFFOLD_32	3754391.0	M7	M7
14372at7088	SCAFFOLD_26	6160170.0	M16	M16
14389at7088	SCAFFOLD_47	2329969.0	NA	NA
14391at7088	SCAFFOLD_77	1836076.5	M15	M15
14393at7088	SCAFFOLD_5	6320135.0	M18	M18
14395at7088	SCAFFOLD_59	4250586.5	M4	M4
14403at7088	SCAFFOLD_2	1020173.0	M6	M6
14404at7088	SCAFFOLD_22	6011068.5	M12	M12
14406at7088	SCAFFOLD_76	3401902.5	M2	M2
14417at7088	SCAFFOLD_55	2102710.0	M9	M9
14418at7088	SCAFFOLD_58	1577368.5	NA	NA
14421at7088	SCAFFOLD_87	3657575.0	M17	M17
14422at7088	SCAFFOLD_17	5536584.5	M10	M10
14424at7088	SCAFFOLD_12	5386243.5	NA	NA
14443at7088	SCAFFOLD_42	3359762.0	NA	NA
14444at7088	SCAFFOLD_1	8187323.0	NA	NA
14449at7088	SCAFFOLD_10	7557521.5	NA	NA
14451at7088	SCAFFOLD_3	2588690.0	NA	NA
14456at7088	SCAFFOLD_19	710593.0	M1	M1
14465at7088	SCAFFOLD_1	5347817.0	M27	M27
14467at7088	SCAFFOLD_17	230183.0	NA	NA
14468at7088	SCAFFOLD_56	1980019.0	M6	M6
14475at7088	SCAFFOLD_51	3952286.5	NA	NA
14495at7088	SCAFFOLD_69	1501723.5	NA	NA
14497at7088	SCAFFOLD_52	5626495.5	M2	M2
14510at7088	SCAFFOLD_74	3775427.0	M15	M15
14511at7088	SCAFFOLD_3	9366668.0	M11	M11
14512at7088	SCAFFOLD_44	2396969.5	M8	M8
14514at7088	SCAFFOLD_17	7060160.5	M10	M10
14521at7088	SCAFFOLD_22	4141159.0	NA	NA
14524at7088	SCAFFOLD_30	4702416.0	NA	NA
14530at7088	SCAFFOLD_87	3466971.0	NA	NA
14532at7088	SCAFFOLD_77	3726861.0	M15	M15
14540at7088	SCAFFOLD_52	5559379.0	M2	M2
14548at7088	SCAFFOLD_19	5020872.0	M1	M1
14549at7088	SCAFFOLD_28	2218974.0	M2	M2
14566at7088	SCAFFOLD_46	1487838.0	NA	NA
14573at7088	SCAFFOLD_31	1121066.5	M1	M1
14577at7088	SCAFFOLD_44	5061922.5	M8	M8
14580at7088	SCAFFOLD_21	2062513.5	M7	M7
14582at7088	SCAFFOLD_15	3545838.0	NA	NA
14592at7088	SCAFFOLD_29	5689816.5	M14	M14
14593at7088	SCAFFOLD_80	739288.5	M14	M14
14594at7088	SCAFFOLD_21	2903284.0	M7	M7
14598at7088	SCAFFOLD_59	4576568.0	M4	M4
14599at7088	SCAFFOLD_17	7067412.0	NA	NA
14604at7088	SCAFFOLD_17	6968005.5	NA	NA
14614at7088	SCAFFOLD_22	3074272.5	NA	NA
14621at7088	SCAFFOLD_9	2309055.0	M23	M23
14623at7088	SCAFFOLD_55	2225377.0	M9	M9
14628at7088	SCAFFOLD_64	4255482.0	M15	M15
14633at7088	SCAFFOLD_72	4111306.0	NA	NA
14636at7088	SCAFFOLD_42	1543032.0	M5	M5
14641at7088	SCAFFOLD_60	2121072.5	M18	M18
14653at7088	SCAFFOLD_9	5670092.0	M23	M23
14655at7088	SCAFFOLD_29	3617934.5	M2	M2
14664at7088	SCAFFOLD_1	5563270.5	M27	M27
14668at7088	SCAFFOLD_57	4858802.5	M11	M11
14675at7088	SCAFFOLD_32	4048742.0	NA	NA
14687at7088	SCAFFOLD_51	3301329.0	NA	NA
14689at7088	SCAFFOLD_78	4321131.5	NA	NA
14690at7088	SCAFFOLD_81	1724793.0	M10	M10
14697at7088	SCAFFOLD_27	2518489.5	M29	M29
14698at7088	SCAFFOLD_57	1185752.0	M11	M11
14701at7088	SCAFFOLD_53	704320.0	M4	M4
14706at7088	SCAFFOLD_61	4042345.0	M1	M1
14709at7088	SCAFFOLD_22	3293915.0	M12	M12
14711at7088	SCAFFOLD_58	1721153.5	M6	M6
14714at7088	SCAFFOLD_57	1617502.5	NA	NA
14724at7088	SCAFFOLD_29	5343397.0	M2	M2
14727at7088	SCAFFOLD_28	2209574.0	M2	M2
14729at7088	SCAFFOLD_76	1531097.0	M2	M2
14735at7088	SCAFFOLD_2	2050578.0	M6	M6
14738at7088	SCAFFOLD_23	685921.5	NA	NA
14739at7088	SCAFFOLD_94	879004.0	NA	NA
14739at7088	SCAFFOLD_8	298224.5	NA	NA
14740at7088	SCAFFOLD_68	2613807.0	NA	NA
14749at7088	SCAFFOLD_8	2216567.0	NA	NA
14753at7088	SCAFFOLD_45	215595.0	M7	M7
14755at7088	SCAFFOLD_71	3928398.5	NA	NA
14758at7088	SCAFFOLD_66	3229052.0	M3	M3
14762at7088	SCAFFOLD_86	3011583.0	NA	NA
14783at7088	SCAFFOLD_80	2856451.0	M14	M14
14785at7088	SCAFFOLD_23	2210428.0	M24	M24
14798at7088	SCAFFOLD_21	1471262.5	NA	NA
14814at7088	SCAFFOLD_32	817704.5	M7	M7
14815at7088	SCAFFOLD_42	1769079.5	NA	NA
14829at7088	SCAFFOLD_81	433593.0	NA	NA
14831at7088	SCAFFOLD_76	3509612.5	M2	M2
14835at7088	SCAFFOLD_48	3877327.5	NA	NA
14836at7088	SCAFFOLD_11	7517571.0	M14	M14
14844at7088	SCAFFOLD_88	3883548.0	M20	M20
14845at7088	SCAFFOLD_24	5075669.5	NA	NA
14849at7088	SCAFFOLD_49	3437178.5	M4	M4
14850at7088	SCAFFOLD_5	8259676.0	M18	M18
14870at7088	SCAFFOLD_31	5109928.0	NA	NA
14883at7088	SCAFFOLD_48	2668277.0	NA	NA
14886at7088	SCAFFOLD_78	2853648.0	NA	NA
14887at7088	SCAFFOLD_42	570024.5	M5	M5
14889at7088	SCAFFOLD_36	637461.0	NA	NA
14894at7088	SCAFFOLD_8	7560358.0	M13	M13
14895at7088	SCAFFOLD_87	2265918.0	M17	M17
14896at7088	SCAFFOLD_9	3820971.0	M23	M23
14909at7088	SCAFFOLD_48	3718380.0	MZ	MZ
14916at7088	SCAFFOLD_61	3870307.5	M1	M1
14918at7088	SCAFFOLD_37	2600200.5	M22	M22
14920at7088	SCAFFOLD_78	2691128.5	M4	M4
14928at7088	SCAFFOLD_36	2418992.0	M5	M5
14938at7088	SCAFFOLD_40	2831895.0	M12	M12
14940at7088	SCAFFOLD_30	4600409.5	M19	M19
14940at7088	SCAFFOLD_14	2413432.5	M19	M19
14943at7088	SCAFFOLD_88	649283.5	NA	NA
14944at7088	SCAFFOLD_38	1732083.5	NA	NA
14948at7088	SCAFFOLD_85	1823905.0	M11	M11
14949at7088	SCAFFOLD_71	3504081.5	M9	M9
14955at7088	SCAFFOLD_27	4027902.0	NA	NA
14971at7088	SCAFFOLD_10	6071066.0	M1	M1
14973at7088	SCAFFOLD_26	2639375.5	NA	NA
14982at7088	SCAFFOLD_30	258686.5	M8	M8
14986at7088	SCAFFOLD_61	3986650.5	M1	M1
14987at7088	SCAFFOLD_89	3007158.5	M10	M10
14988at7088	SCAFFOLD_40	4528668.5	NA	NA
14995at7088	SCAFFOLD_1	2371342.0	NA	NA
14998at7088	SCAFFOLD_12	4727263.5	M24	M24
15003at7088	SCAFFOLD_77	852830.0	NA	NA
15007at7088	SCAFFOLD_86	549025.0	NA	NA
15010at7088	SCAFFOLD_51	4516280.0	NA	NA
15011at7088	SCAFFOLD_89	219446.0	NA	NA
15016at7088	SCAFFOLD_78	2401140.0	M4	M4
15019at7088	SCAFFOLD_40	856859.0	NA	NA
15035at7088	SCAFFOLD_10	1386460.5	M31	M31
15036at7088	SCAFFOLD_19	2375723.5	M1	M1
15039at7088	SCAFFOLD_58	1507360.5	NA	NA
15043at7088	SCAFFOLD_41	3533806.5	NA	NA
15050at7088	SCAFFOLD_74	1248198.0	M15	M15
15055at7088	SCAFFOLD_74	4394911.0	M15	M15
15065at7088	SCAFFOLD_74	4944917.0	M6	M6
15065at7088	SCAFFOLD_2	3584824.0	M6	M6
15078at7088	SCAFFOLD_82	1122048.5	NA	NA
15080at7088	SCAFFOLD_28	2310213.5	M5	M5
15087at7088	SCAFFOLD_23	6497799.0	NA	NA
15091at7088	SCAFFOLD_81	4224114.0	NA	NA
15100at7088	SCAFFOLD_54	871563.0	M21	M21
15107at7088	SCAFFOLD_71	3608666.0	NA	NA
15109at7088	SCAFFOLD_3	2926927.5	M11	M11
15116at7088	SCAFFOLD_46	4821924.5	M3	M3
15118at7088	SCAFFOLD_91	63142.0	M16	M16
15119at7088	SCAFFOLD_88	3859683.5	NA	NA
15125at7088	SCAFFOLD_55	1717695.0	M9	M9
15126at7088	SCAFFOLD_8	7862463.0	M13	M13
15136at7088	SCAFFOLD_48	5737182.5	NA	NA
15145at7088	SCAFFOLD_42	2143029.5	NA	NA
15149at7088	SCAFFOLD_77	3216642.0	M15	M15
15151at7088	SCAFFOLD_72	1607041.0	M1	M1
15162at7088	SCAFFOLD_75	1251766.0	M12	M12
15172at7088	SCAFFOLD_53	4943325.0	NA	NA
15186at7088	SCAFFOLD_51	2407051.5	NA	NA
15190at7088	SCAFFOLD_42	2625178.0	M5	M5
15191at7088	SCAFFOLD_69	1168967.0	M13	M13
15192at7088	SCAFFOLD_60	1371859.5	M18	M18
15193at7088	SCAFFOLD_25	3304871.0	M19	M19
15195at7088	SCAFFOLD_2	4152668.5	M6	M6
15205at7088	SCAFFOLD_22	2102776.5	M12	M12
15207at7088	SCAFFOLD_3	4992857.5	NA	NA
15219at7088	SCAFFOLD_1	5329057.0	M27	M27
15223at7088	SCAFFOLD_42	1199987.5	M5	M5
15225at7088	SCAFFOLD_28	2373465.0	M2	M2
15226at7088	SCAFFOLD_40	4565841.5	M12	M12
15234at7088	SCAFFOLD_2	3205967.0	M6	M6
15237at7088	SCAFFOLD_74	4202142.0	M15	M15
15240at7088	SCAFFOLD_58	3915220.5	M6	M6
15241at7088	SCAFFOLD_44	2215224.5	NA	NA
15247at7088	SCAFFOLD_53	1560248.5	M4	M4
15248at7088	SCAFFOLD_52	2845250.0	M2	M2
15262at7088	SCAFFOLD_77	3462861.0	M15	M15
15269at7088	SCAFFOLD_11	7468888.5	M14	M14
15270at7088	SCAFFOLD_77	1649836.5	M15	M15
15271at7088	SCAFFOLD_12	5872596.5	NA	NA
15272at7088	SCAFFOLD_89	892603.0	M10	M10
15278at7088	SCAFFOLD_7	8954808.5	M30	M30
15284at7088	SCAFFOLD_89	3815005.5	M10	M10
15289at7088	SCAFFOLD_86	255106.0	NA	NA
15291at7088	SCAFFOLD_72	2536205.0	NA	NA
15293at7088	SCAFFOLD_1	2868010.0	M27	M27
15311at7088	SCAFFOLD_30	288879.0	M8	M8
15312at7088	SCAFFOLD_70	2228456.5	M16	M16
15320at7088	SCAFFOLD_22	4148304.0	M12	M12
15337at7088	SCAFFOLD_71	3509643.5	M13	M13
15342at7088	SCAFFOLD_11	6628507.0	NA	NA
15355at7088	SCAFFOLD_60	2533145.5	NA	NA
15368at7088	SCAFFOLD_19	4038123.5	M1	M1
15379at7088	SCAFFOLD_59	4467716.0	M4	M4
15382at7088	SCAFFOLD_71	3768925.0	M13	M13
15405at7088	SCAFFOLD_54	3547967.0	M21	M21
15435at7088	SCAFFOLD_14	6436961.0	M19	M19
15437at7088	SCAFFOLD_5	2615076.5	M18	M18
15440at7088	SCAFFOLD_41	1623804.5	M9	M9
15450at7088	SCAFFOLD_61	1273437.5	M16	M16
15453at7088	SCAFFOLD_40	2826731.5	NA	NA
15461at7088	SCAFFOLD_35	4110292.5	NA	NA
15464at7088	SCAFFOLD_70	4952807.5	M16	M16
15470at7088	SCAFFOLD_48	2419131.5	NA	NA
15484at7088	SCAFFOLD_35	5430253.5	M3	M3
15488at7088	SCAFFOLD_26	2169857.0	NA	NA
15500at7088	SCAFFOLD_63	4276085.5	M5	M5
15506at7088	SCAFFOLD_5	3004171.0	NA	NA
15508at7088	SCAFFOLD_45	4438459.0	M7	M7
15509at7088	SCAFFOLD_27	5304092.5	NA	NA
15518at7088	SCAFFOLD_39	4948270.0	NA	NA
15522at7088	SCAFFOLD_19	3420934.0	NA	NA
15525at7088	SCAFFOLD_24	6138656.5	M26	M26
15552at7088	SCAFFOLD_43	4822250.0	M5	M5
15565at7088	SCAFFOLD_25	5170437.0	M19	M19
15566at7088	SCAFFOLD_13	1903989.5	M23	M23
15570at7088	SCAFFOLD_28	6115839.0	NA	NA
15583at7088	SCAFFOLD_38	804027.5	M14	M14
15593at7088	SCAFFOLD_38	843349.0	M14	M14
15617at7088	SCAFFOLD_79	3802068.0	NA	NA
15626at7088	SCAFFOLD_87	1549437.0	M17	M17
15633at7088	SCAFFOLD_77	796445.0	M15	M15
15635at7088	SCAFFOLD_26	5031688.5	NA	NA
15648at7088	SCAFFOLD_34	3580594.5	M17	M17
15652at7088	SCAFFOLD_12	1635258.5	M24	M24
15672at7088	SCAFFOLD_22	6424490.0	M12	M12
15673at7088	SCAFFOLD_43	4819890.5	M5	M5
15680at7088	SCAFFOLD_69	3746525.0	M13	M13
15695at7088	SCAFFOLD_54	2915785.5	NA	NA
15704at7088	SCAFFOLD_15	3056224.0	M26	M26
15705at7088	SCAFFOLD_17	2005883.0	M10	M10
15707at7088	SCAFFOLD_1	1455719.5	NA	NA
15737at7088	SCAFFOLD_44	3014585.0	M8	M8
15738at7088	SCAFFOLD_66	2923494.0	M3	M3
15754at7088	SCAFFOLD_50	349562.0	NA	NA
15758at7088	SCAFFOLD_7	6974234.5	M30	M30
15771at7088	SCAFFOLD_66	4793074.5	NA	NA
15779at7088	SCAFFOLD_15	6359320.0	M26	M26
15781at7088	SCAFFOLD_38	2468932.0	NA	NA
15805at7088	SCAFFOLD_90	2534141.0	M10	M10
15808at7088	SCAFFOLD_4	2368581.5	M29	M29
15819at7088	SCAFFOLD_76	4005014.5	NA	NA
15831at7088	SCAFFOLD_42	2489595.0	M5	M5
15853at7088	SCAFFOLD_16	1988847.0	M28	M28
15860at7088	SCAFFOLD_60	2194678.5	NA	NA
15864at7088	SCAFFOLD_48	1594130.0	MZ	MZ
15894at7088	SCAFFOLD_71	3838690.0	NA	NA
15922at7088	SCAFFOLD_14	6677507.5	M19	M19
15939at7088	SCAFFOLD_33	3648885.0	NA	NA
15940at7088	SCAFFOLD_8	8635799.5	NA	NA
15966at7088	SCAFFOLD_37	3992318.5	NA	NA
15973at7088	SCAFFOLD_29	1987807.0	M2	M2
16009at7088	SCAFFOLD_38	4021592.5	NA	NA
16011at7088	SCAFFOLD_14	3278314.5	NA	NA
16012at7088	SCAFFOLD_3	1645107.5	NA	NA
16028at7088	SCAFFOLD_8	7719529.5	M13	M13
16035at7088	SCAFFOLD_14	1146027.0	M19	M19
16049at7088	SCAFFOLD_23	74685.5	NA	NA
16049at7088	SCAFFOLD_39	5972917.0	NA	NA
16066at7088	SCAFFOLD_6	8614528.0	M22	M22
16069at7088	SCAFFOLD_66	5046707.5	M3	M3
16071at7088	SCAFFOLD_34	1288970.5	M17	M17
16103at7088	SCAFFOLD_42	2122785.5	M5	M5
16112at7088	SCAFFOLD_38	2741252.5	M14	M14
16115at7088	SCAFFOLD_2	2425351.0	M6	M6
16140at7088	SCAFFOLD_24	1771077.5	NA	NA
16159at7088	SCAFFOLD_45	4032457.0	NA	NA
16168at7088	SCAFFOLD_10	4957287.0	NA	NA
16180at7088	SCAFFOLD_1	3709031.0	NA	NA
16196at7088	SCAFFOLD_38	3006336.0	NA	NA
16248at7088	SCAFFOLD_89	72782.5	NA	NA
16248at7088	SCAFFOLD_89	79493.0	NA	NA
16250at7088	SCAFFOLD_5	3708567.5	M18	M18
16252at7088	SCAFFOLD_25	3714297.0	M19	M19
16282at7088	SCAFFOLD_2	3611422.5	M6	M6
16293at7088	SCAFFOLD_13	4623690.0	M23	M23
16306at7088	SCAFFOLD_83	3739505.0	NA	NA
16335at7088	SCAFFOLD_58	1285863.5	M6	M6
16400at7088	SCAFFOLD_78	2849125.5	NA	NA
16468at7088	SCAFFOLD_28	6196877.0	M2	M2
16513at7088	SCAFFOLD_8	204504.0	M13	M13
16513at7088	SCAFFOLD_94	771320.0	M13	M13
16527at7088	SCAFFOLD_18	3779194.5	NA	NA
16607at7088	SCAFFOLD_15	2745550.0	NA	NA
16641at7088	SCAFFOLD_79	2974240.0	NA	NA
16663at7088	SCAFFOLD_8	794387.0	M13	M13
16668at7088	SCAFFOLD_61	4033334.5	NA	NA
16739at7088	SCAFFOLD_25	5349428.5	NA	NA
16855at7088	SCAFFOLD_50	1781846.0	M9	M9
16938at7088	SCAFFOLD_10	6749172.0	NA	NA
16982at7088	SCAFFOLD_65	3185568.0	NA	NA
